latitude,longitude,time,tmax
47.4,8.5,2005-01-01,278.15
47.4,8.5,2005-01-02,279.05
47.4,8.5,2005-01-03,276.55
47.4,8.5,2005-01-04,279.15
47.4,8.5,2005-01-05,279.45
47.4,8.5,2005-01-06,279.85
47.4,8.5,2005-01-07,281.85
47.4,8.5,2005-01-08,284.25
47.4,8.5,2005-01-09,280.75
47.4,8.5,2005-01-10,283.05
47.4,8.5,2005-01-11,281.75
47.4,8.5,2005-01-12,280.45
47.4,8.5,2005-01-13,278.35
47.4,8.5,2005-01-14,276.25
47.4,8.5,2005-01-15,277.45
47.4,8.5,2005-01-16,279.35
47.4,8.5,2005-01-17,279.95
47.4,8.5,2005-01-18,276.45
47.4,8.5,2005-01-19,275.95
47.4,8.5,2005-01-20,279.45
47.4,8.5,2005-01-21,279.25
47.4,8.5,2005-01-22,276.55
47.4,8.5,2005-01-23,275.95
47.4,8.5,2005-01-24,271.25
47.4,8.5,2005-01-25,269.65
47.4,8.5,2005-01-26,268.95
47.4,8.5,2005-01-27,266.65
47.4,8.5,2005-01-28,270.15
47.4,8.5,2005-01-29,267.45
47.4,8.5,2005-01-30,270.35
47.4,8.5,2005-01-31,274.45
47.4,8.5,2005-02-01,274.75
47.4,8.5,2005-02-02,273.75
47.4,8.5,2005-02-03,276.05
47.4,8.5,2005-02-04,276.35
47.4,8.5,2005-02-05,277.15
47.4,8.5,2005-02-06,276.65
47.4,8.5,2005-02-07,278.55
47.4,8.5,2005-02-08,280.05
47.4,8.5,2005-02-09,281.15
47.4,8.5,2005-02-10,279.85
47.4,8.5,2005-02-11,278.75
47.4,8.5,2005-02-12,283.95
47.4,8.5,2005-02-13,277.85
47.4,8.5,2005-02-14,274.05
47.4,8.5,2005-02-15,271.85
47.4,8.5,2005-02-16,271.75
47.4,8.5,2005-02-17,271.65
47.4,8.5,2005-02-18,273.35
47.4,8.5,2005-02-19,274.15
47.4,8.5,2005-02-20,273.55
47.4,8.5,2005-02-21,271.75
47.4,8.5,2005-02-22,273.05
47.4,8.5,2005-02-23,272.55
47.4,8.5,2005-02-24,273.65
47.4,8.5,2005-02-25,274.05
47.4,8.5,2005-02-26,273.35
47.4,8.5,2005-02-27,270.75
47.4,8.5,2005-02-28,267.75
47.4,8.5,2005-03-01,271.35
47.4,8.5,2005-03-02,275.65
47.4,8.5,2005-03-03,276.55
47.4,8.5,2005-03-04,275.95
47.4,8.5,2005-03-05,274.05
47.4,8.5,2005-03-06,271.25
47.4,8.5,2005-03-07,272.15
47.4,8.5,2005-03-08,274.95
47.4,8.5,2005-03-09,276.25
47.4,8.5,2005-03-10,277.45
47.4,8.5,2005-03-11,280.15
47.4,8.5,2005-03-12,277.75
47.4,8.5,2005-03-13,278.35
47.4,8.5,2005-03-14,282.15
47.4,8.5,2005-03-15,287.25
47.4,8.5,2005-03-16,290.35
47.4,8.5,2005-03-17,291.15
47.4,8.5,2005-03-18,291.95
47.4,8.5,2005-03-19,291.45
47.4,8.5,2005-03-20,284.95
47.4,8.5,2005-03-21,288.95
47.4,8.5,2005-03-22,289.15
47.4,8.5,2005-03-23,290.75
47.4,8.5,2005-03-24,289.65
47.4,8.5,2005-03-25,287.15
47.4,8.5,2005-03-26,288.95
47.4,8.5,2005-03-27,285.45
47.4,8.5,2005-03-28,287.05
47.4,8.5,2005-03-29,288.05
47.4,8.5,2005-03-30,283.35
47.4,8.5,2005-03-31,284.85
47.4,8.5,2005-04-01,286.35
47.4,8.5,2005-04-02,289.35
47.4,8.5,2005-04-03,288.45
47.4,8.5,2005-04-04,288.75
47.4,8.5,2005-04-05,287.95
47.4,8.5,2005-04-06,290.95
47.4,8.5,2005-04-07,285.15
47.4,8.5,2005-04-08,280.55
47.4,8.5,2005-04-09,276.35
47.4,8.5,2005-04-10,280.95
47.4,8.5,2005-04-11,282.85
47.4,8.5,2005-04-12,284.55
47.4,8.5,2005-04-13,285.55
47.4,8.5,2005-04-14,289.55
47.4,8.5,2005-04-15,290.55
47.4,8.5,2005-04-16,287.95
47.4,8.5,2005-04-17,283.15
47.4,8.5,2005-04-18,284.95
47.4,8.5,2005-04-19,283.15
47.4,8.5,2005-04-20,281.15
47.4,8.5,2005-04-21,283.35
47.4,8.5,2005-04-22,286.55
47.4,8.5,2005-04-23,289.25
47.4,8.5,2005-04-24,289.25
47.4,8.5,2005-04-25,284.25
47.4,8.5,2005-04-26,288.25
47.4,8.5,2005-04-27,285.45
47.4,8.5,2005-04-28,291.35
47.4,8.5,2005-04-29,294.15
47.4,8.5,2005-04-30,296.15
47.4,8.5,2005-05-01,298.25
47.4,8.5,2005-05-02,299.05
47.4,8.5,2005-05-03,293.25
47.4,8.5,2005-05-04,288.35
47.4,8.5,2005-05-05,286.65
47.4,8.5,2005-05-06,284.55
47.4,8.5,2005-05-07,284.55
47.4,8.5,2005-05-08,285.05
47.4,8.5,2005-05-09,285.05
47.4,8.5,2005-05-10,283.95
47.4,8.5,2005-05-11,286.35
47.4,8.5,2005-05-12,290.05
47.4,8.5,2005-05-13,291.75
47.4,8.5,2005-05-14,290.25
47.4,8.5,2005-05-15,288.95
47.4,8.5,2005-05-16,288.25
47.4,8.5,2005-05-17,289.55
47.4,8.5,2005-05-18,283.45
47.4,8.5,2005-05-19,288.65
47.4,8.5,2005-05-20,295.85
47.4,8.5,2005-05-21,294.75
47.4,8.5,2005-05-22,292.95
47.4,8.5,2005-05-23,285.05
47.4,8.5,2005-05-24,291.15
47.4,8.5,2005-05-25,295.45
47.4,8.5,2005-05-26,298.55
47.4,8.5,2005-05-27,300.15
47.4,8.5,2005-05-28,300.15
47.4,8.5,2005-05-29,300.75
47.4,8.5,2005-05-30,294.35
47.4,8.5,2005-05-31,291.05
47.4,8.5,2005-06-01,291.45
47.4,8.5,2005-06-02,294.35
47.4,8.5,2005-06-03,298.65
47.4,8.5,2005-06-04,290.95
47.4,8.5,2005-06-05,289.45
47.4,8.5,2005-06-06,289.85
47.4,8.5,2005-06-07,287.35
47.4,8.5,2005-06-08,287.25
47.4,8.5,2005-06-09,287.35
47.4,8.5,2005-06-10,288.75
47.4,8.5,2005-06-11,291.45
47.4,8.5,2005-06-12,292.05
47.4,8.5,2005-06-13,294.85
47.4,8.5,2005-06-14,291.75
47.4,8.5,2005-06-15,294.35
47.4,8.5,2005-06-16,295.15
47.4,8.5,2005-06-17,296.65
47.4,8.5,2005-06-18,296.95
47.4,8.5,2005-06-19,297.65
47.4,8.5,2005-06-20,299.65
47.4,8.5,2005-06-21,301.45
47.4,8.5,2005-06-22,301.75
47.4,8.5,2005-06-23,301.55
47.4,8.5,2005-06-24,303.15
47.4,8.5,2005-06-25,299.35
47.4,8.5,2005-06-26,300.35
47.4,8.5,2005-06-27,302.15
47.4,8.5,2005-06-28,303.35
47.4,8.5,2005-06-29,300.65
47.4,8.5,2005-06-30,295.05
47.4,8.5,2005-07-01,291.35
47.4,8.5,2005-07-02,291.65
47.4,8.5,2005-07-03,297.55
47.4,8.5,2005-07-04,300.25
47.4,8.5,2005-07-05,290.45
47.4,8.5,2005-07-06,291.35
47.4,8.5,2005-07-07,286.25
47.4,8.5,2005-07-08,289.95
47.4,8.5,2005-07-09,292.15
47.4,8.5,2005-07-10,290.95
47.4,8.5,2005-07-11,295.05
47.4,8.5,2005-07-12,294.85
47.4,8.5,2005-07-13,297.05
47.4,8.5,2005-07-14,299.05
47.4,8.5,2005-07-15,300.35
47.4,8.5,2005-07-16,300.15
47.4,8.5,2005-07-17,300.85
47.4,8.5,2005-07-18,300.55
47.4,8.5,2005-07-19,293.65
47.4,8.5,2005-07-20,294.85
47.4,8.5,2005-07-21,293.15
47.4,8.5,2005-07-22,293.25
47.4,8.5,2005-07-23,293.85
47.4,8.5,2005-07-24,295.05
47.4,8.5,2005-07-25,295.35
47.4,8.5,2005-07-26,297.15
47.4,8.5,2005-07-27,302.25
47.4,8.5,2005-07-28,303.95
47.4,8.5,2005-07-29,301.65
47.4,8.5,2005-07-30,292.85
47.4,8.5,2005-07-31,293.15
47.4,8.5,2005-08-01,294.75
47.4,8.5,2005-08-02,289.85
47.4,8.5,2005-08-03,291.25
47.4,8.5,2005-08-04,292.25
47.4,8.5,2005-08-05,294.75
47.4,8.5,2005-08-06,292.75
47.4,8.5,2005-08-07,289.55
47.4,8.5,2005-08-08,289.45
47.4,8.5,2005-08-09,293.15
47.4,8.5,2005-08-10,294.75
47.4,8.5,2005-08-11,294.25
47.4,8.5,2005-08-12,294.95
47.4,8.5,2005-08-13,293.05
47.4,8.5,2005-08-14,292.55
47.4,8.5,2005-08-15,285.85
47.4,8.5,2005-08-16,291.85
47.4,8.5,2005-08-17,294.95
47.4,8.5,2005-08-18,297.35
47.4,8.5,2005-08-19,297.05
47.4,8.5,2005-08-20,289.55
47.4,8.5,2005-08-21,288.85
47.4,8.5,2005-08-22,290.65
47.4,8.5,2005-08-23,292.95
47.4,8.5,2005-08-24,293.25
47.4,8.5,2005-08-25,295.65
47.4,8.5,2005-08-26,290.55
47.4,8.5,2005-08-27,292.65
47.4,8.5,2005-08-28,293.95
47.4,8.5,2005-08-29,296.85
47.4,8.5,2005-08-30,298.55
47.4,8.5,2005-08-31,299.15
47.4,8.5,2005-09-01,297.65
47.4,8.5,2005-09-02,297.65
47.4,8.5,2005-09-03,297.55
47.4,8.5,2005-09-04,296.45
47.4,8.5,2005-09-05,297.45
47.4,8.5,2005-09-06,297.45
47.4,8.5,2005-09-07,297.75
47.4,8.5,2005-09-08,297.85
47.4,8.5,2005-09-09,294.85
47.4,8.5,2005-09-10,294.85
47.4,8.5,2005-09-11,289.65
47.4,8.5,2005-09-12,291.65
47.4,8.5,2005-09-13,292.85
47.4,8.5,2005-09-14,293.25
47.4,8.5,2005-09-15,294.35
47.4,8.5,2005-09-16,293.45
47.4,8.5,2005-09-17,285.25
47.4,8.5,2005-09-18,285.65
47.4,8.5,2005-09-19,285.75
47.4,8.5,2005-09-20,286.95
47.4,8.5,2005-09-21,289.15
47.4,8.5,2005-09-22,290.65
47.4,8.5,2005-09-23,293.05
47.4,8.5,2005-09-24,293.15
47.4,8.5,2005-09-25,293.95
47.4,8.5,2005-09-26,292.15
47.4,8.5,2005-09-27,292.15
47.4,8.5,2005-09-28,290.75
47.4,8.5,2005-09-29,288.25
47.4,8.5,2005-09-30,285.45
47.4,8.5,2005-10-01,287.65
47.4,8.5,2005-10-02,284.15
47.4,8.5,2005-10-03,283.65
47.4,8.5,2005-10-04,289.15
47.4,8.5,2005-10-05,288.55
47.4,8.5,2005-10-06,289.05
47.4,8.5,2005-10-07,290.55
47.4,8.5,2005-10-08,290.85
47.4,8.5,2005-10-09,291.35
47.4,8.5,2005-10-10,290.55
47.4,8.5,2005-10-11,290.15
47.4,8.5,2005-10-12,290.25
47.4,8.5,2005-10-13,290.15
47.4,8.5,2005-10-14,289.25
47.4,8.5,2005-10-15,289.05
47.4,8.5,2005-10-16,289.25
47.4,8.5,2005-10-17,285.65
47.4,8.5,2005-10-18,287.55
47.4,8.5,2005-10-19,287.25
47.4,8.5,2005-10-20,290.05
47.4,8.5,2005-10-21,290.55
47.4,8.5,2005-10-22,292.45
47.4,8.5,2005-10-23,286.85
47.4,8.5,2005-10-24,288.85
47.4,8.5,2005-10-25,292.15
47.4,8.5,2005-10-26,291.15
47.4,8.5,2005-10-27,291.75
47.4,8.5,2005-10-28,291.55
47.4,8.5,2005-10-29,290.95
47.4,8.5,2005-10-30,291.25
47.4,8.5,2005-10-31,293.15
47.4,8.5,2005-11-01,286.95
47.4,8.5,2005-11-02,287.55
47.4,8.5,2005-11-03,291.05
47.4,8.5,2005-11-04,286.95
47.4,8.5,2005-11-05,283.45
47.4,8.5,2005-11-06,283.75
47.4,8.5,2005-11-07,285.55
47.4,8.5,2005-11-08,287.05
47.4,8.5,2005-11-09,286.55
47.4,8.5,2005-11-10,283.75
47.4,8.5,2005-11-11,283.75
47.4,8.5,2005-11-12,285.55
47.4,8.5,2005-11-13,284.75
47.4,8.5,2005-11-14,280.95
47.4,8.5,2005-11-15,285.45
47.4,8.5,2005-11-16,282.15
47.4,8.5,2005-11-17,277.85
47.4,8.5,2005-11-18,277.05
47.4,8.5,2005-11-19,275.45
47.4,8.5,2005-11-20,276.95
47.4,8.5,2005-11-21,276.25
47.4,8.5,2005-11-22,274.35
47.4,8.5,2005-11-23,273.55
47.4,8.5,2005-11-24,271.85
47.4,8.5,2005-11-25,273.45
47.4,8.5,2005-11-26,274.85
47.4,8.5,2005-11-27,274.35
47.4,8.5,2005-11-28,274.85
47.4,8.5,2005-11-29,274.95
47.4,8.5,2005-11-30,275.25
47.4,8.5,2005-12-01,274.95
47.4,8.5,2005-12-02,278.15
47.4,8.5,2005-12-03,279.25
47.4,8.5,2005-12-04,279.25
47.4,8.5,2005-12-05,278.75
47.4,8.5,2005-12-06,277.05
47.4,8.5,2005-12-07,276.35
47.4,8.5,2005-12-08,275.15
47.4,8.5,2005-12-09,275.85
47.4,8.5,2005-12-10,274.45
47.4,8.5,2005-12-11,275.15
47.4,8.5,2005-12-12,274.35
47.4,8.5,2005-12-13,275.35
47.4,8.5,2005-12-14,274.35
47.4,8.5,2005-12-15,275.05
47.4,8.5,2005-12-16,276.55
47.4,8.5,2005-12-17,274.95
47.4,8.5,2005-12-18,272.55
47.4,8.5,2005-12-19,273.85
47.4,8.5,2005-12-20,275.15
47.4,8.5,2005-12-21,273.95
47.4,8.5,2005-12-22,275.15
47.4,8.5,2005-12-23,277.05
47.4,8.5,2005-12-24,277.35
47.4,8.5,2005-12-25,276.05
47.4,8.5,2005-12-26,273.65
47.4,8.5,2005-12-27,272.95
47.4,8.5,2005-12-28,268.85
47.4,8.5,2005-12-29,269.65
47.4,8.5,2005-12-30,270.45
47.4,8.5,2005-12-31,278.25
47.4,8.5,2006-01-01,276.65
47.4,8.5,2006-01-02,275.85
47.4,8.5,2006-01-03,274.75
47.4,8.5,2006-01-04,273.15
47.4,8.5,2006-01-05,274.25
47.4,8.5,2006-01-06,274.45
47.4,8.5,2006-01-07,275.05
47.4,8.5,2006-01-08,275.65
47.4,8.5,2006-01-09,275.65
47.4,8.5,2006-01-10,275.25
47.4,8.5,2006-01-11,275.65
47.4,8.5,2006-01-12,275.75
47.4,8.5,2006-01-13,277.55
47.4,8.5,2006-01-14,275.25
47.4,8.5,2006-01-15,276.05
47.4,8.5,2006-01-16,275.85
47.4,8.5,2006-01-17,275.45
47.4,8.5,2006-01-18,276.35
47.4,8.5,2006-01-19,277.85
47.4,8.5,2006-01-20,279.35
47.4,8.5,2006-01-21,277.75
47.4,8.5,2006-01-22,276.45
47.4,8.5,2006-01-23,273.05
47.4,8.5,2006-01-24,273.35
47.4,8.5,2006-01-25,276.35
47.4,8.5,2006-01-26,274.25
47.4,8.5,2006-01-27,274.75
47.4,8.5,2006-01-28,280.05
47.4,8.5,2006-01-29,279.75
47.4,8.5,2006-01-30,278.95
47.4,8.5,2006-01-31,279.85
47.4,8.5,2006-02-01,279.95
47.4,8.5,2006-02-02,279.35
47.4,8.5,2006-02-03,278.25
47.4,8.5,2006-02-04,274.35
47.4,8.5,2006-02-05,274.75
47.4,8.5,2006-02-06,276.85
47.4,8.5,2006-02-07,276.35
47.4,8.5,2006-02-08,278.15
47.4,8.5,2006-02-09,276.55
47.4,8.5,2006-02-10,274.85
47.4,8.5,2006-02-11,274.85
47.4,8.5,2006-02-12,275.35
47.4,8.5,2006-02-13,277.25
47.4,8.5,2006-02-14,280.95
47.4,8.5,2006-02-15,278.95
47.4,8.5,2006-02-16,280.65
47.4,8.5,2006-02-17,278.55
47.4,8.5,2006-02-18,283.45
47.4,8.5,2006-02-19,283.55
47.4,8.5,2006-02-20,281.55
47.4,8.5,2006-02-21,281.85
47.4,8.5,2006-02-22,277.05
47.4,8.5,2006-02-23,277.85
47.4,8.5,2006-02-24,275.45
47.4,8.5,2006-02-25,276.95
47.4,8.5,2006-02-26,275.85
47.4,8.5,2006-02-27,273.45
47.4,8.5,2006-02-28,275.45
47.4,8.5,2006-03-01,272.65
47.4,8.5,2006-03-02,273.25
47.4,8.5,2006-03-03,279.95
47.4,8.5,2006-03-04,275.05
47.4,8.5,2006-03-05,273.75
47.4,8.5,2006-03-06,273.85
47.4,8.5,2006-03-07,273.95
47.4,8.5,2006-03-08,278.25
47.4,8.5,2006-03-09,279.55
47.4,8.5,2006-03-10,277.55
47.4,8.5,2006-03-11,276.75
47.4,8.5,2006-03-12,270.85
47.4,8.5,2006-03-13,272.65
47.4,8.5,2006-03-14,276.85
47.4,8.5,2006-03-15,277.45
47.4,8.5,2006-03-16,277.05
47.4,8.5,2006-03-17,278.65
47.4,8.5,2006-03-18,279.45
47.4,8.5,2006-03-19,283.05
47.4,8.5,2006-03-20,285.55
47.4,8.5,2006-03-21,286.35
47.4,8.5,2006-03-22,284.85
47.4,8.5,2006-03-23,280.95
47.4,8.5,2006-03-24,283.05
47.4,8.5,2006-03-25,285.25
47.4,8.5,2006-03-26,291.45
47.4,8.5,2006-03-27,292.95
47.4,8.5,2006-03-28,281.75
47.4,8.5,2006-03-29,283.65
47.4,8.5,2006-03-30,282.55
47.4,8.5,2006-03-31,287.95
47.4,8.5,2006-04-01,288.65
47.4,8.5,2006-04-02,287.65
47.4,8.5,2006-04-03,283.45
47.4,8.5,2006-04-04,285.25
47.4,8.5,2006-04-05,278.35
47.4,8.5,2006-04-06,279.65
47.4,8.5,2006-04-07,283.45
47.4,8.5,2006-04-08,288.35
47.4,8.5,2006-04-09,280.45
47.4,8.5,2006-04-10,276.35
47.4,8.5,2006-04-11,279.25
47.4,8.5,2006-04-12,280.35
47.4,8.5,2006-04-13,282.05
47.4,8.5,2006-04-14,287.75
47.4,8.5,2006-04-15,288.45
47.4,8.5,2006-04-16,287.05
47.4,8.5,2006-04-17,287.35
47.4,8.5,2006-04-18,286.55
47.4,8.5,2006-04-19,287.45
47.4,8.5,2006-04-20,289.85
47.4,8.5,2006-04-21,292.15
47.4,8.5,2006-04-22,291.45
47.4,8.5,2006-04-23,290.15
47.4,8.5,2006-04-24,293.05
47.4,8.5,2006-04-25,290.75
47.4,8.5,2006-04-26,288.55
47.4,8.5,2006-04-27,287.85
47.4,8.5,2006-04-28,284.15
47.4,8.5,2006-04-29,281.05
47.4,8.5,2006-04-30,283.65
47.4,8.5,2006-05-01,287.95
47.4,8.5,2006-05-02,291.65
47.4,8.5,2006-05-03,294.25
47.4,8.5,2006-05-04,295.05
47.4,8.5,2006-05-05,291.15
47.4,8.5,2006-05-06,291.25
47.4,8.5,2006-05-07,291.05
47.4,8.5,2006-05-08,289.05
47.4,8.5,2006-05-09,282.25
47.4,8.5,2006-05-10,287.75
47.4,8.5,2006-05-11,291.65
47.4,8.5,2006-05-12,293.75
47.4,8.5,2006-05-13,292.35
47.4,8.5,2006-05-14,290.15
47.4,8.5,2006-05-15,294.45
47.4,8.5,2006-05-16,292.65
47.4,8.5,2006-05-17,294.15
47.4,8.5,2006-05-18,292.15
47.4,8.5,2006-05-19,289.85
47.4,8.5,2006-05-20,288.75
47.4,8.5,2006-05-21,290.55
47.4,8.5,2006-05-22,296.05
47.4,8.5,2006-05-23,287.15
47.4,8.5,2006-05-24,287.85
47.4,8.5,2006-05-25,288.45
47.4,8.5,2006-05-26,292.55
47.4,8.5,2006-05-27,292.55
47.4,8.5,2006-05-28,290.55
47.4,8.5,2006-05-29,285.75
47.4,8.5,2006-05-30,282.05
47.4,8.5,2006-05-31,283.35
47.4,8.5,2006-06-01,284.25
47.4,8.5,2006-06-02,284.45
47.4,8.5,2006-06-03,287.95
47.4,8.5,2006-06-04,289.05
47.4,8.5,2006-06-05,288.55
47.4,8.5,2006-06-06,287.95
47.4,8.5,2006-06-07,289.65
47.4,8.5,2006-06-08,291.35
47.4,8.5,2006-06-09,292.65
47.4,8.5,2006-06-10,294.85
47.4,8.5,2006-06-11,294.85
47.4,8.5,2006-06-12,297.75
47.4,8.5,2006-06-13,298.55
47.4,8.5,2006-06-14,299.55
47.4,8.5,2006-06-15,300.35
47.4,8.5,2006-06-16,299.75
47.4,8.5,2006-06-17,297.25
47.4,8.5,2006-06-18,300.85
47.4,8.5,2006-06-19,299.05
47.4,8.5,2006-06-20,300.55
47.4,8.5,2006-06-21,297.75
47.4,8.5,2006-06-22,293.75
47.4,8.5,2006-06-23,294.05
47.4,8.5,2006-06-24,300.25
47.4,8.5,2006-06-25,302.25
47.4,8.5,2006-06-26,297.45
47.4,8.5,2006-06-27,298.25
47.4,8.5,2006-06-28,297.55
47.4,8.5,2006-06-29,297.35
47.4,8.5,2006-06-30,297.35
47.4,8.5,2006-07-01,297.05
47.4,8.5,2006-07-02,298.45
47.4,8.5,2006-07-03,299.95
47.4,8.5,2006-07-04,301.45
47.4,8.5,2006-07-05,301.45
47.4,8.5,2006-07-06,295.35
47.4,8.5,2006-07-07,292.95
47.4,8.5,2006-07-08,296.75
47.4,8.5,2006-07-09,298.25
47.4,8.5,2006-07-10,299.85
47.4,8.5,2006-07-11,302.35
47.4,8.5,2006-07-12,301.75
47.4,8.5,2006-07-13,301.55
47.4,8.5,2006-07-14,300.55
47.4,8.5,2006-07-15,299.25
47.4,8.5,2006-07-16,299.45
47.4,8.5,2006-07-17,300.25
47.4,8.5,2006-07-18,302.55
47.4,8.5,2006-07-19,304.45
47.4,8.5,2006-07-20,303.85
47.4,8.5,2006-07-21,304.25
47.4,8.5,2006-07-22,304.85
47.4,8.5,2006-07-23,301.85
47.4,8.5,2006-07-24,303.25
47.4,8.5,2006-07-25,305.15
47.4,8.5,2006-07-26,303.95
47.4,8.5,2006-07-27,305.25
47.4,8.5,2006-07-28,301.65
47.4,8.5,2006-07-29,298.15
47.4,8.5,2006-07-30,301.95
47.4,8.5,2006-07-31,300.35
47.4,8.5,2006-08-01,294.35
47.4,8.5,2006-08-02,292.85
47.4,8.5,2006-08-03,289.75
47.4,8.5,2006-08-04,291.55
47.4,8.5,2006-08-05,291.15
47.4,8.5,2006-08-06,290.45
47.4,8.5,2006-08-07,293.45
47.4,8.5,2006-08-08,294.25
47.4,8.5,2006-08-09,291.95
47.4,8.5,2006-08-10,289.65
47.4,8.5,2006-08-11,289.35
47.4,8.5,2006-08-12,288.95
47.4,8.5,2006-08-13,285.95
47.4,8.5,2006-08-14,289.05
47.4,8.5,2006-08-15,293.35
47.4,8.5,2006-08-16,293.35
47.4,8.5,2006-08-17,296.65
47.4,8.5,2006-08-18,294.95
47.4,8.5,2006-08-19,295.15
47.4,8.5,2006-08-20,293.35
47.4,8.5,2006-08-21,292.05
47.4,8.5,2006-08-22,292.35
47.4,8.5,2006-08-23,294.05
47.4,8.5,2006-08-24,291.65
47.4,8.5,2006-08-25,290.95
47.4,8.5,2006-08-26,292.45
47.4,8.5,2006-08-27,290.35
47.4,8.5,2006-08-28,290.15
47.4,8.5,2006-08-29,287.55
47.4,8.5,2006-08-30,287.75
47.4,8.5,2006-08-31,290.85
47.4,8.5,2006-09-01,295.45
47.4,8.5,2006-09-02,296.05
47.4,8.5,2006-09-03,297.45
47.4,8.5,2006-09-04,297.65
47.4,8.5,2006-09-05,298.55
47.4,8.5,2006-09-06,298.05
47.4,8.5,2006-09-07,298.55
47.4,8.5,2006-09-08,291.35
47.4,8.5,2006-09-09,294.75
47.4,8.5,2006-09-10,295.65
47.4,8.5,2006-09-11,297.55
47.4,8.5,2006-09-12,297.55
47.4,8.5,2006-09-13,297.55
47.4,8.5,2006-09-14,296.75
47.4,8.5,2006-09-15,294.15
47.4,8.5,2006-09-16,293.85
47.4,8.5,2006-09-17,288.95
47.4,8.5,2006-09-18,288.25
47.4,8.5,2006-09-19,291.05
47.4,8.5,2006-09-20,293.45
47.4,8.5,2006-09-21,295.75
47.4,8.5,2006-09-22,296.65
47.4,8.5,2006-09-23,296.35
47.4,8.5,2006-09-24,295.85
47.4,8.5,2006-09-25,289.65
47.4,8.5,2006-09-26,287.45
47.4,8.5,2006-09-27,291.25
47.4,8.5,2006-09-28,292.05
47.4,8.5,2006-09-29,293.75
47.4,8.5,2006-09-30,294.45
47.4,8.5,2006-10-01,292.45
47.4,8.5,2006-10-02,294.55
47.4,8.5,2006-10-03,293.35
47.4,8.5,2006-10-04,286.75
47.4,8.5,2006-10-05,287.15
47.4,8.5,2006-10-06,290.45
47.4,8.5,2006-10-07,287.75
47.4,8.5,2006-10-08,289.55
47.4,8.5,2006-10-09,291.95
47.4,8.5,2006-10-10,292.15
47.4,8.5,2006-10-11,292.55
47.4,8.5,2006-10-12,292.35
47.4,8.5,2006-10-13,290.85
47.4,8.5,2006-10-14,288.95
47.4,8.5,2006-10-15,289.25
47.4,8.5,2006-10-16,288.45
47.4,8.5,2006-10-17,290.35
47.4,8.5,2006-10-18,290.45
47.4,8.5,2006-10-19,290.55
47.4,8.5,2006-10-20,291.05
47.4,8.5,2006-10-21,289.35
47.4,8.5,2006-10-22,292.45
47.4,8.5,2006-10-23,290.45
47.4,8.5,2006-10-24,290.05
47.4,8.5,2006-10-25,291.35
47.4,8.5,2006-10-26,295.05
47.4,8.5,2006-10-27,293.55
47.4,8.5,2006-10-28,292.05
47.4,8.5,2006-10-29,287.25
47.4,8.5,2006-10-30,286.45
47.4,8.5,2006-10-31,290.95
47.4,8.5,2006-11-01,285.85
47.4,8.5,2006-11-02,278.15
47.4,8.5,2006-11-03,277.95
47.4,8.5,2006-11-04,280.25
47.4,8.5,2006-11-05,281.45
47.4,8.5,2006-11-06,284.35
47.4,8.5,2006-11-07,287.45
47.4,8.5,2006-11-08,286.85
47.4,8.5,2006-11-09,284.15
47.4,8.5,2006-11-10,281.25
47.4,8.5,2006-11-11,284.75
47.4,8.5,2006-11-12,282.05
47.4,8.5,2006-11-13,283.05
47.4,8.5,2006-11-14,286.05
47.4,8.5,2006-11-15,288.65
47.4,8.5,2006-11-16,288.65
47.4,8.5,2006-11-17,286.65
47.4,8.5,2006-11-18,285.35
47.4,8.5,2006-11-19,285.45
47.4,8.5,2006-11-20,280.35
47.4,8.5,2006-11-21,283.15
47.4,8.5,2006-11-22,278.15
47.4,8.5,2006-11-23,283.75
47.4,8.5,2006-11-24,285.55
47.4,8.5,2006-11-25,289.25
47.4,8.5,2006-11-26,285.65
47.4,8.5,2006-11-27,284.65
47.4,8.5,2006-11-28,284.55
47.4,8.5,2006-11-29,281.55
47.4,8.5,2006-11-30,281.95
47.4,8.5,2006-12-01,282.35
47.4,8.5,2006-12-02,282.75
47.4,8.5,2006-12-03,285.35
47.4,8.5,2006-12-04,283.85
47.4,8.5,2006-12-05,287.65
47.4,8.5,2006-12-06,281.05
47.4,8.5,2006-12-07,281.35
47.4,8.5,2006-12-08,286.05
47.4,8.5,2006-12-09,277.15
47.4,8.5,2006-12-10,277.95
47.4,8.5,2006-12-11,278.45
47.4,8.5,2006-12-12,278.65
47.4,8.5,2006-12-13,279.45
47.4,8.5,2006-12-14,281.55
47.4,8.5,2006-12-15,282.45
47.4,8.5,2006-12-16,282.65
47.4,8.5,2006-12-17,279.15
47.4,8.5,2006-12-18,276.35
47.4,8.5,2006-12-19,274.95
47.4,8.5,2006-12-20,275.45
47.4,8.5,2006-12-21,277.15
47.4,8.5,2006-12-22,276.35
47.4,8.5,2006-12-23,277.15
47.4,8.5,2006-12-24,277.65
47.4,8.5,2006-12-25,277.35
47.4,8.5,2006-12-26,276.95
47.4,8.5,2006-12-27,279.25
47.4,8.5,2006-12-28,279.85
47.4,8.5,2006-12-29,279.55
47.4,8.5,2006-12-30,281.35
47.4,8.5,2006-12-31,283.85
47.4,8.5,2007-01-01,281.85
47.4,8.5,2007-01-02,276.45
47.4,8.5,2007-01-03,277.75
47.4,8.5,2007-01-04,280.35
47.4,8.5,2007-01-05,279.15
47.4,8.5,2007-01-06,282.25
47.4,8.5,2007-01-07,281.65
47.4,8.5,2007-01-08,281.35
47.4,8.5,2007-01-09,285.25
47.4,8.5,2007-01-10,285.95
47.4,8.5,2007-01-11,284.25
47.4,8.5,2007-01-12,281.55
47.4,8.5,2007-01-13,284.45
47.4,8.5,2007-01-14,282.15
47.4,8.5,2007-01-15,280.55
47.4,8.5,2007-01-16,282.05
47.4,8.5,2007-01-17,283.95
47.4,8.5,2007-01-18,285.05
47.4,8.5,2007-01-19,284.85
47.4,8.5,2007-01-20,286.75
47.4,8.5,2007-01-21,281.25
47.4,8.5,2007-01-22,278.35
47.4,8.5,2007-01-23,275.45
47.4,8.5,2007-01-24,271.35
47.4,8.5,2007-01-25,269.35
47.4,8.5,2007-01-26,269.85
47.4,8.5,2007-01-27,274.05
47.4,8.5,2007-01-28,276.75
47.4,8.5,2007-01-29,278.45
47.4,8.5,2007-01-30,277.25
47.4,8.5,2007-01-31,278.65
47.4,8.5,2007-02-01,277.75
47.4,8.5,2007-02-02,281.45
47.4,8.5,2007-02-03,277.55
47.4,8.5,2007-02-04,280.65
47.4,8.5,2007-02-05,282.95
47.4,8.5,2007-02-06,275.65
47.4,8.5,2007-02-07,278.75
47.4,8.5,2007-02-08,279.85
47.4,8.5,2007-02-09,282.45
47.4,8.5,2007-02-10,280.75
47.4,8.5,2007-02-11,282.25
47.4,8.5,2007-02-12,281.95
47.4,8.5,2007-02-13,279.25
47.4,8.5,2007-02-14,281.25
47.4,8.5,2007-02-15,281.35
47.4,8.5,2007-02-16,284.75
47.4,8.5,2007-02-17,284.65
47.4,8.5,2007-02-18,284.65
47.4,8.5,2007-02-19,283.45
47.4,8.5,2007-02-20,284.85
47.4,8.5,2007-02-21,285.95
47.4,8.5,2007-02-22,285.35
47.4,8.5,2007-02-23,285.55
47.4,8.5,2007-02-24,281.85
47.4,8.5,2007-02-25,280.55
47.4,8.5,2007-02-26,278.85
47.4,8.5,2007-02-27,280.85
47.4,8.5,2007-02-28,285.05
47.4,8.5,2007-03-01,282.85
47.4,8.5,2007-03-02,281.95
47.4,8.5,2007-03-03,283.85
47.4,8.5,2007-03-04,286.45
47.4,8.5,2007-03-05,281.85
47.4,8.5,2007-03-06,286.95
47.4,8.5,2007-03-07,283.35
47.4,8.5,2007-03-08,281.65
47.4,8.5,2007-03-09,283.25
47.4,8.5,2007-03-10,280.85
47.4,8.5,2007-03-11,282.65
47.4,8.5,2007-03-12,286.55
47.4,8.5,2007-03-13,288.05
47.4,8.5,2007-03-14,287.45
47.4,8.5,2007-03-15,287.75
47.4,8.5,2007-03-16,287.65
47.4,8.5,2007-03-17,283.45
47.4,8.5,2007-03-18,287.35
47.4,8.5,2007-03-19,279.65
47.4,8.5,2007-03-20,276.25
47.4,8.5,2007-03-21,277.05
47.4,8.5,2007-03-22,276.35
47.4,8.5,2007-03-23,275.25
47.4,8.5,2007-03-24,276.35
47.4,8.5,2007-03-25,280.35
47.4,8.5,2007-03-26,286.45
47.4,8.5,2007-03-27,285.55
47.4,8.5,2007-03-28,285.55
47.4,8.5,2007-03-29,286.15
47.4,8.5,2007-03-30,285.45
47.4,8.5,2007-03-31,282.65
47.4,8.5,2007-04-01,286.65
47.4,8.5,2007-04-02,288.95
47.4,8.5,2007-04-03,287.65
47.4,8.5,2007-04-04,281.45
47.4,8.5,2007-04-05,285.05
47.4,8.5,2007-04-06,288.55
47.4,8.5,2007-04-07,289.95
47.4,8.5,2007-04-08,286.15
47.4,8.5,2007-04-09,289.75
47.4,8.5,2007-04-10,290.65
47.4,8.5,2007-04-11,291.35
47.4,8.5,2007-04-12,293.75
47.4,8.5,2007-04-13,295.15
47.4,8.5,2007-04-14,295.45
47.4,8.5,2007-04-15,295.35
47.4,8.5,2007-04-16,293.95
47.4,8.5,2007-04-17,294.15
47.4,8.5,2007-04-18,288.85
47.4,8.5,2007-04-19,290.25
47.4,8.5,2007-04-20,291.75
47.4,8.5,2007-04-21,292.95
47.4,8.5,2007-04-22,294.75
47.4,8.5,2007-04-23,294.95
47.4,8.5,2007-04-24,295.35
47.4,8.5,2007-04-25,296.65
47.4,8.5,2007-04-26,296.05
47.4,8.5,2007-04-27,294.65
47.4,8.5,2007-04-28,294.45
47.4,8.5,2007-04-29,295.65
47.4,8.5,2007-04-30,293.05
47.4,8.5,2007-05-01,291.95
47.4,8.5,2007-05-02,293.65
47.4,8.5,2007-05-03,290.35
47.4,8.5,2007-05-04,289.55
47.4,8.5,2007-05-05,285.05
47.4,8.5,2007-05-06,289.65
47.4,8.5,2007-05-07,290.15
47.4,8.5,2007-05-08,289.05
47.4,8.5,2007-05-09,289.85
47.4,8.5,2007-05-10,294.85
47.4,8.5,2007-05-11,291.15
47.4,8.5,2007-05-12,292.45
47.4,8.5,2007-05-13,298.15
47.4,8.5,2007-05-14,291.15
47.4,8.5,2007-05-15,284.55
47.4,8.5,2007-05-16,288.65
47.4,8.5,2007-05-17,284.65
47.4,8.5,2007-05-18,290.15
47.4,8.5,2007-05-19,295.55
47.4,8.5,2007-05-20,296.85
47.4,8.5,2007-05-21,298.85
47.4,8.5,2007-05-22,296.85
47.4,8.5,2007-05-23,297.25
47.4,8.5,2007-05-24,299.65
47.4,8.5,2007-05-25,299.85
47.4,8.5,2007-05-26,299.35
47.4,8.5,2007-05-27,289.95
47.4,8.5,2007-05-28,285.85
47.4,8.5,2007-05-29,280.95
47.4,8.5,2007-05-30,288.75
47.4,8.5,2007-05-31,292.05
47.4,8.5,2007-06-01,285.65
47.4,8.5,2007-06-02,289.45
47.4,8.5,2007-06-03,293.05
47.4,8.5,2007-06-04,294.65
47.4,8.5,2007-06-05,294.85
47.4,8.5,2007-06-06,294.85
47.4,8.5,2007-06-07,295.95
47.4,8.5,2007-06-08,296.55
47.4,8.5,2007-06-09,297.25
47.4,8.5,2007-06-10,298.15
47.4,8.5,2007-06-11,295.25
47.4,8.5,2007-06-12,295.25
47.4,8.5,2007-06-13,295.95
47.4,8.5,2007-06-14,299.75
47.4,8.5,2007-06-15,291.65
47.4,8.5,2007-06-16,292.75
47.4,8.5,2007-06-17,296.95
47.4,8.5,2007-06-18,296.65
47.4,8.5,2007-06-19,300.45
47.4,8.5,2007-06-20,298.95
47.4,8.5,2007-06-21,292.15
47.4,8.5,2007-06-22,291.85
47.4,8.5,2007-06-23,291.45
47.4,8.5,2007-06-24,296.15
47.4,8.5,2007-06-25,295.65
47.4,8.5,2007-06-26,288.75
47.4,8.5,2007-06-27,287.35
47.4,8.5,2007-06-28,289.25
47.4,8.5,2007-06-29,293.95
47.4,8.5,2007-06-30,294.85
47.4,8.5,2007-07-01,299.65
47.4,8.5,2007-07-02,291.75
47.4,8.5,2007-07-03,291.55
47.4,8.5,2007-07-04,287.85
47.4,8.5,2007-07-05,288.55
47.4,8.5,2007-07-06,291.65
47.4,8.5,2007-07-07,295.25
47.4,8.5,2007-07-08,295.25
47.4,8.5,2007-07-09,289.95
47.4,8.5,2007-07-10,286.75
47.4,8.5,2007-07-11,289.05
47.4,8.5,2007-07-12,291.75
47.4,8.5,2007-07-13,297.35
47.4,8.5,2007-07-14,300.75
47.4,8.5,2007-07-15,303.35
47.4,8.5,2007-07-16,303.35
47.4,8.5,2007-07-17,298.55
47.4,8.5,2007-07-18,297.55
47.4,8.5,2007-07-19,299.45
47.4,8.5,2007-07-20,299.45
47.4,8.5,2007-07-21,292.15
47.4,8.5,2007-07-22,293.15
47.4,8.5,2007-07-23,299.95
47.4,8.5,2007-07-24,292.55
47.4,8.5,2007-07-25,294.75
47.4,8.5,2007-07-26,298.15
47.4,8.5,2007-07-27,297.05
47.4,8.5,2007-07-28,295.85
47.4,8.5,2007-07-29,295.55
47.4,8.5,2007-07-30,290.25
47.4,8.5,2007-07-31,292.25
47.4,8.5,2007-08-01,296.25
47.4,8.5,2007-08-02,293.75
47.4,8.5,2007-08-03,292.75
47.4,8.5,2007-08-04,295.75
47.4,8.5,2007-08-05,298.75
47.4,8.5,2007-08-06,300.05
47.4,8.5,2007-08-07,291.75
47.4,8.5,2007-08-08,289.25
47.4,8.5,2007-08-09,286.25
47.4,8.5,2007-08-10,289.75
47.4,8.5,2007-08-11,292.85
47.4,8.5,2007-08-12,295.55
47.4,8.5,2007-08-13,295.85
47.4,8.5,2007-08-14,296.95
47.4,8.5,2007-08-15,301.85
47.4,8.5,2007-08-16,292.25
47.4,8.5,2007-08-17,291.95
47.4,8.5,2007-08-18,292.25
47.4,8.5,2007-08-19,294.45
47.4,8.5,2007-08-20,287.65
47.4,8.5,2007-08-21,289.55
47.4,8.5,2007-08-22,292.45
47.4,8.5,2007-08-23,293.25
47.4,8.5,2007-08-24,295.65
47.4,8.5,2007-08-25,297.35
47.4,8.5,2007-08-26,298.35
47.4,8.5,2007-08-27,298.35
47.4,8.5,2007-08-28,295.95
47.4,8.5,2007-08-29,292.75
47.4,8.5,2007-08-30,289.35
47.4,8.5,2007-08-31,291.35
47.4,8.5,2007-09-01,290.45
47.4,8.5,2007-09-02,292.25
47.4,8.5,2007-09-03,290.95
47.4,8.5,2007-09-04,286.05
47.4,8.5,2007-09-05,285.45
47.4,8.5,2007-09-06,287.15
47.4,8.5,2007-09-07,288.55
47.4,8.5,2007-09-08,290.85
47.4,8.5,2007-09-09,290.55
47.4,8.5,2007-09-10,291.15
47.4,8.5,2007-09-11,287.85
47.4,8.5,2007-09-12,290.65
47.4,8.5,2007-09-13,292.15
47.4,8.5,2007-09-14,294.75
47.4,8.5,2007-09-15,292.85
47.4,8.5,2007-09-16,295.25
47.4,8.5,2007-09-17,296.65
47.4,8.5,2007-09-18,287.65
47.4,8.5,2007-09-19,285.65
47.4,8.5,2007-09-20,289.35
47.4,8.5,2007-09-21,293.25
47.4,8.5,2007-09-22,294.85
47.4,8.5,2007-09-23,294.25
47.4,8.5,2007-09-24,295.15
47.4,8.5,2007-09-25,287.15
47.4,8.5,2007-09-26,283.25
47.4,8.5,2007-09-27,284.15
47.4,8.5,2007-09-28,285.45
47.4,8.5,2007-09-29,289.45
47.4,8.5,2007-09-30,288.55
47.4,8.5,2007-10-01,293.35
47.4,8.5,2007-10-02,294.35
47.4,8.5,2007-10-03,295.85
47.4,8.5,2007-10-04,292.35
47.4,8.5,2007-10-05,294.75
47.4,8.5,2007-10-06,288.15
47.4,8.5,2007-10-07,288.45
47.4,8.5,2007-10-08,289.65
47.4,8.5,2007-10-09,287.45
47.4,8.5,2007-10-10,287.75
47.4,8.5,2007-10-11,286.25
47.4,8.5,2007-10-12,287.95
47.4,8.5,2007-10-13,286.45
47.4,8.5,2007-10-14,287.85
47.4,8.5,2007-10-15,290.75
47.4,8.5,2007-10-16,290.55
47.4,8.5,2007-10-17,291.05
47.4,8.5,2007-10-18,284.85
47.4,8.5,2007-10-19,280.95
47.4,8.5,2007-10-20,278.65
47.4,8.5,2007-10-21,278.85
47.4,8.5,2007-10-22,278.05
47.4,8.5,2007-10-23,279.55
47.4,8.5,2007-10-24,280.65
47.4,8.5,2007-10-25,282.95
47.4,8.5,2007-10-26,282.85
47.4,8.5,2007-10-27,284.75
47.4,8.5,2007-10-28,285.15
47.4,8.5,2007-10-29,286.45
47.4,8.5,2007-10-30,281.75
47.4,8.5,2007-10-31,280.85
47.4,8.5,2007-11-01,283.75
47.4,8.5,2007-11-02,284.35
47.4,8.5,2007-11-03,285.35
47.4,8.5,2007-11-04,283.25
47.4,8.5,2007-11-05,281.75
47.4,8.5,2007-11-06,280.05
47.4,8.5,2007-11-07,279.15
47.4,8.5,2007-11-08,281.35
47.4,8.5,2007-11-09,280.05
47.4,8.5,2007-11-10,277.85
47.4,8.5,2007-11-11,280.25
47.4,8.5,2007-11-12,278.05
47.4,8.5,2007-11-13,277.85
47.4,8.5,2007-11-14,275.15
47.4,8.5,2007-11-15,272.95
47.4,8.5,2007-11-16,272.05
47.4,8.5,2007-11-17,274.35
47.4,8.5,2007-11-18,275.05
47.4,8.5,2007-11-19,279.25
47.4,8.5,2007-11-20,280.95
47.4,8.5,2007-11-21,282.85
47.4,8.5,2007-11-22,282.45
47.4,8.5,2007-11-23,281.45
47.4,8.5,2007-11-24,278.85
47.4,8.5,2007-11-25,277.85
47.4,8.5,2007-11-26,277.25
47.4,8.5,2007-11-27,277.55
47.4,8.5,2007-11-28,277.75
47.4,8.5,2007-11-29,278.25
47.4,8.5,2007-11-30,278.65
47.4,8.5,2007-12-01,280.85
47.4,8.5,2007-12-02,282.25
47.4,8.5,2007-12-03,279.45
47.4,8.5,2007-12-04,277.95
47.4,8.5,2007-12-05,283.45
47.4,8.5,2007-12-06,282.15
47.4,8.5,2007-12-07,283.85
47.4,8.5,2007-12-08,277.85
47.4,8.5,2007-12-09,280.25
47.4,8.5,2007-12-10,277.85
47.4,8.5,2007-12-11,277.35
47.4,8.5,2007-12-12,276.85
47.4,8.5,2007-12-13,277.35
47.4,8.5,2007-12-14,274.45
47.4,8.5,2007-12-15,273.45
47.4,8.5,2007-12-16,274.05
47.4,8.5,2007-12-17,273.95
47.4,8.5,2007-12-18,273.65
47.4,8.5,2007-12-19,275.85
47.4,8.5,2007-12-20,276.45
47.4,8.5,2007-12-21,277.15
47.4,8.5,2007-12-22,278.35
47.4,8.5,2007-12-23,277.85
47.4,8.5,2007-12-24,276.45
47.4,8.5,2007-12-25,277.65
47.4,8.5,2007-12-26,276.95
47.4,8.5,2007-12-27,276.25
47.4,8.5,2007-12-28,277.05
47.4,8.5,2007-12-29,280.15
47.4,8.5,2007-12-30,276.65
47.4,8.5,2007-12-31,276.05
47.4,8.5,2008-01-01,274.05
47.4,8.5,2008-01-02,274.55
47.4,8.5,2008-01-03,277.65
47.4,8.5,2008-01-04,278.95
47.4,8.5,2008-01-05,279.35
47.4,8.5,2008-01-06,279.05
47.4,8.5,2008-01-07,281.45
47.4,8.5,2008-01-08,279.15
47.4,8.5,2008-01-09,278.65
47.4,8.5,2008-01-10,282.35
47.4,8.5,2008-01-11,282.25
47.4,8.5,2008-01-12,275.65
47.4,8.5,2008-01-13,277.15
47.4,8.5,2008-01-14,279.95
47.4,8.5,2008-01-15,281.65
47.4,8.5,2008-01-16,277.35
47.4,8.5,2008-01-17,280.65
47.4,8.5,2008-01-18,281.85
47.4,8.5,2008-01-19,283.45
47.4,8.5,2008-01-20,283.75
47.4,8.5,2008-01-21,282.55
47.4,8.5,2008-01-22,279.15
47.4,8.5,2008-01-23,278.65
47.4,8.5,2008-01-24,282.05
47.4,8.5,2008-01-25,278.45
47.4,8.5,2008-01-26,281.55
47.4,8.5,2008-01-27,282.25
47.4,8.5,2008-01-28,282.45
47.4,8.5,2008-01-29,281.75
47.4,8.5,2008-01-30,277.75
47.4,8.5,2008-01-31,276.95
47.4,8.5,2008-02-01,282.05
47.4,8.5,2008-02-02,276.55
47.4,8.5,2008-02-03,279.75
47.4,8.5,2008-02-04,277.55
47.4,8.5,2008-02-05,280.05
47.4,8.5,2008-02-06,282.65
47.4,8.5,2008-02-07,280.15
47.4,8.5,2008-02-08,281.35
47.4,8.5,2008-02-09,280.65
47.4,8.5,2008-02-10,280.15
47.4,8.5,2008-02-11,280.45
47.4,8.5,2008-02-12,280.65
47.4,8.5,2008-02-13,280.65
47.4,8.5,2008-02-14,280.65
47.4,8.5,2008-02-15,276.35
47.4,8.5,2008-02-16,276.95
47.4,8.5,2008-02-17,279.15
47.4,8.5,2008-02-18,280.45
47.4,8.5,2008-02-19,281.45
47.4,8.5,2008-02-20,283.15
47.4,8.5,2008-02-21,279.65
47.4,8.5,2008-02-22,284.05
47.4,8.5,2008-02-23,286.35
47.4,8.5,2008-02-24,289.65
47.4,8.5,2008-02-25,286.25
47.4,8.5,2008-02-26,287.65
47.4,8.5,2008-02-27,281.65
47.4,8.5,2008-02-28,283.75
47.4,8.5,2008-02-29,284.25
47.4,8.5,2008-03-01,283.25
47.4,8.5,2008-03-02,283.95
47.4,8.5,2008-03-03,283.75
47.4,8.5,2008-03-04,277.05
47.4,8.5,2008-03-05,274.35
47.4,8.5,2008-03-06,275.15
47.4,8.5,2008-03-07,276.75
47.4,8.5,2008-03-08,280.15
47.4,8.5,2008-03-09,283.85
47.4,8.5,2008-03-10,284.35
47.4,8.5,2008-03-11,282.85
47.4,8.5,2008-03-12,283.85
47.4,8.5,2008-03-13,282.15
47.4,8.5,2008-03-14,285.65
47.4,8.5,2008-03-15,289.15
47.4,8.5,2008-03-16,284.25
47.4,8.5,2008-03-17,279.65
47.4,8.5,2008-03-18,278.45
47.4,8.5,2008-03-19,277.55
47.4,8.5,2008-03-20,277.55
47.4,8.5,2008-03-21,276.95
47.4,8.5,2008-03-22,277.95
47.4,8.5,2008-03-23,277.55
47.4,8.5,2008-03-24,275.65
47.4,8.5,2008-03-25,275.15
47.4,8.5,2008-03-26,279.75
47.4,8.5,2008-03-27,280.35
47.4,8.5,2008-03-28,283.85
47.4,8.5,2008-03-29,284.95
47.4,8.5,2008-03-30,290.55
47.4,8.5,2008-03-31,281.55
47.4,8.5,2008-04-01,284.85
47.4,8.5,2008-04-02,282.45
47.4,8.5,2008-04-03,281.25
47.4,8.5,2008-04-04,282.55
47.4,8.5,2008-04-05,284.75
47.4,8.5,2008-04-06,280.85
47.4,8.5,2008-04-07,278.85
47.4,8.5,2008-04-08,281.55
47.4,8.5,2008-04-09,285.15
47.4,8.5,2008-04-10,284.45
47.4,8.5,2008-04-11,287.25
47.4,8.5,2008-04-12,283.65
47.4,8.5,2008-04-13,286.55
47.4,8.5,2008-04-14,279.95
47.4,8.5,2008-04-15,280.75
47.4,8.5,2008-04-16,281.55
47.4,8.5,2008-04-17,284.65
47.4,8.5,2008-04-18,288.55
47.4,8.5,2008-04-19,286.95
47.4,8.5,2008-04-20,291.45
47.4,8.5,2008-04-21,283.45
47.4,8.5,2008-04-22,281.25
47.4,8.5,2008-04-23,286.85
47.4,8.5,2008-04-24,288.25
47.4,8.5,2008-04-25,286.35
47.4,8.5,2008-04-26,288.65
47.4,8.5,2008-04-27,292.25
47.4,8.5,2008-04-28,291.75
47.4,8.5,2008-04-29,286.15
47.4,8.5,2008-04-30,287.65
47.4,8.5,2008-05-01,286.95
47.4,8.5,2008-05-02,289.05
47.4,8.5,2008-05-03,291.45
47.4,8.5,2008-05-04,292.05
47.4,8.5,2008-05-05,290.05
47.4,8.5,2008-05-06,291.75
47.4,8.5,2008-05-07,291.85
47.4,8.5,2008-05-08,293.05
47.4,8.5,2008-05-09,294.55
47.4,8.5,2008-05-10,294.85
47.4,8.5,2008-05-11,293.65
47.4,8.5,2008-05-12,293.05
47.4,8.5,2008-05-13,294.05
47.4,8.5,2008-05-14,294.75
47.4,8.5,2008-05-15,293.65
47.4,8.5,2008-05-16,293.25
47.4,8.5,2008-05-17,289.15
47.4,8.5,2008-05-18,288.35
47.4,8.5,2008-05-19,288.75
47.4,8.5,2008-05-20,285.85
47.4,8.5,2008-05-21,286.05
47.4,8.5,2008-05-22,288.05
47.4,8.5,2008-05-23,291.45
47.4,8.5,2008-05-24,294.15
47.4,8.5,2008-05-25,295.05
47.4,8.5,2008-05-26,298.05
47.4,8.5,2008-05-27,301.75
47.4,8.5,2008-05-28,296.85
47.4,8.5,2008-05-29,298.35
47.4,8.5,2008-05-30,294.75
47.4,8.5,2008-05-31,294.35
47.4,8.5,2008-06-01,296.15
47.4,8.5,2008-06-02,295.35
47.4,8.5,2008-06-03,293.05
47.4,8.5,2008-06-04,288.35
47.4,8.5,2008-06-05,289.15
47.4,8.5,2008-06-06,288.25
47.4,8.5,2008-06-07,286.35
47.4,8.5,2008-06-08,292.25
47.4,8.5,2008-06-09,293.45
47.4,8.5,2008-06-10,295.75
47.4,8.5,2008-06-11,292.55
47.4,8.5,2008-06-12,291.65
47.4,8.5,2008-06-13,287.95
47.4,8.5,2008-06-14,287.95
47.4,8.5,2008-06-15,288.25
47.4,8.5,2008-06-16,287.35
47.4,8.5,2008-06-17,291.35
47.4,8.5,2008-06-18,293.15
47.4,8.5,2008-06-19,296.45
47.4,8.5,2008-06-20,296.45
47.4,8.5,2008-06-21,298.55
47.4,8.5,2008-06-22,301.35
47.4,8.5,2008-06-23,300.65
47.4,8.5,2008-06-24,300.45
47.4,8.5,2008-06-25,300.15
47.4,8.5,2008-06-26,295.55
47.4,8.5,2008-06-27,295.95
47.4,8.5,2008-06-28,297.05
47.4,8.5,2008-06-29,299.65
47.4,8.5,2008-06-30,297.35
47.4,8.5,2008-07-01,300.75
47.4,8.5,2008-07-02,301.75
47.4,8.5,2008-07-03,296.85
47.4,8.5,2008-07-04,293.45
47.4,8.5,2008-07-05,297.85
47.4,8.5,2008-07-06,296.05
47.4,8.5,2008-07-07,292.15
47.4,8.5,2008-07-08,291.55
47.4,8.5,2008-07-09,294.95
47.4,8.5,2008-07-10,298.75
47.4,8.5,2008-07-11,301.15
47.4,8.5,2008-07-12,290.85
47.4,8.5,2008-07-13,289.05
47.4,8.5,2008-07-14,288.95
47.4,8.5,2008-07-15,294.85
47.4,8.5,2008-07-16,296.95
47.4,8.5,2008-07-17,289.85
47.4,8.5,2008-07-18,292.65
47.4,8.5,2008-07-19,297.45
47.4,8.5,2008-07-20,294.35
47.4,8.5,2008-07-21,289.85
47.4,8.5,2008-07-22,289.25
47.4,8.5,2008-07-23,292.25
47.4,8.5,2008-07-24,295.35
47.4,8.5,2008-07-25,297.65
47.4,8.5,2008-07-26,296.85
47.4,8.5,2008-07-27,296.65
47.4,8.5,2008-07-28,298.85
47.4,8.5,2008-07-29,298.55
47.4,8.5,2008-07-30,300.15
47.4,8.5,2008-07-31,301.95
47.4,8.5,2008-08-01,296.85
47.4,8.5,2008-08-02,295.65
47.4,8.5,2008-08-03,297.65
47.4,8.5,2008-08-04,295.85
47.4,8.5,2008-08-05,295.55
47.4,8.5,2008-08-06,299.25
47.4,8.5,2008-08-07,300.55
47.4,8.5,2008-08-08,292.95
47.4,8.5,2008-08-09,293.45
47.4,8.5,2008-08-10,297.65
47.4,8.5,2008-08-11,297.35
47.4,8.5,2008-08-12,296.75
47.4,8.5,2008-08-13,294.55
47.4,8.5,2008-08-14,293.05
47.4,8.5,2008-08-15,287.45
47.4,8.5,2008-08-16,291.55
47.4,8.5,2008-08-17,293.55
47.4,8.5,2008-08-18,297.25
47.4,8.5,2008-08-19,297.95
47.4,8.5,2008-08-20,292.45
47.4,8.5,2008-08-21,294.15
47.4,8.5,2008-08-22,294.45
47.4,8.5,2008-08-23,290.25
47.4,8.5,2008-08-24,292.35
47.4,8.5,2008-08-25,293.85
47.4,8.5,2008-08-26,295.45
47.4,8.5,2008-08-27,296.65
47.4,8.5,2008-08-28,296.15
47.4,8.5,2008-08-29,296.35
47.4,8.5,2008-08-30,297.25
47.4,8.5,2008-08-31,298.75
47.4,8.5,2008-09-01,294.95
47.4,8.5,2008-09-02,295.65
47.4,8.5,2008-09-03,298.95
47.4,8.5,2008-09-04,291.55
47.4,8.5,2008-09-05,299.45
47.4,8.5,2008-09-06,293.75
47.4,8.5,2008-09-07,290.45
47.4,8.5,2008-09-08,292.35
47.4,8.5,2008-09-09,297.05
47.4,8.5,2008-09-10,297.35
47.4,8.5,2008-09-11,296.35
47.4,8.5,2008-09-12,290.25
47.4,8.5,2008-09-13,286.25
47.4,8.5,2008-09-14,283.55
47.4,8.5,2008-09-15,284.45
47.4,8.5,2008-09-16,285.55
47.4,8.5,2008-09-17,287.25
47.4,8.5,2008-09-18,290.15
47.4,8.5,2008-09-19,290.05
47.4,8.5,2008-09-20,286.45
47.4,8.5,2008-09-21,286.35
47.4,8.5,2008-09-22,286.15
47.4,8.5,2008-09-23,284.85
47.4,8.5,2008-09-24,286.45
47.4,8.5,2008-09-25,286.25
47.4,8.5,2008-09-26,286.35
47.4,8.5,2008-09-27,286.95
47.4,8.5,2008-09-28,288.15
47.4,8.5,2008-09-29,289.35
47.4,8.5,2008-09-30,287.25
47.4,8.5,2008-10-01,287.95
47.4,8.5,2008-10-02,285.85
47.4,8.5,2008-10-03,282.15
47.4,8.5,2008-10-04,280.95
47.4,8.5,2008-10-05,288.05
47.4,8.5,2008-10-06,289.35
47.4,8.5,2008-10-07,291.85
47.4,8.5,2008-10-08,291.25
47.4,8.5,2008-10-09,290.05
47.4,8.5,2008-10-10,290.85
47.4,8.5,2008-10-11,291.45
47.4,8.5,2008-10-12,292.85
47.4,8.5,2008-10-13,293.15
47.4,8.5,2008-10-14,292.75
47.4,8.5,2008-10-15,291.15
47.4,8.5,2008-10-16,287.05
47.4,8.5,2008-10-17,284.45
47.4,8.5,2008-10-18,285.55
47.4,8.5,2008-10-19,287.75
47.4,8.5,2008-10-20,291.35
47.4,8.5,2008-10-21,292.85
47.4,8.5,2008-10-22,285.75
47.4,8.5,2008-10-23,281.95
47.4,8.5,2008-10-24,287.45
47.4,8.5,2008-10-25,285.65
47.4,8.5,2008-10-26,288.65
47.4,8.5,2008-10-27,287.75
47.4,8.5,2008-10-28,282.45
47.4,8.5,2008-10-29,278.45
47.4,8.5,2008-10-30,277.05
47.4,8.5,2008-10-31,280.55
47.4,8.5,2008-11-01,286.75
47.4,8.5,2008-11-02,287.35
47.4,8.5,2008-11-03,288.95
47.4,8.5,2008-11-04,287.15
47.4,8.5,2008-11-05,286.15
47.4,8.5,2008-11-06,284.65
47.4,8.5,2008-11-07,284.65
47.4,8.5,2008-11-08,285.15
47.4,8.5,2008-11-09,285.45
47.4,8.5,2008-11-10,287.55
47.4,8.5,2008-11-11,285.85
47.4,8.5,2008-11-12,280.75
47.4,8.5,2008-11-13,280.85
47.4,8.5,2008-11-14,280.45
47.4,8.5,2008-11-15,281.65
47.4,8.5,2008-11-16,281.55
47.4,8.5,2008-11-17,279.55
47.4,8.5,2008-11-18,280.45
47.4,8.5,2008-11-19,280.75
47.4,8.5,2008-11-20,282.45
47.4,8.5,2008-11-21,280.25
47.4,8.5,2008-11-22,273.85
47.4,8.5,2008-11-23,274.05
47.4,8.5,2008-11-24,275.15
47.4,8.5,2008-11-25,274.05
47.4,8.5,2008-11-26,274.15
47.4,8.5,2008-11-27,276.15
47.4,8.5,2008-11-28,275.65
47.4,8.5,2008-11-29,275.85
47.4,8.5,2008-11-30,278.15
47.4,8.5,2008-12-01,275.75
47.4,8.5,2008-12-02,276.15
47.4,8.5,2008-12-03,277.65
47.4,8.5,2008-12-04,277.65
47.4,8.5,2008-12-05,277.75
47.4,8.5,2008-12-06,276.45
47.4,8.5,2008-12-07,277.05
47.4,8.5,2008-12-08,276.75
47.4,8.5,2008-12-09,278.95
47.4,8.5,2008-12-10,274.05
47.4,8.5,2008-12-11,273.45
47.4,8.5,2008-12-12,273.45
47.4,8.5,2008-12-13,274.15
47.4,8.5,2008-12-14,277.85
47.4,8.5,2008-12-15,278.65
47.4,8.5,2008-12-16,276.65
47.4,8.5,2008-12-17,273.15
47.4,8.5,2008-12-18,273.45
47.4,8.5,2008-12-19,276.45
47.4,8.5,2008-12-20,277.75
47.4,8.5,2008-12-21,278.65
47.4,8.5,2008-12-22,279.45
47.4,8.5,2008-12-23,279.85
47.4,8.5,2008-12-24,279.35
47.4,8.5,2008-12-25,276.55
47.4,8.5,2008-12-26,275.65
47.4,8.5,2008-12-27,273.65
47.4,8.5,2008-12-28,273.95
47.4,8.5,2008-12-29,275.15
47.4,8.5,2008-12-30,277.15
47.4,8.5,2008-12-31,276.15
47.4,8.5,2009-01-01,276.25
47.4,8.5,2009-01-02,274.15
47.4,8.5,2009-01-03,272.05
47.4,8.5,2009-01-04,273.55
47.4,8.5,2009-01-05,271.15
47.4,8.5,2009-01-06,271.65
47.4,8.5,2009-01-07,270.95
47.4,8.5,2009-01-08,271.15
47.4,8.5,2009-01-09,274.05
47.4,8.5,2009-01-10,274.05
47.4,8.5,2009-01-11,275.25
47.4,8.5,2009-01-12,277.75
47.4,8.5,2009-01-13,278.25
47.4,8.5,2009-01-14,276.45
47.4,8.5,2009-01-15,276.05
47.4,8.5,2009-01-16,278.05
47.4,8.5,2009-01-17,279.65
47.4,8.5,2009-01-18,277.75
47.4,8.5,2009-01-19,278.45
47.4,8.5,2009-01-20,276.65
47.4,8.5,2009-01-21,275.75
47.4,8.5,2009-01-22,277.75
47.4,8.5,2009-01-23,278.35
47.4,8.5,2009-01-24,276.85
47.4,8.5,2009-01-25,277.45
47.4,8.5,2009-01-26,278.05
47.4,8.5,2009-01-27,274.85
47.4,8.5,2009-01-28,275.25
47.4,8.5,2009-01-29,276.05
47.4,8.5,2009-01-30,277.15
47.4,8.5,2009-01-31,275.05
47.4,8.5,2009-02-01,274.85
47.4,8.5,2009-02-02,279.45
47.4,8.5,2009-02-03,282.05
47.4,8.5,2009-02-04,281.75
47.4,8.5,2009-02-05,282.15
47.4,8.5,2009-02-06,280.65
47.4,8.5,2009-02-07,276.45
47.4,8.5,2009-02-08,273.95
47.4,8.5,2009-02-09,278.75
47.4,8.5,2009-02-10,279.65
47.4,8.5,2009-02-11,274.65
47.4,8.5,2009-02-12,273.15
47.4,8.5,2009-02-13,273.25
47.4,8.5,2009-02-14,272.95
47.4,8.5,2009-02-15,272.35
47.4,8.5,2009-02-16,274.65
47.4,8.5,2009-02-17,274.75
47.4,8.5,2009-02-18,271.95
47.4,8.5,2009-02-19,272.85
47.4,8.5,2009-02-20,275.85
47.4,8.5,2009-02-21,276.85
47.4,8.5,2009-02-22,275.35
47.4,8.5,2009-02-23,276.85
47.4,8.5,2009-02-24,276.35
47.4,8.5,2009-02-25,278.75
47.4,8.5,2009-02-26,279.55
47.4,8.5,2009-02-27,279.65
47.4,8.5,2009-02-28,285.65
47.4,8.5,2009-03-01,283.95
47.4,8.5,2009-03-02,280.45
47.4,8.5,2009-03-03,280.55
47.4,8.5,2009-03-04,284.85
47.4,8.5,2009-03-05,275.75
47.4,8.5,2009-03-06,274.75
47.4,8.5,2009-03-07,276.75
47.4,8.5,2009-03-08,279.75
47.4,8.5,2009-03-09,277.25
47.4,8.5,2009-03-10,278.65
47.4,8.5,2009-03-11,278.75
47.4,8.5,2009-03-12,279.75
47.4,8.5,2009-03-13,282.95
47.4,8.5,2009-03-14,287.25
47.4,8.5,2009-03-15,282.45
47.4,8.5,2009-03-16,283.75
47.4,8.5,2009-03-17,285.95
47.4,8.5,2009-03-18,284.45
47.4,8.5,2009-03-19,283.75
47.4,8.5,2009-03-20,277.05
47.4,8.5,2009-03-21,278.15
47.4,8.5,2009-03-22,282.25
47.4,8.5,2009-03-23,284.15
47.4,8.5,2009-03-24,279.15
47.4,8.5,2009-03-25,278.45
47.4,8.5,2009-03-26,281.05
47.4,8.5,2009-03-27,284.65
47.4,8.5,2009-03-28,282.35
47.4,8.5,2009-03-29,279.55
47.4,8.5,2009-03-30,281.85
47.4,8.5,2009-03-31,283.85
47.4,8.5,2009-04-01,287.25
47.4,8.5,2009-04-02,289.75
47.4,8.5,2009-04-03,289.45
47.4,8.5,2009-04-04,288.95
47.4,8.5,2009-04-05,288.75
47.4,8.5,2009-04-06,291.15
47.4,8.5,2009-04-07,291.15
47.4,8.5,2009-04-08,289.25
47.4,8.5,2009-04-09,291.75
47.4,8.5,2009-04-10,293.05
47.4,8.5,2009-04-11,292.45
47.4,8.5,2009-04-12,292.35
47.4,8.5,2009-04-13,292.25
47.4,8.5,2009-04-14,291.85
47.4,8.5,2009-04-15,293.55
47.4,8.5,2009-04-16,289.65
47.4,8.5,2009-04-17,286.25
47.4,8.5,2009-04-18,286.45
47.4,8.5,2009-04-19,289.05
47.4,8.5,2009-04-20,289.45
47.4,8.5,2009-04-21,290.95
47.4,8.5,2009-04-22,290.65
47.4,8.5,2009-04-23,286.95
47.4,8.5,2009-04-24,288.25
47.4,8.5,2009-04-25,293.25
47.4,8.5,2009-04-26,293.15
47.4,8.5,2009-04-27,285.25
47.4,8.5,2009-04-28,281.85
47.4,8.5,2009-04-29,283.45
47.4,8.5,2009-04-30,286.45
47.4,8.5,2009-05-01,288.45
47.4,8.5,2009-05-02,290.05
47.4,8.5,2009-05-03,290.85
47.4,8.5,2009-05-04,283.55
47.4,8.5,2009-05-05,284.25
47.4,8.5,2009-05-06,289.85
47.4,8.5,2009-05-07,294.25
47.4,8.5,2009-05-08,293.65
47.4,8.5,2009-05-09,295.55
47.4,8.5,2009-05-10,295.05
47.4,8.5,2009-05-11,294.05
47.4,8.5,2009-05-12,294.75
47.4,8.5,2009-05-13,294.95
47.4,8.5,2009-05-14,294.45
47.4,8.5,2009-05-15,289.15
47.4,8.5,2009-05-16,289.15
47.4,8.5,2009-05-17,297.45
47.4,8.5,2009-05-18,287.75
47.4,8.5,2009-05-19,293.55
47.4,8.5,2009-05-20,297.35
47.4,8.5,2009-05-21,298.25
47.4,8.5,2009-05-22,293.15
47.4,8.5,2009-05-23,298.45
47.4,8.5,2009-05-24,301.35
47.4,8.5,2009-05-25,302.15
47.4,8.5,2009-05-26,295.45
47.4,8.5,2009-05-27,288.55
47.4,8.5,2009-05-28,288.95
47.4,8.5,2009-05-29,289.75
47.4,8.5,2009-05-30,290.85
47.4,8.5,2009-05-31,290.05
47.4,8.5,2009-06-01,291.95
47.4,8.5,2009-06-02,292.75
47.4,8.5,2009-06-03,293.15
47.4,8.5,2009-06-04,291.05
47.4,8.5,2009-06-05,292.95
47.4,8.5,2009-06-06,289.15
47.4,8.5,2009-06-07,291.85
47.4,8.5,2009-06-08,292.15
47.4,8.5,2009-06-09,292.85
47.4,8.5,2009-06-10,293.85
47.4,8.5,2009-06-11,290.35
47.4,8.5,2009-06-12,292.35
47.4,8.5,2009-06-13,295.75
47.4,8.5,2009-06-14,300.85
47.4,8.5,2009-06-15,296.85
47.4,8.5,2009-06-16,292.75
47.4,8.5,2009-06-17,296.35
47.4,8.5,2009-06-18,298.85
47.4,8.5,2009-06-19,293.75
47.4,8.5,2009-06-20,289.95
47.4,8.5,2009-06-21,289.25
47.4,8.5,2009-06-22,287.15
47.4,8.5,2009-06-23,286.15
47.4,8.5,2009-06-24,292.45
47.4,8.5,2009-06-25,295.45
47.4,8.5,2009-06-26,296.25
47.4,8.5,2009-06-27,293.35
47.4,8.5,2009-06-28,296.15
47.4,8.5,2009-06-29,297.75
47.4,8.5,2009-06-30,298.15
47.4,8.5,2009-07-01,299.05
47.4,8.5,2009-07-02,299.15
47.4,8.5,2009-07-03,297.65
47.4,8.5,2009-07-04,297.95
47.4,8.5,2009-07-05,298.15
47.4,8.5,2009-07-06,295.05
47.4,8.5,2009-07-07,291.35
47.4,8.5,2009-07-08,290.85
47.4,8.5,2009-07-09,290.75
47.4,8.5,2009-07-10,290.45
47.4,8.5,2009-07-11,292.15
47.4,8.5,2009-07-12,295.55
47.4,8.5,2009-07-13,299.05
47.4,8.5,2009-07-14,298.95
47.4,8.5,2009-07-15,297.35
47.4,8.5,2009-07-16,299.15
47.4,8.5,2009-07-17,293.95
47.4,8.5,2009-07-18,287.85
47.4,8.5,2009-07-19,292.25
47.4,8.5,2009-07-20,294.85
47.4,8.5,2009-07-21,301.55
47.4,8.5,2009-07-22,301.65
47.4,8.5,2009-07-23,299.85
47.4,8.5,2009-07-24,295.15
47.4,8.5,2009-07-25,291.95
47.4,8.5,2009-07-26,295.35
47.4,8.5,2009-07-27,301.55
47.4,8.5,2009-07-28,294.85
47.4,8.5,2009-07-29,299.55
47.4,8.5,2009-07-30,293.55
47.4,8.5,2009-07-31,294.15
47.4,8.5,2009-08-01,299.15
47.4,8.5,2009-08-02,293.35
47.4,8.5,2009-08-03,289.15
47.4,8.5,2009-08-04,293.55
47.4,8.5,2009-08-05,296.65
47.4,8.5,2009-08-06,298.45
47.4,8.5,2009-08-07,299.55
47.4,8.5,2009-08-08,296.55
47.4,8.5,2009-08-09,296.95
47.4,8.5,2009-08-10,294.75
47.4,8.5,2009-08-11,295.75
47.4,8.5,2009-08-12,296.85
47.4,8.5,2009-08-13,296.95
47.4,8.5,2009-08-14,296.15
47.4,8.5,2009-08-15,299.85
47.4,8.5,2009-08-16,301.35
47.4,8.5,2009-08-17,301.25
47.4,8.5,2009-08-18,298.95
47.4,8.5,2009-08-19,302.75
47.4,8.5,2009-08-20,303.55
47.4,8.5,2009-08-21,298.65
47.4,8.5,2009-08-22,292.55
47.4,8.5,2009-08-23,295.35
47.4,8.5,2009-08-24,301.05
47.4,8.5,2009-08-25,298.55
47.4,8.5,2009-08-26,296.65
47.4,8.5,2009-08-27,298.35
47.4,8.5,2009-08-28,296.85
47.4,8.5,2009-08-29,291.45
47.4,8.5,2009-08-30,293.25
47.4,8.5,2009-08-31,297.55
47.4,8.5,2009-09-01,301.75
47.4,8.5,2009-09-02,295.15
47.4,8.5,2009-09-03,293.85
47.4,8.5,2009-09-04,292.65
47.4,8.5,2009-09-05,288.95
47.4,8.5,2009-09-06,291.35
47.4,8.5,2009-09-07,295.95
47.4,8.5,2009-09-08,296.95
47.4,8.5,2009-09-09,295.15
47.4,8.5,2009-09-10,294.75
47.4,8.5,2009-09-11,292.35
47.4,8.5,2009-09-12,290.75
47.4,8.5,2009-09-13,291.65
47.4,8.5,2009-09-14,286.75
47.4,8.5,2009-09-15,290.85
47.4,8.5,2009-09-16,291.65
47.4,8.5,2009-09-17,290.15
47.4,8.5,2009-09-18,293.85
47.4,8.5,2009-09-19,291.85
47.4,8.5,2009-09-20,292.85
47.4,8.5,2009-09-21,293.75
47.4,8.5,2009-09-22,294.35
47.4,8.5,2009-09-23,294.05
47.4,8.5,2009-09-24,293.95
47.4,8.5,2009-09-25,291.45
47.4,8.5,2009-09-26,290.95
47.4,8.5,2009-09-27,293.35
47.4,8.5,2009-09-28,292.85
47.4,8.5,2009-09-29,293.05
47.4,8.5,2009-09-30,292.45
47.4,8.5,2009-10-01,290.35
47.4,8.5,2009-10-02,288.55
47.4,8.5,2009-10-03,289.75
47.4,8.5,2009-10-04,290.75
47.4,8.5,2009-10-05,289.25
47.4,8.5,2009-10-06,295.25
47.4,8.5,2009-10-07,298.15
47.4,8.5,2009-10-08,291.55
47.4,8.5,2009-10-09,291.35
47.4,8.5,2009-10-10,288.25
47.4,8.5,2009-10-11,287.85
47.4,8.5,2009-10-12,284.75
47.4,8.5,2009-10-13,282.65
47.4,8.5,2009-10-14,279.65
47.4,8.5,2009-10-15,278.05
47.4,8.5,2009-10-16,280.45
47.4,8.5,2009-10-17,278.95
47.4,8.5,2009-10-18,279.95
47.4,8.5,2009-10-19,280.75
47.4,8.5,2009-10-20,285.65
47.4,8.5,2009-10-21,289.45
47.4,8.5,2009-10-22,285.05
47.4,8.5,2009-10-23,282.75
47.4,8.5,2009-10-24,286.15
47.4,8.5,2009-10-25,286.35
47.4,8.5,2009-10-26,285.45
47.4,8.5,2009-10-27,286.25
47.4,8.5,2009-10-28,288.95
47.4,8.5,2009-10-29,288.85
47.4,8.5,2009-10-30,284.45
47.4,8.5,2009-10-31,286.45
47.4,8.5,2009-11-01,288.75
47.4,8.5,2009-11-02,283.05
47.4,8.5,2009-11-03,282.55
47.4,8.5,2009-11-04,281.95
47.4,8.5,2009-11-05,283.55
47.4,8.5,2009-11-06,281.55
47.4,8.5,2009-11-07,281.75
47.4,8.5,2009-11-08,279.35
47.4,8.5,2009-11-09,277.55
47.4,8.5,2009-11-10,279.15
47.4,8.5,2009-11-11,279.85
47.4,8.5,2009-11-12,282.25
47.4,8.5,2009-11-13,287.05
47.4,8.5,2009-11-14,287.55
47.4,8.5,2009-11-15,285.35
47.4,8.5,2009-11-16,286.95
47.4,8.5,2009-11-17,290.95
47.4,8.5,2009-11-18,286.05
47.4,8.5,2009-11-19,286.85
47.4,8.5,2009-11-20,288.85
47.4,8.5,2009-11-21,287.55
47.4,8.5,2009-11-22,284.25
47.4,8.5,2009-11-23,284.25
47.4,8.5,2009-11-24,283.85
47.4,8.5,2009-11-25,287.55
47.4,8.5,2009-11-26,281.15
47.4,8.5,2009-11-27,282.15
47.4,8.5,2009-11-28,283.55
47.4,8.5,2009-11-29,281.95
47.4,8.5,2009-11-30,275.95
47.4,8.5,2009-12-01,275.55
47.4,8.5,2009-12-02,277.05
47.4,8.5,2009-12-03,280.05
47.4,8.5,2009-12-04,276.25
47.4,8.5,2009-12-05,280.05
47.4,8.5,2009-12-06,281.75
47.4,8.5,2009-12-07,282.05
47.4,8.5,2009-12-08,279.25
47.4,8.5,2009-12-09,280.05
47.4,8.5,2009-12-10,280.65
47.4,8.5,2009-12-11,277.05
47.4,8.5,2009-12-12,275.05
47.4,8.5,2009-12-13,273.35
47.4,8.5,2009-12-14,272.15
47.4,8.5,2009-12-15,271.15
47.4,8.5,2009-12-16,271.45
47.4,8.5,2009-12-17,270.55
47.4,8.5,2009-12-18,270.55
47.4,8.5,2009-12-19,268.25
47.4,8.5,2009-12-20,272.15
47.4,8.5,2009-12-21,274.05
47.4,8.5,2009-12-22,278.15
47.4,8.5,2009-12-23,277.35
47.4,8.5,2009-12-24,279.95
47.4,8.5,2009-12-25,279.05
47.4,8.5,2009-12-26,276.95
47.4,8.5,2009-12-27,278.35
47.4,8.5,2009-12-28,277.75
47.4,8.5,2009-12-29,280.55
47.4,8.5,2009-12-30,280.35
47.4,8.5,2009-12-31,281.15
47.4,8.5,2010-01-01,278.15
47.4,8.5,2010-01-02,272.75
47.4,8.5,2010-01-03,273.65
47.4,8.5,2010-01-04,272.45
47.4,8.5,2010-01-05,271.85
47.4,8.5,2010-01-06,272.75
47.4,8.5,2010-01-07,274.05
47.4,8.5,2010-01-08,271.65
47.4,8.5,2010-01-09,270.05
47.4,8.5,2010-01-10,271.05
47.4,8.5,2010-01-11,272.45
47.4,8.5,2010-01-12,273.25
47.4,8.5,2010-01-13,275.15
47.4,8.5,2010-01-14,276.45
47.4,8.5,2010-01-15,276.15
47.4,8.5,2010-01-16,277.65
47.4,8.5,2010-01-17,278.35
47.4,8.5,2010-01-18,277.65
47.4,8.5,2010-01-19,277.25
47.4,8.5,2010-01-20,276.25
47.4,8.5,2010-01-21,277.15
47.4,8.5,2010-01-22,276.95
47.4,8.5,2010-01-23,276.55
47.4,8.5,2010-01-24,278.05
47.4,8.5,2010-01-25,276.95
47.4,8.5,2010-01-26,273.05
47.4,8.5,2010-01-27,271.35
47.4,8.5,2010-01-28,273.15
47.4,8.5,2010-01-29,274.65
47.4,8.5,2010-01-30,273.95
47.4,8.5,2010-01-31,270.85
47.4,8.5,2010-02-01,271.85
47.4,8.5,2010-02-02,274.85
47.4,8.5,2010-02-03,278.25
47.4,8.5,2010-02-04,278.75
47.4,8.5,2010-02-05,276.35
47.4,8.5,2010-02-06,278.15
47.4,8.5,2010-02-07,276.35
47.4,8.5,2010-02-08,274.75
47.4,8.5,2010-02-09,276.75
47.4,8.5,2010-02-10,271.75
47.4,8.5,2010-02-11,268.65
47.4,8.5,2010-02-12,269.95
47.4,8.5,2010-02-13,271.15
47.4,8.5,2010-02-14,272.65
47.4,8.5,2010-02-15,273.75
47.4,8.5,2010-02-16,276.05
47.4,8.5,2010-02-17,279.75
47.4,8.5,2010-02-18,280.75
47.4,8.5,2010-02-19,277.85
47.4,8.5,2010-02-20,276.85
47.4,8.5,2010-02-21,279.45
47.4,8.5,2010-02-22,282.95
47.4,8.5,2010-02-23,281.95
47.4,8.5,2010-02-24,282.05
47.4,8.5,2010-02-25,284.15
47.4,8.5,2010-02-26,282.45
47.4,8.5,2010-02-27,284.75
47.4,8.5,2010-02-28,285.75
47.4,8.5,2010-03-01,282.75
47.4,8.5,2010-03-02,279.45
47.4,8.5,2010-03-03,280.55
47.4,8.5,2010-03-04,276.95
47.4,8.5,2010-03-05,274.45
47.4,8.5,2010-03-06,274.95
47.4,8.5,2010-03-07,273.55
47.4,8.5,2010-03-08,274.45
47.4,8.5,2010-03-09,272.55
47.4,8.5,2010-03-10,274.75
47.4,8.5,2010-03-11,272.65
47.4,8.5,2010-03-12,275.45
47.4,8.5,2010-03-13,276.45
47.4,8.5,2010-03-14,279.45
47.4,8.5,2010-03-15,279.75
47.4,8.5,2010-03-16,280.45
47.4,8.5,2010-03-17,285.95
47.4,8.5,2010-03-18,288.35
47.4,8.5,2010-03-19,289.45
47.4,8.5,2010-03-20,287.25
47.4,8.5,2010-03-21,287.05
47.4,8.5,2010-03-22,286.15
47.4,8.5,2010-03-23,288.05
47.4,8.5,2010-03-24,290.75
47.4,8.5,2010-03-25,291.35
47.4,8.5,2010-03-26,287.45
47.4,8.5,2010-03-27,283.95
47.4,8.5,2010-03-28,284.25
47.4,8.5,2010-03-29,289.25
47.4,8.5,2010-03-30,288.35
47.4,8.5,2010-03-31,282.85
47.4,8.5,2010-04-01,279.75
47.4,8.5,2010-04-02,283.55
47.4,8.5,2010-04-03,285.75
47.4,8.5,2010-04-04,283.15
47.4,8.5,2010-04-05,282.65
47.4,8.5,2010-04-06,288.05
47.4,8.5,2010-04-07,291.15
47.4,8.5,2010-04-08,288.15
47.4,8.5,2010-04-09,287.15
47.4,8.5,2010-04-10,285.55
47.4,8.5,2010-04-11,282.15
47.4,8.5,2010-04-12,282.25
47.4,8.5,2010-04-13,283.15
47.4,8.5,2010-04-14,282.85
47.4,8.5,2010-04-15,284.05
47.4,8.5,2010-04-16,284.05
47.4,8.5,2010-04-17,288.05
47.4,8.5,2010-04-18,288.35
47.4,8.5,2010-04-19,289.25
47.4,8.5,2010-04-20,289.45
47.4,8.5,2010-04-21,288.55
47.4,8.5,2010-04-22,288.25
47.4,8.5,2010-04-23,289.45
47.4,8.5,2010-04-24,291.85
47.4,8.5,2010-04-25,294.05
47.4,8.5,2010-04-26,290.05
47.4,8.5,2010-04-27,290.15
47.4,8.5,2010-04-28,292.95
47.4,8.5,2010-04-29,296.55
47.4,8.5,2010-04-30,293.55
47.4,8.5,2010-05-01,287.25
47.4,8.5,2010-05-02,284.45
47.4,8.5,2010-05-03,286.55
47.4,8.5,2010-05-04,284.05
47.4,8.5,2010-05-05,282.65
47.4,8.5,2010-05-06,282.55
47.4,8.5,2010-05-07,284.75
47.4,8.5,2010-05-08,288.05
47.4,8.5,2010-05-09,289.05
47.4,8.5,2010-05-10,288.55
47.4,8.5,2010-05-11,291.05
47.4,8.5,2010-05-12,288.55
47.4,8.5,2010-05-13,282.65
47.4,8.5,2010-05-14,283.65
47.4,8.5,2010-05-15,283.95
47.4,8.5,2010-05-16,285.25
47.4,8.5,2010-05-17,286.65
47.4,8.5,2010-05-18,286.25
47.4,8.5,2010-05-19,285.45
47.4,8.5,2010-05-20,282.75
47.4,8.5,2010-05-21,287.65
47.4,8.5,2010-05-22,291.65
47.4,8.5,2010-05-23,292.85
47.4,8.5,2010-05-24,296.35
47.4,8.5,2010-05-25,296.95
47.4,8.5,2010-05-26,294.05
47.4,8.5,2010-05-27,290.55
47.4,8.5,2010-05-28,291.05
47.4,8.5,2010-05-29,292.05
47.4,8.5,2010-05-30,289.35
47.4,8.5,2010-05-31,286.65
47.4,8.5,2010-06-01,287.95
47.4,8.5,2010-06-02,287.35
47.4,8.5,2010-06-03,287.35
47.4,8.5,2010-06-04,294.45
47.4,8.5,2010-06-05,297.25
47.4,8.5,2010-06-06,298.75
47.4,8.5,2010-06-07,293.15
47.4,8.5,2010-06-08,295.95
47.4,8.5,2010-06-09,300.15
47.4,8.5,2010-06-10,301.55
47.4,8.5,2010-06-11,294.95
47.4,8.5,2010-06-12,292.15
47.4,8.5,2010-06-13,290.45
47.4,8.5,2010-06-14,293.05
47.4,8.5,2010-06-15,293.25
47.4,8.5,2010-06-16,288.85
47.4,8.5,2010-06-17,290.15
47.4,8.5,2010-06-18,289.65
47.4,8.5,2010-06-19,286.95
47.4,8.5,2010-06-20,286.95
47.4,8.5,2010-06-21,288.35
47.4,8.5,2010-06-22,289.85
47.4,8.5,2010-06-23,292.85
47.4,8.5,2010-06-24,294.25
47.4,8.5,2010-06-25,296.35
47.4,8.5,2010-06-26,296.95
47.4,8.5,2010-06-27,298.85
47.4,8.5,2010-06-28,299.05
47.4,8.5,2010-06-29,299.25
47.4,8.5,2010-06-30,298.75
47.4,8.5,2010-07-01,299.95
47.4,8.5,2010-07-02,301.85
47.4,8.5,2010-07-03,302.25
47.4,8.5,2010-07-04,297.55
47.4,8.5,2010-07-05,297.15
47.4,8.5,2010-07-06,294.85
47.4,8.5,2010-07-07,296.35
47.4,8.5,2010-07-08,301.05
47.4,8.5,2010-07-09,303.35
47.4,8.5,2010-07-10,304.35
47.4,8.5,2010-07-11,301.75
47.4,8.5,2010-07-12,303.25
47.4,8.5,2010-07-13,299.25
47.4,8.5,2010-07-14,302.95
47.4,8.5,2010-07-15,297.65
47.4,8.5,2010-07-16,301.05
47.4,8.5,2010-07-17,296.45
47.4,8.5,2010-07-18,294.85
47.4,8.5,2010-07-19,296.75
47.4,8.5,2010-07-20,299.65
47.4,8.5,2010-07-21,302.15
47.4,8.5,2010-07-22,297.35
47.4,8.5,2010-07-23,291.45
47.4,8.5,2010-07-24,291.15
47.4,8.5,2010-07-25,291.75
47.4,8.5,2010-07-26,292.65
47.4,8.5,2010-07-27,292.35
47.4,8.5,2010-07-28,292.95
47.4,8.5,2010-07-29,291.25
47.4,8.5,2010-07-30,291.95
47.4,8.5,2010-07-31,295.15
47.4,8.5,2010-08-01,299.45
47.4,8.5,2010-08-02,295.45
47.4,8.5,2010-08-03,293.05
47.4,8.5,2010-08-04,293.85
47.4,8.5,2010-08-05,289.05
47.4,8.5,2010-08-06,291.05
47.4,8.5,2010-08-07,294.15
47.4,8.5,2010-08-08,293.95
47.4,8.5,2010-08-09,296.05
47.4,8.5,2010-08-10,296.55
47.4,8.5,2010-08-11,296.35
47.4,8.5,2010-08-12,292.25
47.4,8.5,2010-08-13,292.45
47.4,8.5,2010-08-14,293.45
47.4,8.5,2010-08-15,290.55
47.4,8.5,2010-08-16,287.15
47.4,8.5,2010-08-17,290.95
47.4,8.5,2010-08-18,291.15
47.4,8.5,2010-08-19,293.35
47.4,8.5,2010-08-20,298.45
47.4,8.5,2010-08-21,298.95
47.4,8.5,2010-08-22,300.45
47.4,8.5,2010-08-23,297.15
47.4,8.5,2010-08-24,294.55
47.4,8.5,2010-08-25,294.65
47.4,8.5,2010-08-26,301.45
47.4,8.5,2010-08-27,296.15
47.4,8.5,2010-08-28,289.15
47.4,8.5,2010-08-29,289.65
47.4,8.5,2010-08-30,285.85
47.4,8.5,2010-08-31,288.45
47.4,8.5,2010-09-01,290.15
47.4,8.5,2010-09-02,292.65
47.4,8.5,2010-09-03,293.15
47.4,8.5,2010-09-04,291.95
47.4,8.5,2010-09-05,292.05
47.4,8.5,2010-09-06,293.05
47.4,8.5,2010-09-07,291.45
47.4,8.5,2010-09-08,289.15
47.4,8.5,2010-09-09,290.45
47.4,8.5,2010-09-10,291.45
47.4,8.5,2010-09-11,293.05
47.4,8.5,2010-09-12,294.65
47.4,8.5,2010-09-13,288.85
47.4,8.5,2010-09-14,291.05
47.4,8.5,2010-09-15,293.85
47.4,8.5,2010-09-16,287.65
47.4,8.5,2010-09-17,288.45
47.4,8.5,2010-09-18,287.65
47.4,8.5,2010-09-19,288.15
47.4,8.5,2010-09-20,292.45
47.4,8.5,2010-09-21,293.45
47.4,8.5,2010-09-22,293.85
47.4,8.5,2010-09-23,295.25
47.4,8.5,2010-09-24,292.75
47.4,8.5,2010-09-25,284.35
47.4,8.5,2010-09-26,284.65
47.4,8.5,2010-09-27,285.05
47.4,8.5,2010-09-28,284.35
47.4,8.5,2010-09-29,285.55
47.4,8.5,2010-09-30,288.15
47.4,8.5,2010-10-01,288.15
47.4,8.5,2010-10-02,292.85
47.4,8.5,2010-10-03,294.45
47.4,8.5,2010-10-04,296.25
47.4,8.5,2010-10-05,288.75
47.4,8.5,2010-10-06,291.95
47.4,8.5,2010-10-07,292.65
47.4,8.5,2010-10-08,293.35
47.4,8.5,2010-10-09,292.25
47.4,8.5,2010-10-10,290.25
47.4,8.5,2010-10-11,288.65
47.4,8.5,2010-10-12,287.65
47.4,8.5,2010-10-13,284.25
47.4,8.5,2010-10-14,284.75
47.4,8.5,2010-10-15,282.45
47.4,8.5,2010-10-16,280.25
47.4,8.5,2010-10-17,281.45
47.4,8.5,2010-10-18,281.95
47.4,8.5,2010-10-19,282.65
47.4,8.5,2010-10-20,280.25
47.4,8.5,2010-10-21,280.45
47.4,8.5,2010-10-22,282.95
47.4,8.5,2010-10-23,285.85
47.4,8.5,2010-10-24,281.15
47.4,8.5,2010-10-25,278.55
47.4,8.5,2010-10-26,279.85
47.4,8.5,2010-10-27,282.45
47.4,8.5,2010-10-28,285.75
47.4,8.5,2010-10-29,289.75
47.4,8.5,2010-10-30,288.05
47.4,8.5,2010-10-31,288.15
47.4,8.5,2010-11-01,287.35
47.4,8.5,2010-11-02,283.95
47.4,8.5,2010-11-03,286.85
47.4,8.5,2010-11-04,288.85
47.4,8.5,2010-11-05,288.55
47.4,8.5,2010-11-06,287.75
47.4,8.5,2010-11-07,283.85
47.4,8.5,2010-11-08,278.45
47.4,8.5,2010-11-09,283.15
47.4,8.5,2010-11-10,283.65
47.4,8.5,2010-11-11,281.45
47.4,8.5,2010-11-12,286.75
47.4,8.5,2010-11-13,290.05
47.4,8.5,2010-11-14,289.25
47.4,8.5,2010-11-15,284.45
47.4,8.5,2010-11-16,278.55
47.4,8.5,2010-11-17,278.75
47.4,8.5,2010-11-18,279.35
47.4,8.5,2010-11-19,280.55
47.4,8.5,2010-11-20,281.15
47.4,8.5,2010-11-21,279.05
47.4,8.5,2010-11-22,276.45
47.4,8.5,2010-11-23,276.15
47.4,8.5,2010-11-24,276.45
47.4,8.5,2010-11-25,277.15
47.4,8.5,2010-11-26,272.95
47.4,8.5,2010-11-27,272.55
47.4,8.5,2010-11-28,275.15
47.4,8.5,2010-11-29,274.25
47.4,8.5,2010-11-30,273.55
47.4,8.5,2010-12-01,271.85
47.4,8.5,2010-12-02,271.85
47.4,8.5,2010-12-03,271.25
47.4,8.5,2010-12-04,272.15
47.4,8.5,2010-12-05,275.85
47.4,8.5,2010-12-06,277.15
47.4,8.5,2010-12-07,282.35
47.4,8.5,2010-12-08,283.45
47.4,8.5,2010-12-09,276.95
47.4,8.5,2010-12-10,273.75
47.4,8.5,2010-12-11,276.35
47.4,8.5,2010-12-12,274.95
47.4,8.5,2010-12-13,271.45
47.4,8.5,2010-12-14,270.35
47.4,8.5,2010-12-15,269.05
47.4,8.5,2010-12-16,270.55
47.4,8.5,2010-12-17,271.95
47.4,8.5,2010-12-18,269.85
47.4,8.5,2010-12-19,273.15
47.4,8.5,2010-12-20,278.75
47.4,8.5,2010-12-21,278.65
47.4,8.5,2010-12-22,279.15
47.4,8.5,2010-12-23,280.55
47.4,8.5,2010-12-24,275.75
47.4,8.5,2010-12-25,271.45
47.4,8.5,2010-12-26,268.45
47.4,8.5,2010-12-27,269.95
47.4,8.5,2010-12-28,275.45
47.4,8.5,2010-12-29,277.05
47.4,8.5,2010-12-30,275.55
47.4,8.5,2010-12-31,274.65
47.4,8.5,2011-01-01,275.55
47.4,8.5,2011-01-02,273.45
47.4,8.5,2011-01-03,271.75
47.4,8.5,2011-01-04,272.25
47.4,8.5,2011-01-05,276.55
47.4,8.5,2011-01-06,276.15
47.4,8.5,2011-01-07,282.75
47.4,8.5,2011-01-08,283.75
47.4,8.5,2011-01-09,281.35
47.4,8.5,2011-01-10,278.25
47.4,8.5,2011-01-11,278.75
47.4,8.5,2011-01-12,277.55
47.4,8.5,2011-01-13,282.95
47.4,8.5,2011-01-14,282.75
47.4,8.5,2011-01-15,281.95
47.4,8.5,2011-01-16,282.65
47.4,8.5,2011-01-17,283.05
47.4,8.5,2011-01-18,281.95
47.4,8.5,2011-01-19,275.65
47.4,8.5,2011-01-20,272.55
47.4,8.5,2011-01-21,272.25
47.4,8.5,2011-01-22,270.65
47.4,8.5,2011-01-23,271.85
47.4,8.5,2011-01-24,273.95
47.4,8.5,2011-01-25,275.25
47.4,8.5,2011-01-26,276.55
47.4,8.5,2011-01-27,275.25
47.4,8.5,2011-01-28,275.15
47.4,8.5,2011-01-29,275.55
47.4,8.5,2011-01-30,274.55
47.4,8.5,2011-01-31,275.35
47.4,8.5,2011-02-01,275.35
47.4,8.5,2011-02-02,275.75
47.4,8.5,2011-02-03,277.25
47.4,8.5,2011-02-04,281.05
47.4,8.5,2011-02-05,283.65
47.4,8.5,2011-02-06,285.55
47.4,8.5,2011-02-07,285.85
47.4,8.5,2011-02-08,283.45
47.4,8.5,2011-02-09,281.45
47.4,8.5,2011-02-10,284.35
47.4,8.5,2011-02-11,285.45
47.4,8.5,2011-02-12,284.45
47.4,8.5,2011-02-13,282.55
47.4,8.5,2011-02-14,283.45
47.4,8.5,2011-02-15,281.65
47.4,8.5,2011-02-16,280.65
47.4,8.5,2011-02-17,281.25
47.4,8.5,2011-02-18,280.25
47.4,8.5,2011-02-19,280.45
47.4,8.5,2011-02-20,276.35
47.4,8.5,2011-02-21,277.55
47.4,8.5,2011-02-22,275.05
47.4,8.5,2011-02-23,276.15
47.4,8.5,2011-02-24,276.75
47.4,8.5,2011-02-25,278.55
47.4,8.5,2011-02-26,280.45
47.4,8.5,2011-02-27,279.15
47.4,8.5,2011-02-28,279.95
47.4,8.5,2011-03-01,281.05
47.4,8.5,2011-03-02,279.35
47.4,8.5,2011-03-03,279.55
47.4,8.5,2011-03-04,281.35
47.4,8.5,2011-03-05,281.45
47.4,8.5,2011-03-06,277.35
47.4,8.5,2011-03-07,281.05
47.4,8.5,2011-03-08,284.15
47.4,8.5,2011-03-09,284.75
47.4,8.5,2011-03-10,284.85
47.4,8.5,2011-03-11,285.15
47.4,8.5,2011-03-12,287.35
47.4,8.5,2011-03-13,285.65
47.4,8.5,2011-03-14,287.45
47.4,8.5,2011-03-15,290.25
47.4,8.5,2011-03-16,285.35
47.4,8.5,2011-03-17,281.35
47.4,8.5,2011-03-18,281.05
47.4,8.5,2011-03-19,278.15
47.4,8.5,2011-03-20,282.25
47.4,8.5,2011-03-21,282.35
47.4,8.5,2011-03-22,285.15
47.4,8.5,2011-03-23,287.15
47.4,8.5,2011-03-24,288.65
47.4,8.5,2011-03-25,290.35
47.4,8.5,2011-03-26,288.05
47.4,8.5,2011-03-27,284.65
47.4,8.5,2011-03-28,285.55
47.4,8.5,2011-03-29,286.95
47.4,8.5,2011-03-30,286.25
47.4,8.5,2011-03-31,286.65
47.4,8.5,2011-04-01,289.95
47.4,8.5,2011-04-02,294.15
47.4,8.5,2011-04-03,293.55
47.4,8.5,2011-04-04,285.05
47.4,8.5,2011-04-05,288.05
47.4,8.5,2011-04-06,291.85
47.4,8.5,2011-04-07,295.45
47.4,8.5,2011-04-08,292.15
47.4,8.5,2011-04-09,293.05
47.4,8.5,2011-04-10,292.25
47.4,8.5,2011-04-11,292.95
47.4,8.5,2011-04-12,283.75
47.4,8.5,2011-04-13,282.85
47.4,8.5,2011-04-14,283.85
47.4,8.5,2011-04-15,284.35
47.4,8.5,2011-04-16,286.25
47.4,8.5,2011-04-17,287.45
47.4,8.5,2011-04-18,290.15
47.4,8.5,2011-04-19,291.55
47.4,8.5,2011-04-20,293.15
47.4,8.5,2011-04-21,293.55
47.4,8.5,2011-04-22,294.65
47.4,8.5,2011-04-23,293.95
47.4,8.5,2011-04-24,292.15
47.4,8.5,2011-04-25,292.85
47.4,8.5,2011-04-26,289.95
47.4,8.5,2011-04-27,288.25
47.4,8.5,2011-04-28,289.95
47.4,8.5,2011-04-29,288.55
47.4,8.5,2011-04-30,291.15
47.4,8.5,2011-05-01,290.45
47.4,8.5,2011-05-02,292.25
47.4,8.5,2011-05-03,286.45
47.4,8.5,2011-05-04,287.25
47.4,8.5,2011-05-05,289.85
47.4,8.5,2011-05-06,294.25
47.4,8.5,2011-05-07,296.45
47.4,8.5,2011-05-08,297.45
47.4,8.5,2011-05-09,297.35
47.4,8.5,2011-05-10,297.75
47.4,8.5,2011-05-11,296.75
47.4,8.5,2011-05-12,291.85
47.4,8.5,2011-05-13,292.05
47.4,8.5,2011-05-14,293.65
47.4,8.5,2011-05-15,286.25
47.4,8.5,2011-05-16,287.75
47.4,8.5,2011-05-17,292.15
47.4,8.5,2011-05-18,295.05
47.4,8.5,2011-05-19,295.75
47.4,8.5,2011-05-20,295.95
47.4,8.5,2011-05-21,296.35
47.4,8.5,2011-05-22,295.55
47.4,8.5,2011-05-23,294.95
47.4,8.5,2011-05-24,298.05
47.4,8.5,2011-05-25,295.85
47.4,8.5,2011-05-26,299.15
47.4,8.5,2011-05-27,288.05
47.4,8.5,2011-05-28,291.25
47.4,8.5,2011-05-29,295.45
47.4,8.5,2011-05-30,298.95
47.4,8.5,2011-05-31,294.65
47.4,8.5,2011-06-01,284.75
47.4,8.5,2011-06-02,291.35
47.4,8.5,2011-06-03,295.45
47.4,8.5,2011-06-04,296.35
47.4,8.5,2011-06-05,296.85
47.4,8.5,2011-06-06,292.85
47.4,8.5,2011-06-07,295.95
47.4,8.5,2011-06-08,288.25
47.4,8.5,2011-06-09,287.45
47.4,8.5,2011-06-10,291.95
47.4,8.5,2011-06-11,289.75
47.4,8.5,2011-06-12,292.85
47.4,8.5,2011-06-13,292.35
47.4,8.5,2011-06-14,294.95
47.4,8.5,2011-06-15,296.95
47.4,8.5,2011-06-16,298.75
47.4,8.5,2011-06-17,295.45
47.4,8.5,2011-06-18,289.45
47.4,8.5,2011-06-19,289.35
47.4,8.5,2011-06-20,292.75
47.4,8.5,2011-06-21,298.95
47.4,8.5,2011-06-22,299.65
47.4,8.5,2011-06-23,291.25
47.4,8.5,2011-06-24,291.25
47.4,8.5,2011-06-25,292.65
47.4,8.5,2011-06-26,299.45
47.4,8.5,2011-06-27,302.85
47.4,8.5,2011-06-28,302.85
47.4,8.5,2011-06-29,296.35
47.4,8.5,2011-06-30,291.65
47.4,8.5,2011-07-01,290.65
47.4,8.5,2011-07-02,289.95
47.4,8.5,2011-07-03,293.75
47.4,8.5,2011-07-04,297.75
47.4,8.5,2011-07-05,298.55
47.4,8.5,2011-07-06,299.05
47.4,8.5,2011-07-07,298.35
47.4,8.5,2011-07-08,295.65
47.4,8.5,2011-07-09,297.95
47.4,8.5,2011-07-10,296.95
47.4,8.5,2011-07-11,297.35
47.4,8.5,2011-07-12,303.55
47.4,8.5,2011-07-13,294.95
47.4,8.5,2011-07-14,290.85
47.4,8.5,2011-07-15,292.25
47.4,8.5,2011-07-16,296.45
47.4,8.5,2011-07-17,291.35
47.4,8.5,2011-07-18,290.85
47.4,8.5,2011-07-19,292.45
47.4,8.5,2011-07-20,288.45
47.4,8.5,2011-07-21,290.15
47.4,8.5,2011-07-22,292.15
47.4,8.5,2011-07-23,290.15
47.4,8.5,2011-07-24,287.95
47.4,8.5,2011-07-25,291.75
47.4,8.5,2011-07-26,293.15
47.4,8.5,2011-07-27,294.35
47.4,8.5,2011-07-28,293.75
47.4,8.5,2011-07-29,294.85
47.4,8.5,2011-07-30,292.65
47.4,8.5,2011-07-31,292.45
47.4,8.5,2011-08-01,294.85
47.4,8.5,2011-08-02,299.35
47.4,8.5,2011-08-03,297.35
47.4,8.5,2011-08-04,297.05
47.4,8.5,2011-08-05,297.35
47.4,8.5,2011-08-06,298.35
47.4,8.5,2011-08-07,293.85
47.4,8.5,2011-08-08,291.15
47.4,8.5,2011-08-09,290.45
47.4,8.5,2011-08-10,291.35
47.4,8.5,2011-08-11,296.85
47.4,8.5,2011-08-12,296.45
47.4,8.5,2011-08-13,296.55
47.4,8.5,2011-08-14,298.65
47.4,8.5,2011-08-15,294.65
47.4,8.5,2011-08-16,296.25
47.4,8.5,2011-08-17,299.35
47.4,8.5,2011-08-18,301.95
47.4,8.5,2011-08-19,299.25
47.4,8.5,2011-08-20,300.55
47.4,8.5,2011-08-21,303.85
47.4,8.5,2011-08-22,304.95
47.4,8.5,2011-08-23,303.05
47.4,8.5,2011-08-24,302.65
47.4,8.5,2011-08-25,299.25
47.4,8.5,2011-08-26,303.05
47.4,8.5,2011-08-27,289.35
47.4,8.5,2011-08-28,292.55
47.4,8.5,2011-08-29,291.85
47.4,8.5,2011-08-30,291.55
47.4,8.5,2011-08-31,296.05
47.4,8.5,2011-09-01,295.95
47.4,8.5,2011-09-02,298.45
47.4,8.5,2011-09-03,300.45
47.4,8.5,2011-09-04,296.35
47.4,8.5,2011-09-05,290.55
47.4,8.5,2011-09-06,293.55
47.4,8.5,2011-09-07,292.75
47.4,8.5,2011-09-08,294.65
47.4,8.5,2011-09-09,296.05
47.4,8.5,2011-09-10,299.55
47.4,8.5,2011-09-11,300.25
47.4,8.5,2011-09-12,295.25
47.4,8.5,2011-09-13,296.35
47.4,8.5,2011-09-14,290.45
47.4,8.5,2011-09-15,292.75
47.4,8.5,2011-09-16,297.25
47.4,8.5,2011-09-17,295.75
47.4,8.5,2011-09-18,289.25
47.4,8.5,2011-09-19,284.65
47.4,8.5,2011-09-20,289.05
47.4,8.5,2011-09-21,292.15
47.4,8.5,2011-09-22,292.25
47.4,8.5,2011-09-23,292.05
47.4,8.5,2011-09-24,294.85
47.4,8.5,2011-09-25,295.05
47.4,8.5,2011-09-26,294.75
47.4,8.5,2011-09-27,295.25
47.4,8.5,2011-09-28,295.25
47.4,8.5,2011-09-29,294.65
47.4,8.5,2011-09-30,295.15
47.4,8.5,2011-10-01,294.55
47.4,8.5,2011-10-02,294.35
47.4,8.5,2011-10-03,294.15
47.4,8.5,2011-10-04,294.25
47.4,8.5,2011-10-05,292.05
47.4,8.5,2011-10-06,292.55
47.4,8.5,2011-10-07,283.15
47.4,8.5,2011-10-08,281.55
47.4,8.5,2011-10-09,284.35
47.4,8.5,2011-10-10,289.85
47.4,8.5,2011-10-11,293.15
47.4,8.5,2011-10-12,289.15
47.4,8.5,2011-10-13,286.05
47.4,8.5,2011-10-14,285.15
47.4,8.5,2011-10-15,285.55
47.4,8.5,2011-10-16,287.95
47.4,8.5,2011-10-17,288.05
47.4,8.5,2011-10-18,291.65
47.4,8.5,2011-10-19,283.45
47.4,8.5,2011-10-20,281.25
47.4,8.5,2011-10-21,281.75
47.4,8.5,2011-10-22,282.35
47.4,8.5,2011-10-23,284.55
47.4,8.5,2011-10-24,287.05
47.4,8.5,2011-10-25,285.85
47.4,8.5,2011-10-26,285.75
47.4,8.5,2011-10-27,286.55
47.4,8.5,2011-10-28,287.65
47.4,8.5,2011-10-29,287.95
47.4,8.5,2011-10-30,287.75
47.4,8.5,2011-10-31,285.55
47.4,8.5,2011-11-01,287.65
47.4,8.5,2011-11-02,288.55
47.4,8.5,2011-11-03,289.45
47.4,8.5,2011-11-04,288.35
47.4,8.5,2011-11-05,288.45
47.4,8.5,2011-11-06,290.75
47.4,8.5,2011-11-07,285.85
47.4,8.5,2011-11-08,285.45
47.4,8.5,2011-11-09,286.95
47.4,8.5,2011-11-10,284.45
47.4,8.5,2011-11-11,283.55
47.4,8.5,2011-11-12,285.85
47.4,8.5,2011-11-13,283.35
47.4,8.5,2011-11-14,282.45
47.4,8.5,2011-11-15,281.85
47.4,8.5,2011-11-16,281.35
47.4,8.5,2011-11-17,281.85
47.4,8.5,2011-11-18,280.95
47.4,8.5,2011-11-19,282.15
47.4,8.5,2011-11-20,282.75
47.4,8.5,2011-11-21,283.15
47.4,8.5,2011-11-22,281.55
47.4,8.5,2011-11-23,280.55
47.4,8.5,2011-11-24,279.75
47.4,8.5,2011-11-25,281.95
47.4,8.5,2011-11-26,279.45
47.4,8.5,2011-11-27,283.45
47.4,8.5,2011-11-28,280.85
47.4,8.5,2011-11-29,283.05
47.4,8.5,2011-11-30,281.95
47.4,8.5,2011-12-01,284.45
47.4,8.5,2011-12-02,283.65
47.4,8.5,2011-12-03,280.75
47.4,8.5,2011-12-04,283.15
47.4,8.5,2011-12-05,282.15
47.4,8.5,2011-12-06,277.05
47.4,8.5,2011-12-07,279.55
47.4,8.5,2011-12-08,280.05
47.4,8.5,2011-12-09,283.95
47.4,8.5,2011-12-10,280.65
47.4,8.5,2011-12-11,280.55
47.4,8.5,2011-12-12,278.55
47.4,8.5,2011-12-13,279.35
47.4,8.5,2011-12-14,282.05
47.4,8.5,2011-12-15,277.85
47.4,8.5,2011-12-16,280.45
47.4,8.5,2011-12-17,275.15
47.4,8.5,2011-12-18,274.15
47.4,8.5,2011-12-19,272.95
47.4,8.5,2011-12-20,274.65
47.4,8.5,2011-12-21,274.85
47.4,8.5,2011-12-22,278.45
47.4,8.5,2011-12-23,280.35
47.4,8.5,2011-12-24,277.65
47.4,8.5,2011-12-25,276.65
47.4,8.5,2011-12-26,278.15
47.4,8.5,2011-12-27,277.65
47.4,8.5,2011-12-28,279.55
47.4,8.5,2011-12-29,276.35
47.4,8.5,2011-12-30,275.35
47.4,8.5,2011-12-31,279.95
47.4,8.5,2012-01-01,283.85
47.4,8.5,2012-01-02,280.45
47.4,8.5,2012-01-03,280.95
47.4,8.5,2012-01-04,281.75
47.4,8.5,2012-01-05,279.05
47.4,8.5,2012-01-06,276.15
47.4,8.5,2012-01-07,277.35
47.4,8.5,2012-01-08,276.55
47.4,8.5,2012-01-09,277.25
47.4,8.5,2012-01-10,278.85
47.4,8.5,2012-01-11,279.45
47.4,8.5,2012-01-12,280.55
47.4,8.5,2012-01-13,276.95
47.4,8.5,2012-01-14,275.55
47.4,8.5,2012-01-15,274.85
47.4,8.5,2012-01-16,274.85
47.4,8.5,2012-01-17,277.05
47.4,8.5,2012-01-18,279.05
47.4,8.5,2012-01-19,280.85
47.4,8.5,2012-01-20,279.55
47.4,8.5,2012-01-21,280.95
47.4,8.5,2012-01-22,280.45
47.4,8.5,2012-01-23,278.55
47.4,8.5,2012-01-24,276.65
47.4,8.5,2012-01-25,277.95
47.4,8.5,2012-01-26,278.75
47.4,8.5,2012-01-27,279.55
47.4,8.5,2012-01-28,276.75
47.4,8.5,2012-01-29,274.65
47.4,8.5,2012-01-30,274.25
47.4,8.5,2012-01-31,273.05
47.4,8.5,2012-02-01,269.35
47.4,8.5,2012-02-02,267.65
47.4,8.5,2012-02-03,264.85
47.4,8.5,2012-02-04,264.45
47.4,8.5,2012-02-05,266.15
47.4,8.5,2012-02-06,265.55
47.4,8.5,2012-02-07,263.75
47.4,8.5,2012-02-08,269.05
47.4,8.5,2012-02-09,271.85
47.4,8.5,2012-02-10,267.05
47.4,8.5,2012-02-11,265.05
47.4,8.5,2012-02-12,267.35
47.4,8.5,2012-02-13,270.75
47.4,8.5,2012-02-14,274.55
47.4,8.5,2012-02-15,274.35
47.4,8.5,2012-02-16,276.05
47.4,8.5,2012-02-17,276.55
47.4,8.5,2012-02-18,279.25
47.4,8.5,2012-02-19,275.85
47.4,8.5,2012-02-20,274.45
47.4,8.5,2012-02-21,276.85
47.4,8.5,2012-02-22,279.85
47.4,8.5,2012-02-23,279.65
47.4,8.5,2012-02-24,284.85
47.4,8.5,2012-02-25,282.85
47.4,8.5,2012-02-26,278.55
47.4,8.5,2012-02-27,279.45
47.4,8.5,2012-02-28,282.05
47.4,8.5,2012-02-29,286.05
47.4,8.5,2012-03-01,287.85
47.4,8.5,2012-03-02,290.15
47.4,8.5,2012-03-03,288.25
47.4,8.5,2012-03-04,283.15
47.4,8.5,2012-03-05,278.15
47.4,8.5,2012-03-06,279.15
47.4,8.5,2012-03-07,282.15
47.4,8.5,2012-03-08,279.35
47.4,8.5,2012-03-09,279.85
47.4,8.5,2012-03-10,281.95
47.4,8.5,2012-03-11,280.45
47.4,8.5,2012-03-12,285.15
47.4,8.5,2012-03-13,286.55
47.4,8.5,2012-03-14,288.15
47.4,8.5,2012-03-15,289.95
47.4,8.5,2012-03-16,291.85
47.4,8.5,2012-03-17,289.25
47.4,8.5,2012-03-18,284.95
47.4,8.5,2012-03-19,277.35
47.4,8.5,2012-03-20,284.95
47.4,8.5,2012-03-21,287.65
47.4,8.5,2012-03-22,289.65
47.4,8.5,2012-03-23,290.05
47.4,8.5,2012-03-24,288.95
47.4,8.5,2012-03-25,288.45
47.4,8.5,2012-03-26,288.35
47.4,8.5,2012-03-27,288.35
47.4,8.5,2012-03-28,290.35
47.4,8.5,2012-03-29,290.05
47.4,8.5,2012-03-30,285.55
47.4,8.5,2012-03-31,288.15
47.4,8.5,2012-04-01,282.75
47.4,8.5,2012-04-02,288.35
47.4,8.5,2012-04-03,289.65
47.4,8.5,2012-04-04,285.55
47.4,8.5,2012-04-05,282.55
47.4,8.5,2012-04-06,283.25
47.4,8.5,2012-04-07,284.15
47.4,8.5,2012-04-08,278.45
47.4,8.5,2012-04-09,283.35
47.4,8.5,2012-04-10,290.75
47.4,8.5,2012-04-11,281.85
47.4,8.5,2012-04-12,283.25
47.4,8.5,2012-04-13,284.45
47.4,8.5,2012-04-14,284.05
47.4,8.5,2012-04-15,281.55
47.4,8.5,2012-04-16,280.65
47.4,8.5,2012-04-17,282.75
47.4,8.5,2012-04-18,282.05
47.4,8.5,2012-04-19,284.75
47.4,8.5,2012-04-20,283.35
47.4,8.5,2012-04-21,286.65
47.4,8.5,2012-04-22,282.85
47.4,8.5,2012-04-23,285.55
47.4,8.5,2012-04-24,283.25
47.4,8.5,2012-04-25,289.25
47.4,8.5,2012-04-26,292.95
47.4,8.5,2012-04-27,295.15
47.4,8.5,2012-04-28,299.05
47.4,8.5,2012-04-29,293.75
47.4,8.5,2012-04-30,294.25
47.4,8.5,2012-05-01,289.85
47.4,8.5,2012-05-02,290.15
47.4,8.5,2012-05-03,290.15
47.4,8.5,2012-05-04,292.55
47.4,8.5,2012-05-05,288.15
47.4,8.5,2012-05-06,287.65
47.4,8.5,2012-05-07,288.15
47.4,8.5,2012-05-08,292.35
47.4,8.5,2012-05-09,291.25
47.4,8.5,2012-05-10,298.25
47.4,8.5,2012-05-11,300.15
47.4,8.5,2012-05-12,289.15
47.4,8.5,2012-05-13,286.15
47.4,8.5,2012-05-14,287.65
47.4,8.5,2012-05-15,286.95
47.4,8.5,2012-05-16,282.15
47.4,8.5,2012-05-17,287.45
47.4,8.5,2012-05-18,290.35
47.4,8.5,2012-05-19,295.45
47.4,8.5,2012-05-20,296.55
47.4,8.5,2012-05-21,292.65
47.4,8.5,2012-05-22,292.35
47.4,8.5,2012-05-23,293.85
47.4,8.5,2012-05-24,296.85
47.4,8.5,2012-05-25,294.05
47.4,8.5,2012-05-26,294.35
47.4,8.5,2012-05-27,292.95
47.4,8.5,2012-05-28,292.45
47.4,8.5,2012-05-29,294.55
47.4,8.5,2012-05-30,295.35
47.4,8.5,2012-05-31,294.25
47.4,8.5,2012-06-01,292.05
47.4,8.5,2012-06-02,296.35
47.4,8.5,2012-06-03,294.25
47.4,8.5,2012-06-04,290.05
47.4,8.5,2012-06-05,288.05
47.4,8.5,2012-06-06,289.85
47.4,8.5,2012-06-07,299.25
47.4,8.5,2012-06-08,289.85
47.4,8.5,2012-06-09,291.25
47.4,8.5,2012-06-10,289.85
47.4,8.5,2012-06-11,290.05
47.4,8.5,2012-06-12,286.75
47.4,8.5,2012-06-13,288.55
47.4,8.5,2012-06-14,292.25
47.4,8.5,2012-06-15,298.65
47.4,8.5,2012-06-16,300.25
47.4,8.5,2012-06-17,294.55
47.4,8.5,2012-06-18,299.85
47.4,8.5,2012-06-19,298.75
47.4,8.5,2012-06-20,294.65
47.4,8.5,2012-06-21,298.55
47.4,8.5,2012-06-22,293.35
47.4,8.5,2012-06-23,294.35
47.4,8.5,2012-06-24,296.45
47.4,8.5,2012-06-25,291.85
47.4,8.5,2012-06-26,291.95
47.4,8.5,2012-06-27,296.75
47.4,8.5,2012-06-28,301.05
47.4,8.5,2012-06-29,303.35
47.4,8.5,2012-06-30,303.15
47.4,8.5,2012-07-01,292.35
47.4,8.5,2012-07-02,292.65
47.4,8.5,2012-07-03,292.75
47.4,8.5,2012-07-04,296.55
47.4,8.5,2012-07-05,298.35
47.4,8.5,2012-07-06,292.95
47.4,8.5,2012-07-07,295.95
47.4,8.5,2012-07-08,295.75
47.4,8.5,2012-07-09,295.45
47.4,8.5,2012-07-10,296.85
47.4,8.5,2012-07-11,291.55
47.4,8.5,2012-07-12,291.15
47.4,8.5,2012-07-13,294.65
47.4,8.5,2012-07-14,292.45
47.4,8.5,2012-07-15,290.35
47.4,8.5,2012-07-16,291.05
47.4,8.5,2012-07-17,294.15
47.4,8.5,2012-07-18,298.75
47.4,8.5,2012-07-19,295.35
47.4,8.5,2012-07-20,292.15
47.4,8.5,2012-07-21,290.65
47.4,8.5,2012-07-22,290.35
47.4,8.5,2012-07-23,294.05
47.4,8.5,2012-07-24,298.65
47.4,8.5,2012-07-25,299.95
47.4,8.5,2012-07-26,301.25
47.4,8.5,2012-07-27,303.85
47.4,8.5,2012-07-28,297.55
47.4,8.5,2012-07-29,293.25
47.4,8.5,2012-07-30,294.55
47.4,8.5,2012-07-31,296.25
47.4,8.5,2012-08-01,300.95
47.4,8.5,2012-08-02,297.95
47.4,8.5,2012-08-03,295.15
47.4,8.5,2012-08-04,297.35
47.4,8.5,2012-08-05,295.95
47.4,8.5,2012-08-06,291.85
47.4,8.5,2012-08-07,292.95
47.4,8.5,2012-08-08,294.75
47.4,8.5,2012-08-09,296.05
47.4,8.5,2012-08-10,294.95
47.4,8.5,2012-08-11,295.25
47.4,8.5,2012-08-12,296.85
47.4,8.5,2012-08-13,296.35
47.4,8.5,2012-08-14,297.65
47.4,8.5,2012-08-15,301.85
47.4,8.5,2012-08-16,295.15
47.4,8.5,2012-08-17,298.45
47.4,8.5,2012-08-18,302.05
47.4,8.5,2012-08-19,304.45
47.4,8.5,2012-08-20,304.15
47.4,8.5,2012-08-21,303.25
47.4,8.5,2012-08-22,299.15
47.4,8.5,2012-08-23,299.05
47.4,8.5,2012-08-24,297.65
47.4,8.5,2012-08-25,297.15
47.4,8.5,2012-08-26,290.65
47.4,8.5,2012-08-27,294.15
47.4,8.5,2012-08-28,297.85
47.4,8.5,2012-08-29,298.95
47.4,8.5,2012-08-30,292.75
47.4,8.5,2012-08-31,287.45
47.4,8.5,2012-09-01,288.15
47.4,8.5,2012-09-02,291.35
47.4,8.5,2012-09-03,292.25
47.4,8.5,2012-09-04,294.55
47.4,8.5,2012-09-05,295.05
47.4,8.5,2012-09-06,292.05
47.4,8.5,2012-09-07,294.85
47.4,8.5,2012-09-08,296.35
47.4,8.5,2012-09-09,297.75
47.4,8.5,2012-09-10,297.85
47.4,8.5,2012-09-11,297.45
47.4,8.5,2012-09-12,288.65
47.4,8.5,2012-09-13,286.75
47.4,8.5,2012-09-14,289.15
47.4,8.5,2012-09-15,290.25
47.4,8.5,2012-09-16,292.75
47.4,8.5,2012-09-17,294.65
47.4,8.5,2012-09-18,295.65
47.4,8.5,2012-09-19,287.55
47.4,8.5,2012-09-20,288.25
47.4,8.5,2012-09-21,294.25
47.4,8.5,2012-09-22,289.25
47.4,8.5,2012-09-23,295.25
47.4,8.5,2012-09-24,291.05
47.4,8.5,2012-09-25,294.45
47.4,8.5,2012-09-26,293.65
47.4,8.5,2012-09-27,290.35
47.4,8.5,2012-09-28,290.15
47.4,8.5,2012-09-29,286.35
47.4,8.5,2012-09-30,287.45
47.4,8.5,2012-10-01,288.75
47.4,8.5,2012-10-02,289.75
47.4,8.5,2012-10-03,290.85
47.4,8.5,2012-10-04,290.75
47.4,8.5,2012-10-05,293.55
47.4,8.5,2012-10-06,295.45
47.4,8.5,2012-10-07,287.65
47.4,8.5,2012-10-08,287.95
47.4,8.5,2012-10-09,288.05
47.4,8.5,2012-10-10,287.15
47.4,8.5,2012-10-11,290.25
47.4,8.5,2012-10-12,287.85
47.4,8.5,2012-10-13,285.65
47.4,8.5,2012-10-14,287.85
47.4,8.5,2012-10-15,282.65
47.4,8.5,2012-10-16,285.95
47.4,8.5,2012-10-17,290.75
47.4,8.5,2012-10-18,293.25
47.4,8.5,2012-10-19,294.45
47.4,8.5,2012-10-20,293.05
47.4,8.5,2012-10-21,294.15
47.4,8.5,2012-10-22,292.45
47.4,8.5,2012-10-23,286.95
47.4,8.5,2012-10-24,286.55
47.4,8.5,2012-10-25,289.05
47.4,8.5,2012-10-26,284.85
47.4,8.5,2012-10-27,281.45
47.4,8.5,2012-10-28,273.85
47.4,8.5,2012-10-29,275.95
47.4,8.5,2012-10-30,280.45
47.4,8.5,2012-10-31,279.05
47.4,8.5,2012-11-01,285.05
47.4,8.5,2012-11-02,285.25
47.4,8.5,2012-11-03,289.15
47.4,8.5,2012-11-04,288.35
47.4,8.5,2012-11-05,282.95
47.4,8.5,2012-11-06,279.35
47.4,8.5,2012-11-07,281.15
47.4,8.5,2012-11-08,284.75
47.4,8.5,2012-11-09,285.55
47.4,8.5,2012-11-10,285.45
47.4,8.5,2012-11-11,281.65
47.4,8.5,2012-11-12,281.55
47.4,8.5,2012-11-13,281.55
47.4,8.5,2012-11-14,283.95
47.4,8.5,2012-11-15,283.45
47.4,8.5,2012-11-16,283.45
47.4,8.5,2012-11-17,283.95
47.4,8.5,2012-11-18,284.15
47.4,8.5,2012-11-19,281.15
47.4,8.5,2012-11-20,282.05
47.4,8.5,2012-11-21,284.15
47.4,8.5,2012-11-22,282.35
47.4,8.5,2012-11-23,283.55
47.4,8.5,2012-11-24,284.15
47.4,8.5,2012-11-25,284.65
47.4,8.5,2012-11-26,283.65
47.4,8.5,2012-11-27,279.15
47.4,8.5,2012-11-28,278.15
47.4,8.5,2012-11-29,275.35
47.4,8.5,2012-11-30,273.85
47.4,8.5,2012-12-01,272.15
47.4,8.5,2012-12-02,273.65
47.4,8.5,2012-12-03,276.95
47.4,8.5,2012-12-04,277.25
47.4,8.5,2012-12-05,274.85
47.4,8.5,2012-12-06,272.75
47.4,8.5,2012-12-07,272.25
47.4,8.5,2012-12-08,271.85
47.4,8.5,2012-12-09,274.35
47.4,8.5,2012-12-10,274.55
47.4,8.5,2012-12-11,272.05
47.4,8.5,2012-12-12,270.55
47.4,8.5,2012-12-13,274.65
47.4,8.5,2012-12-14,277.75
47.4,8.5,2012-12-15,278.75
47.4,8.5,2012-12-16,279.05
47.4,8.5,2012-12-17,278.55
47.4,8.5,2012-12-18,277.05
47.4,8.5,2012-12-19,276.45
47.4,8.5,2012-12-20,275.95
47.4,8.5,2012-12-21,278.45
47.4,8.5,2012-12-22,278.25
47.4,8.5,2012-12-23,283.35
47.4,8.5,2012-12-24,286.25
47.4,8.5,2012-12-25,283.85
47.4,8.5,2012-12-26,280.75
47.4,8.5,2012-12-27,280.05
47.4,8.5,2012-12-28,279.05
47.4,8.5,2012-12-29,281.95
47.4,8.5,2012-12-30,280.95
47.4,8.5,2012-12-31,280.65
47.4,8.5,2013-01-01,280.15
47.4,8.5,2013-01-02,276.85
47.4,8.5,2013-01-03,278.55
47.4,8.5,2013-01-04,279.45
47.4,8.5,2013-01-05,279.65
47.4,8.5,2013-01-06,280.25
47.4,8.5,2013-01-07,280.35
47.4,8.5,2013-01-08,281.85
47.4,8.5,2013-01-09,279.95
47.4,8.5,2013-01-10,276.15
47.4,8.5,2013-01-11,276.75
47.4,8.5,2013-01-12,276.25
47.4,8.5,2013-01-13,275.75
47.4,8.5,2013-01-14,274.65
47.4,8.5,2013-01-15,274.05
47.4,8.5,2013-01-16,270.85
47.4,8.5,2013-01-17,270.45
47.4,8.5,2013-01-18,270.55
47.4,8.5,2013-01-19,274.25
47.4,8.5,2013-01-20,276.95
47.4,8.5,2013-01-21,275.75
47.4,8.5,2013-01-22,276.55
47.4,8.5,2013-01-23,275.85
47.4,8.5,2013-01-24,272.65
47.4,8.5,2013-01-25,271.35
47.4,8.5,2013-01-26,274.75
47.4,8.5,2013-01-27,278.65
47.4,8.5,2013-01-28,278.25
47.4,8.5,2013-01-29,279.65
47.4,8.5,2013-01-30,287.25
47.4,8.5,2013-01-31,282.75
47.4,8.5,2013-02-01,280.55
47.4,8.5,2013-02-02,279.25
47.4,8.5,2013-02-03,275.55
47.4,8.5,2013-02-04,278.55
47.4,8.5,2013-02-05,279.75
47.4,8.5,2013-02-06,274.85
47.4,8.5,2013-02-07,273.35
47.4,8.5,2013-02-08,272.45
47.4,8.5,2013-02-09,271.15
47.4,8.5,2013-02-10,271.85
47.4,8.5,2013-02-11,274.25
47.4,8.5,2013-02-12,271.75
47.4,8.5,2013-02-13,271.85
47.4,8.5,2013-02-14,273.95
47.4,8.5,2013-02-15,275.85
47.4,8.5,2013-02-16,276.45
47.4,8.5,2013-02-17,276.65
47.4,8.5,2013-02-18,275.85
47.4,8.5,2013-02-19,277.55
47.4,8.5,2013-02-20,274.95
47.4,8.5,2013-02-21,271.75
47.4,8.5,2013-02-22,270.45
47.4,8.5,2013-02-23,270.95
47.4,8.5,2013-02-24,271.45
47.4,8.5,2013-02-25,274.75
47.4,8.5,2013-02-26,275.65
47.4,8.5,2013-02-27,277.15
47.4,8.5,2013-02-28,279.15
47.4,8.5,2013-03-01,279.95
47.4,8.5,2013-03-02,278.35
47.4,8.5,2013-03-03,281.75
47.4,8.5,2013-03-04,283.75
47.4,8.5,2013-03-05,284.75
47.4,8.5,2013-03-06,285.65
47.4,8.5,2013-03-07,286.75
47.4,8.5,2013-03-08,286.25
47.4,8.5,2013-03-09,285.45
47.4,8.5,2013-03-10,284.85
47.4,8.5,2013-03-11,282.45
47.4,8.5,2013-03-12,283.45
47.4,8.5,2013-03-13,275.85
47.4,8.5,2013-03-14,273.85
47.4,8.5,2013-03-15,273.95
47.4,8.5,2013-03-16,280.65
47.4,8.5,2013-03-17,282.55
47.4,8.5,2013-03-18,276.65
47.4,8.5,2013-03-19,281.55
47.4,8.5,2013-03-20,281.65
47.4,8.5,2013-03-21,280.65
47.4,8.5,2013-03-22,284.15
47.4,8.5,2013-03-23,281.85
47.4,8.5,2013-03-24,281.35
47.4,8.5,2013-03-25,276.15
47.4,8.5,2013-03-26,273.45
47.4,8.5,2013-03-27,279.75
47.4,8.5,2013-03-28,279.75
47.4,8.5,2013-03-29,278.75
47.4,8.5,2013-03-30,277.35
47.4,8.5,2013-03-31,277.95
47.4,8.5,2013-04-01,280.55
47.4,8.5,2013-04-02,282.45
47.4,8.5,2013-04-03,281.55
47.4,8.5,2013-04-04,284.95
47.4,8.5,2013-04-05,281.95
47.4,8.5,2013-04-06,281.25
47.4,8.5,2013-04-07,279.85
47.4,8.5,2013-04-08,281.45
47.4,8.5,2013-04-09,281.75
47.4,8.5,2013-04-10,285.05
47.4,8.5,2013-04-11,289.15
47.4,8.5,2013-04-12,286.85
47.4,8.5,2013-04-13,286.45
47.4,8.5,2013-04-14,293.05
47.4,8.5,2013-04-15,295.05
47.4,8.5,2013-04-16,292.65
47.4,8.5,2013-04-17,294.45
47.4,8.5,2013-04-18,294.45
47.4,8.5,2013-04-19,284.65
47.4,8.5,2013-04-20,281.65
47.4,8.5,2013-04-21,285.05
47.4,8.5,2013-04-22,285.65
47.4,8.5,2013-04-23,288.15
47.4,8.5,2013-04-24,292.05
47.4,8.5,2013-04-25,294.25
47.4,8.5,2013-04-26,293.15
47.4,8.5,2013-04-27,284.65
47.4,8.5,2013-04-28,284.15
47.4,8.5,2013-04-29,285.85
47.4,8.5,2013-04-30,288.55
47.4,8.5,2013-05-01,293.15
47.4,8.5,2013-05-02,291.45
47.4,8.5,2013-05-03,288.65
47.4,8.5,2013-05-04,288.15
47.4,8.5,2013-05-05,290.55
47.4,8.5,2013-05-06,290.95
47.4,8.5,2013-05-07,291.25
47.4,8.5,2013-05-08,293.35
47.4,8.5,2013-05-09,291.15
47.4,8.5,2013-05-10,285.75
47.4,8.5,2013-05-11,287.55
47.4,8.5,2013-05-12,284.25
47.4,8.5,2013-05-13,286.85
47.4,8.5,2013-05-14,291.55
47.4,8.5,2013-05-15,291.65
47.4,8.5,2013-05-16,288.65
47.4,8.5,2013-05-17,285.05
47.4,8.5,2013-05-18,293.15
47.4,8.5,2013-05-19,286.45
47.4,8.5,2013-05-20,288.45
47.4,8.5,2013-05-21,285.75
47.4,8.5,2013-05-22,282.25
47.4,8.5,2013-05-23,286.05
47.4,8.5,2013-05-24,282.55
47.4,8.5,2013-05-25,283.45
47.4,8.5,2013-05-26,283.35
47.4,8.5,2013-05-27,288.05
47.4,8.5,2013-05-28,291.95
47.4,8.5,2013-05-29,284.85
47.4,8.5,2013-05-30,286.25
47.4,8.5,2013-05-31,282.55
47.4,8.5,2013-06-01,284.55
47.4,8.5,2013-06-02,288.05
47.4,8.5,2013-06-03,286.25
47.4,8.5,2013-06-04,290.55
47.4,8.5,2013-06-05,293.85
47.4,8.5,2013-06-06,294.55
47.4,8.5,2013-06-07,295.05
47.4,8.5,2013-06-08,296.35
47.4,8.5,2013-06-09,292.15
47.4,8.5,2013-06-10,290.65
47.4,8.5,2013-06-11,291.65
47.4,8.5,2013-06-12,294.05
47.4,8.5,2013-06-13,298.65
47.4,8.5,2013-06-14,290.55
47.4,8.5,2013-06-15,296.55
47.4,8.5,2013-06-16,297.55
47.4,8.5,2013-06-17,304.15
47.4,8.5,2013-06-18,303.95
47.4,8.5,2013-06-19,304.75
47.4,8.5,2013-06-20,301.35
47.4,8.5,2013-06-21,293.55
47.4,8.5,2013-06-22,293.75
47.4,8.5,2013-06-23,288.95
47.4,8.5,2013-06-24,287.75
47.4,8.5,2013-06-25,288.45
47.4,8.5,2013-06-26,288.55
47.4,8.5,2013-06-27,288.25
47.4,8.5,2013-06-28,289.05
47.4,8.5,2013-06-29,286.85
47.4,8.5,2013-06-30,291.15
47.4,8.5,2013-07-01,295.55
47.4,8.5,2013-07-02,297.25
47.4,8.5,2013-07-03,292.15
47.4,8.5,2013-07-04,292.75
47.4,8.5,2013-07-05,293.45
47.4,8.5,2013-07-06,297.05
47.4,8.5,2013-07-07,296.95
47.4,8.5,2013-07-08,297.05
47.4,8.5,2013-07-09,297.25
47.4,8.5,2013-07-10,298.45
47.4,8.5,2013-07-11,295.55
47.4,8.5,2013-07-12,295.65
47.4,8.5,2013-07-13,296.85
47.4,8.5,2013-07-14,297.95
47.4,8.5,2013-07-15,298.35
47.4,8.5,2013-07-16,299.15
47.4,8.5,2013-07-17,298.95
47.4,8.5,2013-07-18,299.55
47.4,8.5,2013-07-19,299.25
47.4,8.5,2013-07-20,300.45
47.4,8.5,2013-07-21,301.65
47.4,8.5,2013-07-22,302.75
47.4,8.5,2013-07-23,302.35
47.4,8.5,2013-07-24,298.55
47.4,8.5,2013-07-25,300.75
47.4,8.5,2013-07-26,303.55
47.4,8.5,2013-07-27,306.65
47.4,8.5,2013-07-28,305.75
47.4,8.5,2013-07-29,291.85
47.4,8.5,2013-07-30,294.85
47.4,8.5,2013-07-31,298.55
47.4,8.5,2013-08-01,302.65
47.4,8.5,2013-08-02,305.25
47.4,8.5,2013-08-03,302.65
47.4,8.5,2013-08-04,299.35
47.4,8.5,2013-08-05,303.15
47.4,8.5,2013-08-06,302.25
47.4,8.5,2013-08-07,298.65
47.4,8.5,2013-08-08,291.65
47.4,8.5,2013-08-09,291.95
47.4,8.5,2013-08-10,295.05
47.4,8.5,2013-08-11,294.95
47.4,8.5,2013-08-12,297.55
47.4,8.5,2013-08-13,293.55
47.4,8.5,2013-08-14,292.85
47.4,8.5,2013-08-15,295.15
47.4,8.5,2013-08-16,298.85
47.4,8.5,2013-08-17,298.25
47.4,8.5,2013-08-18,299.05
47.4,8.5,2013-08-19,293.35
47.4,8.5,2013-08-20,293.15
47.4,8.5,2013-08-21,294.65
47.4,8.5,2013-08-22,296.65
47.4,8.5,2013-08-23,297.55
47.4,8.5,2013-08-24,295.45
47.4,8.5,2013-08-25,290.95
47.4,8.5,2013-08-26,292.35
47.4,8.5,2013-08-27,290.35
47.4,8.5,2013-08-28,292.05
47.4,8.5,2013-08-29,294.25
47.4,8.5,2013-08-30,295.45
47.4,8.5,2013-08-31,294.75
47.4,8.5,2013-09-01,291.35
47.4,8.5,2013-09-02,293.35
47.4,8.5,2013-09-03,296.95
47.4,8.5,2013-09-04,298.65
47.4,8.5,2013-09-05,299.95
47.4,8.5,2013-09-06,298.75
47.4,8.5,2013-09-07,297.15
47.4,8.5,2013-09-08,290.85
47.4,8.5,2013-09-09,290.55
47.4,8.5,2013-09-10,288.35
47.4,8.5,2013-09-11,286.75
47.4,8.5,2013-09-12,286.65
47.4,8.5,2013-09-13,289.45
47.4,8.5,2013-09-14,292.85
47.4,8.5,2013-09-15,290.65
47.4,8.5,2013-09-16,286.55
47.4,8.5,2013-09-17,285.05
47.4,8.5,2013-09-18,289.85
47.4,8.5,2013-09-19,288.05
47.4,8.5,2013-09-20,289.55
47.4,8.5,2013-09-21,289.85
47.4,8.5,2013-09-22,292.55
47.4,8.5,2013-09-23,292.45
47.4,8.5,2013-09-24,294.15
47.4,8.5,2013-09-25,294.05
47.4,8.5,2013-09-26,292.05
47.4,8.5,2013-09-27,295.15
47.4,8.5,2013-09-28,295.35
47.4,8.5,2013-09-29,292.25
47.4,8.5,2013-09-30,287.45
47.4,8.5,2013-10-01,289.55
47.4,8.5,2013-10-02,290.35
47.4,8.5,2013-10-03,292.15
47.4,8.5,2013-10-04,292.45
47.4,8.5,2013-10-05,289.85
47.4,8.5,2013-10-06,287.35
47.4,8.5,2013-10-07,288.45
47.4,8.5,2013-10-08,288.05
47.4,8.5,2013-10-09,288.15
47.4,8.5,2013-10-10,284.35
47.4,8.5,2013-10-11,282.45
47.4,8.5,2013-10-12,282.55
47.4,8.5,2013-10-13,286.95
47.4,8.5,2013-10-14,289.15
47.4,8.5,2013-10-15,289.05
47.4,8.5,2013-10-16,287.25
47.4,8.5,2013-10-17,288.15
47.4,8.5,2013-10-18,289.05
47.4,8.5,2013-10-19,293.55
47.4,8.5,2013-10-20,288.85
47.4,8.5,2013-10-21,291.65
47.4,8.5,2013-10-22,294.95
47.4,8.5,2013-10-23,289.85
47.4,8.5,2013-10-24,290.35
47.4,8.5,2013-10-25,292.05
47.4,8.5,2013-10-26,294.15
47.4,8.5,2013-10-27,291.75
47.4,8.5,2013-10-28,294.55
47.4,8.5,2013-10-29,285.85
47.4,8.5,2013-10-30,284.35
47.4,8.5,2013-10-31,285.35
47.4,8.5,2013-11-01,286.35
47.4,8.5,2013-11-02,289.15
47.4,8.5,2013-11-03,283.85
47.4,8.5,2013-11-04,283.35
47.4,8.5,2013-11-05,281.95
47.4,8.5,2013-11-06,285.65
47.4,8.5,2013-11-07,289.35
47.4,8.5,2013-11-08,289.25
47.4,8.5,2013-11-09,282.65
47.4,8.5,2013-11-10,280.45
47.4,8.5,2013-11-11,279.35
47.4,8.5,2013-11-12,279.75
47.4,8.5,2013-11-13,279.25
47.4,8.5,2013-11-14,278.25
47.4,8.5,2013-11-15,278.25
47.4,8.5,2013-11-16,280.75
47.4,8.5,2013-11-17,280.15
47.4,8.5,2013-11-18,284.05
47.4,8.5,2013-11-19,279.65
47.4,8.5,2013-11-20,277.35
47.4,8.5,2013-11-21,276.25
47.4,8.5,2013-11-22,276.15
47.4,8.5,2013-11-23,276.65
47.4,8.5,2013-11-24,277.75
47.4,8.5,2013-11-25,275.05
47.4,8.5,2013-11-26,273.45
47.4,8.5,2013-11-27,273.65
47.4,8.5,2013-11-28,274.95
47.4,8.5,2013-11-29,276.45
47.4,8.5,2013-11-30,276.25
47.4,8.5,2013-12-01,275.75
47.4,8.5,2013-12-02,276.95
47.4,8.5,2013-12-03,279.85
47.4,8.5,2013-12-04,281.25
47.4,8.5,2013-12-05,277.85
47.4,8.5,2013-12-06,276.85
47.4,8.5,2013-12-07,277.75
47.4,8.5,2013-12-08,278.45
47.4,8.5,2013-12-09,279.85
47.4,8.5,2013-12-10,279.45
47.4,8.5,2013-12-11,280.75
47.4,8.5,2013-12-12,278.75
47.4,8.5,2013-12-13,277.65
47.4,8.5,2013-12-14,275.85
47.4,8.5,2013-12-15,280.75
47.4,8.5,2013-12-16,282.45
47.4,8.5,2013-12-17,281.35
47.4,8.5,2013-12-18,280.65
47.4,8.5,2013-12-19,278.55
47.4,8.5,2013-12-20,277.05
47.4,8.5,2013-12-21,279.35
47.4,8.5,2013-12-22,281.05
47.4,8.5,2013-12-23,282.55
47.4,8.5,2013-12-24,283.65
47.4,8.5,2013-12-25,278.75
47.4,8.5,2013-12-26,275.65
47.4,8.5,2013-12-27,279.25
47.4,8.5,2013-12-28,281.35
47.4,8.5,2013-12-29,278.55
47.4,8.5,2013-12-30,277.25
47.4,8.5,2013-12-31,279.05
47.4,8.5,2014-01-01,280.05
47.4,8.5,2014-01-02,278.25
47.4,8.5,2014-01-03,280.65
47.4,8.5,2014-01-04,279.05
47.4,8.5,2014-01-05,278.45
47.4,8.5,2014-01-06,283.45
47.4,8.5,2014-01-07,283.75
47.4,8.5,2014-01-08,284.15
47.4,8.5,2014-01-09,284.85
47.4,8.5,2014-01-10,278.55
47.4,8.5,2014-01-11,282.55
47.4,8.5,2014-01-12,280.55
47.4,8.5,2014-01-13,282.05
47.4,8.5,2014-01-14,277.05
47.4,8.5,2014-01-15,278.35
47.4,8.5,2014-01-16,280.45
47.4,8.5,2014-01-17,279.55
47.4,8.5,2014-01-18,280.25
47.4,8.5,2014-01-19,280.55
47.4,8.5,2014-01-20,279.85
47.4,8.5,2014-01-21,277.25
47.4,8.5,2014-01-22,279.05
47.4,8.5,2014-01-23,278.15
47.4,8.5,2014-01-24,275.65
47.4,8.5,2014-01-25,276.35
47.4,8.5,2014-01-26,277.35
47.4,8.5,2014-01-27,277.05
47.4,8.5,2014-01-28,277.65
47.4,8.5,2014-01-29,278.95
47.4,8.5,2014-01-30,277.15
47.4,8.5,2014-01-31,278.75
47.4,8.5,2014-02-01,280.45
47.4,8.5,2014-02-02,276.75
47.4,8.5,2014-02-03,278.85
47.4,8.5,2014-02-04,280.25
47.4,8.5,2014-02-05,281.75
47.4,8.5,2014-02-06,283.05
47.4,8.5,2014-02-07,278.65
47.4,8.5,2014-02-08,281.05
47.4,8.5,2014-02-09,279.05
47.4,8.5,2014-02-10,280.45
47.4,8.5,2014-02-11,279.85
47.4,8.5,2014-02-12,279.65
47.4,8.5,2014-02-13,279.95
47.4,8.5,2014-02-14,281.25
47.4,8.5,2014-02-15,285.55
47.4,8.5,2014-02-16,280.25
47.4,8.5,2014-02-17,280.75
47.4,8.5,2014-02-18,283.85
47.4,8.5,2014-02-19,281.25
47.4,8.5,2014-02-20,282.45
47.4,8.5,2014-02-21,279.55
47.4,8.5,2014-02-22,280.45
47.4,8.5,2014-02-23,282.55
47.4,8.5,2014-02-24,284.25
47.4,8.5,2014-02-25,283.85
47.4,8.5,2014-02-26,281.35
47.4,8.5,2014-02-27,282.05
47.4,8.5,2014-02-28,282.75
47.4,8.5,2014-03-01,279.25
47.4,8.5,2014-03-02,279.85
47.4,8.5,2014-03-03,279.85
47.4,8.5,2014-03-04,278.35
47.4,8.5,2014-03-05,281.85
47.4,8.5,2014-03-06,281.65
47.4,8.5,2014-03-07,285.05
47.4,8.5,2014-03-08,286.25
47.4,8.5,2014-03-09,287.15
47.4,8.5,2014-03-10,286.45
47.4,8.5,2014-03-11,285.75
47.4,8.5,2014-03-12,287.15
47.4,8.5,2014-03-13,288.45
47.4,8.5,2014-03-14,288.95
47.4,8.5,2014-03-15,286.25
47.4,8.5,2014-03-16,286.55
47.4,8.5,2014-03-17,289.95
47.4,8.5,2014-03-18,291.65
47.4,8.5,2014-03-19,285.75
47.4,8.5,2014-03-20,292.25
47.4,8.5,2014-03-21,291.05
47.4,8.5,2014-03-22,283.45
47.4,8.5,2014-03-23,278.15
47.4,8.5,2014-03-24,278.85
47.4,8.5,2014-03-25,280.45
47.4,8.5,2014-03-26,282.15
47.4,8.5,2014-03-27,283.85
47.4,8.5,2014-03-28,287.05
47.4,8.5,2014-03-29,290.25
47.4,8.5,2014-03-30,291.75
47.4,8.5,2014-03-31,290.85
47.4,8.5,2014-04-01,290.95
47.4,8.5,2014-04-02,292.25
47.4,8.5,2014-04-03,293.35
47.4,8.5,2014-04-04,291.55
47.4,8.5,2014-04-05,287.35
47.4,8.5,2014-04-06,289.25
47.4,8.5,2014-04-07,292.55
47.4,8.5,2014-04-08,284.85
47.4,8.5,2014-04-09,285.95
47.4,8.5,2014-04-10,288.75
47.4,8.5,2014-04-11,291.35
47.4,8.5,2014-04-12,290.45
47.4,8.5,2014-04-13,288.65
47.4,8.5,2014-04-14,287.65
47.4,8.5,2014-04-15,282.95
47.4,8.5,2014-04-16,283.75
47.4,8.5,2014-04-17,287.05
47.4,8.5,2014-04-18,283.65
47.4,8.5,2014-04-19,283.95
47.4,8.5,2014-04-20,287.75
47.4,8.5,2014-04-21,287.35
47.4,8.5,2014-04-22,289.85
47.4,8.5,2014-04-23,291.55
47.4,8.5,2014-04-24,292.05
47.4,8.5,2014-04-25,292.95
47.4,8.5,2014-04-26,290.65
47.4,8.5,2014-04-27,284.55
47.4,8.5,2014-04-28,282.75
47.4,8.5,2014-04-29,285.95
47.4,8.5,2014-04-30,283.55
47.4,8.5,2014-05-01,288.25
47.4,8.5,2014-05-02,286.05
47.4,8.5,2014-05-03,282.35
47.4,8.5,2014-05-04,285.35
47.4,8.5,2014-05-05,290.95
47.4,8.5,2014-05-06,292.85
47.4,8.5,2014-05-07,287.65
47.4,8.5,2014-05-08,291.15
47.4,8.5,2014-05-09,289.85
47.4,8.5,2014-05-10,293.15
47.4,8.5,2014-05-11,287.15
47.4,8.5,2014-05-12,285.15
47.4,8.5,2014-05-13,283.95
47.4,8.5,2014-05-14,284.45
47.4,8.5,2014-05-15,284.55
47.4,8.5,2014-05-16,286.85
47.4,8.5,2014-05-17,287.85
47.4,8.5,2014-05-18,291.25
47.4,8.5,2014-05-19,294.75
47.4,8.5,2014-05-20,295.75
47.4,8.5,2014-05-21,298.05
47.4,8.5,2014-05-22,298.85
47.4,8.5,2014-05-23,292.15
47.4,8.5,2014-05-24,290.65
47.4,8.5,2014-05-25,293.15
47.4,8.5,2014-05-26,290.35
47.4,8.5,2014-05-27,288.65
47.4,8.5,2014-05-28,289.85
47.4,8.5,2014-05-29,290.75
47.4,8.5,2014-05-30,287.75
47.4,8.5,2014-05-31,290.25
47.4,8.5,2014-06-01,290.95
47.4,8.5,2014-06-02,291.85
47.4,8.5,2014-06-03,291.75
47.4,8.5,2014-06-04,292.65
47.4,8.5,2014-06-05,291.65
47.4,8.5,2014-06-06,297.75
47.4,8.5,2014-06-07,301.55
47.4,8.5,2014-06-08,303.35
47.4,8.5,2014-06-09,304.35
47.4,8.5,2014-06-10,303.35
47.4,8.5,2014-06-11,300.95
47.4,8.5,2014-06-12,299.95
47.4,8.5,2014-06-13,297.85
47.4,8.5,2014-06-14,293.95
47.4,8.5,2014-06-15,293.25
47.4,8.5,2014-06-16,294.75
47.4,8.5,2014-06-17,293.65
47.4,8.5,2014-06-18,294.85
47.4,8.5,2014-06-19,295.35
47.4,8.5,2014-06-20,292.85
47.4,8.5,2014-06-21,296.85
47.4,8.5,2014-06-22,299.55
47.4,8.5,2014-06-23,298.65
47.4,8.5,2014-06-24,293.35
47.4,8.5,2014-06-25,293.25
47.4,8.5,2014-06-26,294.45
47.4,8.5,2014-06-27,296.35
47.4,8.5,2014-06-28,298.05
47.4,8.5,2014-06-29,289.75
47.4,8.5,2014-06-30,289.95
47.4,8.5,2014-07-01,294.55
47.4,8.5,2014-07-02,291.15
47.4,8.5,2014-07-03,297.45
47.4,8.5,2014-07-04,301.25
47.4,8.5,2014-07-05,295.65
47.4,8.5,2014-07-06,300.75
47.4,8.5,2014-07-07,295.85
47.4,8.5,2014-07-08,289.45
47.4,8.5,2014-07-09,288.25
47.4,8.5,2014-07-10,287.35
47.4,8.5,2014-07-11,292.75
47.4,8.5,2014-07-12,293.95
47.4,8.5,2014-07-13,293.85
47.4,8.5,2014-07-14,294.05
47.4,8.5,2014-07-15,295.65
47.4,8.5,2014-07-16,298.15
47.4,8.5,2014-07-17,299.35
47.4,8.5,2014-07-18,301.75
47.4,8.5,2014-07-19,304.55
47.4,8.5,2014-07-20,297.85
47.4,8.5,2014-07-21,292.55
47.4,8.5,2014-07-22,291.45
47.4,8.5,2014-07-23,296.45
47.4,8.5,2014-07-24,297.65
47.4,8.5,2014-07-25,297.75
47.4,8.5,2014-07-26,291.85
47.4,8.5,2014-07-27,295.35
47.4,8.5,2014-07-28,296.65
47.4,8.5,2014-07-29,292.45
47.4,8.5,2014-07-30,290.45
47.4,8.5,2014-07-31,295.45
47.4,8.5,2014-08-01,297.65
47.4,8.5,2014-08-02,295.55
47.4,8.5,2014-08-03,293.95
47.4,8.5,2014-08-04,295.75
47.4,8.5,2014-08-05,294.55
47.4,8.5,2014-08-06,295.15
47.4,8.5,2014-08-07,295.35
47.4,8.5,2014-08-08,297.95
47.4,8.5,2014-08-09,296.85
47.4,8.5,2014-08-10,301.45
47.4,8.5,2014-08-11,292.65
47.4,8.5,2014-08-12,293.95
47.4,8.5,2014-08-13,292.15
47.4,8.5,2014-08-14,290.95
47.4,8.5,2014-08-15,289.85
47.4,8.5,2014-08-16,289.95
47.4,8.5,2014-08-17,293.45
47.4,8.5,2014-08-18,293.25
47.4,8.5,2014-08-19,291.75
47.4,8.5,2014-08-20,290.15
47.4,8.5,2014-08-21,290.65
47.4,8.5,2014-08-22,292.35
47.4,8.5,2014-08-23,289.45
47.4,8.5,2014-08-24,289.55
47.4,8.5,2014-08-25,291.75
47.4,8.5,2014-08-26,291.35
47.4,8.5,2014-08-27,291.45
47.4,8.5,2014-08-28,294.95
47.4,8.5,2014-08-29,294.75
47.4,8.5,2014-08-30,293.95
47.4,8.5,2014-08-31,291.25
47.4,8.5,2014-09-01,289.25
47.4,8.5,2014-09-02,290.15
47.4,8.5,2014-09-03,290.05
47.4,8.5,2014-09-04,294.15
47.4,8.5,2014-09-05,295.35
47.4,8.5,2014-09-06,295.65
47.4,8.5,2014-09-07,296.05
47.4,8.5,2014-09-08,296.55
47.4,8.5,2014-09-09,293.85
47.4,8.5,2014-09-10,292.65
47.4,8.5,2014-09-11,289.75
47.4,8.5,2014-09-12,285.85
47.4,8.5,2014-09-13,290.25
47.4,8.5,2014-09-14,292.75
47.4,8.5,2014-09-15,294.45
47.4,8.5,2014-09-16,294.65
47.4,8.5,2014-09-17,295.95
47.4,8.5,2014-09-18,296.25
47.4,8.5,2014-09-19,296.05
47.4,8.5,2014-09-20,295.35
47.4,8.5,2014-09-21,292.45
47.4,8.5,2014-09-22,288.05
47.4,8.5,2014-09-23,288.35
47.4,8.5,2014-09-24,291.35
47.4,8.5,2014-09-25,287.45
47.4,8.5,2014-09-26,290.35
47.4,8.5,2014-09-27,292.75
47.4,8.5,2014-09-28,294.55
47.4,8.5,2014-09-29,294.25
47.4,8.5,2014-09-30,291.75
47.4,8.5,2014-10-01,291.55
47.4,8.5,2014-10-02,291.65
47.4,8.5,2014-10-03,290.45
47.4,8.5,2014-10-04,291.55
47.4,8.5,2014-10-05,291.05
47.4,8.5,2014-10-06,291.65
47.4,8.5,2014-10-07,291.15
47.4,8.5,2014-10-08,294.85
47.4,8.5,2014-10-09,296.45
47.4,8.5,2014-10-10,292.55
47.4,8.5,2014-10-11,290.75
47.4,8.5,2014-10-12,293.85
47.4,8.5,2014-10-13,288.45
47.4,8.5,2014-10-14,291.65
47.4,8.5,2014-10-15,291.35
47.4,8.5,2014-10-16,291.75
47.4,8.5,2014-10-17,289.95
47.4,8.5,2014-10-18,293.35
47.4,8.5,2014-10-19,294.75
47.4,8.5,2014-10-20,293.95
47.4,8.5,2014-10-21,291.05
47.4,8.5,2014-10-22,279.85
47.4,8.5,2014-10-23,282.55
47.4,8.5,2014-10-24,285.25
47.4,8.5,2014-10-25,286.95
47.4,8.5,2014-10-26,288.55
47.4,8.5,2014-10-27,285.55
47.4,8.5,2014-10-28,286.75
47.4,8.5,2014-10-29,286.65
47.4,8.5,2014-10-30,287.65
47.4,8.5,2014-10-31,289.05
47.4,8.5,2014-11-01,289.25
47.4,8.5,2014-11-02,289.55
47.4,8.5,2014-11-03,289.75
47.4,8.5,2014-11-04,288.05
47.4,8.5,2014-11-05,281.95
47.4,8.5,2014-11-06,279.55
47.4,8.5,2014-11-07,284.25
47.4,8.5,2014-11-08,284.75
47.4,8.5,2014-11-09,285.35
47.4,8.5,2014-11-10,282.05
47.4,8.5,2014-11-11,286.45
47.4,8.5,2014-11-12,283.15
47.4,8.5,2014-11-13,284.45
47.4,8.5,2014-11-14,286.85
47.4,8.5,2014-11-15,283.85
47.4,8.5,2014-11-16,284.05
47.4,8.5,2014-11-17,280.75
47.4,8.5,2014-11-18,281.75
47.4,8.5,2014-11-19,282.45
47.4,8.5,2014-11-20,282.35
47.4,8.5,2014-11-21,284.45
47.4,8.5,2014-11-22,285.95
47.4,8.5,2014-11-23,286.95
47.4,8.5,2014-11-24,288.45
47.4,8.5,2014-11-25,284.15
47.4,8.5,2014-11-26,284.35
47.4,8.5,2014-11-27,282.75
47.4,8.5,2014-11-28,285.85
47.4,8.5,2014-11-29,284.45
47.4,8.5,2014-11-30,282.95
47.4,8.5,2014-12-01,277.55
47.4,8.5,2014-12-02,277.65
47.4,8.5,2014-12-03,277.75
47.4,8.5,2014-12-04,279.35
47.4,8.5,2014-12-05,278.85
47.4,8.5,2014-12-06,276.95
47.4,8.5,2014-12-07,277.45
47.4,8.5,2014-12-08,276.25
47.4,8.5,2014-12-09,276.15
47.4,8.5,2014-12-10,277.45
47.4,8.5,2014-12-11,279.05
47.4,8.5,2014-12-12,282.25
47.4,8.5,2014-12-13,282.55
47.4,8.5,2014-12-14,282.65
47.4,8.5,2014-12-15,282.25
47.4,8.5,2014-12-16,280.05
47.4,8.5,2014-12-17,278.85
47.4,8.5,2014-12-18,282.65
47.4,8.5,2014-12-19,283.55
47.4,8.5,2014-12-20,281.65
47.4,8.5,2014-12-21,278.25
47.4,8.5,2014-12-22,281.05
47.4,8.5,2014-12-23,282.35
47.4,8.5,2014-12-24,279.45
47.4,8.5,2014-12-25,278.05
47.4,8.5,2014-12-26,275.95
47.4,8.5,2014-12-27,274.95
47.4,8.5,2014-12-28,273.05
47.4,8.5,2014-12-29,269.75
47.4,8.5,2014-12-30,272.05
47.4,8.5,2014-12-31,273.25
47.4,8.5,2015-01-01,274.65
47.4,8.5,2015-01-02,277.15
47.4,8.5,2015-01-03,281.65
47.4,8.5,2015-01-04,280.65
47.4,8.5,2015-01-05,277.75
47.4,8.5,2015-01-06,279.65
47.4,8.5,2015-01-07,276.45
47.4,8.5,2015-01-08,279.65
47.4,8.5,2015-01-09,282.85
47.4,8.5,2015-01-10,286.05
47.4,8.5,2015-01-11,281.75
47.4,8.5,2015-01-12,281.15
47.4,8.5,2015-01-13,282.05
47.4,8.5,2015-01-14,278.75
47.4,8.5,2015-01-15,282.85
47.4,8.5,2015-01-16,281.25
47.4,8.5,2015-01-17,275.45
47.4,8.5,2015-01-18,275.95
47.4,8.5,2015-01-19,276.95
47.4,8.5,2015-01-20,276.15
47.4,8.5,2015-01-21,276.45
47.4,8.5,2015-01-22,276.95
47.4,8.5,2015-01-23,274.75
47.4,8.5,2015-01-24,274.95
47.4,8.5,2015-01-25,274.35
47.4,8.5,2015-01-26,274.45
47.4,8.5,2015-01-27,275.25
47.4,8.5,2015-01-28,275.55
47.4,8.5,2015-01-29,276.35
47.4,8.5,2015-01-30,274.15
47.4,8.5,2015-01-31,275.25
47.4,8.5,2015-02-01,273.85
47.4,8.5,2015-02-02,273.25
47.4,8.5,2015-02-03,272.65
47.4,8.5,2015-02-04,272.25
47.4,8.5,2015-02-05,270.95
47.4,8.5,2015-02-06,271.85
47.4,8.5,2015-02-07,272.45
47.4,8.5,2015-02-08,273.05
47.4,8.5,2015-02-09,274.45
47.4,8.5,2015-02-10,276.85
47.4,8.5,2015-02-11,279.45
47.4,8.5,2015-02-12,281.05
47.4,8.5,2015-02-13,280.15
47.4,8.5,2015-02-14,279.25
47.4,8.5,2015-02-15,277.45
47.4,8.5,2015-02-16,279.55
47.4,8.5,2015-02-17,279.05
47.4,8.5,2015-02-18,276.55
47.4,8.5,2015-02-19,281.65
47.4,8.5,2015-02-20,283.65
47.4,8.5,2015-02-21,278.75
47.4,8.5,2015-02-22,277.25
47.4,8.5,2015-02-23,276.35
47.4,8.5,2015-02-24,277.35
47.4,8.5,2015-02-25,278.55
47.4,8.5,2015-02-26,279.65
47.4,8.5,2015-02-27,276.25
47.4,8.5,2015-02-28,278.55
47.4,8.5,2015-03-01,281.85
47.4,8.5,2015-03-02,281.45
47.4,8.5,2015-03-03,282.15
47.4,8.5,2015-03-04,278.35
47.4,8.5,2015-03-05,277.85
47.4,8.5,2015-03-06,280.35
47.4,8.5,2015-03-07,283.85
47.4,8.5,2015-03-08,286.35
47.4,8.5,2015-03-09,286.65
47.4,8.5,2015-03-10,286.45
47.4,8.5,2015-03-11,280.65
47.4,8.5,2015-03-12,281.35
47.4,8.5,2015-03-13,282.15
47.4,8.5,2015-03-14,281.55
47.4,8.5,2015-03-15,283.85
47.4,8.5,2015-03-16,287.25
47.4,8.5,2015-03-17,289.25
47.4,8.5,2015-03-18,288.95
47.4,8.5,2015-03-19,287.35
47.4,8.5,2015-03-20,287.25
47.4,8.5,2015-03-21,284.85
47.4,8.5,2015-03-22,281.65
47.4,8.5,2015-03-23,285.45
47.4,8.5,2015-03-24,287.95
47.4,8.5,2015-03-25,285.65
47.4,8.5,2015-03-26,280.95
47.4,8.5,2015-03-27,282.25
47.4,8.5,2015-03-28,285.35
47.4,8.5,2015-03-29,283.85
47.4,8.5,2015-03-30,282.05
47.4,8.5,2015-03-31,285.55
47.4,8.5,2015-04-01,279.45
47.4,8.5,2015-04-02,278.35
47.4,8.5,2015-04-03,283.45
47.4,8.5,2015-04-04,279.95
47.4,8.5,2015-04-05,280.05
47.4,8.5,2015-04-06,280.55
47.4,8.5,2015-04-07,281.65
47.4,8.5,2015-04-08,285.85
47.4,8.5,2015-04-09,290.65
47.4,8.5,2015-04-10,292.45
47.4,8.5,2015-04-11,288.85
47.4,8.5,2015-04-12,290.35
47.4,8.5,2015-04-13,290.65
47.4,8.5,2015-04-14,290.95
47.4,8.5,2015-04-15,294.35
47.4,8.5,2015-04-16,293.55
47.4,8.5,2015-04-17,286.15
47.4,8.5,2015-04-18,284.05
47.4,8.5,2015-04-19,288.05
47.4,8.5,2015-04-20,288.85
47.4,8.5,2015-04-21,290.65
47.4,8.5,2015-04-22,293.05
47.4,8.5,2015-04-23,288.85
47.4,8.5,2015-04-24,291.55
47.4,8.5,2015-04-25,290.25
47.4,8.5,2015-04-26,291.85
47.4,8.5,2015-04-27,291.55
47.4,8.5,2015-04-28,283.55
47.4,8.5,2015-04-29,287.15
47.4,8.5,2015-04-30,288.45
47.4,8.5,2015-05-01,285.05
47.4,8.5,2015-05-02,288.55
47.4,8.5,2015-05-03,290.05
47.4,8.5,2015-05-04,292.65
47.4,8.5,2015-05-05,295.25
47.4,8.5,2015-05-06,289.65
47.4,8.5,2015-05-07,289.25
47.4,8.5,2015-05-08,294.85
47.4,8.5,2015-05-09,290.15
47.4,8.5,2015-05-10,292.15
47.4,8.5,2015-05-11,296.95
47.4,8.5,2015-05-12,299.25
47.4,8.5,2015-05-13,296.35
47.4,8.5,2015-05-14,293.15
47.4,8.5,2015-05-15,284.05
47.4,8.5,2015-05-16,290.45
47.4,8.5,2015-05-17,290.15
47.4,8.5,2015-05-18,293.75
47.4,8.5,2015-05-19,286.65
47.4,8.5,2015-05-20,283.45
47.4,8.5,2015-05-21,286.05
47.4,8.5,2015-05-22,287.65
47.4,8.5,2015-05-23,287.15
47.4,8.5,2015-05-24,289.85
47.4,8.5,2015-05-25,291.05
47.4,8.5,2015-05-26,287.95
47.4,8.5,2015-05-27,287.75
47.4,8.5,2015-05-28,292.05
47.4,8.5,2015-05-29,294.45
47.4,8.5,2015-05-30,290.65
47.4,8.5,2015-05-31,292.95
47.4,8.5,2015-06-01,293.65
47.4,8.5,2015-06-02,296.15
47.4,8.5,2015-06-03,297.75
47.4,8.5,2015-06-04,298.75
47.4,8.5,2015-06-05,300.75
47.4,8.5,2015-06-06,300.45
47.4,8.5,2015-06-07,298.35
47.4,8.5,2015-06-08,293.35
47.4,8.5,2015-06-09,288.65
47.4,8.5,2015-06-10,292.95
47.4,8.5,2015-06-11,296.85
47.4,8.5,2015-06-12,299.55
47.4,8.5,2015-06-13,295.65
47.4,8.5,2015-06-14,294.35
47.4,8.5,2015-06-15,291.55
47.4,8.5,2015-06-16,291.35
47.4,8.5,2015-06-17,291.55
47.4,8.5,2015-06-18,292.75
47.4,8.5,2015-06-19,290.35
47.4,8.5,2015-06-20,288.25
47.4,8.5,2015-06-21,291.95
47.4,8.5,2015-06-22,293.15
47.4,8.5,2015-06-23,289.65
47.4,8.5,2015-06-24,292.25
47.4,8.5,2015-06-25,295.15
47.4,8.5,2015-06-26,296.95
47.4,8.5,2015-06-27,295.95
47.4,8.5,2015-06-28,295.95
47.4,8.5,2015-06-29,298.15
47.4,8.5,2015-06-30,300.05
47.4,8.5,2015-07-01,302.35
47.4,8.5,2015-07-02,304.25
47.4,8.5,2015-07-03,303.75
47.4,8.5,2015-07-04,305.15
47.4,8.5,2015-07-05,306.35
47.4,8.5,2015-07-06,299.85
47.4,8.5,2015-07-07,306.05
47.4,8.5,2015-07-08,293.25
47.4,8.5,2015-07-09,293.55
47.4,8.5,2015-07-10,296.25
47.4,8.5,2015-07-11,301.85
47.4,8.5,2015-07-12,299.35
47.4,8.5,2015-07-13,296.25
47.4,8.5,2015-07-14,300.05
47.4,8.5,2015-07-15,300.75
47.4,8.5,2015-07-16,303.25
47.4,8.5,2015-07-17,305.55
47.4,8.5,2015-07-18,299.75
47.4,8.5,2015-07-19,302.05
47.4,8.5,2015-07-20,301.05
47.4,8.5,2015-07-21,304.15
47.4,8.5,2015-07-22,303.75
47.4,8.5,2015-07-23,296.25
47.4,8.5,2015-07-24,300.85
47.4,8.5,2015-07-25,294.15
47.4,8.5,2015-07-26,294.35
47.4,8.5,2015-07-27,294.25
47.4,8.5,2015-07-28,294.35
47.4,8.5,2015-07-29,290.65
47.4,8.5,2015-07-30,293.35
47.4,8.5,2015-07-31,294.55
47.4,8.5,2015-08-01,294.15
47.4,8.5,2015-08-02,297.35
47.4,8.5,2015-08-03,301.55
47.4,8.5,2015-08-04,299.55
47.4,8.5,2015-08-05,301.05
47.4,8.5,2015-08-06,304.65
47.4,8.5,2015-08-07,306.75
47.4,8.5,2015-08-08,305.25
47.4,8.5,2015-08-09,302.15
47.4,8.5,2015-08-10,297.95
47.4,8.5,2015-08-11,299.15
47.4,8.5,2015-08-12,302.75
47.4,8.5,2015-08-13,303.85
47.4,8.5,2015-08-14,295.25
47.4,8.5,2015-08-15,293.05
47.4,8.5,2015-08-16,290.55
47.4,8.5,2015-08-17,293.35
47.4,8.5,2015-08-18,293.15
47.4,8.5,2015-08-19,289.65
47.4,8.5,2015-08-20,293.25
47.4,8.5,2015-08-21,295.05
47.4,8.5,2015-08-22,296.45
47.4,8.5,2015-08-23,298.45
47.4,8.5,2015-08-24,294.95
47.4,8.5,2015-08-25,292.75
47.4,8.5,2015-08-26,297.85
47.4,8.5,2015-08-27,301.35
47.4,8.5,2015-08-28,301.15
47.4,8.5,2015-08-29,302.15
47.4,8.5,2015-08-30,302.85
47.4,8.5,2015-08-31,301.55
47.4,8.5,2015-09-01,297.95
47.4,8.5,2015-09-02,291.55
47.4,8.5,2015-09-03,290.25
47.4,8.5,2015-09-04,291.35
47.4,8.5,2015-09-05,288.35
47.4,8.5,2015-09-06,287.95
47.4,8.5,2015-09-07,289.45
47.4,8.5,2015-09-08,291.65
47.4,8.5,2015-09-09,291.85
47.4,8.5,2015-09-10,290.65
47.4,8.5,2015-09-11,292.85
47.4,8.5,2015-09-12,297.85
47.4,8.5,2015-09-13,293.95
47.4,8.5,2015-09-14,292.55
47.4,8.5,2015-09-15,289.35
47.4,8.5,2015-09-16,296.85
47.4,8.5,2015-09-17,289.35
47.4,8.5,2015-09-18,288.65
47.4,8.5,2015-09-19,288.85
47.4,8.5,2015-09-20,289.35
47.4,8.5,2015-09-21,290.95
47.4,8.5,2015-09-22,290.15
47.4,8.5,2015-09-23,284.35
47.4,8.5,2015-09-24,288.05
47.4,8.5,2015-09-25,289.35
47.4,8.5,2015-09-26,289.35
47.4,8.5,2015-09-27,288.35
47.4,8.5,2015-09-28,287.85
47.4,8.5,2015-09-29,288.05
47.4,8.5,2015-09-30,287.85
47.4,8.5,2015-10-01,289.05
47.4,8.5,2015-10-02,291.05
47.4,8.5,2015-10-03,291.45
47.4,8.5,2015-10-04,289.35
47.4,8.5,2015-10-05,292.35
47.4,8.5,2015-10-06,293.25
47.4,8.5,2015-10-07,287.15
47.4,8.5,2015-10-08,286.95
47.4,8.5,2015-10-09,288.25
47.4,8.5,2015-10-10,286.35
47.4,8.5,2015-10-11,285.75
47.4,8.5,2015-10-12,287.05
47.4,8.5,2015-10-13,284.25
47.4,8.5,2015-10-14,282.75
47.4,8.5,2015-10-15,280.55
47.4,8.5,2015-10-16,280.35
47.4,8.5,2015-10-17,281.75
47.4,8.5,2015-10-18,281.25
47.4,8.5,2015-10-19,282.45
47.4,8.5,2015-10-20,283.55
47.4,8.5,2015-10-21,283.65
47.4,8.5,2015-10-22,283.05
47.4,8.5,2015-10-23,286.65
47.4,8.5,2015-10-24,290.15
47.4,8.5,2015-10-25,288.55
47.4,8.5,2015-10-26,288.45
47.4,8.5,2015-10-27,288.35
47.4,8.5,2015-10-28,289.45
47.4,8.5,2015-10-29,285.45
47.4,8.5,2015-10-30,287.15
47.4,8.5,2015-10-31,288.75
47.4,8.5,2015-11-01,288.35
47.4,8.5,2015-11-02,287.55
47.4,8.5,2015-11-03,288.25
47.4,8.5,2015-11-04,287.95
47.4,8.5,2015-11-05,288.25
47.4,8.5,2015-11-06,290.25
47.4,8.5,2015-11-07,291.45
47.4,8.5,2015-11-08,291.25
47.4,8.5,2015-11-09,290.75
47.4,8.5,2015-11-10,288.75
47.4,8.5,2015-11-11,286.75
47.4,8.5,2015-11-12,286.95
47.4,8.5,2015-11-13,286.35
47.4,8.5,2015-11-14,282.85
47.4,8.5,2015-11-15,289.15
47.4,8.5,2015-11-16,288.85
47.4,8.5,2015-11-17,287.35
47.4,8.5,2015-11-18,287.55
47.4,8.5,2015-11-19,287.55
47.4,8.5,2015-11-20,287.05
47.4,8.5,2015-11-21,278.05
47.4,8.5,2015-11-22,275.95
47.4,8.5,2015-11-23,276.15
47.4,8.5,2015-11-24,275.95
47.4,8.5,2015-11-25,276.95
47.4,8.5,2015-11-26,276.15
47.4,8.5,2015-11-27,275.05
47.4,8.5,2015-11-28,275.95
47.4,8.5,2015-11-29,281.15
47.4,8.5,2015-11-30,282.85
47.4,8.5,2015-12-01,282.55
47.4,8.5,2015-12-02,282.35
47.4,8.5,2015-12-03,282.25
47.4,8.5,2015-12-04,281.55
47.4,8.5,2015-12-05,282.65
47.4,8.5,2015-12-06,283.45
47.4,8.5,2015-12-07,283.45
47.4,8.5,2015-12-08,283.05
47.4,8.5,2015-12-09,280.15
47.4,8.5,2015-12-10,278.85
47.4,8.5,2015-12-11,281.45
47.4,8.5,2015-12-12,281.45
47.4,8.5,2015-12-13,280.05
47.4,8.5,2015-12-14,278.85
47.4,8.5,2015-12-15,280.45
47.4,8.5,2015-12-16,280.85
47.4,8.5,2015-12-17,283.85
47.4,8.5,2015-12-18,284.95
47.4,8.5,2015-12-19,284.35
47.4,8.5,2015-12-20,285.05
47.4,8.5,2015-12-21,280.45
47.4,8.5,2015-12-22,284.25
47.4,8.5,2015-12-23,284.25
47.4,8.5,2015-12-24,283.85
47.4,8.5,2015-12-25,284.25
47.4,8.5,2015-12-26,282.95
47.4,8.5,2015-12-27,282.75
47.4,8.5,2015-12-28,281.95
47.4,8.5,2015-12-29,281.25
47.4,8.5,2015-12-30,279.65
47.4,8.5,2015-12-31,279.05
47.4,8.5,2016-01-01,280.65
47.4,8.5,2016-01-02,278.15
47.4,8.5,2016-01-03,279.05
47.4,8.5,2016-01-04,277.45
47.4,8.5,2016-01-05,279.65
47.4,8.5,2016-01-06,277.45
47.4,8.5,2016-01-07,278.85
47.4,8.5,2016-01-08,279.35
47.4,8.5,2016-01-09,280.15
47.4,8.5,2016-01-10,279.35
47.4,8.5,2016-01-11,281.05
47.4,8.5,2016-01-12,277.35
47.4,8.5,2016-01-13,275.45
47.4,8.5,2016-01-14,276.25
47.4,8.5,2016-01-15,274.25
47.4,8.5,2016-01-16,273.65
47.4,8.5,2016-01-17,272.15
47.4,8.5,2016-01-18,271.25
47.4,8.5,2016-01-19,274.45
47.4,8.5,2016-01-20,275.25
47.4,8.5,2016-01-21,274.65
47.4,8.5,2016-01-22,277.85
47.4,8.5,2016-01-23,278.25
47.4,8.5,2016-01-24,280.05
47.4,8.5,2016-01-25,284.05
47.4,8.5,2016-01-26,284.85
47.4,8.5,2016-01-27,285.25
47.4,8.5,2016-01-28,283.65
47.4,8.5,2016-01-29,282.05
47.4,8.5,2016-01-30,283.85
47.4,8.5,2016-01-31,283.25
47.4,8.5,2016-02-01,285.65
47.4,8.5,2016-02-02,285.05
47.4,8.5,2016-02-03,280.65
47.4,8.5,2016-02-04,277.75
47.4,8.5,2016-02-05,282.25
47.4,8.5,2016-02-06,284.95
47.4,8.5,2016-02-07,280.05
47.4,8.5,2016-02-08,285.15
47.4,8.5,2016-02-09,280.85
47.4,8.5,2016-02-10,276.85
47.4,8.5,2016-02-11,278.65
47.4,8.5,2016-02-12,279.15
47.4,8.5,2016-02-13,280.15
47.4,8.5,2016-02-14,279.45
47.4,8.5,2016-02-15,277.65
47.4,8.5,2016-02-16,276.05
47.4,8.5,2016-02-17,276.75
47.4,8.5,2016-02-18,280.25
47.4,8.5,2016-02-19,277.55
47.4,8.5,2016-02-20,280.45
47.4,8.5,2016-02-21,286.35
47.4,8.5,2016-02-22,288.65
47.4,8.5,2016-02-23,281.45
47.4,8.5,2016-02-24,279.35
47.4,8.5,2016-02-25,274.85
47.4,8.5,2016-02-26,276.75
47.4,8.5,2016-02-27,280.65
47.4,8.5,2016-02-28,279.95
47.4,8.5,2016-02-29,276.65
47.4,8.5,2016-03-01,277.15
47.4,8.5,2016-03-02,280.55
47.4,8.5,2016-03-03,276.45
47.4,8.5,2016-03-04,281.35
47.4,8.5,2016-03-05,276.05
47.4,8.5,2016-03-06,277.95
47.4,8.5,2016-03-07,277.35
47.4,8.5,2016-03-08,277.45
47.4,8.5,2016-03-09,279.85
47.4,8.5,2016-03-10,280.95
47.4,8.5,2016-03-11,279.15
47.4,8.5,2016-03-12,280.05
47.4,8.5,2016-03-13,279.65
47.4,8.5,2016-03-14,279.75
47.4,8.5,2016-03-15,281.35
47.4,8.5,2016-03-16,282.05
47.4,8.5,2016-03-17,284.25
47.4,8.5,2016-03-18,284.65
47.4,8.5,2016-03-19,285.75
47.4,8.5,2016-03-20,285.45
47.4,8.5,2016-03-21,282.15
47.4,8.5,2016-03-22,282.15
47.4,8.5,2016-03-23,281.25
47.4,8.5,2016-03-24,282.45
47.4,8.5,2016-03-25,280.35
47.4,8.5,2016-03-26,286.15
47.4,8.5,2016-03-27,282.55
47.4,8.5,2016-03-28,285.85
47.4,8.5,2016-03-29,286.15
47.4,8.5,2016-03-30,289.15
47.4,8.5,2016-03-31,293.35
47.4,8.5,2016-04-01,285.45
47.4,8.5,2016-04-02,292.75
47.4,8.5,2016-04-03,293.75
47.4,8.5,2016-04-04,289.15
47.4,8.5,2016-04-05,288.25
47.4,8.5,2016-04-06,288.15
47.4,8.5,2016-04-07,284.45
47.4,8.5,2016-04-08,282.05
47.4,8.5,2016-04-09,282.75
47.4,8.5,2016-04-10,287.35
47.4,8.5,2016-04-11,290.35
47.4,8.5,2016-04-12,289.35
47.4,8.5,2016-04-13,286.75
47.4,8.5,2016-04-14,286.05
47.4,8.5,2016-04-15,287.45
47.4,8.5,2016-04-16,288.75
47.4,8.5,2016-04-17,285.05
47.4,8.5,2016-04-18,279.95
47.4,8.5,2016-04-19,286.25
47.4,8.5,2016-04-20,289.05
47.4,8.5,2016-04-21,292.35
47.4,8.5,2016-04-22,290.15
47.4,8.5,2016-04-23,286.35
47.4,8.5,2016-04-24,280.65
47.4,8.5,2016-04-25,280.25
47.4,8.5,2016-04-26,281.85
47.4,8.5,2016-04-27,280.85
47.4,8.5,2016-04-28,282.15
47.4,8.5,2016-04-29,286.45
47.4,8.5,2016-04-30,288.75
47.4,8.5,2016-05-01,280.55
47.4,8.5,2016-05-02,287.75
47.4,8.5,2016-05-03,287.15
47.4,8.5,2016-05-04,286.25
47.4,8.5,2016-05-05,289.85
47.4,8.5,2016-05-06,292.95
47.4,8.5,2016-05-07,293.75
47.4,8.5,2016-05-08,294.35
47.4,8.5,2016-05-09,295.25
47.4,8.5,2016-05-10,292.85
47.4,8.5,2016-05-11,292.05
47.4,8.5,2016-05-12,285.65
47.4,8.5,2016-05-13,285.05
47.4,8.5,2016-05-14,287.95
47.4,8.5,2016-05-15,284.15
47.4,8.5,2016-05-16,285.15
47.4,8.5,2016-05-17,287.15
47.4,8.5,2016-05-18,290.95
47.4,8.5,2016-05-19,284.95
47.4,8.5,2016-05-20,290.85
47.4,8.5,2016-05-21,295.15
47.4,8.5,2016-05-22,297.95
47.4,8.5,2016-05-23,284.85
47.4,8.5,2016-05-24,286.75
47.4,8.5,2016-05-25,292.35
47.4,8.5,2016-05-26,294.75
47.4,8.5,2016-05-27,296.65
47.4,8.5,2016-05-28,294.95
47.4,8.5,2016-05-29,291.45
47.4,8.5,2016-05-30,289.85
47.4,8.5,2016-05-31,289.55
47.4,8.5,2016-06-01,291.55
47.4,8.5,2016-06-02,291.55
47.4,8.5,2016-06-03,290.95
47.4,8.5,2016-06-04,292.25
47.4,8.5,2016-06-05,293.15
47.4,8.5,2016-06-06,295.05
47.4,8.5,2016-06-07,296.65
47.4,8.5,2016-06-08,292.45
47.4,8.5,2016-06-09,291.05
47.4,8.5,2016-06-10,294.85
47.4,8.5,2016-06-11,292.25
47.4,8.5,2016-06-12,289.75
47.4,8.5,2016-06-13,289.75
47.4,8.5,2016-06-14,289.05
47.4,8.5,2016-06-15,290.45
47.4,8.5,2016-06-16,289.95
47.4,8.5,2016-06-17,290.75
47.4,8.5,2016-06-18,290.95
47.4,8.5,2016-06-19,289.45
47.4,8.5,2016-06-20,292.35
47.4,8.5,2016-06-21,292.65
47.4,8.5,2016-06-22,299.25
47.4,8.5,2016-06-23,302.75
47.4,8.5,2016-06-24,301.25
47.4,8.5,2016-06-25,295.55
47.4,8.5,2016-06-26,290.35
47.4,8.5,2016-06-27,293.05
47.4,8.5,2016-06-28,296.05
47.4,8.5,2016-06-29,296.05
47.4,8.5,2016-06-30,293.85
47.4,8.5,2016-07-01,297.05
47.4,8.5,2016-07-02,291.75
47.4,8.5,2016-07-03,292.95
47.4,8.5,2016-07-04,295.65
47.4,8.5,2016-07-05,296.45
47.4,8.5,2016-07-06,294.65
47.4,8.5,2016-07-07,296.65
47.4,8.5,2016-07-08,299.45
47.4,8.5,2016-07-09,298.55
47.4,8.5,2016-07-10,302.15
47.4,8.5,2016-07-11,300.75
47.4,8.5,2016-07-12,291.85
47.4,8.5,2016-07-13,289.45
47.4,8.5,2016-07-14,289.15
47.4,8.5,2016-07-15,289.65
47.4,8.5,2016-07-16,292.55
47.4,8.5,2016-07-17,297.35
47.4,8.5,2016-07-18,299.15
47.4,8.5,2016-07-19,300.65
47.4,8.5,2016-07-20,302.75
47.4,8.5,2016-07-21,300.35
47.4,8.5,2016-07-22,298.15
47.4,8.5,2016-07-23,296.25
47.4,8.5,2016-07-24,297.55
47.4,8.5,2016-07-25,298.05
47.4,8.5,2016-07-26,298.25
47.4,8.5,2016-07-27,296.55
47.4,8.5,2016-07-28,296.55
47.4,8.5,2016-07-29,297.85
47.4,8.5,2016-07-30,300.15
47.4,8.5,2016-07-31,295.35
47.4,8.5,2016-08-01,294.25
47.4,8.5,2016-08-02,295.25
47.4,8.5,2016-08-03,298.85
47.4,8.5,2016-08-04,300.05
47.4,8.5,2016-08-05,291.05
47.4,8.5,2016-08-06,293.75
47.4,8.5,2016-08-07,296.15
47.4,8.5,2016-08-08,298.55
47.4,8.5,2016-08-09,291.35
47.4,8.5,2016-08-10,290.35
47.4,8.5,2016-08-11,290.75
47.4,8.5,2016-08-12,293.55
47.4,8.5,2016-08-13,297.75
47.4,8.5,2016-08-14,299.55
47.4,8.5,2016-08-15,298.45
47.4,8.5,2016-08-16,299.25
47.4,8.5,2016-08-17,297.45
47.4,8.5,2016-08-18,296.05
47.4,8.5,2016-08-19,296.35
47.4,8.5,2016-08-20,294.95
47.4,8.5,2016-08-21,291.85
47.4,8.5,2016-08-22,293.75
47.4,8.5,2016-08-23,297.85
47.4,8.5,2016-08-24,299.85
47.4,8.5,2016-08-25,302.05
47.4,8.5,2016-08-26,302.95
47.4,8.5,2016-08-27,302.25
47.4,8.5,2016-08-28,301.65
47.4,8.5,2016-08-29,293.25
47.4,8.5,2016-08-30,295.45
47.4,8.5,2016-08-31,298.15
47.4,8.5,2016-09-01,296.55
47.4,8.5,2016-09-02,297.55
47.4,8.5,2016-09-03,298.15
47.4,8.5,2016-09-04,298.15
47.4,8.5,2016-09-05,290.85
47.4,8.5,2016-09-06,292.85
47.4,8.5,2016-09-07,295.85
47.4,8.5,2016-09-08,298.95
47.4,8.5,2016-09-09,297.65
47.4,8.5,2016-09-10,297.95
47.4,8.5,2016-09-11,297.65
47.4,8.5,2016-09-12,299.75
47.4,8.5,2016-09-13,299.35
47.4,8.5,2016-09-14,298.95
47.4,8.5,2016-09-15,292.05
47.4,8.5,2016-09-16,289.05
47.4,8.5,2016-09-17,290.35
47.4,8.5,2016-09-18,288.25
47.4,8.5,2016-09-19,289.75
47.4,8.5,2016-09-20,289.25
47.4,8.5,2016-09-21,288.75
47.4,8.5,2016-09-22,290.35
47.4,8.5,2016-09-23,290.85
47.4,8.5,2016-09-24,292.85
47.4,8.5,2016-09-25,293.85
47.4,8.5,2016-09-26,292.65
47.4,8.5,2016-09-27,290.55
47.4,8.5,2016-09-28,293.45
47.4,8.5,2016-09-29,295.45
47.4,8.5,2016-09-30,294.75
47.4,8.5,2016-10-01,293.45
47.4,8.5,2016-10-02,287.45
47.4,8.5,2016-10-03,287.45
47.4,8.5,2016-10-04,287.05
47.4,8.5,2016-10-05,283.35
47.4,8.5,2016-10-06,283.85
47.4,8.5,2016-10-07,285.75
47.4,8.5,2016-10-08,284.65
47.4,8.5,2016-10-09,283.15
47.4,8.5,2016-10-10,282.15
47.4,8.5,2016-10-11,282.55
47.4,8.5,2016-10-12,282.65
47.4,8.5,2016-10-13,285.95
47.4,8.5,2016-10-14,286.75
47.4,8.5,2016-10-15,287.95
47.4,8.5,2016-10-16,289.15
47.4,8.5,2016-10-17,288.85
47.4,8.5,2016-10-18,286.45
47.4,8.5,2016-10-19,282.75
47.4,8.5,2016-10-20,282.95
47.4,8.5,2016-10-21,282.25
47.4,8.5,2016-10-22,284.05
47.4,8.5,2016-10-23,284.55
47.4,8.5,2016-10-24,290.95
47.4,8.5,2016-10-25,288.95
47.4,8.5,2016-10-26,285.25
47.4,8.5,2016-10-27,285.75
47.4,8.5,2016-10-28,287.95
47.4,8.5,2016-10-29,287.05
47.4,8.5,2016-10-30,286.95
47.4,8.5,2016-10-31,285.55
47.4,8.5,2016-11-01,289.05
47.4,8.5,2016-11-02,284.05
47.4,8.5,2016-11-03,281.85
47.4,8.5,2016-11-04,284.35
47.4,8.5,2016-11-05,286.05
47.4,8.5,2016-11-06,280.65
47.4,8.5,2016-11-07,277.85
47.4,8.5,2016-11-08,277.95
47.4,8.5,2016-11-09,277.85
47.4,8.5,2016-11-10,279.25
47.4,8.5,2016-11-11,278.35
47.4,8.5,2016-11-12,278.25
47.4,8.5,2016-11-13,279.55
47.4,8.5,2016-11-14,277.25
47.4,8.5,2016-11-15,279.95
47.4,8.5,2016-11-16,283.65
47.4,8.5,2016-11-17,282.85
47.4,8.5,2016-11-18,284.45
47.4,8.5,2016-11-19,279.25
47.4,8.5,2016-11-20,285.15
47.4,8.5,2016-11-21,283.35
47.4,8.5,2016-11-22,286.05
47.4,8.5,2016-11-23,286.55
47.4,8.5,2016-11-24,286.45
47.4,8.5,2016-11-25,281.85
47.4,8.5,2016-11-26,281.95
47.4,8.5,2016-11-27,282.25
47.4,8.5,2016-11-28,276.75
47.4,8.5,2016-11-29,275.65
47.4,8.5,2016-11-30,279.15
47.4,8.5,2016-12-01,279.45
47.4,8.5,2016-12-02,278.15
47.4,8.5,2016-12-03,276.15
47.4,8.5,2016-12-04,277.75
47.4,8.5,2016-12-05,279.35
47.4,8.5,2016-12-06,279.75
47.4,8.5,2016-12-07,277.75
47.4,8.5,2016-12-08,281.65
47.4,8.5,2016-12-09,281.25
47.4,8.5,2016-12-10,281.75
47.4,8.5,2016-12-11,279.55
47.4,8.5,2016-12-12,278.15
47.4,8.5,2016-12-13,278.75
47.4,8.5,2016-12-14,279.45
47.4,8.5,2016-12-15,277.55
47.4,8.5,2016-12-16,277.45
47.4,8.5,2016-12-17,278.55
47.4,8.5,2016-12-18,277.15
47.4,8.5,2016-12-19,277.25
47.4,8.5,2016-12-20,279.55
47.4,8.5,2016-12-21,278.95
47.4,8.5,2016-12-22,280.85
47.4,8.5,2016-12-23,278.55
47.4,8.5,2016-12-24,280.25
47.4,8.5,2016-12-25,280.45
47.4,8.5,2016-12-26,280.75
47.4,8.5,2016-12-27,278.05
47.4,8.5,2016-12-28,278.25
47.4,8.5,2016-12-29,277.85
47.4,8.5,2016-12-30,277.35
47.4,8.5,2016-12-31,278.15
47.4,8.5,2017-01-01,278.75
47.4,8.5,2017-01-02,276.25
47.4,8.5,2017-01-03,273.75
47.4,8.5,2017-01-04,275.85
47.4,8.5,2017-01-05,272.45
47.4,8.5,2017-01-06,269.05
47.4,8.5,2017-01-07,272.25
47.4,8.5,2017-01-08,273.25
47.4,8.5,2017-01-09,273.95
47.4,8.5,2017-01-10,274.95
47.4,8.5,2017-01-11,277.15
47.4,8.5,2017-01-12,277.65
47.4,8.5,2017-01-13,276.85
47.4,8.5,2017-01-14,272.65
47.4,8.5,2017-01-15,272.15
47.4,8.5,2017-01-16,270.45
47.4,8.5,2017-01-17,269.15
47.4,8.5,2017-01-18,269.95
47.4,8.5,2017-01-19,271.15
47.4,8.5,2017-01-20,272.55
47.4,8.5,2017-01-21,274.35
47.4,8.5,2017-01-22,275.35
47.4,8.5,2017-01-23,274.65
47.4,8.5,2017-01-24,271.25
47.4,8.5,2017-01-25,271.15
47.4,8.5,2017-01-26,274.45
47.4,8.5,2017-01-27,277.85
47.4,8.5,2017-01-28,280.35
47.4,8.5,2017-01-29,280.05
47.4,8.5,2017-01-30,277.65
47.4,8.5,2017-01-31,277.95
47.4,8.5,2017-02-01,282.75
47.4,8.5,2017-02-02,284.55
47.4,8.5,2017-02-03,281.85
47.4,8.5,2017-02-04,281.15
47.4,8.5,2017-02-05,277.85
47.4,8.5,2017-02-06,279.25
47.4,8.5,2017-02-07,278.45
47.4,8.5,2017-02-08,277.35
47.4,8.5,2017-02-09,274.85
47.4,8.5,2017-02-10,278.45
47.4,8.5,2017-02-11,281.45
47.4,8.5,2017-02-12,282.75
47.4,8.5,2017-02-13,281.25
47.4,8.5,2017-02-14,283.25
47.4,8.5,2017-02-15,284.75
47.4,8.5,2017-02-16,284.85
47.4,8.5,2017-02-17,279.05
47.4,8.5,2017-02-18,280.95
47.4,8.5,2017-02-19,282.75
47.4,8.5,2017-02-20,282.15
47.4,8.5,2017-02-21,281.35
47.4,8.5,2017-02-22,285.45
47.4,8.5,2017-02-23,290.65
47.4,8.5,2017-02-24,280.55
47.4,8.5,2017-02-25,280.95
47.4,8.5,2017-02-26,284.75
47.4,8.5,2017-02-27,287.25
47.4,8.5,2017-02-28,281.95
47.4,8.5,2017-03-01,280.65
47.4,8.5,2017-03-02,281.85
47.4,8.5,2017-03-03,288.05
47.4,8.5,2017-03-04,286.85
47.4,8.5,2017-03-05,283.75
47.4,8.5,2017-03-06,281.15
47.4,8.5,2017-03-07,279.75
47.4,8.5,2017-03-08,282.55
47.4,8.5,2017-03-09,282.45
47.4,8.5,2017-03-10,284.55
47.4,8.5,2017-03-11,286.95
47.4,8.5,2017-03-12,287.35
47.4,8.5,2017-03-13,286.45
47.4,8.5,2017-03-14,286.75
47.4,8.5,2017-03-15,287.95
47.4,8.5,2017-03-16,288.85
47.4,8.5,2017-03-17,290.85
47.4,8.5,2017-03-18,282.05
47.4,8.5,2017-03-19,286.25
47.4,8.5,2017-03-20,287.85
47.4,8.5,2017-03-21,285.35
47.4,8.5,2017-03-22,281.35
47.4,8.5,2017-03-23,289.45
47.4,8.5,2017-03-24,286.75
47.4,8.5,2017-03-25,288.55
47.4,8.5,2017-03-26,284.85
47.4,8.5,2017-03-27,288.95
47.4,8.5,2017-03-28,290.25
47.4,8.5,2017-03-29,289.95
47.4,8.5,2017-03-30,291.55
47.4,8.5,2017-03-31,293.35
47.4,8.5,2017-04-01,289.45
47.4,8.5,2017-04-02,287.35
47.4,8.5,2017-04-03,288.55
47.4,8.5,2017-04-04,286.95
47.4,8.5,2017-04-05,285.75
47.4,8.5,2017-04-06,283.55
47.4,8.5,2017-04-07,288.15
47.4,8.5,2017-04-08,290.65
47.4,8.5,2017-04-09,293.55
47.4,8.5,2017-04-10,293.65
47.4,8.5,2017-04-11,286.15
47.4,8.5,2017-04-12,290.05
47.4,8.5,2017-04-13,288.25
47.4,8.5,2017-04-14,287.15
47.4,8.5,2017-04-15,286.55
47.4,8.5,2017-04-16,281.95
47.4,8.5,2017-04-17,284.35
47.4,8.5,2017-04-18,279.25
47.4,8.5,2017-04-19,279.05
47.4,8.5,2017-04-20,280.05
47.4,8.5,2017-04-21,284.05
47.4,8.5,2017-04-22,286.75
47.4,8.5,2017-04-23,284.95
47.4,8.5,2017-04-24,290.25
47.4,8.5,2017-04-25,286.65
47.4,8.5,2017-04-26,280.45
47.4,8.5,2017-04-27,279.95
47.4,8.5,2017-04-28,280.95
47.4,8.5,2017-04-29,284.85
47.4,8.5,2017-04-30,290.25
47.4,8.5,2017-05-01,281.85
47.4,8.5,2017-05-02,287.15
47.4,8.5,2017-05-03,286.75
47.4,8.5,2017-05-04,286.75
47.4,8.5,2017-05-05,289.55
47.4,8.5,2017-05-06,289.45
47.4,8.5,2017-05-07,284.65
47.4,8.5,2017-05-08,285.45
47.4,8.5,2017-05-09,285.05
47.4,8.5,2017-05-10,291.55
47.4,8.5,2017-05-11,292.45
47.4,8.5,2017-05-12,291.65
47.4,8.5,2017-05-13,292.35
47.4,8.5,2017-05-14,291.45
47.4,8.5,2017-05-15,291.35
47.4,8.5,2017-05-16,294.55
47.4,8.5,2017-05-17,297.15
47.4,8.5,2017-05-18,293.55
47.4,8.5,2017-05-19,286.55
47.4,8.5,2017-05-20,287.65
47.4,8.5,2017-05-21,290.35
47.4,8.5,2017-05-22,294.55
47.4,8.5,2017-05-23,295.35
47.4,8.5,2017-05-24,293.95
47.4,8.5,2017-05-25,293.45
47.4,8.5,2017-05-26,295.35
47.4,8.5,2017-05-27,298.75
47.4,8.5,2017-05-28,300.25
47.4,8.5,2017-05-29,300.55
47.4,8.5,2017-05-30,298.15
47.4,8.5,2017-05-31,296.85
47.4,8.5,2017-06-01,294.65
47.4,8.5,2017-06-02,297.05
47.4,8.5,2017-06-03,298.15
47.4,8.5,2017-06-04,292.55
47.4,8.5,2017-06-05,288.65
47.4,8.5,2017-06-06,289.85
47.4,8.5,2017-06-07,288.65
47.4,8.5,2017-06-08,295.25
47.4,8.5,2017-06-09,295.05
47.4,8.5,2017-06-10,295.85
47.4,8.5,2017-06-11,300.25
47.4,8.5,2017-06-12,297.45
47.4,8.5,2017-06-13,297.35
47.4,8.5,2017-06-14,297.45
47.4,8.5,2017-06-15,299.55
47.4,8.5,2017-06-16,296.15
47.4,8.5,2017-06-17,295.15
47.4,8.5,2017-06-18,296.15
47.4,8.5,2017-06-19,300.75
47.4,8.5,2017-06-20,301.15
47.4,8.5,2017-06-21,302.45
47.4,8.5,2017-06-22,303.95
47.4,8.5,2017-06-23,301.55
47.4,8.5,2017-06-24,297.15
47.4,8.5,2017-06-25,296.75
47.4,8.5,2017-06-26,301.25
47.4,8.5,2017-06-27,299.05
47.4,8.5,2017-06-28,294.45
47.4,8.5,2017-06-29,293.45
47.4,8.5,2017-06-30,293.35
47.4,8.5,2017-07-01,291.25
47.4,8.5,2017-07-02,288.75
47.4,8.5,2017-07-03,294.15
47.4,8.5,2017-07-04,297.55
47.4,8.5,2017-07-05,301.15
47.4,8.5,2017-07-06,302.95
47.4,8.5,2017-07-07,302.05
47.4,8.5,2017-07-08,303.25
47.4,8.5,2017-07-09,301.05
47.4,8.5,2017-07-10,297.45
47.4,8.5,2017-07-11,294.95
47.4,8.5,2017-07-12,296.65
47.4,8.5,2017-07-13,295.05
47.4,8.5,2017-07-14,294.35
47.4,8.5,2017-07-15,293.15
47.4,8.5,2017-07-16,296.15
47.4,8.5,2017-07-17,299.65
47.4,8.5,2017-07-18,300.35
47.4,8.5,2017-07-19,302.75
47.4,8.5,2017-07-20,297.25
47.4,8.5,2017-07-21,299.45
47.4,8.5,2017-07-22,298.85
47.4,8.5,2017-07-23,293.05
47.4,8.5,2017-07-24,290.65
47.4,8.5,2017-07-25,290.85
47.4,8.5,2017-07-26,291.35
47.4,8.5,2017-07-27,294.05
47.4,8.5,2017-07-28,294.65
47.4,8.5,2017-07-29,298.75
47.4,8.5,2017-07-30,299.95
47.4,8.5,2017-07-31,302.75
47.4,8.5,2017-08-01,304.35
47.4,8.5,2017-08-02,301.15
47.4,8.5,2017-08-03,302.55
47.4,8.5,2017-08-04,298.25
47.4,8.5,2017-08-05,300.15
47.4,8.5,2017-08-06,293.35
47.4,8.5,2017-08-07,297.65
47.4,8.5,2017-08-08,294.75
47.4,8.5,2017-08-09,292.55
47.4,8.5,2017-08-10,287.95
47.4,8.5,2017-08-11,286.75
47.4,8.5,2017-08-12,292.05
47.4,8.5,2017-08-13,295.35
47.4,8.5,2017-08-14,298.05
47.4,8.5,2017-08-15,301.55
47.4,8.5,2017-08-16,298.05
47.4,8.5,2017-08-17,299.15
47.4,8.5,2017-08-18,300.55
47.4,8.5,2017-08-19,293.05
47.4,8.5,2017-08-20,292.15
47.4,8.5,2017-08-21,292.55
47.4,8.5,2017-08-22,296.05
47.4,8.5,2017-08-23,299.85
47.4,8.5,2017-08-24,299.25
47.4,8.5,2017-08-25,301.65
47.4,8.5,2017-08-26,302.15
47.4,8.5,2017-08-27,301.55
47.4,8.5,2017-08-28,299.45
47.4,8.5,2017-08-29,301.45
47.4,8.5,2017-08-30,302.75
47.4,8.5,2017-08-31,293.15
47.4,8.5,2017-09-01,288.15
47.4,8.5,2017-09-02,287.75
47.4,8.5,2017-09-03,288.95
47.4,8.5,2017-09-04,292.95
47.4,8.5,2017-09-05,295.35
47.4,8.5,2017-09-06,292.95
47.4,8.5,2017-09-07,290.35
47.4,8.5,2017-09-08,292.75
47.4,8.5,2017-09-09,287.65
47.4,8.5,2017-09-10,289.25
47.4,8.5,2017-09-11,288.85
47.4,8.5,2017-09-12,286.95
47.4,8.5,2017-09-13,291.65
47.4,8.5,2017-09-14,289.95
47.4,8.5,2017-09-15,287.35
47.4,8.5,2017-09-16,287.45
47.4,8.5,2017-09-17,287.55
47.4,8.5,2017-09-18,287.05
47.4,8.5,2017-09-19,286.15
47.4,8.5,2017-09-20,286.95
47.4,8.5,2017-09-21,290.05
47.4,8.5,2017-09-22,292.55
47.4,8.5,2017-09-23,291.65
47.4,8.5,2017-09-24,290.75
47.4,8.5,2017-09-25,291.35
47.4,8.5,2017-09-26,290.55
47.4,8.5,2017-09-27,292.15
47.4,8.5,2017-09-28,292.75
47.4,8.5,2017-09-29,292.35
47.4,8.5,2017-09-30,294.15
47.4,8.5,2017-10-01,287.95
47.4,8.5,2017-10-02,290.85
47.4,8.5,2017-10-03,288.35
47.4,8.5,2017-10-04,289.35
47.4,8.5,2017-10-05,293.35
47.4,8.5,2017-10-06,284.85
47.4,8.5,2017-10-07,286.15
47.4,8.5,2017-10-08,284.05
47.4,8.5,2017-10-09,286.95
47.4,8.5,2017-10-10,288.45
47.4,8.5,2017-10-11,291.05
47.4,8.5,2017-10-12,291.35
47.4,8.5,2017-10-13,291.55
47.4,8.5,2017-10-14,292.05
47.4,8.5,2017-10-15,293.45
47.4,8.5,2017-10-16,294.55
47.4,8.5,2017-10-17,293.65
47.4,8.5,2017-10-18,291.85
47.4,8.5,2017-10-19,292.45
47.4,8.5,2017-10-20,291.65
47.4,8.5,2017-10-21,291.45
47.4,8.5,2017-10-22,284.05
47.4,8.5,2017-10-23,282.55
47.4,8.5,2017-10-24,287.05
47.4,8.5,2017-10-25,292.25
47.4,8.5,2017-10-26,292.35
47.4,8.5,2017-10-27,285.25
47.4,8.5,2017-10-28,283.25
47.4,8.5,2017-10-29,282.35
47.4,8.5,2017-10-30,280.65
47.4,8.5,2017-10-31,282.65
47.4,8.5,2017-11-01,286.35
47.4,8.5,2017-11-02,287.35
47.4,8.5,2017-11-03,287.35
47.4,8.5,2017-11-04,288.35
47.4,8.5,2017-11-05,282.35
47.4,8.5,2017-11-06,279.25
47.4,8.5,2017-11-07,280.05
47.4,8.5,2017-11-08,279.65
47.4,8.5,2017-11-09,280.65
47.4,8.5,2017-11-10,280.05
47.4,8.5,2017-11-11,281.45
47.4,8.5,2017-11-12,282.85
47.4,8.5,2017-11-13,277.55
47.4,8.5,2017-11-14,277.95
47.4,8.5,2017-11-15,279.25
47.4,8.5,2017-11-16,278.85
47.4,8.5,2017-11-17,278.65
47.4,8.5,2017-11-18,279.25
47.4,8.5,2017-11-19,278.05
47.4,8.5,2017-11-20,278.15
47.4,8.5,2017-11-21,284.45
47.4,8.5,2017-11-22,286.45
47.4,8.5,2017-11-23,285.75
47.4,8.5,2017-11-24,286.25
47.4,8.5,2017-11-25,280.35
47.4,8.5,2017-11-26,276.35
47.4,8.5,2017-11-27,277.95
47.4,8.5,2017-11-28,278.65
47.4,8.5,2017-11-29,276.85
47.4,8.5,2017-11-30,274.75
47.4,8.5,2017-12-01,274.65
47.4,8.5,2017-12-02,274.65
47.4,8.5,2017-12-03,274.45
47.4,8.5,2017-12-04,275.95
47.4,8.5,2017-12-05,278.25
47.4,8.5,2017-12-06,277.85
47.4,8.5,2017-12-07,280.75
47.4,8.5,2017-12-08,275.75
47.4,8.5,2017-12-09,272.85
47.4,8.5,2017-12-10,275.05
47.4,8.5,2017-12-11,278.15
47.4,8.5,2017-12-12,277.25
47.4,8.5,2017-12-13,276.95
47.4,8.5,2017-12-14,278.35
47.4,8.5,2017-12-15,276.85
47.4,8.5,2017-12-16,274.95
47.4,8.5,2017-12-17,273.35
47.4,8.5,2017-12-18,274.95
47.4,8.5,2017-12-19,276.35
47.4,8.5,2017-12-20,276.55
47.4,8.5,2017-12-21,277.05
47.4,8.5,2017-12-22,279.05
47.4,8.5,2017-12-23,280.05
47.4,8.5,2017-12-24,278.95
47.4,8.5,2017-12-25,281.55
47.4,8.5,2017-12-26,278.65
47.4,8.5,2017-12-27,276.35
47.4,8.5,2017-12-28,274.55
47.4,8.5,2017-12-29,275.25
47.4,8.5,2017-12-30,283.35
47.4,8.5,2017-12-31,284.75
47.4,8.5,2018-01-01,280.55
47.4,8.5,2018-01-02,278.25
47.4,8.5,2018-01-03,284.75
47.4,8.5,2018-01-04,284.05
47.4,8.5,2018-01-05,284.05
47.4,8.5,2018-01-06,282.55
47.4,8.5,2018-01-07,282.15
47.4,8.5,2018-01-08,283.15
47.4,8.5,2018-01-09,280.85
47.4,8.5,2018-01-10,281.15
47.4,8.5,2018-01-11,279.55
47.4,8.5,2018-01-12,277.55
47.4,8.5,2018-01-13,277.85
47.4,8.5,2018-01-14,276.35
47.4,8.5,2018-01-15,280.25
47.4,8.5,2018-01-16,281.05
47.4,8.5,2018-01-17,277.05
47.4,8.5,2018-01-18,280.65
47.4,8.5,2018-01-19,279.95
47.4,8.5,2018-01-20,278.65
47.4,8.5,2018-01-21,278.15
47.4,8.5,2018-01-22,281.25
47.4,8.5,2018-01-23,281.15
47.4,8.5,2018-01-24,285.65
47.4,8.5,2018-01-25,283.65
47.4,8.5,2018-01-26,281.75
47.4,8.5,2018-01-27,281.55
47.4,8.5,2018-01-28,281.75
47.4,8.5,2018-01-29,282.15
47.4,8.5,2018-01-30,280.85
47.4,8.5,2018-01-31,283.55
47.4,8.5,2018-02-01,277.65
47.4,8.5,2018-02-02,277.15
47.4,8.5,2018-02-03,276.25
47.4,8.5,2018-02-04,276.35
47.4,8.5,2018-02-05,277.55
47.4,8.5,2018-02-06,280.05
47.4,8.5,2018-02-07,276.55
47.4,8.5,2018-02-08,276.55
47.4,8.5,2018-02-09,278.95
47.4,8.5,2018-02-10,276.65
47.4,8.5,2018-02-11,277.75
47.4,8.5,2018-02-12,275.35
47.4,8.5,2018-02-13,274.95
47.4,8.5,2018-02-14,276.35
47.4,8.5,2018-02-15,276.65
47.4,8.5,2018-02-16,278.95
47.4,8.5,2018-02-17,277.45
47.4,8.5,2018-02-18,275.05
47.4,8.5,2018-02-19,277.45
47.4,8.5,2018-02-20,274.65
47.4,8.5,2018-02-21,274.45
47.4,8.5,2018-02-22,272.65
47.4,8.5,2018-02-23,273.45
47.4,8.5,2018-02-24,276.45
47.4,8.5,2018-02-25,271.55
47.4,8.5,2018-02-26,267.25
47.4,8.5,2018-02-27,267.85
47.4,8.5,2018-02-28,272.95
47.4,8.5,2018-03-01,276.25
47.4,8.5,2018-03-02,279.05
47.4,8.5,2018-03-03,280.45
47.4,8.5,2018-03-04,285.35
47.4,8.5,2018-03-05,284.15
47.4,8.5,2018-03-06,281.65
47.4,8.5,2018-03-07,281.25
47.4,8.5,2018-03-08,283.95
47.4,8.5,2018-03-09,287.05
47.4,8.5,2018-03-10,282.75
47.4,8.5,2018-03-11,285.15
47.4,8.5,2018-03-12,284.45
47.4,8.5,2018-03-13,281.75
47.4,8.5,2018-03-14,284.45
47.4,8.5,2018-03-15,284.25
47.4,8.5,2018-03-16,284.25
47.4,8.5,2018-03-17,280.85
47.4,8.5,2018-03-18,278.35
47.4,8.5,2018-03-19,276.75
47.4,8.5,2018-03-20,275.45
47.4,8.5,2018-03-21,276.75
47.4,8.5,2018-03-22,278.35
47.4,8.5,2018-03-23,280.45
47.4,8.5,2018-03-24,284.05
47.4,8.5,2018-03-25,285.25
47.4,8.5,2018-03-26,282.95
47.4,8.5,2018-03-27,282.85
47.4,8.5,2018-03-28,284.95
47.4,8.5,2018-03-29,281.05
47.4,8.5,2018-03-30,289.15
47.4,8.5,2018-03-31,280.85
47.4,8.5,2018-04-01,281.45
47.4,8.5,2018-04-02,289.45
47.4,8.5,2018-04-03,290.95
47.4,8.5,2018-04-04,290.85
47.4,8.5,2018-04-05,285.15
47.4,8.5,2018-04-06,289.45
47.4,8.5,2018-04-07,293.45
47.4,8.5,2018-04-08,293.95
47.4,8.5,2018-04-09,291.75
47.4,8.5,2018-04-10,291.05
47.4,8.5,2018-04-11,290.25
47.4,8.5,2018-04-12,290.35
47.4,8.5,2018-04-13,287.55
47.4,8.5,2018-04-14,290.95
47.4,8.5,2018-04-15,290.95
47.4,8.5,2018-04-16,289.25
47.4,8.5,2018-04-17,291.85
47.4,8.5,2018-04-18,294.35
47.4,8.5,2018-04-19,296.05
47.4,8.5,2018-04-20,297.15
47.4,8.5,2018-04-21,297.65
47.4,8.5,2018-04-22,297.25
47.4,8.5,2018-04-23,294.35
47.4,8.5,2018-04-24,293.55
47.4,8.5,2018-04-25,294.15
47.4,8.5,2018-04-26,286.45
47.4,8.5,2018-04-27,293.75
47.4,8.5,2018-04-28,293.15
47.4,8.5,2018-04-29,297.05
47.4,8.5,2018-04-30,288.75
47.4,8.5,2018-05-01,284.55
47.4,8.5,2018-05-02,287.45
47.4,8.5,2018-05-03,286.35
47.4,8.5,2018-05-04,291.35
47.4,8.5,2018-05-05,294.35
47.4,8.5,2018-05-06,295.85
47.4,8.5,2018-05-07,295.35
47.4,8.5,2018-05-08,295.85
47.4,8.5,2018-05-09,294.85
47.4,8.5,2018-05-10,289.05
47.4,8.5,2018-05-11,292.85
47.4,8.5,2018-05-12,296.25
47.4,8.5,2018-05-13,286.85
47.4,8.5,2018-05-14,287.05
47.4,8.5,2018-05-15,289.45
47.4,8.5,2018-05-16,287.35
47.4,8.5,2018-05-17,289.25
47.4,8.5,2018-05-18,292.35
47.4,8.5,2018-05-19,291.25
47.4,8.5,2018-05-20,290.85
47.4,8.5,2018-05-21,294.05
47.4,8.5,2018-05-22,295.05
47.4,8.5,2018-05-23,293.45
47.4,8.5,2018-05-24,295.15
47.4,8.5,2018-05-25,296.75
47.4,8.5,2018-05-26,299.05
47.4,8.5,2018-05-27,299.55
47.4,8.5,2018-05-28,298.65
47.4,8.5,2018-05-29,295.05
47.4,8.5,2018-05-30,297.95
47.4,8.5,2018-05-31,297.25
47.4,8.5,2018-06-01,294.95
47.4,8.5,2018-06-02,296.25
47.4,8.5,2018-06-03,298.65
47.4,8.5,2018-06-04,298.55
47.4,8.5,2018-06-05,297.55
47.4,8.5,2018-06-06,297.85
47.4,8.5,2018-06-07,296.05
47.4,8.5,2018-06-08,296.65
47.4,8.5,2018-06-09,297.85
47.4,8.5,2018-06-10,299.75
47.4,8.5,2018-06-11,298.55
47.4,8.5,2018-06-12,293.65
47.4,8.5,2018-06-13,288.75
47.4,8.5,2018-06-14,292.95
47.4,8.5,2018-06-15,294.65
47.4,8.5,2018-06-16,296.85
47.4,8.5,2018-06-17,294.65
47.4,8.5,2018-06-18,294.55
47.4,8.5,2018-06-19,298.05
47.4,8.5,2018-06-20,301.35
47.4,8.5,2018-06-21,299.25
47.4,8.5,2018-06-22,292.35
47.4,8.5,2018-06-23,294.15
47.4,8.5,2018-06-24,294.35
47.4,8.5,2018-06-25,292.85
47.4,8.5,2018-06-26,296.55
47.4,8.5,2018-06-27,296.15
47.4,8.5,2018-06-28,294.35
47.4,8.5,2018-06-29,296.85
47.4,8.5,2018-06-30,301.05
47.4,8.5,2018-07-01,300.85
47.4,8.5,2018-07-02,303.05
47.4,8.5,2018-07-03,298.25
47.4,8.5,2018-07-04,299.75
47.4,8.5,2018-07-05,294.05
47.4,8.5,2018-07-06,293.55
47.4,8.5,2018-07-07,297.05
47.4,8.5,2018-07-08,298.05
47.4,8.5,2018-07-09,300.25
47.4,8.5,2018-07-10,296.15
47.4,8.5,2018-07-11,294.45
47.4,8.5,2018-07-12,297.85
47.4,8.5,2018-07-13,299.25
47.4,8.5,2018-07-14,300.75
47.4,8.5,2018-07-15,300.15
47.4,8.5,2018-07-16,299.35
47.4,8.5,2018-07-17,299.65
47.4,8.5,2018-07-18,300.65
47.4,8.5,2018-07-19,301.85
47.4,8.5,2018-07-20,301.05
47.4,8.5,2018-07-21,294.95
47.4,8.5,2018-07-22,296.25
47.4,8.5,2018-07-23,297.65
47.4,8.5,2018-07-24,302.05
47.4,8.5,2018-07-25,302.05
47.4,8.5,2018-07-26,302.65
47.4,8.5,2018-07-27,303.15
47.4,8.5,2018-07-28,300.15
47.4,8.5,2018-07-29,302.15
47.4,8.5,2018-07-30,304.35
47.4,8.5,2018-07-31,305.65
47.4,8.5,2018-08-01,305.35
47.4,8.5,2018-08-02,301.55
47.4,8.5,2018-08-03,305.45
47.4,8.5,2018-08-04,304.75
47.4,8.5,2018-08-05,304.15
47.4,8.5,2018-08-06,305.15
47.4,8.5,2018-08-07,304.85
47.4,8.5,2018-08-08,303.25
47.4,8.5,2018-08-09,305.25
47.4,8.5,2018-08-10,296.95
47.4,8.5,2018-08-11,297.15
47.4,8.5,2018-08-12,301.65
47.4,8.5,2018-08-13,295.55
47.4,8.5,2018-08-14,295.75
47.4,8.5,2018-08-15,297.95
47.4,8.5,2018-08-16,301.25
47.4,8.5,2018-08-17,300.15
47.4,8.5,2018-08-18,297.65
47.4,8.5,2018-08-19,300.75
47.4,8.5,2018-08-20,301.55
47.4,8.5,2018-08-21,302.25
47.4,8.5,2018-08-22,303.45
47.4,8.5,2018-08-23,301.75
47.4,8.5,2018-08-24,295.45
47.4,8.5,2018-08-25,288.45
47.4,8.5,2018-08-26,291.25
47.4,8.5,2018-08-27,296.75
47.4,8.5,2018-08-28,299.05
47.4,8.5,2018-08-29,300.95
47.4,8.5,2018-08-30,291.25
47.4,8.5,2018-08-31,289.05
47.4,8.5,2018-09-01,286.85
47.4,8.5,2018-09-02,289.35
47.4,8.5,2018-09-03,292.55
47.4,8.5,2018-09-04,294.85
47.4,8.5,2018-09-05,297.25
47.4,8.5,2018-09-06,296.45
47.4,8.5,2018-09-07,293.65
47.4,8.5,2018-09-08,294.45
47.4,8.5,2018-09-09,297.45
47.4,8.5,2018-09-10,298.25
47.4,8.5,2018-09-11,299.35
47.4,8.5,2018-09-12,299.95
47.4,8.5,2018-09-13,297.85
47.4,8.5,2018-09-14,293.45
47.4,8.5,2018-09-15,292.45
47.4,8.5,2018-09-16,295.55
47.4,8.5,2018-09-17,297.55
47.4,8.5,2018-09-18,298.05
47.4,8.5,2018-09-19,298.65
47.4,8.5,2018-09-20,298.75
47.4,8.5,2018-09-21,298.65
47.4,8.5,2018-09-22,290.75
47.4,8.5,2018-09-23,297.75
47.4,8.5,2018-09-24,286.85
47.4,8.5,2018-09-25,287.05
47.4,8.5,2018-09-26,292.25
47.4,8.5,2018-09-27,294.45
47.4,8.5,2018-09-28,294.35
47.4,8.5,2018-09-29,290.45
47.4,8.5,2018-09-30,294.05
47.4,8.5,2018-10-01,285.25
47.4,8.5,2018-10-02,285.55
47.4,8.5,2018-10-03,288.05
47.4,8.5,2018-10-04,290.85
47.4,8.5,2018-10-05,293.85
47.4,8.5,2018-10-06,294.85
47.4,8.5,2018-10-07,292.45
47.4,8.5,2018-10-08,291.85
47.4,8.5,2018-10-09,292.45
47.4,8.5,2018-10-10,295.55
47.4,8.5,2018-10-11,292.85
47.4,8.5,2018-10-12,295.05
47.4,8.5,2018-10-13,294.05
47.4,8.5,2018-10-14,294.25
47.4,8.5,2018-10-15,294.45
47.4,8.5,2018-10-16,292.85
47.4,8.5,2018-10-17,292.25
47.4,8.5,2018-10-18,291.25
47.4,8.5,2018-10-19,290.45
47.4,8.5,2018-10-20,290.25
47.4,8.5,2018-10-21,288.05
47.4,8.5,2018-10-22,286.75
47.4,8.5,2018-10-23,286.95
47.4,8.5,2018-10-24,284.85
47.4,8.5,2018-10-25,288.75
47.4,8.5,2018-10-26,288.85
47.4,8.5,2018-10-27,280.95
47.4,8.5,2018-10-28,276.75
47.4,8.5,2018-10-29,280.75
47.4,8.5,2018-10-30,280.15
47.4,8.5,2018-10-31,286.75
47.4,8.5,2018-11-01,284.65
47.4,8.5,2018-11-02,283.85
47.4,8.5,2018-11-03,285.15
47.4,8.5,2018-11-04,286.25
47.4,8.5,2018-11-05,290.05
47.4,8.5,2018-11-06,289.95
47.4,8.5,2018-11-07,287.05
47.4,8.5,2018-11-08,285.55
47.4,8.5,2018-11-09,286.35
47.4,8.5,2018-11-10,287.35
47.4,8.5,2018-11-11,287.85
47.4,8.5,2018-11-12,289.15
47.4,8.5,2018-11-13,283.35
47.4,8.5,2018-11-14,285.15
47.4,8.5,2018-11-15,283.85
47.4,8.5,2018-11-16,281.65
47.4,8.5,2018-11-17,281.25
47.4,8.5,2018-11-18,278.75
47.4,8.5,2018-11-19,275.65
47.4,8.5,2018-11-20,279.05
47.4,8.5,2018-11-21,278.65
47.4,8.5,2018-11-22,281.05
47.4,8.5,2018-11-23,280.55
47.4,8.5,2018-11-24,283.25
47.4,8.5,2018-11-25,280.15
47.4,8.5,2018-11-26,278.05
47.4,8.5,2018-11-27,277.05
47.4,8.5,2018-11-28,278.35
47.4,8.5,2018-11-29,282.45
47.4,8.5,2018-11-30,279.25
47.4,8.5,2018-12-01,281.15
47.4,8.5,2018-12-02,282.45
47.4,8.5,2018-12-03,285.05
47.4,8.5,2018-12-04,282.45
47.4,8.5,2018-12-05,282.65
47.4,8.5,2018-12-06,283.65
47.4,8.5,2018-12-07,284.25
47.4,8.5,2018-12-08,280.75
47.4,8.5,2018-12-09,281.45
47.4,8.5,2018-12-10,277.65
47.4,8.5,2018-12-11,276.25
47.4,8.5,2018-12-12,275.35
47.4,8.5,2018-12-13,274.85
47.4,8.5,2018-12-14,274.25
47.4,8.5,2018-12-15,275.05
47.4,8.5,2018-12-16,278.25
47.4,8.5,2018-12-17,278.65
47.4,8.5,2018-12-18,277.75
47.4,8.5,2018-12-19,277.85
47.4,8.5,2018-12-20,280.85
47.4,8.5,2018-12-21,282.35
47.4,8.5,2018-12-22,283.55
47.4,8.5,2018-12-23,282.55
47.4,8.5,2018-12-24,282.65
47.4,8.5,2018-12-25,277.65
47.4,8.5,2018-12-26,278.95
47.4,8.5,2018-12-27,279.55
47.4,8.5,2018-12-28,278.85
47.4,8.5,2018-12-29,277.65
47.4,8.5,2018-12-30,277.05
47.4,8.5,2018-12-31,277.95
47.4,8.5,2019-01-01,279.15
47.4,8.5,2019-01-02,276.15
47.4,8.5,2019-01-03,273.45
47.4,8.5,2019-01-04,274.95
47.4,8.5,2019-01-05,274.15
47.4,8.5,2019-01-06,275.05
47.4,8.5,2019-01-07,275.55
47.4,8.5,2019-01-08,276.35
47.4,8.5,2019-01-09,274.25
47.4,8.5,2019-01-10,272.75
47.4,8.5,2019-01-11,272.85
47.4,8.5,2019-01-12,275.85
47.4,8.5,2019-01-13,278.65
47.4,8.5,2019-01-14,277.95
47.4,8.5,2019-01-15,276.25
47.4,8.5,2019-01-16,279.85
47.4,8.5,2019-01-17,278.55
47.4,8.5,2019-01-18,274.05
47.4,8.5,2019-01-19,274.35
47.4,8.5,2019-01-20,275.55
47.4,8.5,2019-01-21,275.25
47.4,8.5,2019-01-22,274.95
47.4,8.5,2019-01-23,273.75
47.4,8.5,2019-01-24,272.75
47.4,8.5,2019-01-25,272.95
47.4,8.5,2019-01-26,276.85
47.4,8.5,2019-01-27,278.95
47.4,8.5,2019-01-28,275.25
47.4,8.5,2019-01-29,275.35
47.4,8.5,2019-01-30,275.05
47.4,8.5,2019-01-31,275.25
47.4,8.5,2019-02-01,276.25
47.4,8.5,2019-02-02,278.65
47.4,8.5,2019-02-03,274.95
47.4,8.5,2019-02-04,274.95
47.4,8.5,2019-02-05,276.65
47.4,8.5,2019-02-06,278.65
47.4,8.5,2019-02-07,277.25
47.4,8.5,2019-02-08,280.75
47.4,8.5,2019-02-09,282.25
47.4,8.5,2019-02-10,282.45
47.4,8.5,2019-02-11,276.85
47.4,8.5,2019-02-12,277.55
47.4,8.5,2019-02-13,280.35
47.4,8.5,2019-02-14,283.05
47.4,8.5,2019-02-15,284.05
47.4,8.5,2019-02-16,286.25
47.4,8.5,2019-02-17,285.85
47.4,8.5,2019-02-18,284.55
47.4,8.5,2019-02-19,284.05
47.4,8.5,2019-02-20,284.45
47.4,8.5,2019-02-21,285.55
47.4,8.5,2019-02-22,283.25
47.4,8.5,2019-02-23,282.65
47.4,8.5,2019-02-24,283.15
47.4,8.5,2019-02-25,284.35
47.4,8.5,2019-02-26,286.15
47.4,8.5,2019-02-27,287.75
47.4,8.5,2019-02-28,289.25
47.4,8.5,2019-03-01,279.55
47.4,8.5,2019-03-02,281.95
47.4,8.5,2019-03-03,287.05
47.4,8.5,2019-03-04,282.75
47.4,8.5,2019-03-05,283.25
47.4,8.5,2019-03-06,287.45
47.4,8.5,2019-03-07,283.15
47.4,8.5,2019-03-08,281.65
47.4,8.5,2019-03-09,283.65
47.4,8.5,2019-03-10,284.95
47.4,8.5,2019-03-11,277.55
47.4,8.5,2019-03-12,282.85
47.4,8.5,2019-03-13,280.25
47.4,8.5,2019-03-14,278.65
47.4,8.5,2019-03-15,281.95
47.4,8.5,2019-03-16,288.25
47.4,8.5,2019-03-17,289.15
47.4,8.5,2019-03-18,280.15
47.4,8.5,2019-03-19,280.45
47.4,8.5,2019-03-20,281.75
47.4,8.5,2019-03-21,284.65
47.4,8.5,2019-03-22,288.35
47.4,8.5,2019-03-23,289.25
47.4,8.5,2019-03-24,289.65
47.4,8.5,2019-03-25,282.45
47.4,8.5,2019-03-26,281.25
47.4,8.5,2019-03-27,282.15
47.4,8.5,2019-03-28,285.35
47.4,8.5,2019-03-29,287.85
47.4,8.5,2019-03-30,289.35
47.4,8.5,2019-03-31,289.75
47.4,8.5,2019-04-01,289.05
47.4,8.5,2019-04-02,291.35
47.4,8.5,2019-04-03,286.25
47.4,8.5,2019-04-04,275.75
47.4,8.5,2019-04-05,281.65
47.4,8.5,2019-04-06,288.35
47.4,8.5,2019-04-07,283.85
47.4,8.5,2019-04-08,286.15
47.4,8.5,2019-04-09,284.25
47.4,8.5,2019-04-10,283.25
47.4,8.5,2019-04-11,280.65
47.4,8.5,2019-04-12,282.85
47.4,8.5,2019-04-13,280.75
47.4,8.5,2019-04-14,279.45
47.4,8.5,2019-04-15,286.95
47.4,8.5,2019-04-16,287.85
47.4,8.5,2019-04-17,289.25
47.4,8.5,2019-04-18,291.55
47.4,8.5,2019-04-19,292.65
47.4,8.5,2019-04-20,292.85
47.4,8.5,2019-04-21,294.05
47.4,8.5,2019-04-22,294.35
47.4,8.5,2019-04-23,293.15
47.4,8.5,2019-04-24,294.45
47.4,8.5,2019-04-25,293.35
47.4,8.5,2019-04-26,283.45
47.4,8.5,2019-04-27,283.75
47.4,8.5,2019-04-28,282.55
47.4,8.5,2019-04-29,284.45
47.4,8.5,2019-04-30,284.95
47.4,8.5,2019-05-01,289.15
47.4,8.5,2019-05-02,290.15
47.4,8.5,2019-05-03,284.95
47.4,8.5,2019-05-04,284.85
47.4,8.5,2019-05-05,280.25
47.4,8.5,2019-05-06,282.75
47.4,8.5,2019-05-07,286.35
47.4,8.5,2019-05-08,286.15
47.4,8.5,2019-05-09,287.25
47.4,8.5,2019-05-10,287.85
47.4,8.5,2019-05-11,287.65
47.4,8.5,2019-05-12,284.25
47.4,8.5,2019-05-13,285.75
47.4,8.5,2019-05-14,285.25
47.4,8.5,2019-05-15,283.75
47.4,8.5,2019-05-16,285.45
47.4,8.5,2019-05-17,290.65
47.4,8.5,2019-05-18,289.55
47.4,8.5,2019-05-19,288.85
47.4,8.5,2019-05-20,284.95
47.4,8.5,2019-05-21,284.75
47.4,8.5,2019-05-22,290.45
47.4,8.5,2019-05-23,291.55
47.4,8.5,2019-05-24,293.35
47.4,8.5,2019-05-25,292.05
47.4,8.5,2019-05-26,291.85
47.4,8.5,2019-05-27,292.05
47.4,8.5,2019-05-28,285.25
47.4,8.5,2019-05-29,288.05
47.4,8.5,2019-05-30,290.65
47.4,8.5,2019-05-31,293.45
47.4,8.5,2019-06-01,296.35
47.4,8.5,2019-06-02,298.55
47.4,8.5,2019-06-03,299.55
47.4,8.5,2019-06-04,300.75
47.4,8.5,2019-06-05,300.55
47.4,8.5,2019-06-06,290.45
47.4,8.5,2019-06-07,298.75
47.4,8.5,2019-06-08,292.35
47.4,8.5,2019-06-09,292.55
47.4,8.5,2019-06-10,291.95
47.4,8.5,2019-06-11,290.45
47.4,8.5,2019-06-12,290.95
47.4,8.5,2019-06-13,293.65
47.4,8.5,2019-06-14,295.85
47.4,8.5,2019-06-15,293.65
47.4,8.5,2019-06-16,291.85
47.4,8.5,2019-06-17,296.75
47.4,8.5,2019-06-18,298.95
47.4,8.5,2019-06-19,300.05
47.4,8.5,2019-06-20,295.35
47.4,8.5,2019-06-21,295.45
47.4,8.5,2019-06-22,292.95
47.4,8.5,2019-06-23,296.55
47.4,8.5,2019-06-24,300.95
47.4,8.5,2019-06-25,304.15
47.4,8.5,2019-06-26,305.35
47.4,8.5,2019-06-27,305.35
47.4,8.5,2019-06-28,300.75
47.4,8.5,2019-06-29,302.05
47.4,8.5,2019-06-30,305.45
47.4,8.5,2019-07-01,303.05
47.4,8.5,2019-07-02,297.25
47.4,8.5,2019-07-03,297.15
47.4,8.5,2019-07-04,298.35
47.4,8.5,2019-07-05,300.35
47.4,8.5,2019-07-06,300.55
47.4,8.5,2019-07-07,296.25
47.4,8.5,2019-07-08,293.75
47.4,8.5,2019-07-09,293.65
47.4,8.5,2019-07-10,293.75
47.4,8.5,2019-07-11,295.25
47.4,8.5,2019-07-12,295.55
47.4,8.5,2019-07-13,293.65
47.4,8.5,2019-07-14,294.55
47.4,8.5,2019-07-15,294.05
47.4,8.5,2019-07-16,296.75
47.4,8.5,2019-07-17,298.25
47.4,8.5,2019-07-18,297.75
47.4,8.5,2019-07-19,298.05
47.4,8.5,2019-07-20,301.85
47.4,8.5,2019-07-21,297.95
47.4,8.5,2019-07-22,301.25
47.4,8.5,2019-07-23,303.75
47.4,8.5,2019-07-24,305.25
47.4,8.5,2019-07-25,306.55
47.4,8.5,2019-07-26,304.65
47.4,8.5,2019-07-27,298.65
47.4,8.5,2019-07-28,291.35
47.4,8.5,2019-07-29,294.95
47.4,8.5,2019-07-30,298.85
47.4,8.5,2019-07-31,294.15
47.4,8.5,2019-08-01,297.05
47.4,8.5,2019-08-02,295.45
47.4,8.5,2019-08-03,296.45
47.4,8.5,2019-08-04,298.15
47.4,8.5,2019-08-05,300.95
47.4,8.5,2019-08-06,299.45
47.4,8.5,2019-08-07,294.45
47.4,8.5,2019-08-08,297.85
47.4,8.5,2019-08-09,303.65
47.4,8.5,2019-08-10,296.45
47.4,8.5,2019-08-11,298.75
47.4,8.5,2019-08-12,291.25
47.4,8.5,2019-08-13,291.25
47.4,8.5,2019-08-14,293.15
47.4,8.5,2019-08-15,293.95
47.4,8.5,2019-08-16,294.55
47.4,8.5,2019-08-17,298.15
47.4,8.5,2019-08-18,303.45
47.4,8.5,2019-08-19,295.55
47.4,8.5,2019-08-20,290.35
47.4,8.5,2019-08-21,292.05
47.4,8.5,2019-08-22,296.45
47.4,8.5,2019-08-23,296.35
47.4,8.5,2019-08-24,298.25
47.4,8.5,2019-08-25,299.05
47.4,8.5,2019-08-26,299.55
47.4,8.5,2019-08-27,301.15
47.4,8.5,2019-08-28,300.15
47.4,8.5,2019-08-29,298.05
47.4,8.5,2019-08-30,299.45
47.4,8.5,2019-08-31,300.75
47.4,8.5,2019-09-01,296.35
47.4,8.5,2019-09-02,289.75
47.4,8.5,2019-09-03,293.35
47.4,8.5,2019-09-04,296.35
47.4,8.5,2019-09-05,288.75
47.4,8.5,2019-09-06,287.35
47.4,8.5,2019-09-07,289.65
47.4,8.5,2019-09-08,285.55
47.4,8.5,2019-09-09,288.65
47.4,8.5,2019-09-10,292.05
47.4,8.5,2019-09-11,292.85
47.4,8.5,2019-09-12,294.55
47.4,8.5,2019-09-13,296.65
47.4,8.5,2019-09-14,296.55
47.4,8.5,2019-09-15,298.35
47.4,8.5,2019-09-16,298.35
47.4,8.5,2019-09-17,295.25
47.4,8.5,2019-09-18,289.95
47.4,8.5,2019-09-19,288.75
47.4,8.5,2019-09-20,290.45
47.4,8.5,2019-09-21,294.45
47.4,8.5,2019-09-22,296.65
47.4,8.5,2019-09-23,289.95
47.4,8.5,2019-09-24,289.95
47.4,8.5,2019-09-25,290.05
47.4,8.5,2019-09-26,290.35
47.4,8.5,2019-09-27,294.15
47.4,8.5,2019-09-28,291.15
47.4,8.5,2019-09-29,295.85
47.4,8.5,2019-09-30,290.25
47.4,8.5,2019-10-01,294.45
47.4,8.5,2019-10-02,288.35
47.4,8.5,2019-10-03,285.55
47.4,8.5,2019-10-04,285.55
47.4,8.5,2019-10-05,285.25
47.4,8.5,2019-10-06,288.05
47.4,8.5,2019-10-07,286.55
47.4,8.5,2019-10-08,289.35
47.4,8.5,2019-10-09,286.65
47.4,8.5,2019-10-10,286.95
47.4,8.5,2019-10-11,291.35
47.4,8.5,2019-10-12,294.65
47.4,8.5,2019-10-13,296.05
47.4,8.5,2019-10-14,294.55
47.4,8.5,2019-10-15,289.45
47.4,8.5,2019-10-16,289.45
47.4,8.5,2019-10-17,290.95
47.4,8.5,2019-10-18,291.25
47.4,8.5,2019-10-19,288.95
47.4,8.5,2019-10-20,293.95
47.4,8.5,2019-10-21,288.95
47.4,8.5,2019-10-22,289.55
47.4,8.5,2019-10-23,294.05
47.4,8.5,2019-10-24,290.25
47.4,8.5,2019-10-25,289.35
47.4,8.5,2019-10-26,292.45
47.4,8.5,2019-10-27,292.85
47.4,8.5,2019-10-28,285.55
47.4,8.5,2019-10-29,281.75
47.4,8.5,2019-10-30,281.45
47.4,8.5,2019-10-31,283.05
47.4,8.5,2019-11-01,286.95
47.4,8.5,2019-11-02,288.25
47.4,8.5,2019-11-03,285.25
47.4,8.5,2019-11-04,286.95
47.4,8.5,2019-11-05,284.15
47.4,8.5,2019-11-06,282.05
47.4,8.5,2019-11-07,282.05
47.4,8.5,2019-11-08,277.85
47.4,8.5,2019-11-09,280.25
47.4,8.5,2019-11-10,280.05
47.4,8.5,2019-11-11,280.75
47.4,8.5,2019-11-12,280.75
47.4,8.5,2019-11-13,278.85
47.4,8.5,2019-11-14,280.85
47.4,8.5,2019-11-15,279.25
47.4,8.5,2019-11-16,279.85
47.4,8.5,2019-11-17,275.95
47.4,8.5,2019-11-18,279.95
47.4,8.5,2019-11-19,278.45
47.4,8.5,2019-11-20,279.75
47.4,8.5,2019-11-21,281.05
47.4,8.5,2019-11-22,281.85
47.4,8.5,2019-11-23,284.05
47.4,8.5,2019-11-24,283.95
47.4,8.5,2019-11-25,282.25
47.4,8.5,2019-11-26,283.55
47.4,8.5,2019-11-27,284.45
47.4,8.5,2019-11-28,280.75
47.4,8.5,2019-11-29,279.35
47.4,8.5,2019-11-30,279.05
47.4,8.5,2019-12-01,277.65
47.4,8.5,2019-12-02,276.25
47.4,8.5,2019-12-03,277.25
47.4,8.5,2019-12-04,278.35
47.4,8.5,2019-12-05,280.45
47.4,8.5,2019-12-06,281.45
47.4,8.5,2019-12-07,278.75
47.4,8.5,2019-12-08,282.95
47.4,8.5,2019-12-09,280.45
47.4,8.5,2019-12-10,276.85
47.4,8.5,2019-12-11,277.65
47.4,8.5,2019-12-12,276.75
47.4,8.5,2019-12-13,276.85
47.4,8.5,2019-12-14,280.55
47.4,8.5,2019-12-15,283.05
47.4,8.5,2019-12-16,283.75
47.4,8.5,2019-12-17,284.75
47.4,8.5,2019-12-18,284.55
47.4,8.5,2019-12-19,283.55
47.4,8.5,2019-12-20,281.55
47.4,8.5,2019-12-21,280.25
47.4,8.5,2019-12-22,279.75
47.4,8.5,2019-12-23,277.65
47.4,8.5,2019-12-24,281.55
47.4,8.5,2019-12-25,279.65
47.4,8.5,2019-12-26,278.05
47.4,8.5,2019-12-27,279.15
47.4,8.5,2019-12-28,277.45
47.4,8.5,2019-12-29,278.05
47.4,8.5,2019-12-30,278.75
47.4,8.5,2019-12-31,280.55
