latitude,longitude,time,tmin
47.4,8.5,2005-01-01,274.75
47.4,8.5,2005-01-02,273.65
47.4,8.5,2005-01-03,272.35
47.4,8.5,2005-01-04,272.15
47.4,8.5,2005-01-05,272.45
47.4,8.5,2005-01-06,273.45
47.4,8.5,2005-01-07,272.35
47.4,8.5,2005-01-08,272.15
47.4,8.5,2005-01-09,276.55
47.4,8.5,2005-01-10,273.95
47.4,8.5,2005-01-11,273.45
47.4,8.5,2005-01-12,274.15
47.4,8.5,2005-01-13,273.65
47.4,8.5,2005-01-14,270.85
47.4,8.5,2005-01-15,269.95
47.4,8.5,2005-01-16,271.15
47.4,8.5,2005-01-17,270.85
47.4,8.5,2005-01-18,271.15
47.4,8.5,2005-01-19,270.75
47.4,8.5,2005-01-20,270.65
47.4,8.5,2005-01-21,274.25
47.4,8.5,2005-01-22,273.05
47.4,8.5,2005-01-23,269.85
47.4,8.5,2005-01-24,268.55
47.4,8.5,2005-01-25,267.55
47.4,8.5,2005-01-26,265.85
47.4,8.5,2005-01-27,262.15
47.4,8.5,2005-01-28,264.15
47.4,8.5,2005-01-29,261.05
47.4,8.5,2005-01-30,261.75
47.4,8.5,2005-01-31,268.45
47.4,8.5,2005-02-01,271.05
47.4,8.5,2005-02-02,268.75
47.4,8.5,2005-02-03,271.65
47.4,8.5,2005-02-04,269.05
47.4,8.5,2005-02-05,270.45
47.4,8.5,2005-02-06,271.35
47.4,8.5,2005-02-07,270.25
47.4,8.5,2005-02-08,270.45
47.4,8.5,2005-02-09,271.65
47.4,8.5,2005-02-10,271.85
47.4,8.5,2005-02-11,273.95
47.4,8.5,2005-02-12,276.95
47.4,8.5,2005-02-13,271.65
47.4,8.5,2005-02-14,271.25
47.4,8.5,2005-02-15,268.75
47.4,8.5,2005-02-16,268.65
47.4,8.5,2005-02-17,268.05
47.4,8.5,2005-02-18,267.75
47.4,8.5,2005-02-19,267.85
47.4,8.5,2005-02-20,270.05
47.4,8.5,2005-02-21,267.95
47.4,8.5,2005-02-22,268.15
47.4,8.5,2005-02-23,267.85
47.4,8.5,2005-02-24,267.65
47.4,8.5,2005-02-25,267.35
47.4,8.5,2005-02-26,267.55
47.4,8.5,2005-02-27,265.05
47.4,8.5,2005-02-28,260.45
47.4,8.5,2005-03-01,260.95
47.4,8.5,2005-03-02,261.75
47.4,8.5,2005-03-03,267.05
47.4,8.5,2005-03-04,269.15
47.4,8.5,2005-03-05,268.85
47.4,8.5,2005-03-06,264.95
47.4,8.5,2005-03-07,264.95
47.4,8.5,2005-03-08,268.05
47.4,8.5,2005-03-09,271.05
47.4,8.5,2005-03-10,270.55
47.4,8.5,2005-03-11,268.95
47.4,8.5,2005-03-12,269.55
47.4,8.5,2005-03-13,267.75
47.4,8.5,2005-03-14,271.45
47.4,8.5,2005-03-15,275.25
47.4,8.5,2005-03-16,273.75
47.4,8.5,2005-03-17,273.05
47.4,8.5,2005-03-18,276.25
47.4,8.5,2005-03-19,276.65
47.4,8.5,2005-03-20,278.55
47.4,8.5,2005-03-21,276.35
47.4,8.5,2005-03-22,277.85
47.4,8.5,2005-03-23,280.85
47.4,8.5,2005-03-24,279.05
47.4,8.5,2005-03-25,280.65
47.4,8.5,2005-03-26,278.15
47.4,8.5,2005-03-27,278.05
47.4,8.5,2005-03-28,276.75
47.4,8.5,2005-03-29,278.15
47.4,8.5,2005-03-30,278.85
47.4,8.5,2005-03-31,277.55
47.4,8.5,2005-04-01,275.05
47.4,8.5,2005-04-02,275.75
47.4,8.5,2005-04-03,274.55
47.4,8.5,2005-04-04,274.25
47.4,8.5,2005-04-05,274.55
47.4,8.5,2005-04-06,278.15
47.4,8.5,2005-04-07,279.95
47.4,8.5,2005-04-08,276.35
47.4,8.5,2005-04-09,274.35
47.4,8.5,2005-04-10,271.95
47.4,8.5,2005-04-11,273.45
47.4,8.5,2005-04-12,274.85
47.4,8.5,2005-04-13,278.35
47.4,8.5,2005-04-14,275.95
47.4,8.5,2005-04-15,278.95
47.4,8.5,2005-04-16,279.75
47.4,8.5,2005-04-17,276.65
47.4,8.5,2005-04-18,277.05
47.4,8.5,2005-04-19,278.85
47.4,8.5,2005-04-20,277.35
47.4,8.5,2005-04-21,276.85
47.4,8.5,2005-04-22,274.35
47.4,8.5,2005-04-23,277.75
47.4,8.5,2005-04-24,278.85
47.4,8.5,2005-04-25,279.95
47.4,8.5,2005-04-26,276.55
47.4,8.5,2005-04-27,277.65
47.4,8.5,2005-04-28,279.15
47.4,8.5,2005-04-29,282.25
47.4,8.5,2005-04-30,282.05
47.4,8.5,2005-05-01,282.45
47.4,8.5,2005-05-02,283.75
47.4,8.5,2005-05-03,282.55
47.4,8.5,2005-05-04,279.95
47.4,8.5,2005-05-05,280.35
47.4,8.5,2005-05-06,280.35
47.4,8.5,2005-05-07,279.55
47.4,8.5,2005-05-08,277.45
47.4,8.5,2005-05-09,278.25
47.4,8.5,2005-05-10,277.45
47.4,8.5,2005-05-11,276.75
47.4,8.5,2005-05-12,275.75
47.4,8.5,2005-05-13,281.15
47.4,8.5,2005-05-14,282.95
47.4,8.5,2005-05-15,280.65
47.4,8.5,2005-05-16,278.65
47.4,8.5,2005-05-17,277.15
47.4,8.5,2005-05-18,280.95
47.4,8.5,2005-05-19,278.45
47.4,8.5,2005-05-20,280.95
47.4,8.5,2005-05-21,282.75
47.4,8.5,2005-05-22,284.65
47.4,8.5,2005-05-23,280.75
47.4,8.5,2005-05-24,278.95
47.4,8.5,2005-05-25,283.15
47.4,8.5,2005-05-26,284.25
47.4,8.5,2005-05-27,286.75
47.4,8.5,2005-05-28,285.35
47.4,8.5,2005-05-29,287.15
47.4,8.5,2005-05-30,285.25
47.4,8.5,2005-05-31,282.15
47.4,8.5,2005-06-01,282.35
47.4,8.5,2005-06-02,282.75
47.4,8.5,2005-06-03,285.55
47.4,8.5,2005-06-04,285.85
47.4,8.5,2005-06-05,282.55
47.4,8.5,2005-06-06,283.25
47.4,8.5,2005-06-07,281.35
47.4,8.5,2005-06-08,277.75
47.4,8.5,2005-06-09,278.35
47.4,8.5,2005-06-10,278.55
47.4,8.5,2005-06-11,280.65
47.4,8.5,2005-06-12,283.15
47.4,8.5,2005-06-13,284.25
47.4,8.5,2005-06-14,286.45
47.4,8.5,2005-06-15,286.15
47.4,8.5,2005-06-16,285.55
47.4,8.5,2005-06-17,286.75
47.4,8.5,2005-06-18,287.45
47.4,8.5,2005-06-19,285.45
47.4,8.5,2005-06-20,286.85
47.4,8.5,2005-06-21,288.45
47.4,8.5,2005-06-22,288.55
47.4,8.5,2005-06-23,289.55
47.4,8.5,2005-06-24,288.95
47.4,8.5,2005-06-25,291.05
47.4,8.5,2005-06-26,289.55
47.4,8.5,2005-06-27,290.65
47.4,8.5,2005-06-28,292.45
47.4,8.5,2005-06-29,291.05
47.4,8.5,2005-06-30,289.25
47.4,8.5,2005-07-01,286.65
47.4,8.5,2005-07-02,286.85
47.4,8.5,2005-07-03,287.05
47.4,8.5,2005-07-04,287.15
47.4,8.5,2005-07-05,284.95
47.4,8.5,2005-07-06,283.75
47.4,8.5,2005-07-07,284.15
47.4,8.5,2005-07-08,282.95
47.4,8.5,2005-07-09,283.25
47.4,8.5,2005-07-10,285.55
47.4,8.5,2005-07-11,287.15
47.4,8.5,2005-07-12,285.55
47.4,8.5,2005-07-13,287.55
47.4,8.5,2005-07-14,286.75
47.4,8.5,2005-07-15,289.05
47.4,8.5,2005-07-16,288.15
47.4,8.5,2005-07-17,288.75
47.4,8.5,2005-07-18,290.25
47.4,8.5,2005-07-19,288.65
47.4,8.5,2005-07-20,286.45
47.4,8.5,2005-07-21,287.35
47.4,8.5,2005-07-22,285.35
47.4,8.5,2005-07-23,285.05
47.4,8.5,2005-07-24,287.85
47.4,8.5,2005-07-25,289.05
47.4,8.5,2005-07-26,290.15
47.4,8.5,2005-07-27,289.95
47.4,8.5,2005-07-28,291.55
47.4,8.5,2005-07-29,291.35
47.4,8.5,2005-07-30,287.85
47.4,8.5,2005-07-31,287.15
47.4,8.5,2005-08-01,285.75
47.4,8.5,2005-08-02,287.75
47.4,8.5,2005-08-03,286.05
47.4,8.5,2005-08-04,285.05
47.4,8.5,2005-08-05,285.65
47.4,8.5,2005-08-06,287.45
47.4,8.5,2005-08-07,282.95
47.4,8.5,2005-08-08,280.65
47.4,8.5,2005-08-09,283.45
47.4,8.5,2005-08-10,284.15
47.4,8.5,2005-08-11,284.55
47.4,8.5,2005-08-12,285.65
47.4,8.5,2005-08-13,287.05
47.4,8.5,2005-08-14,283.55
47.4,8.5,2005-08-15,282.65
47.4,8.5,2005-08-16,283.95
47.4,8.5,2005-08-17,283.15
47.4,8.5,2005-08-18,285.35
47.4,8.5,2005-08-19,287.65
47.4,8.5,2005-08-20,286.95
47.4,8.5,2005-08-21,286.45
47.4,8.5,2005-08-22,287.95
47.4,8.5,2005-08-23,287.05
47.4,8.5,2005-08-24,285.65
47.4,8.5,2005-08-25,286.65
47.4,8.5,2005-08-26,286.35
47.4,8.5,2005-08-27,285.35
47.4,8.5,2005-08-28,286.35
47.4,8.5,2005-08-29,285.85
47.4,8.5,2005-08-30,288.65
47.4,8.5,2005-08-31,289.35
47.4,8.5,2005-09-01,289.05
47.4,8.5,2005-09-02,289.55
47.4,8.5,2005-09-03,288.05
47.4,8.5,2005-09-04,287.05
47.4,8.5,2005-09-05,287.35
47.4,8.5,2005-09-06,288.85
47.4,8.5,2005-09-07,288.05
47.4,8.5,2005-09-08,289.85
47.4,8.5,2005-09-09,289.55
47.4,8.5,2005-09-10,288.05
47.4,8.5,2005-09-11,285.65
47.4,8.5,2005-09-12,285.65
47.4,8.5,2005-09-13,286.35
47.4,8.5,2005-09-14,286.75
47.4,8.5,2005-09-15,285.35
47.4,8.5,2005-09-16,283.85
47.4,8.5,2005-09-17,281.45
47.4,8.5,2005-09-18,280.45
47.4,8.5,2005-09-19,280.75
47.4,8.5,2005-09-20,281.35
47.4,8.5,2005-09-21,279.05
47.4,8.5,2005-09-22,280.65
47.4,8.5,2005-09-23,283.05
47.4,8.5,2005-09-24,283.85
47.4,8.5,2005-09-25,285.75
47.4,8.5,2005-09-26,284.65
47.4,8.5,2005-09-27,286.45
47.4,8.5,2005-09-28,284.75
47.4,8.5,2005-09-29,281.05
47.4,8.5,2005-09-30,279.85
47.4,8.5,2005-10-01,283.45
47.4,8.5,2005-10-02,280.85
47.4,8.5,2005-10-03,280.75
47.4,8.5,2005-10-04,282.75
47.4,8.5,2005-10-05,281.95
47.4,8.5,2005-10-06,283.25
47.4,8.5,2005-10-07,283.55
47.4,8.5,2005-10-08,283.85
47.4,8.5,2005-10-09,282.25
47.4,8.5,2005-10-10,282.45
47.4,8.5,2005-10-11,282.35
47.4,8.5,2005-10-12,281.85
47.4,8.5,2005-10-13,281.55
47.4,8.5,2005-10-14,280.85
47.4,8.5,2005-10-15,279.75
47.4,8.5,2005-10-16,278.55
47.4,8.5,2005-10-17,277.75
47.4,8.5,2005-10-18,276.35
47.4,8.5,2005-10-19,278.95
47.4,8.5,2005-10-20,281.65
47.4,8.5,2005-10-21,282.45
47.4,8.5,2005-10-22,280.35
47.4,8.5,2005-10-23,281.05
47.4,8.5,2005-10-24,279.65
47.4,8.5,2005-10-25,279.85
47.4,8.5,2005-10-26,282.35
47.4,8.5,2005-10-27,281.55
47.4,8.5,2005-10-28,282.35
47.4,8.5,2005-10-29,281.85
47.4,8.5,2005-10-30,281.05
47.4,8.5,2005-10-31,280.85
47.4,8.5,2005-11-01,282.95
47.4,8.5,2005-11-02,279.65
47.4,8.5,2005-11-03,282.25
47.4,8.5,2005-11-04,281.55
47.4,8.5,2005-11-05,279.55
47.4,8.5,2005-11-06,276.45
47.4,8.5,2005-11-07,276.15
47.4,8.5,2005-11-08,278.55
47.4,8.5,2005-11-09,277.35
47.4,8.5,2005-11-10,278.55
47.4,8.5,2005-11-11,278.75
47.4,8.5,2005-11-12,277.15
47.4,8.5,2005-11-13,275.85
47.4,8.5,2005-11-14,275.75
47.4,8.5,2005-11-15,274.15
47.4,8.5,2005-11-16,276.05
47.4,8.5,2005-11-17,272.45
47.4,8.5,2005-11-18,271.55
47.4,8.5,2005-11-19,270.05
47.4,8.5,2005-11-20,270.15
47.4,8.5,2005-11-21,272.55
47.4,8.5,2005-11-22,271.65
47.4,8.5,2005-11-23,269.75
47.4,8.5,2005-11-24,268.95
47.4,8.5,2005-11-25,269.65
47.4,8.5,2005-11-26,269.25
47.4,8.5,2005-11-27,267.45
47.4,8.5,2005-11-28,267.35
47.4,8.5,2005-11-29,271.25
47.4,8.5,2005-11-30,271.05
47.4,8.5,2005-12-01,270.75
47.4,8.5,2005-12-02,271.75
47.4,8.5,2005-12-03,272.85
47.4,8.5,2005-12-04,272.15
47.4,8.5,2005-12-05,272.75
47.4,8.5,2005-12-06,272.15
47.4,8.5,2005-12-07,271.65
47.4,8.5,2005-12-08,271.45
47.4,8.5,2005-12-09,272.15
47.4,8.5,2005-12-10,269.35
47.4,8.5,2005-12-11,267.15
47.4,8.5,2005-12-12,267.85
47.4,8.5,2005-12-13,268.85
47.4,8.5,2005-12-14,272.25
47.4,8.5,2005-12-15,270.95
47.4,8.5,2005-12-16,273.35
47.4,8.5,2005-12-17,271.05
47.4,8.5,2005-12-18,267.05
47.4,8.5,2005-12-19,270.35
47.4,8.5,2005-12-20,270.95
47.4,8.5,2005-12-21,269.45
47.4,8.5,2005-12-22,270.45
47.4,8.5,2005-12-23,272.75
47.4,8.5,2005-12-24,271.15
47.4,8.5,2005-12-25,272.65
47.4,8.5,2005-12-26,271.25
47.4,8.5,2005-12-27,267.45
47.4,8.5,2005-12-28,265.25
47.4,8.5,2005-12-29,265.35
47.4,8.5,2005-12-30,264.75
47.4,8.5,2005-12-31,271.05
47.4,8.5,2006-01-01,272.95
47.4,8.5,2006-01-02,271.75
47.4,8.5,2006-01-03,268.95
47.4,8.5,2006-01-04,268.85
47.4,8.5,2006-01-05,269.05
47.4,8.5,2006-01-06,270.45
47.4,8.5,2006-01-07,270.85
47.4,8.5,2006-01-08,270.85
47.4,8.5,2006-01-09,269.15
47.4,8.5,2006-01-10,269.15
47.4,8.5,2006-01-11,268.35
47.4,8.5,2006-01-12,270.45
47.4,8.5,2006-01-13,270.45
47.4,8.5,2006-01-14,267.95
47.4,8.5,2006-01-15,266.55
47.4,8.5,2006-01-16,267.15
47.4,8.5,2006-01-17,270.85
47.4,8.5,2006-01-18,274.15
47.4,8.5,2006-01-19,273.85
47.4,8.5,2006-01-20,272.95
47.4,8.5,2006-01-21,272.05
47.4,8.5,2006-01-22,271.85
47.4,8.5,2006-01-23,266.75
47.4,8.5,2006-01-24,265.15
47.4,8.5,2006-01-25,267.35
47.4,8.5,2006-01-26,268.65
47.4,8.5,2006-01-27,268.35
47.4,8.5,2006-01-28,269.55
47.4,8.5,2006-01-29,271.15
47.4,8.5,2006-01-30,270.35
47.4,8.5,2006-01-31,270.75
47.4,8.5,2006-02-01,270.85
47.4,8.5,2006-02-02,268.85
47.4,8.5,2006-02-03,268.35
47.4,8.5,2006-02-04,267.95
47.4,8.5,2006-02-05,268.15
47.4,8.5,2006-02-06,271.55
47.4,8.5,2006-02-07,270.95
47.4,8.5,2006-02-08,270.25
47.4,8.5,2006-02-09,271.15
47.4,8.5,2006-02-10,270.75
47.4,8.5,2006-02-11,269.25
47.4,8.5,2006-02-12,268.75
47.4,8.5,2006-02-13,268.15
47.4,8.5,2006-02-14,272.15
47.4,8.5,2006-02-15,272.25
47.4,8.5,2006-02-16,274.05
47.4,8.5,2006-02-17,272.95
47.4,8.5,2006-02-18,273.15
47.4,8.5,2006-02-19,270.75
47.4,8.5,2006-02-20,272.05
47.4,8.5,2006-02-21,272.35
47.4,8.5,2006-02-22,271.95
47.4,8.5,2006-02-23,271.15
47.4,8.5,2006-02-24,270.35
47.4,8.5,2006-02-25,271.95
47.4,8.5,2006-02-26,269.35
47.4,8.5,2006-02-27,267.55
47.4,8.5,2006-02-28,268.25
47.4,8.5,2006-03-01,267.65
47.4,8.5,2006-03-02,268.85
47.4,8.5,2006-03-03,269.55
47.4,8.5,2006-03-04,270.95
47.4,8.5,2006-03-05,267.15
47.4,8.5,2006-03-06,266.15
47.4,8.5,2006-03-07,269.05
47.4,8.5,2006-03-08,268.15
47.4,8.5,2006-03-09,274.75
47.4,8.5,2006-03-10,270.45
47.4,8.5,2006-03-11,269.95
47.4,8.5,2006-03-12,266.75
47.4,8.5,2006-03-13,265.35
47.4,8.5,2006-03-14,264.85
47.4,8.5,2006-03-15,268.65
47.4,8.5,2006-03-16,268.85
47.4,8.5,2006-03-17,269.05
47.4,8.5,2006-03-18,267.95
47.4,8.5,2006-03-19,272.05
47.4,8.5,2006-03-20,273.45
47.4,8.5,2006-03-21,275.65
47.4,8.5,2006-03-22,275.95
47.4,8.5,2006-03-23,273.55
47.4,8.5,2006-03-24,273.55
47.4,8.5,2006-03-25,275.95
47.4,8.5,2006-03-26,280.65
47.4,8.5,2006-03-27,277.45
47.4,8.5,2006-03-28,277.95
47.4,8.5,2006-03-29,275.65
47.4,8.5,2006-03-30,273.65
47.4,8.5,2006-03-31,279.35
47.4,8.5,2006-04-01,277.35
47.4,8.5,2006-04-02,275.35
47.4,8.5,2006-04-03,276.65
47.4,8.5,2006-04-04,274.15
47.4,8.5,2006-04-05,273.65
47.4,8.5,2006-04-06,271.75
47.4,8.5,2006-04-07,272.35
47.4,8.5,2006-04-08,272.85
47.4,8.5,2006-04-09,275.85
47.4,8.5,2006-04-10,274.15
47.4,8.5,2006-04-11,272.55
47.4,8.5,2006-04-12,272.25
47.4,8.5,2006-04-13,272.25
47.4,8.5,2006-04-14,278.55
47.4,8.5,2006-04-15,276.85
47.4,8.5,2006-04-16,279.95
47.4,8.5,2006-04-17,276.15
47.4,8.5,2006-04-18,277.65
47.4,8.5,2006-04-19,278.35
47.4,8.5,2006-04-20,277.55
47.4,8.5,2006-04-21,278.35
47.4,8.5,2006-04-22,276.75
47.4,8.5,2006-04-23,277.35
47.4,8.5,2006-04-24,278.75
47.4,8.5,2006-04-25,282.05
47.4,8.5,2006-04-26,279.35
47.4,8.5,2006-04-27,281.15
47.4,8.5,2006-04-28,281.55
47.4,8.5,2006-04-29,276.45
47.4,8.5,2006-04-30,273.45
47.4,8.5,2006-05-01,275.15
47.4,8.5,2006-05-02,279.45
47.4,8.5,2006-05-03,280.55
47.4,8.5,2006-05-04,281.75
47.4,8.5,2006-05-05,281.75
47.4,8.5,2006-05-06,282.05
47.4,8.5,2006-05-07,281.65
47.4,8.5,2006-05-08,281.85
47.4,8.5,2006-05-09,278.75
47.4,8.5,2006-05-10,278.65
47.4,8.5,2006-05-11,278.95
47.4,8.5,2006-05-12,280.25
47.4,8.5,2006-05-13,283.95
47.4,8.5,2006-05-14,282.95
47.4,8.5,2006-05-15,281.95
47.4,8.5,2006-05-16,284.05
47.4,8.5,2006-05-17,286.75
47.4,8.5,2006-05-18,284.95
47.4,8.5,2006-05-19,282.45
47.4,8.5,2006-05-20,280.75
47.4,8.5,2006-05-21,283.85
47.4,8.5,2006-05-22,281.25
47.4,8.5,2006-05-23,281.45
47.4,8.5,2006-05-24,280.75
47.4,8.5,2006-05-25,279.75
47.4,8.5,2006-05-26,284.45
47.4,8.5,2006-05-27,286.85
47.4,8.5,2006-05-28,285.15
47.4,8.5,2006-05-29,280.35
47.4,8.5,2006-05-30,277.25
47.4,8.5,2006-05-31,276.45
47.4,8.5,2006-06-01,277.05
47.4,8.5,2006-06-02,277.15
47.4,8.5,2006-06-03,278.45
47.4,8.5,2006-06-04,281.05
47.4,8.5,2006-06-05,279.75
47.4,8.5,2006-06-06,280.35
47.4,8.5,2006-06-07,278.35
47.4,8.5,2006-06-08,280.15
47.4,8.5,2006-06-09,280.35
47.4,8.5,2006-06-10,283.15
47.4,8.5,2006-06-11,283.35
47.4,8.5,2006-06-12,284.05
47.4,8.5,2006-06-13,285.05
47.4,8.5,2006-06-14,285.85
47.4,8.5,2006-06-15,288.05
47.4,8.5,2006-06-16,286.75
47.4,8.5,2006-06-17,287.95
47.4,8.5,2006-06-18,288.75
47.4,8.5,2006-06-19,287.25
47.4,8.5,2006-06-20,289.45
47.4,8.5,2006-06-21,290.15
47.4,8.5,2006-06-22,287.55
47.4,8.5,2006-06-23,288.65
47.4,8.5,2006-06-24,287.85
47.4,8.5,2006-06-25,290.05
47.4,8.5,2006-06-26,289.05
47.4,8.5,2006-06-27,290.05
47.4,8.5,2006-06-28,289.25
47.4,8.5,2006-06-29,288.35
47.4,8.5,2006-06-30,287.45
47.4,8.5,2006-07-01,285.55
47.4,8.5,2006-07-02,285.75
47.4,8.5,2006-07-03,286.55
47.4,8.5,2006-07-04,291.15
47.4,8.5,2006-07-05,291.65
47.4,8.5,2006-07-06,289.95
47.4,8.5,2006-07-07,288.65
47.4,8.5,2006-07-08,288.55
47.4,8.5,2006-07-09,288.15
47.4,8.5,2006-07-10,289.75
47.4,8.5,2006-07-11,290.65
47.4,8.5,2006-07-12,292.85
47.4,8.5,2006-07-13,291.95
47.4,8.5,2006-07-14,289.95
47.4,8.5,2006-07-15,290.65
47.4,8.5,2006-07-16,287.15
47.4,8.5,2006-07-17,287.25
47.4,8.5,2006-07-18,289.15
47.4,8.5,2006-07-19,289.15
47.4,8.5,2006-07-20,291.45
47.4,8.5,2006-07-21,294.05
47.4,8.5,2006-07-22,293.65
47.4,8.5,2006-07-23,294.55
47.4,8.5,2006-07-24,292.05
47.4,8.5,2006-07-25,293.45
47.4,8.5,2006-07-26,295.05
47.4,8.5,2006-07-27,293.55
47.4,8.5,2006-07-28,293.45
47.4,8.5,2006-07-29,290.85
47.4,8.5,2006-07-30,290.95
47.4,8.5,2006-07-31,291.35
47.4,8.5,2006-08-01,289.15
47.4,8.5,2006-08-02,287.35
47.4,8.5,2006-08-03,285.35
47.4,8.5,2006-08-04,284.05
47.4,8.5,2006-08-05,286.45
47.4,8.5,2006-08-06,285.85
47.4,8.5,2006-08-07,287.25
47.4,8.5,2006-08-08,287.35
47.4,8.5,2006-08-09,286.65
47.4,8.5,2006-08-10,284.05
47.4,8.5,2006-08-11,284.25
47.4,8.5,2006-08-12,283.35
47.4,8.5,2006-08-13,283.15
47.4,8.5,2006-08-14,280.75
47.4,8.5,2006-08-15,282.65
47.4,8.5,2006-08-16,286.15
47.4,8.5,2006-08-17,287.65
47.4,8.5,2006-08-18,288.65
47.4,8.5,2006-08-19,288.45
47.4,8.5,2006-08-20,287.05
47.4,8.5,2006-08-21,285.25
47.4,8.5,2006-08-22,286.65
47.4,8.5,2006-08-23,285.25
47.4,8.5,2006-08-24,284.95
47.4,8.5,2006-08-25,283.85
47.4,8.5,2006-08-26,285.35
47.4,8.5,2006-08-27,285.05
47.4,8.5,2006-08-28,284.35
47.4,8.5,2006-08-29,282.35
47.4,8.5,2006-08-30,281.75
47.4,8.5,2006-08-31,280.25
47.4,8.5,2006-09-01,283.65
47.4,8.5,2006-09-02,287.85
47.4,8.5,2006-09-03,287.75
47.4,8.5,2006-09-04,290.05
47.4,8.5,2006-09-05,288.75
47.4,8.5,2006-09-06,287.65
47.4,8.5,2006-09-07,288.45
47.4,8.5,2006-09-08,285.65
47.4,8.5,2006-09-09,282.45
47.4,8.5,2006-09-10,286.05
47.4,8.5,2006-09-11,287.75
47.4,8.5,2006-09-12,286.55
47.4,8.5,2006-09-13,287.95
47.4,8.5,2006-09-14,286.95
47.4,8.5,2006-09-15,288.05
47.4,8.5,2006-09-16,287.25
47.4,8.5,2006-09-17,288.05
47.4,8.5,2006-09-18,285.45
47.4,8.5,2006-09-19,284.85
47.4,8.5,2006-09-20,285.75
47.4,8.5,2006-09-21,285.75
47.4,8.5,2006-09-22,286.45
47.4,8.5,2006-09-23,286.65
47.4,8.5,2006-09-24,287.95
47.4,8.5,2006-09-25,285.65
47.4,8.5,2006-09-26,285.35
47.4,8.5,2006-09-27,285.25
47.4,8.5,2006-09-28,283.35
47.4,8.5,2006-09-29,285.15
47.4,8.5,2006-09-30,285.75
47.4,8.5,2006-10-01,287.45
47.4,8.5,2006-10-02,286.55
47.4,8.5,2006-10-03,284.15
47.4,8.5,2006-10-04,281.65
47.4,8.5,2006-10-05,279.75
47.4,8.5,2006-10-06,280.55
47.4,8.5,2006-10-07,283.05
47.4,8.5,2006-10-08,278.75
47.4,8.5,2006-10-09,281.75
47.4,8.5,2006-10-10,283.45
47.4,8.5,2006-10-11,283.65
47.4,8.5,2006-10-12,284.35
47.4,8.5,2006-10-13,283.15
47.4,8.5,2006-10-14,283.35
47.4,8.5,2006-10-15,281.65
47.4,8.5,2006-10-16,279.85
47.4,8.5,2006-10-17,278.65
47.4,8.5,2006-10-18,281.95
47.4,8.5,2006-10-19,282.85
47.4,8.5,2006-10-20,283.65
47.4,8.5,2006-10-21,283.45
47.4,8.5,2006-10-22,283.35
47.4,8.5,2006-10-23,284.85
47.4,8.5,2006-10-24,281.95
47.4,8.5,2006-10-25,280.65
47.4,8.5,2006-10-26,282.75
47.4,8.5,2006-10-27,281.65
47.4,8.5,2006-10-28,282.85
47.4,8.5,2006-10-29,284.35
47.4,8.5,2006-10-30,280.95
47.4,8.5,2006-10-31,280.35
47.4,8.5,2006-11-01,275.45
47.4,8.5,2006-11-02,272.65
47.4,8.5,2006-11-03,273.75
47.4,8.5,2006-11-04,274.55
47.4,8.5,2006-11-05,274.75
47.4,8.5,2006-11-06,272.95
47.4,8.5,2006-11-07,276.25
47.4,8.5,2006-11-08,275.85
47.4,8.5,2006-11-09,278.75
47.4,8.5,2006-11-10,275.55
47.4,8.5,2006-11-11,274.65
47.4,8.5,2006-11-12,278.65
47.4,8.5,2006-11-13,278.25
47.4,8.5,2006-11-14,279.05
47.4,8.5,2006-11-15,278.75
47.4,8.5,2006-11-16,279.95
47.4,8.5,2006-11-17,281.85
47.4,8.5,2006-11-18,280.35
47.4,8.5,2006-11-19,277.85
47.4,8.5,2006-11-20,276.55
47.4,8.5,2006-11-21,276.75
47.4,8.5,2006-11-22,275.05
47.4,8.5,2006-11-23,276.15
47.4,8.5,2006-11-24,278.35
47.4,8.5,2006-11-25,279.45
47.4,8.5,2006-11-26,279.65
47.4,8.5,2006-11-27,277.95
47.4,8.5,2006-11-28,277.55
47.4,8.5,2006-11-29,278.25
47.4,8.5,2006-11-30,278.35
47.4,8.5,2006-12-01,275.45
47.4,8.5,2006-12-02,274.55
47.4,8.5,2006-12-03,278.25
47.4,8.5,2006-12-04,279.95
47.4,8.5,2006-12-05,280.65
47.4,8.5,2006-12-06,276.95
47.4,8.5,2006-12-07,275.55
47.4,8.5,2006-12-08,276.15
47.4,8.5,2006-12-09,275.35
47.4,8.5,2006-12-10,272.75
47.4,8.5,2006-12-11,271.95
47.4,8.5,2006-12-12,274.45
47.4,8.5,2006-12-13,274.65
47.4,8.5,2006-12-14,274.35
47.4,8.5,2006-12-15,273.75
47.4,8.5,2006-12-16,273.65
47.4,8.5,2006-12-17,275.25
47.4,8.5,2006-12-18,272.75
47.4,8.5,2006-12-19,272.05
47.4,8.5,2006-12-20,271.05
47.4,8.5,2006-12-21,271.15
47.4,8.5,2006-12-22,270.05
47.4,8.5,2006-12-23,269.85
47.4,8.5,2006-12-24,270.85
47.4,8.5,2006-12-25,270.75
47.4,8.5,2006-12-26,270.45
47.4,8.5,2006-12-27,271.45
47.4,8.5,2006-12-28,271.45
47.4,8.5,2006-12-29,273.25
47.4,8.5,2006-12-30,272.85
47.4,8.5,2006-12-31,275.05
47.4,8.5,2007-01-01,275.25
47.4,8.5,2007-01-02,273.95
47.4,8.5,2007-01-03,274.05
47.4,8.5,2007-01-04,274.35
47.4,8.5,2007-01-05,275.85
47.4,8.5,2007-01-06,275.05
47.4,8.5,2007-01-07,274.25
47.4,8.5,2007-01-08,273.45
47.4,8.5,2007-01-09,276.95
47.4,8.5,2007-01-10,276.95
47.4,8.5,2007-01-11,280.15
47.4,8.5,2007-01-12,275.75
47.4,8.5,2007-01-13,274.65
47.4,8.5,2007-01-14,275.15
47.4,8.5,2007-01-15,273.95
47.4,8.5,2007-01-16,274.95
47.4,8.5,2007-01-17,275.25
47.4,8.5,2007-01-18,277.05
47.4,8.5,2007-01-19,283.15
47.4,8.5,2007-01-20,279.75
47.4,8.5,2007-01-21,275.85
47.4,8.5,2007-01-22,274.65
47.4,8.5,2007-01-23,271.45
47.4,8.5,2007-01-24,265.05
47.4,8.5,2007-01-25,264.95
47.4,8.5,2007-01-26,264.65
47.4,8.5,2007-01-27,265.55
47.4,8.5,2007-01-28,270.75
47.4,8.5,2007-01-29,269.95
47.4,8.5,2007-01-30,272.65
47.4,8.5,2007-01-31,272.15
47.4,8.5,2007-02-01,272.75
47.4,8.5,2007-02-02,271.95
47.4,8.5,2007-02-03,274.05
47.4,8.5,2007-02-04,272.95
47.4,8.5,2007-02-05,271.25
47.4,8.5,2007-02-06,272.45
47.4,8.5,2007-02-07,272.95
47.4,8.5,2007-02-08,272.85
47.4,8.5,2007-02-09,272.65
47.4,8.5,2007-02-10,273.55
47.4,8.5,2007-02-11,272.65
47.4,8.5,2007-02-12,275.25
47.4,8.5,2007-02-13,274.45
47.4,8.5,2007-02-14,273.25
47.4,8.5,2007-02-15,275.85
47.4,8.5,2007-02-16,272.05
47.4,8.5,2007-02-17,272.45
47.4,8.5,2007-02-18,274.55
47.4,8.5,2007-02-19,276.15
47.4,8.5,2007-02-20,274.55
47.4,8.5,2007-02-21,274.85
47.4,8.5,2007-02-22,275.75
47.4,8.5,2007-02-23,274.75
47.4,8.5,2007-02-24,273.55
47.4,8.5,2007-02-25,273.85
47.4,8.5,2007-02-26,275.25
47.4,8.5,2007-02-27,275.45
47.4,8.5,2007-02-28,280.25
47.4,8.5,2007-03-01,278.45
47.4,8.5,2007-03-02,275.75
47.4,8.5,2007-03-03,277.55
47.4,8.5,2007-03-04,275.35
47.4,8.5,2007-03-05,274.25
47.4,8.5,2007-03-06,274.05
47.4,8.5,2007-03-07,277.85
47.4,8.5,2007-03-08,276.55
47.4,8.5,2007-03-09,274.75
47.4,8.5,2007-03-10,273.15
47.4,8.5,2007-03-11,271.65
47.4,8.5,2007-03-12,274.65
47.4,8.5,2007-03-13,275.65
47.4,8.5,2007-03-14,275.35
47.4,8.5,2007-03-15,276.55
47.4,8.5,2007-03-16,276.05
47.4,8.5,2007-03-17,274.45
47.4,8.5,2007-03-18,275.05
47.4,8.5,2007-03-19,272.85
47.4,8.5,2007-03-20,271.85
47.4,8.5,2007-03-21,270.85
47.4,8.5,2007-03-22,269.95
47.4,8.5,2007-03-23,273.05
47.4,8.5,2007-03-24,270.85
47.4,8.5,2007-03-25,271.05
47.4,8.5,2007-03-26,273.95
47.4,8.5,2007-03-27,275.45
47.4,8.5,2007-03-28,274.45
47.4,8.5,2007-03-29,274.55
47.4,8.5,2007-03-30,274.95
47.4,8.5,2007-03-31,274.15
47.4,8.5,2007-04-01,274.45
47.4,8.5,2007-04-02,277.15
47.4,8.5,2007-04-03,277.35
47.4,8.5,2007-04-04,274.95
47.4,8.5,2007-04-05,274.05
47.4,8.5,2007-04-06,275.45
47.4,8.5,2007-04-07,277.75
47.4,8.5,2007-04-08,278.15
47.4,8.5,2007-04-09,276.85
47.4,8.5,2007-04-10,276.95
47.4,8.5,2007-04-11,278.35
47.4,8.5,2007-04-12,280.45
47.4,8.5,2007-04-13,281.85
47.4,8.5,2007-04-14,281.05
47.4,8.5,2007-04-15,282.85
47.4,8.5,2007-04-16,282.55
47.4,8.5,2007-04-17,281.75
47.4,8.5,2007-04-18,282.55
47.4,8.5,2007-04-19,278.75
47.4,8.5,2007-04-20,279.55
47.4,8.5,2007-04-21,279.05
47.4,8.5,2007-04-22,280.65
47.4,8.5,2007-04-23,280.15
47.4,8.5,2007-04-24,281.15
47.4,8.5,2007-04-25,284.05
47.4,8.5,2007-04-26,283.15
47.4,8.5,2007-04-27,282.15
47.4,8.5,2007-04-28,281.95
47.4,8.5,2007-04-29,283.05
47.4,8.5,2007-04-30,283.35
47.4,8.5,2007-05-01,281.15
47.4,8.5,2007-05-02,280.65
47.4,8.5,2007-05-03,279.75
47.4,8.5,2007-05-04,282.85
47.4,8.5,2007-05-05,283.05
47.4,8.5,2007-05-06,281.55
47.4,8.5,2007-05-07,280.15
47.4,8.5,2007-05-08,285.05
47.4,8.5,2007-05-09,283.95
47.4,8.5,2007-05-10,280.25
47.4,8.5,2007-05-11,283.05
47.4,8.5,2007-05-12,283.95
47.4,8.5,2007-05-13,284.35
47.4,8.5,2007-05-14,281.35
47.4,8.5,2007-05-15,279.25
47.4,8.5,2007-05-16,276.95
47.4,8.5,2007-05-17,281.45
47.4,8.5,2007-05-18,279.85
47.4,8.5,2007-05-19,282.15
47.4,8.5,2007-05-20,285.15
47.4,8.5,2007-05-21,287.35
47.4,8.5,2007-05-22,285.85
47.4,8.5,2007-05-23,287.25
47.4,8.5,2007-05-24,286.75
47.4,8.5,2007-05-25,286.55
47.4,8.5,2007-05-26,287.75
47.4,8.5,2007-05-27,286.05
47.4,8.5,2007-05-28,279.55
47.4,8.5,2007-05-29,279.65
47.4,8.5,2007-05-30,277.35
47.4,8.5,2007-05-31,281.75
47.4,8.5,2007-06-01,283.15
47.4,8.5,2007-06-02,282.75
47.4,8.5,2007-06-03,284.05
47.4,8.5,2007-06-04,286.25
47.4,8.5,2007-06-05,285.25
47.4,8.5,2007-06-06,286.15
47.4,8.5,2007-06-07,287.75
47.4,8.5,2007-06-08,286.85
47.4,8.5,2007-06-09,287.15
47.4,8.5,2007-06-10,286.45
47.4,8.5,2007-06-11,288.55
47.4,8.5,2007-06-12,288.45
47.4,8.5,2007-06-13,287.45
47.4,8.5,2007-06-14,288.05
47.4,8.5,2007-06-15,284.25
47.4,8.5,2007-06-16,283.25
47.4,8.5,2007-06-17,285.65
47.4,8.5,2007-06-18,288.75
47.4,8.5,2007-06-19,288.75
47.4,8.5,2007-06-20,288.75
47.4,8.5,2007-06-21,289.35
47.4,8.5,2007-06-22,285.65
47.4,8.5,2007-06-23,285.35
47.4,8.5,2007-06-24,286.35
47.4,8.5,2007-06-25,285.65
47.4,8.5,2007-06-26,284.05
47.4,8.5,2007-06-27,282.95
47.4,8.5,2007-06-28,283.45
47.4,8.5,2007-06-29,284.65
47.4,8.5,2007-06-30,285.75
47.4,8.5,2007-07-01,287.85
47.4,8.5,2007-07-02,287.25
47.4,8.5,2007-07-03,284.95
47.4,8.5,2007-07-04,284.05
47.4,8.5,2007-07-05,283.05
47.4,8.5,2007-07-06,283.65
47.4,8.5,2007-07-07,285.65
47.4,8.5,2007-07-08,286.05
47.4,8.5,2007-07-09,283.65
47.4,8.5,2007-07-10,282.65
47.4,8.5,2007-07-11,282.85
47.4,8.5,2007-07-12,284.45
47.4,8.5,2007-07-13,285.65
47.4,8.5,2007-07-14,287.65
47.4,8.5,2007-07-15,290.15
47.4,8.5,2007-07-16,292.25
47.4,8.5,2007-07-17,290.65
47.4,8.5,2007-07-18,290.75
47.4,8.5,2007-07-19,291.15
47.4,8.5,2007-07-20,290.75
47.4,8.5,2007-07-21,288.05
47.4,8.5,2007-07-22,286.55
47.4,8.5,2007-07-23,285.85
47.4,8.5,2007-07-24,285.65
47.4,8.5,2007-07-25,284.45
47.4,8.5,2007-07-26,287.35
47.4,8.5,2007-07-27,288.65
47.4,8.5,2007-07-28,287.05
47.4,8.5,2007-07-29,288.45
47.4,8.5,2007-07-30,283.65
47.4,8.5,2007-07-31,281.95
47.4,8.5,2007-08-01,282.45
47.4,8.5,2007-08-02,288.25
47.4,8.5,2007-08-03,286.85
47.4,8.5,2007-08-04,285.05
47.4,8.5,2007-08-05,285.55
47.4,8.5,2007-08-06,289.85
47.4,8.5,2007-08-07,289.35
47.4,8.5,2007-08-08,285.55
47.4,8.5,2007-08-09,284.55
47.4,8.5,2007-08-10,284.55
47.4,8.5,2007-08-11,286.85
47.4,8.5,2007-08-12,285.95
47.4,8.5,2007-08-13,287.55
47.4,8.5,2007-08-14,289.25
47.4,8.5,2007-08-15,290.05
47.4,8.5,2007-08-16,288.55
47.4,8.5,2007-08-17,287.05
47.4,8.5,2007-08-18,284.25
47.4,8.5,2007-08-19,285.85
47.4,8.5,2007-08-20,285.75
47.4,8.5,2007-08-21,284.45
47.4,8.5,2007-08-22,283.05
47.4,8.5,2007-08-23,284.85
47.4,8.5,2007-08-24,286.95
47.4,8.5,2007-08-25,287.85
47.4,8.5,2007-08-26,288.45
47.4,8.5,2007-08-27,289.05
47.4,8.5,2007-08-28,287.55
47.4,8.5,2007-08-29,287.65
47.4,8.5,2007-08-30,284.55
47.4,8.5,2007-08-31,282.85
47.4,8.5,2007-09-01,284.75
47.4,8.5,2007-09-02,284.95
47.4,8.5,2007-09-03,283.95
47.4,8.5,2007-09-04,280.45
47.4,8.5,2007-09-05,279.65
47.4,8.5,2007-09-06,280.05
47.4,8.5,2007-09-07,283.45
47.4,8.5,2007-09-08,282.25
47.4,8.5,2007-09-09,283.95
47.4,8.5,2007-09-10,282.55
47.4,8.5,2007-09-11,282.95
47.4,8.5,2007-09-12,280.25
47.4,8.5,2007-09-13,281.75
47.4,8.5,2007-09-14,283.95
47.4,8.5,2007-09-15,285.85
47.4,8.5,2007-09-16,284.95
47.4,8.5,2007-09-17,285.65
47.4,8.5,2007-09-18,280.75
47.4,8.5,2007-09-19,279.55
47.4,8.5,2007-09-20,280.35
47.4,8.5,2007-09-21,282.85
47.4,8.5,2007-09-22,285.05
47.4,8.5,2007-09-23,284.95
47.4,8.5,2007-09-24,285.85
47.4,8.5,2007-09-25,281.35
47.4,8.5,2007-09-26,280.55
47.4,8.5,2007-09-27,279.85
47.4,8.5,2007-09-28,279.05
47.4,8.5,2007-09-29,280.65
47.4,8.5,2007-09-30,284.15
47.4,8.5,2007-10-01,283.35
47.4,8.5,2007-10-02,284.85
47.4,8.5,2007-10-03,285.15
47.4,8.5,2007-10-04,288.25
47.4,8.5,2007-10-05,285.75
47.4,8.5,2007-10-06,283.45
47.4,8.5,2007-10-07,281.65
47.4,8.5,2007-10-08,281.45
47.4,8.5,2007-10-09,281.05
47.4,8.5,2007-10-10,279.95
47.4,8.5,2007-10-11,278.25
47.4,8.5,2007-10-12,278.25
47.4,8.5,2007-10-13,279.55
47.4,8.5,2007-10-14,279.25
47.4,8.5,2007-10-15,279.95
47.4,8.5,2007-10-16,280.55
47.4,8.5,2007-10-17,280.35
47.4,8.5,2007-10-18,279.15
47.4,8.5,2007-10-19,275.45
47.4,8.5,2007-10-20,273.95
47.4,8.5,2007-10-21,272.05
47.4,8.5,2007-10-22,272.85
47.4,8.5,2007-10-23,274.45
47.4,8.5,2007-10-24,276.35
47.4,8.5,2007-10-25,276.95
47.4,8.5,2007-10-26,276.65
47.4,8.5,2007-10-27,277.05
47.4,8.5,2007-10-28,276.45
47.4,8.5,2007-10-29,277.55
47.4,8.5,2007-10-30,278.35
47.4,8.5,2007-10-31,276.05
47.4,8.5,2007-11-01,273.95
47.4,8.5,2007-11-02,275.25
47.4,8.5,2007-11-03,277.05
47.4,8.5,2007-11-04,279.25
47.4,8.5,2007-11-05,275.65
47.4,8.5,2007-11-06,274.45
47.4,8.5,2007-11-07,274.05
47.4,8.5,2007-11-08,278.15
47.4,8.5,2007-11-09,274.45
47.4,8.5,2007-11-10,274.35
47.4,8.5,2007-11-11,278.35
47.4,8.5,2007-11-12,271.35
47.4,8.5,2007-11-13,271.05
47.4,8.5,2007-11-14,271.65
47.4,8.5,2007-11-15,269.75
47.4,8.5,2007-11-16,268.85
47.4,8.5,2007-11-17,267.05
47.4,8.5,2007-11-18,268.95
47.4,8.5,2007-11-19,271.15
47.4,8.5,2007-11-20,274.65
47.4,8.5,2007-11-21,276.35
47.4,8.5,2007-11-22,277.45
47.4,8.5,2007-11-23,277.65
47.4,8.5,2007-11-24,277.25
47.4,8.5,2007-11-25,275.95
47.4,8.5,2007-11-26,272.35
47.4,8.5,2007-11-27,270.55
47.4,8.5,2007-11-28,270.15
47.4,8.5,2007-11-29,272.85
47.4,8.5,2007-11-30,273.35
47.4,8.5,2007-12-01,272.95
47.4,8.5,2007-12-02,275.55
47.4,8.5,2007-12-03,276.25
47.4,8.5,2007-12-04,275.15
47.4,8.5,2007-12-05,275.35
47.4,8.5,2007-12-06,277.95
47.4,8.5,2007-12-07,277.65
47.4,8.5,2007-12-08,274.95
47.4,8.5,2007-12-09,274.25
47.4,8.5,2007-12-10,274.05
47.4,8.5,2007-12-11,274.25
47.4,8.5,2007-12-12,273.95
47.4,8.5,2007-12-13,274.55
47.4,8.5,2007-12-14,271.25
47.4,8.5,2007-12-15,269.85
47.4,8.5,2007-12-16,269.75
47.4,8.5,2007-12-17,269.55
47.4,8.5,2007-12-18,268.35
47.4,8.5,2007-12-19,269.05
47.4,8.5,2007-12-20,268.85
47.4,8.5,2007-12-21,268.25
47.4,8.5,2007-12-22,271.05
47.4,8.5,2007-12-23,270.35
47.4,8.5,2007-12-24,267.75
47.4,8.5,2007-12-25,269.95
47.4,8.5,2007-12-26,271.15
47.4,8.5,2007-12-27,271.75
47.4,8.5,2007-12-28,271.15
47.4,8.5,2007-12-29,271.05
47.4,8.5,2007-12-30,272.75
47.4,8.5,2007-12-31,271.95
47.4,8.5,2008-01-01,269.35
47.4,8.5,2008-01-02,269.05
47.4,8.5,2008-01-03,270.55
47.4,8.5,2008-01-04,271.45
47.4,8.5,2008-01-05,272.35
47.4,8.5,2008-01-06,273.75
47.4,8.5,2008-01-07,271.95
47.4,8.5,2008-01-08,270.75
47.4,8.5,2008-01-09,271.95
47.4,8.5,2008-01-10,272.75
47.4,8.5,2008-01-11,272.85
47.4,8.5,2008-01-12,273.45
47.4,8.5,2008-01-13,271.85
47.4,8.5,2008-01-14,272.45
47.4,8.5,2008-01-15,273.75
47.4,8.5,2008-01-16,273.15
47.4,8.5,2008-01-17,271.55
47.4,8.5,2008-01-18,274.05
47.4,8.5,2008-01-19,274.95
47.4,8.5,2008-01-20,274.45
47.4,8.5,2008-01-21,273.35
47.4,8.5,2008-01-22,271.65
47.4,8.5,2008-01-23,270.75
47.4,8.5,2008-01-24,272.85
47.4,8.5,2008-01-25,273.65
47.4,8.5,2008-01-26,273.15
47.4,8.5,2008-01-27,271.35
47.4,8.5,2008-01-28,273.75
47.4,8.5,2008-01-29,273.65
47.4,8.5,2008-01-30,273.35
47.4,8.5,2008-01-31,271.45
47.4,8.5,2008-02-01,271.95
47.4,8.5,2008-02-02,270.35
47.4,8.5,2008-02-03,269.85
47.4,8.5,2008-02-04,273.65
47.4,8.5,2008-02-05,271.95
47.4,8.5,2008-02-06,273.25
47.4,8.5,2008-02-07,271.95
47.4,8.5,2008-02-08,270.75
47.4,8.5,2008-02-09,272.55
47.4,8.5,2008-02-10,271.55
47.4,8.5,2008-02-11,270.75
47.4,8.5,2008-02-12,273.15
47.4,8.5,2008-02-13,271.55
47.4,8.5,2008-02-14,272.65
47.4,8.5,2008-02-15,269.85
47.4,8.5,2008-02-16,270.35
47.4,8.5,2008-02-17,269.15
47.4,8.5,2008-02-18,268.85
47.4,8.5,2008-02-19,272.45
47.4,8.5,2008-02-20,273.15
47.4,8.5,2008-02-21,275.35
47.4,8.5,2008-02-22,273.45
47.4,8.5,2008-02-23,274.05
47.4,8.5,2008-02-24,274.85
47.4,8.5,2008-02-25,273.35
47.4,8.5,2008-02-26,272.75
47.4,8.5,2008-02-27,277.95
47.4,8.5,2008-02-28,274.95
47.4,8.5,2008-02-29,276.05
47.4,8.5,2008-03-01,280.75
47.4,8.5,2008-03-02,279.15
47.4,8.5,2008-03-03,274.45
47.4,8.5,2008-03-04,272.15
47.4,8.5,2008-03-05,266.95
47.4,8.5,2008-03-06,267.25
47.4,8.5,2008-03-07,269.45
47.4,8.5,2008-03-08,273.35
47.4,8.5,2008-03-09,274.45
47.4,8.5,2008-03-10,274.75
47.4,8.5,2008-03-11,276.55
47.4,8.5,2008-03-12,276.35
47.4,8.5,2008-03-13,275.85
47.4,8.5,2008-03-14,277.25
47.4,8.5,2008-03-15,276.45
47.4,8.5,2008-03-16,278.15
47.4,8.5,2008-03-17,274.55
47.4,8.5,2008-03-18,271.75
47.4,8.5,2008-03-19,270.85
47.4,8.5,2008-03-20,270.85
47.4,8.5,2008-03-21,272.75
47.4,8.5,2008-03-22,270.65
47.4,8.5,2008-03-23,270.65
47.4,8.5,2008-03-24,269.75
47.4,8.5,2008-03-25,270.25
47.4,8.5,2008-03-26,272.95
47.4,8.5,2008-03-27,273.95
47.4,8.5,2008-03-28,273.25
47.4,8.5,2008-03-29,277.05
47.4,8.5,2008-03-30,276.65
47.4,8.5,2008-03-31,277.95
47.4,8.5,2008-04-01,277.65
47.4,8.5,2008-04-02,277.15
47.4,8.5,2008-04-03,275.85
47.4,8.5,2008-04-04,275.55
47.4,8.5,2008-04-05,274.25
47.4,8.5,2008-04-06,274.35
47.4,8.5,2008-04-07,271.35
47.4,8.5,2008-04-08,270.55
47.4,8.5,2008-04-09,275.25
47.4,8.5,2008-04-10,277.15
47.4,8.5,2008-04-11,276.55
47.4,8.5,2008-04-12,274.35
47.4,8.5,2008-04-13,273.95
47.4,8.5,2008-04-14,275.45
47.4,8.5,2008-04-15,274.35
47.4,8.5,2008-04-16,272.85
47.4,8.5,2008-04-17,271.25
47.4,8.5,2008-04-18,276.75
47.4,8.5,2008-04-19,278.25
47.4,8.5,2008-04-20,277.35
47.4,8.5,2008-04-21,280.35
47.4,8.5,2008-04-22,280.35
47.4,8.5,2008-04-23,280.35
47.4,8.5,2008-04-24,277.15
47.4,8.5,2008-04-25,280.05
47.4,8.5,2008-04-26,277.15
47.4,8.5,2008-04-27,278.25
47.4,8.5,2008-04-28,280.35
47.4,8.5,2008-04-29,280.45
47.4,8.5,2008-04-30,278.65
47.4,8.5,2008-05-01,276.35
47.4,8.5,2008-05-02,278.35
47.4,8.5,2008-05-03,279.35
47.4,8.5,2008-05-04,279.25
47.4,8.5,2008-05-05,279.75
47.4,8.5,2008-05-06,278.85
47.4,8.5,2008-05-07,280.05
47.4,8.5,2008-05-08,280.35
47.4,8.5,2008-05-09,282.15
47.4,8.5,2008-05-10,282.55
47.4,8.5,2008-05-11,281.05
47.4,8.5,2008-05-12,280.85
47.4,8.5,2008-05-13,282.85
47.4,8.5,2008-05-14,281.55
47.4,8.5,2008-05-15,281.95
47.4,8.5,2008-05-16,281.85
47.4,8.5,2008-05-17,283.25
47.4,8.5,2008-05-18,282.25
47.4,8.5,2008-05-19,280.55
47.4,8.5,2008-05-20,281.85
47.4,8.5,2008-05-21,280.55
47.4,8.5,2008-05-22,280.85
47.4,8.5,2008-05-23,281.55
47.4,8.5,2008-05-24,283.55
47.4,8.5,2008-05-25,283.65
47.4,8.5,2008-05-26,286.05
47.4,8.5,2008-05-27,284.25
47.4,8.5,2008-05-28,289.45
47.4,8.5,2008-05-29,288.35
47.4,8.5,2008-05-30,287.75
47.4,8.5,2008-05-31,285.75
47.4,8.5,2008-06-01,285.45
47.4,8.5,2008-06-02,286.15
47.4,8.5,2008-06-03,284.75
47.4,8.5,2008-06-04,285.15
47.4,8.5,2008-06-05,285.65
47.4,8.5,2008-06-06,284.05
47.4,8.5,2008-06-07,283.75
47.4,8.5,2008-06-08,284.25
47.4,8.5,2008-06-09,285.15
47.4,8.5,2008-06-10,285.35
47.4,8.5,2008-06-11,286.15
47.4,8.5,2008-06-12,284.05
47.4,8.5,2008-06-13,281.75
47.4,8.5,2008-06-14,281.85
47.4,8.5,2008-06-15,282.15
47.4,8.5,2008-06-16,283.05
47.4,8.5,2008-06-17,283.35
47.4,8.5,2008-06-18,284.75
47.4,8.5,2008-06-19,283.15
47.4,8.5,2008-06-20,286.75
47.4,8.5,2008-06-21,286.75
47.4,8.5,2008-06-22,287.55
47.4,8.5,2008-06-23,288.55
47.4,8.5,2008-06-24,289.75
47.4,8.5,2008-06-25,289.95
47.4,8.5,2008-06-26,290.75
47.4,8.5,2008-06-27,288.35
47.4,8.5,2008-06-28,286.95
47.4,8.5,2008-06-29,288.25
47.4,8.5,2008-06-30,289.95
47.4,8.5,2008-07-01,289.55
47.4,8.5,2008-07-02,290.15
47.4,8.5,2008-07-03,287.25
47.4,8.5,2008-07-04,285.65
47.4,8.5,2008-07-05,284.85
47.4,8.5,2008-07-06,287.45
47.4,8.5,2008-07-07,285.75
47.4,8.5,2008-07-08,285.15
47.4,8.5,2008-07-09,284.85
47.4,8.5,2008-07-10,285.75
47.4,8.5,2008-07-11,287.15
47.4,8.5,2008-07-12,287.65
47.4,8.5,2008-07-13,285.85
47.4,8.5,2008-07-14,284.85
47.4,8.5,2008-07-15,284.35
47.4,8.5,2008-07-16,286.35
47.4,8.5,2008-07-17,287.25
47.4,8.5,2008-07-18,286.15
47.4,8.5,2008-07-19,284.65
47.4,8.5,2008-07-20,286.25
47.4,8.5,2008-07-21,283.35
47.4,8.5,2008-07-22,283.95
47.4,8.5,2008-07-23,282.65
47.4,8.5,2008-07-24,283.95
47.4,8.5,2008-07-25,285.85
47.4,8.5,2008-07-26,290.35
47.4,8.5,2008-07-27,289.95
47.4,8.5,2008-07-28,288.65
47.4,8.5,2008-07-29,290.45
47.4,8.5,2008-07-30,289.05
47.4,8.5,2008-07-31,291.45
47.4,8.5,2008-08-01,290.05
47.4,8.5,2008-08-02,289.35
47.4,8.5,2008-08-03,290.15
47.4,8.5,2008-08-04,288.55
47.4,8.5,2008-08-05,290.25
47.4,8.5,2008-08-06,288.25
47.4,8.5,2008-08-07,291.05
47.4,8.5,2008-08-08,287.15
47.4,8.5,2008-08-09,286.45
47.4,8.5,2008-08-10,286.85
47.4,8.5,2008-08-11,289.05
47.4,8.5,2008-08-12,287.95
47.4,8.5,2008-08-13,285.15
47.4,8.5,2008-08-14,286.85
47.4,8.5,2008-08-15,285.25
47.4,8.5,2008-08-16,284.25
47.4,8.5,2008-08-17,285.75
47.4,8.5,2008-08-18,284.85
47.4,8.5,2008-08-19,288.45
47.4,8.5,2008-08-20,287.75
47.4,8.5,2008-08-21,286.45
47.4,8.5,2008-08-22,287.35
47.4,8.5,2008-08-23,284.45
47.4,8.5,2008-08-24,283.05
47.4,8.5,2008-08-25,285.55
47.4,8.5,2008-08-26,287.65
47.4,8.5,2008-08-27,287.15
47.4,8.5,2008-08-28,288.45
47.4,8.5,2008-08-29,287.15
47.4,8.5,2008-08-30,286.15
47.4,8.5,2008-08-31,288.55
47.4,8.5,2008-09-01,287.95
47.4,8.5,2008-09-02,287.05
47.4,8.5,2008-09-03,288.05
47.4,8.5,2008-09-04,287.65
47.4,8.5,2008-09-05,286.25
47.4,8.5,2008-09-06,286.55
47.4,8.5,2008-09-07,285.35
47.4,8.5,2008-09-08,284.35
47.4,8.5,2008-09-09,285.95
47.4,8.5,2008-09-10,289.15
47.4,8.5,2008-09-11,288.45
47.4,8.5,2008-09-12,286.35
47.4,8.5,2008-09-13,283.45
47.4,8.5,2008-09-14,281.35
47.4,8.5,2008-09-15,279.65
47.4,8.5,2008-09-16,278.55
47.4,8.5,2008-09-17,276.55
47.4,8.5,2008-09-18,277.95
47.4,8.5,2008-09-19,282.25
47.4,8.5,2008-09-20,279.95
47.4,8.5,2008-09-21,278.35
47.4,8.5,2008-09-22,278.35
47.4,8.5,2008-09-23,278.15
47.4,8.5,2008-09-24,279.45
47.4,8.5,2008-09-25,278.25
47.4,8.5,2008-09-26,280.25
47.4,8.5,2008-09-27,277.35
47.4,8.5,2008-09-28,278.35
47.4,8.5,2008-09-29,278.75
47.4,8.5,2008-09-30,280.45
47.4,8.5,2008-10-01,282.85
47.4,8.5,2008-10-02,280.95
47.4,8.5,2008-10-03,278.25
47.4,8.5,2008-10-04,276.75
47.4,8.5,2008-10-05,273.75
47.4,8.5,2008-10-06,281.45
47.4,8.5,2008-10-07,283.05
47.4,8.5,2008-10-08,283.45
47.4,8.5,2008-10-09,284.55
47.4,8.5,2008-10-10,283.75
47.4,8.5,2008-10-11,282.75
47.4,8.5,2008-10-12,282.45
47.4,8.5,2008-10-13,283.45
47.4,8.5,2008-10-14,283.85
47.4,8.5,2008-10-15,283.75
47.4,8.5,2008-10-16,282.45
47.4,8.5,2008-10-17,276.75
47.4,8.5,2008-10-18,276.55
47.4,8.5,2008-10-19,280.55
47.4,8.5,2008-10-20,279.95
47.4,8.5,2008-10-21,281.35
47.4,8.5,2008-10-22,277.55
47.4,8.5,2008-10-23,277.65
47.4,8.5,2008-10-24,279.35
47.4,8.5,2008-10-25,277.65
47.4,8.5,2008-10-26,276.45
47.4,8.5,2008-10-27,279.25
47.4,8.5,2008-10-28,278.15
47.4,8.5,2008-10-29,274.35
47.4,8.5,2008-10-30,274.05
47.4,8.5,2008-10-31,271.05
47.4,8.5,2008-11-01,274.75
47.4,8.5,2008-11-02,278.45
47.4,8.5,2008-11-03,278.15
47.4,8.5,2008-11-04,278.85
47.4,8.5,2008-11-05,279.35
47.4,8.5,2008-11-06,279.65
47.4,8.5,2008-11-07,278.45
47.4,8.5,2008-11-08,278.85
47.4,8.5,2008-11-09,276.65
47.4,8.5,2008-11-10,276.85
47.4,8.5,2008-11-11,276.85
47.4,8.5,2008-11-12,277.85
47.4,8.5,2008-11-13,276.15
47.4,8.5,2008-11-14,275.35
47.4,8.5,2008-11-15,274.75
47.4,8.5,2008-11-16,275.65
47.4,8.5,2008-11-17,275.05
47.4,8.5,2008-11-18,274.45
47.4,8.5,2008-11-19,276.05
47.4,8.5,2008-11-20,277.75
47.4,8.5,2008-11-21,273.65
47.4,8.5,2008-11-22,271.55
47.4,8.5,2008-11-23,269.45
47.4,8.5,2008-11-24,270.65
47.4,8.5,2008-11-25,271.05
47.4,8.5,2008-11-26,269.95
47.4,8.5,2008-11-27,271.55
47.4,8.5,2008-11-28,270.65
47.4,8.5,2008-11-29,271.55
47.4,8.5,2008-11-30,273.75
47.4,8.5,2008-12-01,272.45
47.4,8.5,2008-12-02,270.05
47.4,8.5,2008-12-03,268.05
47.4,8.5,2008-12-04,272.45
47.4,8.5,2008-12-05,272.65
47.4,8.5,2008-12-06,273.55
47.4,8.5,2008-12-07,271.75
47.4,8.5,2008-12-08,271.55
47.4,8.5,2008-12-09,272.95
47.4,8.5,2008-12-10,272.25
47.4,8.5,2008-12-11,271.45
47.4,8.5,2008-12-12,270.85
47.4,8.5,2008-12-13,269.85
47.4,8.5,2008-12-14,270.15
47.4,8.5,2008-12-15,273.75
47.4,8.5,2008-12-16,271.95
47.4,8.5,2008-12-17,271.45
47.4,8.5,2008-12-18,271.05
47.4,8.5,2008-12-19,270.75
47.4,8.5,2008-12-20,274.75
47.4,8.5,2008-12-21,277.25
47.4,8.5,2008-12-22,275.35
47.4,8.5,2008-12-23,273.55
47.4,8.5,2008-12-24,272.85
47.4,8.5,2008-12-25,272.75
47.4,8.5,2008-12-26,270.75
47.4,8.5,2008-12-27,268.75
47.4,8.5,2008-12-28,268.45
47.4,8.5,2008-12-29,269.75
47.4,8.5,2008-12-30,270.35
47.4,8.5,2008-12-31,271.25
47.4,8.5,2009-01-01,269.85
47.4,8.5,2009-01-02,269.85
47.4,8.5,2009-01-03,267.25
47.4,8.5,2009-01-04,269.45
47.4,8.5,2009-01-05,266.75
47.4,8.5,2009-01-06,266.35
47.4,8.5,2009-01-07,264.05
47.4,8.5,2009-01-08,266.35
47.4,8.5,2009-01-09,267.15
47.4,8.5,2009-01-10,266.95
47.4,8.5,2009-01-11,266.25
47.4,8.5,2009-01-12,265.75
47.4,8.5,2009-01-13,266.75
47.4,8.5,2009-01-14,266.75
47.4,8.5,2009-01-15,271.25
47.4,8.5,2009-01-16,269.95
47.4,8.5,2009-01-17,270.65
47.4,8.5,2009-01-18,271.25
47.4,8.5,2009-01-19,272.05
47.4,8.5,2009-01-20,272.25
47.4,8.5,2009-01-21,271.75
47.4,8.5,2009-01-22,269.85
47.4,8.5,2009-01-23,272.05
47.4,8.5,2009-01-24,271.65
47.4,8.5,2009-01-25,272.25
47.4,8.5,2009-01-26,272.65
47.4,8.5,2009-01-27,270.85
47.4,8.5,2009-01-28,269.45
47.4,8.5,2009-01-29,270.65
47.4,8.5,2009-01-30,269.75
47.4,8.5,2009-01-31,269.45
47.4,8.5,2009-02-01,267.85
47.4,8.5,2009-02-02,270.75
47.4,8.5,2009-02-03,272.65
47.4,8.5,2009-02-04,272.65
47.4,8.5,2009-02-05,273.95
47.4,8.5,2009-02-06,273.65
47.4,8.5,2009-02-07,272.75
47.4,8.5,2009-02-08,270.95
47.4,8.5,2009-02-09,269.05
47.4,8.5,2009-02-10,273.15
47.4,8.5,2009-02-11,269.05
47.4,8.5,2009-02-12,268.35
47.4,8.5,2009-02-13,265.95
47.4,8.5,2009-02-14,267.65
47.4,8.5,2009-02-15,265.95
47.4,8.5,2009-02-16,270.25
47.4,8.5,2009-02-17,271.05
47.4,8.5,2009-02-18,262.75
47.4,8.5,2009-02-19,266.05
47.4,8.5,2009-02-20,267.05
47.4,8.5,2009-02-21,272.25
47.4,8.5,2009-02-22,271.35
47.4,8.5,2009-02-23,271.65
47.4,8.5,2009-02-24,269.65
47.4,8.5,2009-02-25,269.25
47.4,8.5,2009-02-26,271.05
47.4,8.5,2009-02-27,274.55
47.4,8.5,2009-02-28,274.55
47.4,8.5,2009-03-01,274.85
47.4,8.5,2009-03-02,276.35
47.4,8.5,2009-03-03,275.65
47.4,8.5,2009-03-04,273.45
47.4,8.5,2009-03-05,273.85
47.4,8.5,2009-03-06,273.65
47.4,8.5,2009-03-07,271.55
47.4,8.5,2009-03-08,271.25
47.4,8.5,2009-03-09,273.45
47.4,8.5,2009-03-10,272.95
47.4,8.5,2009-03-11,272.15
47.4,8.5,2009-03-12,272.35
47.4,8.5,2009-03-13,275.75
47.4,8.5,2009-03-14,274.65
47.4,8.5,2009-03-15,277.05
47.4,8.5,2009-03-16,272.65
47.4,8.5,2009-03-17,274.55
47.4,8.5,2009-03-18,271.95
47.4,8.5,2009-03-19,273.25
47.4,8.5,2009-03-20,270.15
47.4,8.5,2009-03-21,269.35
47.4,8.5,2009-03-22,272.35
47.4,8.5,2009-03-23,272.45
47.4,8.5,2009-03-24,274.05
47.4,8.5,2009-03-25,273.25
47.4,8.5,2009-03-26,274.25
47.4,8.5,2009-03-27,276.65
47.4,8.5,2009-03-28,275.45
47.4,8.5,2009-03-29,274.25
47.4,8.5,2009-03-30,272.75
47.4,8.5,2009-03-31,273.15
47.4,8.5,2009-04-01,275.75
47.4,8.5,2009-04-02,276.75
47.4,8.5,2009-04-03,276.25
47.4,8.5,2009-04-04,277.15
47.4,8.5,2009-04-05,279.65
47.4,8.5,2009-04-06,277.45
47.4,8.5,2009-04-07,277.85
47.4,8.5,2009-04-08,281.45
47.4,8.5,2009-04-09,280.85
47.4,8.5,2009-04-10,278.15
47.4,8.5,2009-04-11,277.75
47.4,8.5,2009-04-12,277.95
47.4,8.5,2009-04-13,277.95
47.4,8.5,2009-04-14,278.25
47.4,8.5,2009-04-15,280.15
47.4,8.5,2009-04-16,279.55
47.4,8.5,2009-04-17,278.05
47.4,8.5,2009-04-18,276.75
47.4,8.5,2009-04-19,277.55
47.4,8.5,2009-04-20,280.45
47.4,8.5,2009-04-21,281.25
47.4,8.5,2009-04-22,280.65
47.4,8.5,2009-04-23,277.65
47.4,8.5,2009-04-24,274.45
47.4,8.5,2009-04-25,279.75
47.4,8.5,2009-04-26,278.55
47.4,8.5,2009-04-27,279.95
47.4,8.5,2009-04-28,277.55
47.4,8.5,2009-04-29,277.25
47.4,8.5,2009-04-30,276.35
47.4,8.5,2009-05-01,277.95
47.4,8.5,2009-05-02,279.25
47.4,8.5,2009-05-03,278.55
47.4,8.5,2009-05-04,279.35
47.4,8.5,2009-05-05,276.95
47.4,8.5,2009-05-06,280.25
47.4,8.5,2009-05-07,279.55
47.4,8.5,2009-05-08,281.05
47.4,8.5,2009-05-09,283.75
47.4,8.5,2009-05-10,281.65
47.4,8.5,2009-05-11,282.05
47.4,8.5,2009-05-12,284.45
47.4,8.5,2009-05-13,284.75
47.4,8.5,2009-05-14,284.35
47.4,8.5,2009-05-15,283.65
47.4,8.5,2009-05-16,282.35
47.4,8.5,2009-05-17,283.35
47.4,8.5,2009-05-18,283.45
47.4,8.5,2009-05-19,282.45
47.4,8.5,2009-05-20,284.65
47.4,8.5,2009-05-21,285.45
47.4,8.5,2009-05-22,285.65
47.4,8.5,2009-05-23,283.05
47.4,8.5,2009-05-24,286.95
47.4,8.5,2009-05-25,288.05
47.4,8.5,2009-05-26,285.75
47.4,8.5,2009-05-27,283.35
47.4,8.5,2009-05-28,283.35
47.4,8.5,2009-05-29,283.05
47.4,8.5,2009-05-30,281.45
47.4,8.5,2009-05-31,279.95
47.4,8.5,2009-06-01,280.35
47.4,8.5,2009-06-02,283.45
47.4,8.5,2009-06-03,284.65
47.4,8.5,2009-06-04,283.25
47.4,8.5,2009-06-05,281.55
47.4,8.5,2009-06-06,283.45
47.4,8.5,2009-06-07,280.85
47.4,8.5,2009-06-08,284.15
47.4,8.5,2009-06-09,285.05
47.4,8.5,2009-06-10,283.85
47.4,8.5,2009-06-11,284.25
47.4,8.5,2009-06-12,282.65
47.4,8.5,2009-06-13,284.65
47.4,8.5,2009-06-14,285.85
47.4,8.5,2009-06-15,288.65
47.4,8.5,2009-06-16,285.95
47.4,8.5,2009-06-17,283.15
47.4,8.5,2009-06-18,286.05
47.4,8.5,2009-06-19,285.15
47.4,8.5,2009-06-20,284.05
47.4,8.5,2009-06-21,282.35
47.4,8.5,2009-06-22,282.65
47.4,8.5,2009-06-23,283.15
47.4,8.5,2009-06-24,285.15
47.4,8.5,2009-06-25,284.25
47.4,8.5,2009-06-26,286.95
47.4,8.5,2009-06-27,286.85
47.4,8.5,2009-06-28,287.55
47.4,8.5,2009-06-29,289.15
47.4,8.5,2009-06-30,289.35
47.4,8.5,2009-07-01,288.75
47.4,8.5,2009-07-02,289.45
47.4,8.5,2009-07-03,288.35
47.4,8.5,2009-07-04,287.85
47.4,8.5,2009-07-05,288.95
47.4,8.5,2009-07-06,288.75
47.4,8.5,2009-07-07,286.05
47.4,8.5,2009-07-08,284.95
47.4,8.5,2009-07-09,283.15
47.4,8.5,2009-07-10,284.05
47.4,8.5,2009-07-11,285.25
47.4,8.5,2009-07-12,286.95
47.4,8.5,2009-07-13,288.45
47.4,8.5,2009-07-14,289.75
47.4,8.5,2009-07-15,290.15
47.4,8.5,2009-07-16,289.95
47.4,8.5,2009-07-17,285.45
47.4,8.5,2009-07-18,283.85
47.4,8.5,2009-07-19,282.85
47.4,8.5,2009-07-20,285.55
47.4,8.5,2009-07-21,287.65
47.4,8.5,2009-07-22,288.45
47.4,8.5,2009-07-23,290.05
47.4,8.5,2009-07-24,286.65
47.4,8.5,2009-07-25,285.65
47.4,8.5,2009-07-26,284.55
47.4,8.5,2009-07-27,288.45
47.4,8.5,2009-07-28,288.55
47.4,8.5,2009-07-29,287.75
47.4,8.5,2009-07-30,289.35
47.4,8.5,2009-07-31,288.05
47.4,8.5,2009-08-01,288.05
47.4,8.5,2009-08-02,288.05
47.4,8.5,2009-08-03,286.65
47.4,8.5,2009-08-04,286.05
47.4,8.5,2009-08-05,285.35
47.4,8.5,2009-08-06,287.95
47.4,8.5,2009-08-07,288.75
47.4,8.5,2009-08-08,289.55
47.4,8.5,2009-08-09,288.95
47.4,8.5,2009-08-10,289.45
47.4,8.5,2009-08-11,287.15
47.4,8.5,2009-08-12,288.55
47.4,8.5,2009-08-13,287.35
47.4,8.5,2009-08-14,288.65
47.4,8.5,2009-08-15,289.35
47.4,8.5,2009-08-16,289.95
47.4,8.5,2009-08-17,289.15
47.4,8.5,2009-08-18,290.55
47.4,8.5,2009-08-19,291.45
47.4,8.5,2009-08-20,292.95
47.4,8.5,2009-08-21,290.95
47.4,8.5,2009-08-22,285.95
47.4,8.5,2009-08-23,284.95
47.4,8.5,2009-08-24,288.35
47.4,8.5,2009-08-25,289.95
47.4,8.5,2009-08-26,289.45
47.4,8.5,2009-08-27,289.65
47.4,8.5,2009-08-28,289.55
47.4,8.5,2009-08-29,283.75
47.4,8.5,2009-08-30,281.85
47.4,8.5,2009-08-31,285.75
47.4,8.5,2009-09-01,288.25
47.4,8.5,2009-09-02,289.75
47.4,8.5,2009-09-03,287.75
47.4,8.5,2009-09-04,283.25
47.4,8.5,2009-09-05,281.85
47.4,8.5,2009-09-06,282.25
47.4,8.5,2009-09-07,283.85
47.4,8.5,2009-09-08,285.65
47.4,8.5,2009-09-09,285.75
47.4,8.5,2009-09-10,285.45
47.4,8.5,2009-09-11,284.65
47.4,8.5,2009-09-12,285.35
47.4,8.5,2009-09-13,284.65
47.4,8.5,2009-09-14,280.95
47.4,8.5,2009-09-15,280.15
47.4,8.5,2009-09-16,284.45
47.4,8.5,2009-09-17,287.15
47.4,8.5,2009-09-18,286.05
47.4,8.5,2009-09-19,285.85
47.4,8.5,2009-09-20,285.95
47.4,8.5,2009-09-21,285.45
47.4,8.5,2009-09-22,286.55
47.4,8.5,2009-09-23,286.95
47.4,8.5,2009-09-24,286.15
47.4,8.5,2009-09-25,283.85
47.4,8.5,2009-09-26,283.95
47.4,8.5,2009-09-27,284.85
47.4,8.5,2009-09-28,285.05
47.4,8.5,2009-09-29,283.25
47.4,8.5,2009-09-30,282.45
47.4,8.5,2009-10-01,283.75
47.4,8.5,2009-10-02,282.85
47.4,8.5,2009-10-03,281.65
47.4,8.5,2009-10-04,280.45
47.4,8.5,2009-10-05,282.05
47.4,8.5,2009-10-06,284.15
47.4,8.5,2009-10-07,285.15
47.4,8.5,2009-10-08,285.75
47.4,8.5,2009-10-09,285.85
47.4,8.5,2009-10-10,284.25
47.4,8.5,2009-10-11,280.75
47.4,8.5,2009-10-12,278.25
47.4,8.5,2009-10-13,276.45
47.4,8.5,2009-10-14,274.35
47.4,8.5,2009-10-15,273.25
47.4,8.5,2009-10-16,273.75
47.4,8.5,2009-10-17,275.75
47.4,8.5,2009-10-18,273.45
47.4,8.5,2009-10-19,272.65
47.4,8.5,2009-10-20,274.15
47.4,8.5,2009-10-21,277.55
47.4,8.5,2009-10-22,279.35
47.4,8.5,2009-10-23,279.35
47.4,8.5,2009-10-24,277.85
47.4,8.5,2009-10-25,282.15
47.4,8.5,2009-10-26,281.45
47.4,8.5,2009-10-27,277.75
47.4,8.5,2009-10-28,278.65
47.4,8.5,2009-10-29,278.05
47.4,8.5,2009-10-30,277.45
47.4,8.5,2009-10-31,277.65
47.4,8.5,2009-11-01,278.35
47.4,8.5,2009-11-02,277.25
47.4,8.5,2009-11-03,276.35
47.4,8.5,2009-11-04,276.85
47.4,8.5,2009-11-05,274.85
47.4,8.5,2009-11-06,275.65
47.4,8.5,2009-11-07,274.05
47.4,8.5,2009-11-08,276.35
47.4,8.5,2009-11-09,275.85
47.4,8.5,2009-11-10,275.25
47.4,8.5,2009-11-11,275.45
47.4,8.5,2009-11-12,273.15
47.4,8.5,2009-11-13,278.45
47.4,8.5,2009-11-14,278.05
47.4,8.5,2009-11-15,277.65
47.4,8.5,2009-11-16,280.05
47.4,8.5,2009-11-17,278.05
47.4,8.5,2009-11-18,278.85
47.4,8.5,2009-11-19,278.55
47.4,8.5,2009-11-20,277.65
47.4,8.5,2009-11-21,278.35
47.4,8.5,2009-11-22,275.95
47.4,8.5,2009-11-23,279.75
47.4,8.5,2009-11-24,278.25
47.4,8.5,2009-11-25,275.95
47.4,8.5,2009-11-26,274.45
47.4,8.5,2009-11-27,273.25
47.4,8.5,2009-11-28,274.45
47.4,8.5,2009-11-29,275.55
47.4,8.5,2009-11-30,273.75
47.4,8.5,2009-12-01,273.15
47.4,8.5,2009-12-02,270.85
47.4,8.5,2009-12-03,272.05
47.4,8.5,2009-12-04,274.15
47.4,8.5,2009-12-05,271.95
47.4,8.5,2009-12-06,275.15
47.4,8.5,2009-12-07,277.85
47.4,8.5,2009-12-08,274.55
47.4,8.5,2009-12-09,274.65
47.4,8.5,2009-12-10,274.55
47.4,8.5,2009-12-11,274.75
47.4,8.5,2009-12-12,272.55
47.4,8.5,2009-12-13,270.45
47.4,8.5,2009-12-14,270.05
47.4,8.5,2009-12-15,268.75
47.4,8.5,2009-12-16,267.75
47.4,8.5,2009-12-17,266.75
47.4,8.5,2009-12-18,266.75
47.4,8.5,2009-12-19,260.95
47.4,8.5,2009-12-20,260.25
47.4,8.5,2009-12-21,270.95
47.4,8.5,2009-12-22,272.25
47.4,8.5,2009-12-23,273.65
47.4,8.5,2009-12-24,273.55
47.4,8.5,2009-12-25,273.75
47.4,8.5,2009-12-26,270.95
47.4,8.5,2009-12-27,271.95
47.4,8.5,2009-12-28,273.15
47.4,8.5,2009-12-29,273.85
47.4,8.5,2009-12-30,275.05
47.4,8.5,2009-12-31,274.45
47.4,8.5,2010-01-01,272.85
47.4,8.5,2010-01-02,268.55
47.4,8.5,2010-01-03,269.25
47.4,8.5,2010-01-04,267.65
47.4,8.5,2010-01-05,266.85
47.4,8.5,2010-01-06,269.85
47.4,8.5,2010-01-07,269.45
47.4,8.5,2010-01-08,268.85
47.4,8.5,2010-01-09,268.55
47.4,8.5,2010-01-10,266.55
47.4,8.5,2010-01-11,268.85
47.4,8.5,2010-01-12,268.05
47.4,8.5,2010-01-13,269.65
47.4,8.5,2010-01-14,270.25
47.4,8.5,2010-01-15,268.35
47.4,8.5,2010-01-16,269.55
47.4,8.5,2010-01-17,272.55
47.4,8.5,2010-01-18,272.75
47.4,8.5,2010-01-19,270.75
47.4,8.5,2010-01-20,269.85
47.4,8.5,2010-01-21,272.95
47.4,8.5,2010-01-22,271.45
47.4,8.5,2010-01-23,270.35
47.4,8.5,2010-01-24,272.35
47.4,8.5,2010-01-25,272.95
47.4,8.5,2010-01-26,267.85
47.4,8.5,2010-01-27,266.95
47.4,8.5,2010-01-28,268.85
47.4,8.5,2010-01-29,268.85
47.4,8.5,2010-01-30,264.45
47.4,8.5,2010-01-31,264.25
47.4,8.5,2010-02-01,263.95
47.4,8.5,2010-02-02,269.25
47.4,8.5,2010-02-03,272.45
47.4,8.5,2010-02-04,271.35
47.4,8.5,2010-02-05,274.45
47.4,8.5,2010-02-06,272.65
47.4,8.5,2010-02-07,270.25
47.4,8.5,2010-02-08,269.25
47.4,8.5,2010-02-09,271.05
47.4,8.5,2010-02-10,266.35
47.4,8.5,2010-02-11,265.85
47.4,8.5,2010-02-12,266.35
47.4,8.5,2010-02-13,265.45
47.4,8.5,2010-02-14,267.65
47.4,8.5,2010-02-15,268.35
47.4,8.5,2010-02-16,267.25
47.4,8.5,2010-02-17,272.15
47.4,8.5,2010-02-18,272.35
47.4,8.5,2010-02-19,273.35
47.4,8.5,2010-02-20,269.65
47.4,8.5,2010-02-21,270.95
47.4,8.5,2010-02-22,272.45
47.4,8.5,2010-02-23,273.05
47.4,8.5,2010-02-24,273.35
47.4,8.5,2010-02-25,271.45
47.4,8.5,2010-02-26,273.55
47.4,8.5,2010-02-27,271.95
47.4,8.5,2010-02-28,276.15
47.4,8.5,2010-03-01,274.45
47.4,8.5,2010-03-02,274.35
47.4,8.5,2010-03-03,273.25
47.4,8.5,2010-03-04,272.75
47.4,8.5,2010-03-05,268.95
47.4,8.5,2010-03-06,268.65
47.4,8.5,2010-03-07,267.35
47.4,8.5,2010-03-08,266.25
47.4,8.5,2010-03-09,266.25
47.4,8.5,2010-03-10,268.65
47.4,8.5,2010-03-11,268.95
47.4,8.5,2010-03-12,269.65
47.4,8.5,2010-03-13,270.15
47.4,8.5,2010-03-14,270.95
47.4,8.5,2010-03-15,271.05
47.4,8.5,2010-03-16,271.95
47.4,8.5,2010-03-17,272.25
47.4,8.5,2010-03-18,273.35
47.4,8.5,2010-03-19,274.45
47.4,8.5,2010-03-20,277.05
47.4,8.5,2010-03-21,277.65
47.4,8.5,2010-03-22,279.25
47.4,8.5,2010-03-23,276.15
47.4,8.5,2010-03-24,276.95
47.4,8.5,2010-03-25,278.15
47.4,8.5,2010-03-26,274.55
47.4,8.5,2010-03-27,272.55
47.4,8.5,2010-03-28,277.65
47.4,8.5,2010-03-29,276.85
47.4,8.5,2010-03-30,278.15
47.4,8.5,2010-03-31,273.35
47.4,8.5,2010-04-01,273.45
47.4,8.5,2010-04-02,272.95
47.4,8.5,2010-04-03,273.95
47.4,8.5,2010-04-04,276.45
47.4,8.5,2010-04-05,273.85
47.4,8.5,2010-04-06,274.25
47.4,8.5,2010-04-07,276.55
47.4,8.5,2010-04-08,278.75
47.4,8.5,2010-04-09,277.85
47.4,8.5,2010-04-10,276.95
47.4,8.5,2010-04-11,274.55
47.4,8.5,2010-04-12,275.05
47.4,8.5,2010-04-13,272.85
47.4,8.5,2010-04-14,274.25
47.4,8.5,2010-04-15,276.25
47.4,8.5,2010-04-16,274.05
47.4,8.5,2010-04-17,274.75
47.4,8.5,2010-04-18,277.55
47.4,8.5,2010-04-19,276.25
47.4,8.5,2010-04-20,276.25
47.4,8.5,2010-04-21,278.25
47.4,8.5,2010-04-22,275.25
47.4,8.5,2010-04-23,276.75
47.4,8.5,2010-04-24,279.55
47.4,8.5,2010-04-25,280.25
47.4,8.5,2010-04-26,281.15
47.4,8.5,2010-04-27,280.95
47.4,8.5,2010-04-28,279.95
47.4,8.5,2010-04-29,281.05
47.4,8.5,2010-04-30,282.95
47.4,8.5,2010-05-01,283.35
47.4,8.5,2010-05-02,281.25
47.4,8.5,2010-05-03,279.45
47.4,8.5,2010-05-04,280.65
47.4,8.5,2010-05-05,280.25
47.4,8.5,2010-05-06,278.85
47.4,8.5,2010-05-07,278.15
47.4,8.5,2010-05-08,278.95
47.4,8.5,2010-05-09,279.75
47.4,8.5,2010-05-10,281.25
47.4,8.5,2010-05-11,280.35
47.4,8.5,2010-05-12,280.95
47.4,8.5,2010-05-13,280.15
47.4,8.5,2010-05-14,279.25
47.4,8.5,2010-05-15,279.25
47.4,8.5,2010-05-16,278.05
47.4,8.5,2010-05-17,277.15
47.4,8.5,2010-05-18,279.95
47.4,8.5,2010-05-19,277.85
47.4,8.5,2010-05-20,280.05
47.4,8.5,2010-05-21,281.35
47.4,8.5,2010-05-22,279.55
47.4,8.5,2010-05-23,282.05
47.4,8.5,2010-05-24,282.85
47.4,8.5,2010-05-25,282.65
47.4,8.5,2010-05-26,285.75
47.4,8.5,2010-05-27,284.75
47.4,8.5,2010-05-28,282.25
47.4,8.5,2010-05-29,283.85
47.4,8.5,2010-05-30,284.05
47.4,8.5,2010-05-31,281.75
47.4,8.5,2010-06-01,280.55
47.4,8.5,2010-06-02,282.55
47.4,8.5,2010-06-03,283.85
47.4,8.5,2010-06-04,280.85
47.4,8.5,2010-06-05,284.25
47.4,8.5,2010-06-06,286.45
47.4,8.5,2010-06-07,287.85
47.4,8.5,2010-06-08,286.35
47.4,8.5,2010-06-09,287.05
47.4,8.5,2010-06-10,288.45
47.4,8.5,2010-06-11,289.55
47.4,8.5,2010-06-12,287.95
47.4,8.5,2010-06-13,286.75
47.4,8.5,2010-06-14,285.05
47.4,8.5,2010-06-15,285.45
47.4,8.5,2010-06-16,285.35
47.4,8.5,2010-06-17,285.05
47.4,8.5,2010-06-18,284.75
47.4,8.5,2010-06-19,281.15
47.4,8.5,2010-06-20,280.45
47.4,8.5,2010-06-21,282.35
47.4,8.5,2010-06-22,280.65
47.4,8.5,2010-06-23,281.85
47.4,8.5,2010-06-24,284.15
47.4,8.5,2010-06-25,284.45
47.4,8.5,2010-06-26,287.05
47.4,8.5,2010-06-27,287.55
47.4,8.5,2010-06-28,288.65
47.4,8.5,2010-06-29,289.45
47.4,8.5,2010-06-30,289.65
47.4,8.5,2010-07-01,289.55
47.4,8.5,2010-07-02,290.05
47.4,8.5,2010-07-03,291.25
47.4,8.5,2010-07-04,290.05
47.4,8.5,2010-07-05,289.15
47.4,8.5,2010-07-06,288.35
47.4,8.5,2010-07-07,285.95
47.4,8.5,2010-07-08,287.45
47.4,8.5,2010-07-09,291.75
47.4,8.5,2010-07-10,293.25
47.4,8.5,2010-07-11,291.25
47.4,8.5,2010-07-12,291.75
47.4,8.5,2010-07-13,289.55
47.4,8.5,2010-07-14,293.25
47.4,8.5,2010-07-15,291.65
47.4,8.5,2010-07-16,291.15
47.4,8.5,2010-07-17,288.75
47.4,8.5,2010-07-18,286.35
47.4,8.5,2010-07-19,285.35
47.4,8.5,2010-07-20,287.75
47.4,8.5,2010-07-21,291.05
47.4,8.5,2010-07-22,291.35
47.4,8.5,2010-07-23,286.75
47.4,8.5,2010-07-24,285.35
47.4,8.5,2010-07-25,285.45
47.4,8.5,2010-07-26,286.25
47.4,8.5,2010-07-27,285.65
47.4,8.5,2010-07-28,284.55
47.4,8.5,2010-07-29,285.05
47.4,8.5,2010-07-30,283.75
47.4,8.5,2010-07-31,285.35
47.4,8.5,2010-08-01,288.85
47.4,8.5,2010-08-02,289.25
47.4,8.5,2010-08-03,286.95
47.4,8.5,2010-08-04,285.85
47.4,8.5,2010-08-05,285.05
47.4,8.5,2010-08-06,284.05
47.4,8.5,2010-08-07,285.15
47.4,8.5,2010-08-08,286.95
47.4,8.5,2010-08-09,286.45
47.4,8.5,2010-08-10,288.95
47.4,8.5,2010-08-11,289.15
47.4,8.5,2010-08-12,288.55
47.4,8.5,2010-08-13,286.85
47.4,8.5,2010-08-14,285.75
47.4,8.5,2010-08-15,285.25
47.4,8.5,2010-08-16,283.85
47.4,8.5,2010-08-17,285.75
47.4,8.5,2010-08-18,285.65
47.4,8.5,2010-08-19,287.55
47.4,8.5,2010-08-20,288.65
47.4,8.5,2010-08-21,290.25
47.4,8.5,2010-08-22,290.15
47.4,8.5,2010-08-23,290.35
47.4,8.5,2010-08-24,287.75
47.4,8.5,2010-08-25,286.85
47.4,8.5,2010-08-26,286.95
47.4,8.5,2010-08-27,289.55
47.4,8.5,2010-08-28,283.85
47.4,8.5,2010-08-29,281.95
47.4,8.5,2010-08-30,282.55
47.4,8.5,2010-08-31,281.65
47.4,8.5,2010-09-01,278.95
47.4,8.5,2010-09-02,281.45
47.4,8.5,2010-09-03,282.95
47.4,8.5,2010-09-04,284.95
47.4,8.5,2010-09-05,283.55
47.4,8.5,2010-09-06,281.45
47.4,8.5,2010-09-07,285.35
47.4,8.5,2010-09-08,285.05
47.4,8.5,2010-09-09,283.45
47.4,8.5,2010-09-10,284.05
47.4,8.5,2010-09-11,283.85
47.4,8.5,2010-09-12,285.45
47.4,8.5,2010-09-13,284.35
47.4,8.5,2010-09-14,283.25
47.4,8.5,2010-09-15,283.15
47.4,8.5,2010-09-16,285.55
47.4,8.5,2010-09-17,283.95
47.4,8.5,2010-09-18,280.95
47.4,8.5,2010-09-19,280.45
47.4,8.5,2010-09-20,281.75
47.4,8.5,2010-09-21,284.15
47.4,8.5,2010-09-22,281.95
47.4,8.5,2010-09-23,286.35
47.4,8.5,2010-09-24,283.15
47.4,8.5,2010-09-25,281.05
47.4,8.5,2010-09-26,279.35
47.4,8.5,2010-09-27,278.25
47.4,8.5,2010-09-28,280.45
47.4,8.5,2010-09-29,281.85
47.4,8.5,2010-09-30,282.45
47.4,8.5,2010-10-01,283.35
47.4,8.5,2010-10-02,283.25
47.4,8.5,2010-10-03,284.55
47.4,8.5,2010-10-04,283.35
47.4,8.5,2010-10-05,284.65
47.4,8.5,2010-10-06,282.15
47.4,8.5,2010-10-07,284.15
47.4,8.5,2010-10-08,284.35
47.4,8.5,2010-10-09,284.75
47.4,8.5,2010-10-10,282.65
47.4,8.5,2010-10-11,280.55
47.4,8.5,2010-10-12,277.65
47.4,8.5,2010-10-13,278.65
47.4,8.5,2010-10-14,278.75
47.4,8.5,2010-10-15,278.55
47.4,8.5,2010-10-16,278.35
47.4,8.5,2010-10-17,278.45
47.4,8.5,2010-10-18,276.95
47.4,8.5,2010-10-19,275.85
47.4,8.5,2010-10-20,276.05
47.4,8.5,2010-10-21,274.55
47.4,8.5,2010-10-22,272.85
47.4,8.5,2010-10-23,279.15
47.4,8.5,2010-10-24,278.05
47.4,8.5,2010-10-25,276.05
47.4,8.5,2010-10-26,274.75
47.4,8.5,2010-10-27,274.35
47.4,8.5,2010-10-28,276.65
47.4,8.5,2010-10-29,278.35
47.4,8.5,2010-10-30,277.15
47.4,8.5,2010-10-31,279.55
47.4,8.5,2010-11-01,280.65
47.4,8.5,2010-11-02,279.95
47.4,8.5,2010-11-03,277.65
47.4,8.5,2010-11-04,281.85
47.4,8.5,2010-11-05,280.55
47.4,8.5,2010-11-06,281.65
47.4,8.5,2010-11-07,277.35
47.4,8.5,2010-11-08,275.95
47.4,8.5,2010-11-09,275.75
47.4,8.5,2010-11-10,277.15
47.4,8.5,2010-11-11,275.65
47.4,8.5,2010-11-12,281.05
47.4,8.5,2010-11-13,279.55
47.4,8.5,2010-11-14,279.35
47.4,8.5,2010-11-15,278.65
47.4,8.5,2010-11-16,275.25
47.4,8.5,2010-11-17,274.75
47.4,8.5,2010-11-18,274.15
47.4,8.5,2010-11-19,275.95
47.4,8.5,2010-11-20,274.45
47.4,8.5,2010-11-21,274.45
47.4,8.5,2010-11-22,274.55
47.4,8.5,2010-11-23,273.25
47.4,8.5,2010-11-24,272.95
47.4,8.5,2010-11-25,270.95
47.4,8.5,2010-11-26,268.85
47.4,8.5,2010-11-27,268.35
47.4,8.5,2010-11-28,270.45
47.4,8.5,2010-11-29,270.75
47.4,8.5,2010-11-30,267.85
47.4,8.5,2010-12-01,266.55
47.4,8.5,2010-12-02,267.65
47.4,8.5,2010-12-03,267.05
47.4,8.5,2010-12-04,267.95
47.4,8.5,2010-12-05,270.05
47.4,8.5,2010-12-06,272.85
47.4,8.5,2010-12-07,274.75
47.4,8.5,2010-12-08,276.85
47.4,8.5,2010-12-09,270.75
47.4,8.5,2010-12-10,270.55
47.4,8.5,2010-12-11,272.35
47.4,8.5,2010-12-12,270.95
47.4,8.5,2010-12-13,268.45
47.4,8.5,2010-12-14,265.25
47.4,8.5,2010-12-15,265.55
47.4,8.5,2010-12-16,265.35
47.4,8.5,2010-12-17,266.65
47.4,8.5,2010-12-18,264.05
47.4,8.5,2010-12-19,267.65
47.4,8.5,2010-12-20,273.15
47.4,8.5,2010-12-21,272.15
47.4,8.5,2010-12-22,274.65
47.4,8.5,2010-12-23,273.55
47.4,8.5,2010-12-24,271.65
47.4,8.5,2010-12-25,266.55
47.4,8.5,2010-12-26,263.75
47.4,8.5,2010-12-27,263.15
47.4,8.5,2010-12-28,269.65
47.4,8.5,2010-12-29,272.85
47.4,8.5,2010-12-30,271.95
47.4,8.5,2010-12-31,271.75
47.4,8.5,2011-01-01,271.95
47.4,8.5,2011-01-02,268.95
47.4,8.5,2011-01-03,266.35
47.4,8.5,2011-01-04,268.45
47.4,8.5,2011-01-05,271.45
47.4,8.5,2011-01-06,272.85
47.4,8.5,2011-01-07,275.15
47.4,8.5,2011-01-08,274.55
47.4,8.5,2011-01-09,274.85
47.4,8.5,2011-01-10,273.55
47.4,8.5,2011-01-11,273.35
47.4,8.5,2011-01-12,275.55
47.4,8.5,2011-01-13,277.85
47.4,8.5,2011-01-14,275.35
47.4,8.5,2011-01-15,275.25
47.4,8.5,2011-01-16,273.85
47.4,8.5,2011-01-17,273.55
47.4,8.5,2011-01-18,273.55
47.4,8.5,2011-01-19,269.95
47.4,8.5,2011-01-20,268.75
47.4,8.5,2011-01-21,268.75
47.4,8.5,2011-01-22,266.05
47.4,8.5,2011-01-23,264.35
47.4,8.5,2011-01-24,268.95
47.4,8.5,2011-01-25,270.05
47.4,8.5,2011-01-26,272.25
47.4,8.5,2011-01-27,270.95
47.4,8.5,2011-01-28,269.35
47.4,8.5,2011-01-29,269.25
47.4,8.5,2011-01-30,268.05
47.4,8.5,2011-01-31,268.55
47.4,8.5,2011-02-01,267.85
47.4,8.5,2011-02-02,268.05
47.4,8.5,2011-02-03,268.45
47.4,8.5,2011-02-04,271.05
47.4,8.5,2011-02-05,271.75
47.4,8.5,2011-02-06,271.85
47.4,8.5,2011-02-07,272.25
47.4,8.5,2011-02-08,271.95
47.4,8.5,2011-02-09,271.75
47.4,8.5,2011-02-10,271.65
47.4,8.5,2011-02-11,271.85
47.4,8.5,2011-02-12,272.65
47.4,8.5,2011-02-13,273.55
47.4,8.5,2011-02-14,274.25
47.4,8.5,2011-02-15,273.65
47.4,8.5,2011-02-16,272.75
47.4,8.5,2011-02-17,274.25
47.4,8.5,2011-02-18,273.65
47.4,8.5,2011-02-19,273.45
47.4,8.5,2011-02-20,273.75
47.4,8.5,2011-02-21,271.55
47.4,8.5,2011-02-22,269.45
47.4,8.5,2011-02-23,267.85
47.4,8.5,2011-02-24,271.75
47.4,8.5,2011-02-25,274.55
47.4,8.5,2011-02-26,271.65
47.4,8.5,2011-02-27,274.75
47.4,8.5,2011-02-28,273.55
47.4,8.5,2011-03-01,271.75
47.4,8.5,2011-03-02,271.95
47.4,8.5,2011-03-03,269.25
47.4,8.5,2011-03-04,271.15
47.4,8.5,2011-03-05,271.15
47.4,8.5,2011-03-06,270.45
47.4,8.5,2011-03-07,270.85
47.4,8.5,2011-03-08,271.45
47.4,8.5,2011-03-09,271.45
47.4,8.5,2011-03-10,273.15
47.4,8.5,2011-03-11,275.15
47.4,8.5,2011-03-12,275.45
47.4,8.5,2011-03-13,276.45
47.4,8.5,2011-03-14,277.45
47.4,8.5,2011-03-15,276.65
47.4,8.5,2011-03-16,277.35
47.4,8.5,2011-03-17,278.35
47.4,8.5,2011-03-18,277.55
47.4,8.5,2011-03-19,272.45
47.4,8.5,2011-03-20,269.45
47.4,8.5,2011-03-21,270.45
47.4,8.5,2011-03-22,273.15
47.4,8.5,2011-03-23,275.55
47.4,8.5,2011-03-24,276.95
47.4,8.5,2011-03-25,273.45
47.4,8.5,2011-03-26,274.95
47.4,8.5,2011-03-27,277.15
47.4,8.5,2011-03-28,278.75
47.4,8.5,2011-03-29,275.35
47.4,8.5,2011-03-30,274.65
47.4,8.5,2011-03-31,276.25
47.4,8.5,2011-04-01,280.05
47.4,8.5,2011-04-02,279.85
47.4,8.5,2011-04-03,278.95
47.4,8.5,2011-04-04,278.75
47.4,8.5,2011-04-05,277.55
47.4,8.5,2011-04-06,280.25
47.4,8.5,2011-04-07,279.35
47.4,8.5,2011-04-08,280.65
47.4,8.5,2011-04-09,279.35
47.4,8.5,2011-04-10,278.75
47.4,8.5,2011-04-11,280.25
47.4,8.5,2011-04-12,275.65
47.4,8.5,2011-04-13,273.05
47.4,8.5,2011-04-14,275.85
47.4,8.5,2011-04-15,274.75
47.4,8.5,2011-04-16,275.55
47.4,8.5,2011-04-17,277.05
47.4,8.5,2011-04-18,277.85
47.4,8.5,2011-04-19,278.75
47.4,8.5,2011-04-20,279.65
47.4,8.5,2011-04-21,279.85
47.4,8.5,2011-04-22,279.25
47.4,8.5,2011-04-23,279.55
47.4,8.5,2011-04-24,280.25
47.4,8.5,2011-04-25,281.65
47.4,8.5,2011-04-26,278.55
47.4,8.5,2011-04-27,280.45
47.4,8.5,2011-04-28,278.15
47.4,8.5,2011-04-29,280.05
47.4,8.5,2011-04-30,281.55
47.4,8.5,2011-05-01,280.25
47.4,8.5,2011-05-02,280.25
47.4,8.5,2011-05-03,280.45
47.4,8.5,2011-05-04,276.25
47.4,8.5,2011-05-05,276.45
47.4,8.5,2011-05-06,280.35
47.4,8.5,2011-05-07,281.35
47.4,8.5,2011-05-08,284.55
47.4,8.5,2011-05-09,282.25
47.4,8.5,2011-05-10,283.75
47.4,8.5,2011-05-11,285.35
47.4,8.5,2011-05-12,284.55
47.4,8.5,2011-05-13,282.35
47.4,8.5,2011-05-14,282.65
47.4,8.5,2011-05-15,279.65
47.4,8.5,2011-05-16,277.35
47.4,8.5,2011-05-17,281.35
47.4,8.5,2011-05-18,282.45
47.4,8.5,2011-05-19,281.95
47.4,8.5,2011-05-20,283.55
47.4,8.5,2011-05-21,285.25
47.4,8.5,2011-05-22,284.95
47.4,8.5,2011-05-23,287.35
47.4,8.5,2011-05-24,284.95
47.4,8.5,2011-05-25,285.55
47.4,8.5,2011-05-26,285.15
47.4,8.5,2011-05-27,280.95
47.4,8.5,2011-05-28,280.25
47.4,8.5,2011-05-29,282.95
47.4,8.5,2011-05-30,286.35
47.4,8.5,2011-05-31,282.75
47.4,8.5,2011-06-01,282.25
47.4,8.5,2011-06-02,283.75
47.4,8.5,2011-06-03,285.05
47.4,8.5,2011-06-04,286.85
47.4,8.5,2011-06-05,286.25
47.4,8.5,2011-06-06,285.85
47.4,8.5,2011-06-07,285.85
47.4,8.5,2011-06-08,285.15
47.4,8.5,2011-06-09,283.85
47.4,8.5,2011-06-10,283.55
47.4,8.5,2011-06-11,284.85
47.4,8.5,2011-06-12,283.95
47.4,8.5,2011-06-13,285.85
47.4,8.5,2011-06-14,284.45
47.4,8.5,2011-06-15,286.25
47.4,8.5,2011-06-16,287.25
47.4,8.5,2011-06-17,287.05
47.4,8.5,2011-06-18,283.95
47.4,8.5,2011-06-19,282.35
47.4,8.5,2011-06-20,283.25
47.4,8.5,2011-06-21,286.05
47.4,8.5,2011-06-22,287.75
47.4,8.5,2011-06-23,285.25
47.4,8.5,2011-06-24,284.55
47.4,8.5,2011-06-25,284.95
47.4,8.5,2011-06-26,286.85
47.4,8.5,2011-06-27,288.55
47.4,8.5,2011-06-28,292.05
47.4,8.5,2011-06-29,289.45
47.4,8.5,2011-06-30,286.65
47.4,8.5,2011-07-01,285.25
47.4,8.5,2011-07-02,282.45
47.4,8.5,2011-07-03,283.75
47.4,8.5,2011-07-04,284.55
47.4,8.5,2011-07-05,287.75
47.4,8.5,2011-07-06,286.75
47.4,8.5,2011-07-07,289.85
47.4,8.5,2011-07-08,286.75
47.4,8.5,2011-07-09,290.65
47.4,8.5,2011-07-10,288.35
47.4,8.5,2011-07-11,287.15
47.4,8.5,2011-07-12,288.85
47.4,8.5,2011-07-13,287.15
47.4,8.5,2011-07-14,285.35
47.4,8.5,2011-07-15,284.25
47.4,8.5,2011-07-16,285.55
47.4,8.5,2011-07-17,283.45
47.4,8.5,2011-07-18,282.85
47.4,8.5,2011-07-19,284.55
47.4,8.5,2011-07-20,284.05
47.4,8.5,2011-07-21,283.45
47.4,8.5,2011-07-22,283.45
47.4,8.5,2011-07-23,284.25
47.4,8.5,2011-07-24,282.45
47.4,8.5,2011-07-25,282.65
47.4,8.5,2011-07-26,286.05
47.4,8.5,2011-07-27,286.85
47.4,8.5,2011-07-28,286.15
47.4,8.5,2011-07-29,286.55
47.4,8.5,2011-07-30,286.65
47.4,8.5,2011-07-31,284.45
47.4,8.5,2011-08-01,283.85
47.4,8.5,2011-08-02,286.65
47.4,8.5,2011-08-03,289.55
47.4,8.5,2011-08-04,289.45
47.4,8.5,2011-08-05,290.65
47.4,8.5,2011-08-06,288.65
47.4,8.5,2011-08-07,288.95
47.4,8.5,2011-08-08,285.75
47.4,8.5,2011-08-09,284.65
47.4,8.5,2011-08-10,282.55
47.4,8.5,2011-08-11,285.55
47.4,8.5,2011-08-12,286.25
47.4,8.5,2011-08-13,287.55
47.4,8.5,2011-08-14,289.45
47.4,8.5,2011-08-15,289.35
47.4,8.5,2011-08-16,288.35
47.4,8.5,2011-08-17,288.95
47.4,8.5,2011-08-18,292.25
47.4,8.5,2011-08-19,292.35
47.4,8.5,2011-08-20,290.05
47.4,8.5,2011-08-21,291.85
47.4,8.5,2011-08-22,293.75
47.4,8.5,2011-08-23,292.85
47.4,8.5,2011-08-24,291.75
47.4,8.5,2011-08-25,290.35
47.4,8.5,2011-08-26,286.15
47.4,8.5,2011-08-27,283.05
47.4,8.5,2011-08-28,284.15
47.4,8.5,2011-08-29,286.05
47.4,8.5,2011-08-30,285.95
47.4,8.5,2011-08-31,286.45
47.4,8.5,2011-09-01,288.55
47.4,8.5,2011-09-02,289.25
47.4,8.5,2011-09-03,289.85
47.4,8.5,2011-09-04,290.45
47.4,8.5,2011-09-05,286.55
47.4,8.5,2011-09-06,286.05
47.4,8.5,2011-09-07,285.45
47.4,8.5,2011-09-08,286.65
47.4,8.5,2011-09-09,288.55
47.4,8.5,2011-09-10,288.35
47.4,8.5,2011-09-11,288.15
47.4,8.5,2011-09-12,287.35
47.4,8.5,2011-09-13,286.15
47.4,8.5,2011-09-14,287.45
47.4,8.5,2011-09-15,283.45
47.4,8.5,2011-09-16,283.75
47.4,8.5,2011-09-17,287.95
47.4,8.5,2011-09-18,281.75
47.4,8.5,2011-09-19,280.85
47.4,8.5,2011-09-20,281.85
47.4,8.5,2011-09-21,282.45
47.4,8.5,2011-09-22,284.35
47.4,8.5,2011-09-23,283.95
47.4,8.5,2011-09-24,284.65
47.4,8.5,2011-09-25,287.05
47.4,8.5,2011-09-26,285.95
47.4,8.5,2011-09-27,286.15
47.4,8.5,2011-09-28,284.65
47.4,8.5,2011-09-29,285.65
47.4,8.5,2011-09-30,286.05
47.4,8.5,2011-10-01,285.95
47.4,8.5,2011-10-02,286.05
47.4,8.5,2011-10-03,284.95
47.4,8.5,2011-10-04,283.45
47.4,8.5,2011-10-05,283.95
47.4,8.5,2011-10-06,282.45
47.4,8.5,2011-10-07,279.35
47.4,8.5,2011-10-08,279.05
47.4,8.5,2011-10-09,278.05
47.4,8.5,2011-10-10,282.15
47.4,8.5,2011-10-11,284.35
47.4,8.5,2011-10-12,283.85
47.4,8.5,2011-10-13,282.05
47.4,8.5,2011-10-14,279.25
47.4,8.5,2011-10-15,276.05
47.4,8.5,2011-10-16,276.05
47.4,8.5,2011-10-17,279.65
47.4,8.5,2011-10-18,278.85
47.4,8.5,2011-10-19,275.45
47.4,8.5,2011-10-20,274.75
47.4,8.5,2011-10-21,272.95
47.4,8.5,2011-10-22,274.25
47.4,8.5,2011-10-23,274.25
47.4,8.5,2011-10-24,275.85
47.4,8.5,2011-10-25,278.55
47.4,8.5,2011-10-26,279.25
47.4,8.5,2011-10-27,278.55
47.4,8.5,2011-10-28,278.85
47.4,8.5,2011-10-29,279.45
47.4,8.5,2011-10-30,279.85
47.4,8.5,2011-10-31,279.25
47.4,8.5,2011-11-01,279.65
47.4,8.5,2011-11-02,278.85
47.4,8.5,2011-11-03,280.05
47.4,8.5,2011-11-04,281.35
47.4,8.5,2011-11-05,282.35
47.4,8.5,2011-11-06,281.05
47.4,8.5,2011-11-07,281.35
47.4,8.5,2011-11-08,280.25
47.4,8.5,2011-11-09,279.85
47.4,8.5,2011-11-10,277.55
47.4,8.5,2011-11-11,277.75
47.4,8.5,2011-11-12,277.45
47.4,8.5,2011-11-13,276.95
47.4,8.5,2011-11-14,275.55
47.4,8.5,2011-11-15,273.25
47.4,8.5,2011-11-16,273.15
47.4,8.5,2011-11-17,273.75
47.4,8.5,2011-11-18,273.15
47.4,8.5,2011-11-19,272.85
47.4,8.5,2011-11-20,275.35
47.4,8.5,2011-11-21,275.35
47.4,8.5,2011-11-22,273.45
47.4,8.5,2011-11-23,273.05
47.4,8.5,2011-11-24,272.85
47.4,8.5,2011-11-25,271.75
47.4,8.5,2011-11-26,274.15
47.4,8.5,2011-11-27,273.85
47.4,8.5,2011-11-28,274.35
47.4,8.5,2011-11-29,274.75
47.4,8.5,2011-11-30,275.15
47.4,8.5,2011-12-01,274.45
47.4,8.5,2011-12-02,275.55
47.4,8.5,2011-12-03,278.35
47.4,8.5,2011-12-04,279.95
47.4,8.5,2011-12-05,275.15
47.4,8.5,2011-12-06,274.85
47.4,8.5,2011-12-07,275.15
47.4,8.5,2011-12-08,273.65
47.4,8.5,2011-12-09,273.95
47.4,8.5,2011-12-10,278.75
47.4,8.5,2011-12-11,277.75
47.4,8.5,2011-12-12,272.25
47.4,8.5,2011-12-13,271.15
47.4,8.5,2011-12-14,273.65
47.4,8.5,2011-12-15,272.05
47.4,8.5,2011-12-16,274.25
47.4,8.5,2011-12-17,272.55
47.4,8.5,2011-12-18,271.75
47.4,8.5,2011-12-19,269.85
47.4,8.5,2011-12-20,269.45
47.4,8.5,2011-12-21,273.15
47.4,8.5,2011-12-22,274.05
47.4,8.5,2011-12-23,273.05
47.4,8.5,2011-12-24,272.55
47.4,8.5,2011-12-25,270.85
47.4,8.5,2011-12-26,273.65
47.4,8.5,2011-12-27,273.05
47.4,8.5,2011-12-28,272.05
47.4,8.5,2011-12-29,272.45
47.4,8.5,2011-12-30,270.95
47.4,8.5,2011-12-31,271.45
47.4,8.5,2012-01-01,275.75
47.4,8.5,2012-01-02,274.95
47.4,8.5,2012-01-03,274.65
47.4,8.5,2012-01-04,275.45
47.4,8.5,2012-01-05,275.45
47.4,8.5,2012-01-06,273.45
47.4,8.5,2012-01-07,273.45
47.4,8.5,2012-01-08,273.95
47.4,8.5,2012-01-09,272.55
47.4,8.5,2012-01-10,273.25
47.4,8.5,2012-01-11,272.35
47.4,8.5,2012-01-12,272.05
47.4,8.5,2012-01-13,273.05
47.4,8.5,2012-01-14,269.05
47.4,8.5,2012-01-15,269.05
47.4,8.5,2012-01-16,268.75
47.4,8.5,2012-01-17,269.95
47.4,8.5,2012-01-18,270.05
47.4,8.5,2012-01-19,271.65
47.4,8.5,2012-01-20,275.15
47.4,8.5,2012-01-21,275.05
47.4,8.5,2012-01-22,277.65
47.4,8.5,2012-01-23,274.05
47.4,8.5,2012-01-24,273.75
47.4,8.5,2012-01-25,270.85
47.4,8.5,2012-01-26,272.45
47.4,8.5,2012-01-27,274.65
47.4,8.5,2012-01-28,273.05
47.4,8.5,2012-01-29,271.85
47.4,8.5,2012-01-30,271.25
47.4,8.5,2012-01-31,268.15
47.4,8.5,2012-02-01,265.55
47.4,8.5,2012-02-02,264.75
47.4,8.5,2012-02-03,259.35
47.4,8.5,2012-02-04,257.05
47.4,8.5,2012-02-05,256.05
47.4,8.5,2012-02-06,256.15
47.4,8.5,2012-02-07,256.25
47.4,8.5,2012-02-08,260.55
47.4,8.5,2012-02-09,261.85
47.4,8.5,2012-02-10,261.75
47.4,8.5,2012-02-11,260.35
47.4,8.5,2012-02-12,257.05
47.4,8.5,2012-02-13,259.75
47.4,8.5,2012-02-14,266.95
47.4,8.5,2012-02-15,271.45
47.4,8.5,2012-02-16,270.65
47.4,8.5,2012-02-17,270.45
47.4,8.5,2012-02-18,271.85
47.4,8.5,2012-02-19,270.45
47.4,8.5,2012-02-20,267.75
47.4,8.5,2012-02-21,267.15
47.4,8.5,2012-02-22,268.15
47.4,8.5,2012-02-23,268.85
47.4,8.5,2012-02-24,273.85
47.4,8.5,2012-02-25,274.75
47.4,8.5,2012-02-26,273.65
47.4,8.5,2012-02-27,271.75
47.4,8.5,2012-02-28,272.35
47.4,8.5,2012-02-29,274.25
47.4,8.5,2012-03-01,275.95
47.4,8.5,2012-03-02,273.75
47.4,8.5,2012-03-03,274.65
47.4,8.5,2012-03-04,276.85
47.4,8.5,2012-03-05,271.05
47.4,8.5,2012-03-06,271.25
47.4,8.5,2012-03-07,272.45
47.4,8.5,2012-03-08,273.65
47.4,8.5,2012-03-09,270.45
47.4,8.5,2012-03-10,273.45
47.4,8.5,2012-03-11,275.35
47.4,8.5,2012-03-12,273.95
47.4,8.5,2012-03-13,273.75
47.4,8.5,2012-03-14,273.65
47.4,8.5,2012-03-15,275.35
47.4,8.5,2012-03-16,274.65
47.4,8.5,2012-03-17,274.15
47.4,8.5,2012-03-18,275.05
47.4,8.5,2012-03-19,275.25
47.4,8.5,2012-03-20,272.95
47.4,8.5,2012-03-21,274.15
47.4,8.5,2012-03-22,275.45
47.4,8.5,2012-03-23,275.95
47.4,8.5,2012-03-24,277.05
47.4,8.5,2012-03-25,277.55
47.4,8.5,2012-03-26,275.85
47.4,8.5,2012-03-27,276.85
47.4,8.5,2012-03-28,277.35
47.4,8.5,2012-03-29,277.65
47.4,8.5,2012-03-30,279.85
47.4,8.5,2012-03-31,276.65
47.4,8.5,2012-04-01,275.05
47.4,8.5,2012-04-02,274.35
47.4,8.5,2012-04-03,276.25
47.4,8.5,2012-04-04,280.45
47.4,8.5,2012-04-05,280.15
47.4,8.5,2012-04-06,279.85
47.4,8.5,2012-04-07,276.45
47.4,8.5,2012-04-08,272.35
47.4,8.5,2012-04-09,271.45
47.4,8.5,2012-04-10,277.15
47.4,8.5,2012-04-11,274.55
47.4,8.5,2012-04-12,274.05
47.4,8.5,2012-04-13,275.05
47.4,8.5,2012-04-14,275.35
47.4,8.5,2012-04-15,277.85
47.4,8.5,2012-04-16,276.25
47.4,8.5,2012-04-17,273.45
47.4,8.5,2012-04-18,276.05
47.4,8.5,2012-04-19,273.45
47.4,8.5,2012-04-20,275.05
47.4,8.5,2012-04-21,273.35
47.4,8.5,2012-04-22,275.15
47.4,8.5,2012-04-23,274.25
47.4,8.5,2012-04-24,277.75
47.4,8.5,2012-04-25,275.95
47.4,8.5,2012-04-26,279.25
47.4,8.5,2012-04-27,279.45
47.4,8.5,2012-04-28,281.75
47.4,8.5,2012-04-29,284.75
47.4,8.5,2012-04-30,282.85
47.4,8.5,2012-05-01,283.35
47.4,8.5,2012-05-02,281.15
47.4,8.5,2012-05-03,279.95
47.4,8.5,2012-05-04,279.05
47.4,8.5,2012-05-05,282.15
47.4,8.5,2012-05-06,279.95
47.4,8.5,2012-05-07,277.65
47.4,8.5,2012-05-08,279.85
47.4,8.5,2012-05-09,283.75
47.4,8.5,2012-05-10,281.75
47.4,8.5,2012-05-11,284.25
47.4,8.5,2012-05-12,281.35
47.4,8.5,2012-05-13,278.45
47.4,8.5,2012-05-14,277.65
47.4,8.5,2012-05-15,276.55
47.4,8.5,2012-05-16,275.55
47.4,8.5,2012-05-17,274.95
47.4,8.5,2012-05-18,280.15
47.4,8.5,2012-05-19,282.45
47.4,8.5,2012-05-20,281.55
47.4,8.5,2012-05-21,283.85
47.4,8.5,2012-05-22,283.05
47.4,8.5,2012-05-23,286.05
47.4,8.5,2012-05-24,284.85
47.4,8.5,2012-05-25,284.05
47.4,8.5,2012-05-26,282.75
47.4,8.5,2012-05-27,283.65
47.4,8.5,2012-05-28,283.85
47.4,8.5,2012-05-29,282.35
47.4,8.5,2012-05-30,283.05
47.4,8.5,2012-05-31,285.05
47.4,8.5,2012-06-01,286.85
47.4,8.5,2012-06-02,285.55
47.4,8.5,2012-06-03,286.25
47.4,8.5,2012-06-04,284.45
47.4,8.5,2012-06-05,282.15
47.4,8.5,2012-06-06,284.45
47.4,8.5,2012-06-07,286.85
47.4,8.5,2012-06-08,286.45
47.4,8.5,2012-06-09,284.95
47.4,8.5,2012-06-10,283.75
47.4,8.5,2012-06-11,285.15
47.4,8.5,2012-06-12,282.45
47.4,8.5,2012-06-13,281.85
47.4,8.5,2012-06-14,280.05
47.4,8.5,2012-06-15,284.15
47.4,8.5,2012-06-16,285.45
47.4,8.5,2012-06-17,288.45
47.4,8.5,2012-06-18,287.95
47.4,8.5,2012-06-19,288.15
47.4,8.5,2012-06-20,289.25
47.4,8.5,2012-06-21,286.85
47.4,8.5,2012-06-22,287.65
47.4,8.5,2012-06-23,285.85
47.4,8.5,2012-06-24,285.25
47.4,8.5,2012-06-25,285.15
47.4,8.5,2012-06-26,284.75
47.4,8.5,2012-06-27,286.95
47.4,8.5,2012-06-28,288.35
47.4,8.5,2012-06-29,290.25
47.4,8.5,2012-06-30,291.65
47.4,8.5,2012-07-01,287.95
47.4,8.5,2012-07-02,286.85
47.4,8.5,2012-07-03,288.75
47.4,8.5,2012-07-04,288.25
47.4,8.5,2012-07-05,288.35
47.4,8.5,2012-07-06,287.95
47.4,8.5,2012-07-07,288.65
47.4,8.5,2012-07-08,288.85
47.4,8.5,2012-07-09,287.55
47.4,8.5,2012-07-10,287.75
47.4,8.5,2012-07-11,287.65
47.4,8.5,2012-07-12,284.65
47.4,8.5,2012-07-13,286.05
47.4,8.5,2012-07-14,286.05
47.4,8.5,2012-07-15,284.05
47.4,8.5,2012-07-16,282.55
47.4,8.5,2012-07-17,283.65
47.4,8.5,2012-07-18,286.15
47.4,8.5,2012-07-19,286.45
47.4,8.5,2012-07-20,287.05
47.4,8.5,2012-07-21,284.75
47.4,8.5,2012-07-22,282.55
47.4,8.5,2012-07-23,281.75
47.4,8.5,2012-07-24,286.15
47.4,8.5,2012-07-25,288.15
47.4,8.5,2012-07-26,289.95
47.4,8.5,2012-07-27,291.25
47.4,8.5,2012-07-28,289.65
47.4,8.5,2012-07-29,288.55
47.4,8.5,2012-07-30,286.65
47.4,8.5,2012-07-31,288.75
47.4,8.5,2012-08-01,287.65
47.4,8.5,2012-08-02,289.95
47.4,8.5,2012-08-03,289.95
47.4,8.5,2012-08-04,290.05
47.4,8.5,2012-08-05,289.85
47.4,8.5,2012-08-06,286.85
47.4,8.5,2012-08-07,285.15
47.4,8.5,2012-08-08,286.85
47.4,8.5,2012-08-09,286.65
47.4,8.5,2012-08-10,288.25
47.4,8.5,2012-08-11,286.35
47.4,8.5,2012-08-12,285.15
47.4,8.5,2012-08-13,288.45
47.4,8.5,2012-08-14,289.95
47.4,8.5,2012-08-15,290.65
47.4,8.5,2012-08-16,288.85
47.4,8.5,2012-08-17,288.65
47.4,8.5,2012-08-18,289.25
47.4,8.5,2012-08-19,291.95
47.4,8.5,2012-08-20,292.05
47.4,8.5,2012-08-21,292.25
47.4,8.5,2012-08-22,291.95
47.4,8.5,2012-08-23,289.95
47.4,8.5,2012-08-24,291.65
47.4,8.5,2012-08-25,289.35
47.4,8.5,2012-08-26,285.65
47.4,8.5,2012-08-27,283.65
47.4,8.5,2012-08-28,286.95
47.4,8.5,2012-08-29,286.95
47.4,8.5,2012-08-30,287.05
47.4,8.5,2012-08-31,284.05
47.4,8.5,2012-09-01,283.65
47.4,8.5,2012-09-02,283.85
47.4,8.5,2012-09-03,285.85
47.4,8.5,2012-09-04,288.85
47.4,8.5,2012-09-05,287.15
47.4,8.5,2012-09-06,286.55
47.4,8.5,2012-09-07,285.15
47.4,8.5,2012-09-08,286.25
47.4,8.5,2012-09-09,287.45
47.4,8.5,2012-09-10,288.85
47.4,8.5,2012-09-11,288.75
47.4,8.5,2012-09-12,281.35
47.4,8.5,2012-09-13,279.45
47.4,8.5,2012-09-14,279.75
47.4,8.5,2012-09-15,283.15
47.4,8.5,2012-09-16,283.05
47.4,8.5,2012-09-17,285.05
47.4,8.5,2012-09-18,285.75
47.4,8.5,2012-09-19,281.85
47.4,8.5,2012-09-20,279.25
47.4,8.5,2012-09-21,282.45
47.4,8.5,2012-09-22,285.95
47.4,8.5,2012-09-23,284.25
47.4,8.5,2012-09-24,283.15
47.4,8.5,2012-09-25,281.25
47.4,8.5,2012-09-26,283.25
47.4,8.5,2012-09-27,280.25
47.4,8.5,2012-09-28,282.65
47.4,8.5,2012-09-29,283.95
47.4,8.5,2012-09-30,282.55
47.4,8.5,2012-10-01,283.75
47.4,8.5,2012-10-02,283.05
47.4,8.5,2012-10-03,282.75
47.4,8.5,2012-10-04,282.25
47.4,8.5,2012-10-05,282.25
47.4,8.5,2012-10-06,281.65
47.4,8.5,2012-10-07,282.35
47.4,8.5,2012-10-08,280.25
47.4,8.5,2012-10-09,284.85
47.4,8.5,2012-10-10,284.85
47.4,8.5,2012-10-11,283.45
47.4,8.5,2012-10-12,282.25
47.4,8.5,2012-10-13,279.35
47.4,8.5,2012-10-14,279.25
47.4,8.5,2012-10-15,277.75
47.4,8.5,2012-10-16,278.55
47.4,8.5,2012-10-17,281.25
47.4,8.5,2012-10-18,282.75
47.4,8.5,2012-10-19,282.75
47.4,8.5,2012-10-20,282.35
47.4,8.5,2012-10-21,282.55
47.4,8.5,2012-10-22,283.35
47.4,8.5,2012-10-23,280.75
47.4,8.5,2012-10-24,280.55
47.4,8.5,2012-10-25,278.75
47.4,8.5,2012-10-26,279.55
47.4,8.5,2012-10-27,272.85
47.4,8.5,2012-10-28,272.15
47.4,8.5,2012-10-29,271.35
47.4,8.5,2012-10-30,274.25
47.4,8.5,2012-10-31,274.85
47.4,8.5,2012-11-01,276.15
47.4,8.5,2012-11-02,276.95
47.4,8.5,2012-11-03,279.45
47.4,8.5,2012-11-04,280.55
47.4,8.5,2012-11-05,278.55
47.4,8.5,2012-11-06,273.65
47.4,8.5,2012-11-07,272.95
47.4,8.5,2012-11-08,275.45
47.4,8.5,2012-11-09,276.75
47.4,8.5,2012-11-10,280.75
47.4,8.5,2012-11-11,279.75
47.4,8.5,2012-11-12,278.45
47.4,8.5,2012-11-13,277.75
47.4,8.5,2012-11-14,276.25
47.4,8.5,2012-11-15,274.75
47.4,8.5,2012-11-16,276.05
47.4,8.5,2012-11-17,275.65
47.4,8.5,2012-11-18,277.25
47.4,8.5,2012-11-19,275.55
47.4,8.5,2012-11-20,274.35
47.4,8.5,2012-11-21,274.75
47.4,8.5,2012-11-22,277.45
47.4,8.5,2012-11-23,277.85
47.4,8.5,2012-11-24,276.25
47.4,8.5,2012-11-25,275.15
47.4,8.5,2012-11-26,279.45
47.4,8.5,2012-11-27,277.55
47.4,8.5,2012-11-28,275.85
47.4,8.5,2012-11-29,272.05
47.4,8.5,2012-11-30,269.05
47.4,8.5,2012-12-01,269.15
47.4,8.5,2012-12-02,268.15
47.4,8.5,2012-12-03,268.25
47.4,8.5,2012-12-04,273.55
47.4,8.5,2012-12-05,271.25
47.4,8.5,2012-12-06,267.95
47.4,8.5,2012-12-07,270.15
47.4,8.5,2012-12-08,268.05
47.4,8.5,2012-12-09,264.55
47.4,8.5,2012-12-10,272.25
47.4,8.5,2012-12-11,268.45
47.4,8.5,2012-12-12,264.95
47.4,8.5,2012-12-13,265.65
47.4,8.5,2012-12-14,272.65
47.4,8.5,2012-12-15,273.95
47.4,8.5,2012-12-16,272.95
47.4,8.5,2012-12-17,273.85
47.4,8.5,2012-12-18,273.65
47.4,8.5,2012-12-19,272.95
47.4,8.5,2012-12-20,271.85
47.4,8.5,2012-12-21,273.45
47.4,8.5,2012-12-22,273.05
47.4,8.5,2012-12-23,275.55
47.4,8.5,2012-12-24,274.75
47.4,8.5,2012-12-25,272.35
47.4,8.5,2012-12-26,276.75
47.4,8.5,2012-12-27,275.25
47.4,8.5,2012-12-28,276.15
47.4,8.5,2012-12-29,272.55
47.4,8.5,2012-12-30,272.25
47.4,8.5,2012-12-31,272.05
47.4,8.5,2013-01-01,271.85
47.4,8.5,2013-01-02,272.55
47.4,8.5,2013-01-03,270.45
47.4,8.5,2013-01-04,276.15
47.4,8.5,2013-01-05,277.05
47.4,8.5,2013-01-06,275.25
47.4,8.5,2013-01-07,274.25
47.4,8.5,2013-01-08,273.35
47.4,8.5,2013-01-09,272.55
47.4,8.5,2013-01-10,273.25
47.4,8.5,2013-01-11,272.25
47.4,8.5,2013-01-12,271.55
47.4,8.5,2013-01-13,271.35
47.4,8.5,2013-01-14,271.25
47.4,8.5,2013-01-15,270.85
47.4,8.5,2013-01-16,267.85
47.4,8.5,2013-01-17,267.65
47.4,8.5,2013-01-18,265.25
47.4,8.5,2013-01-19,266.15
47.4,8.5,2013-01-20,271.15
47.4,8.5,2013-01-21,270.35
47.4,8.5,2013-01-22,269.85
47.4,8.5,2013-01-23,268.15
47.4,8.5,2013-01-24,268.05
47.4,8.5,2013-01-25,265.25
47.4,8.5,2013-01-26,265.85
47.4,8.5,2013-01-27,271.85
47.4,8.5,2013-01-28,272.35
47.4,8.5,2013-01-29,271.05
47.4,8.5,2013-01-30,276.55
47.4,8.5,2013-01-31,273.05
47.4,8.5,2013-02-01,276.55
47.4,8.5,2013-02-02,272.55
47.4,8.5,2013-02-03,271.45
47.4,8.5,2013-02-04,273.55
47.4,8.5,2013-02-05,273.25
47.4,8.5,2013-02-06,271.45
47.4,8.5,2013-02-07,270.45
47.4,8.5,2013-02-08,266.45
47.4,8.5,2013-02-09,266.35
47.4,8.5,2013-02-10,263.65
47.4,8.5,2013-02-11,268.65
47.4,8.5,2013-02-12,268.25
47.4,8.5,2013-02-13,265.15
47.4,8.5,2013-02-14,264.95
47.4,8.5,2013-02-15,271.25
47.4,8.5,2013-02-16,270.85
47.4,8.5,2013-02-17,269.05
47.4,8.5,2013-02-18,270.35
47.4,8.5,2013-02-19,270.95
47.4,8.5,2013-02-20,267.85
47.4,8.5,2013-02-21,264.75
47.4,8.5,2013-02-22,264.55
47.4,8.5,2013-02-23,263.25
47.4,8.5,2013-02-24,266.05
47.4,8.5,2013-02-25,267.45
47.4,8.5,2013-02-26,266.45
47.4,8.5,2013-02-27,271.55
47.4,8.5,2013-02-28,272.85
47.4,8.5,2013-03-01,271.55
47.4,8.5,2013-03-02,272.55
47.4,8.5,2013-03-03,271.05
47.4,8.5,2013-03-04,270.65
47.4,8.5,2013-03-05,273.85
47.4,8.5,2013-03-06,274.55
47.4,8.5,2013-03-07,275.35
47.4,8.5,2013-03-08,276.25
47.4,8.5,2013-03-09,274.75
47.4,8.5,2013-03-10,273.85
47.4,8.5,2013-03-11,274.45
47.4,8.5,2013-03-12,273.95
47.4,8.5,2013-03-13,271.25
47.4,8.5,2013-03-14,269.25
47.4,8.5,2013-03-15,266.95
47.4,8.5,2013-03-16,268.95
47.4,8.5,2013-03-17,272.55
47.4,8.5,2013-03-18,273.15
47.4,8.5,2013-03-19,273.45
47.4,8.5,2013-03-20,274.15
47.4,8.5,2013-03-21,274.05
47.4,8.5,2013-03-22,271.95
47.4,8.5,2013-03-23,272.95
47.4,8.5,2013-03-24,272.05
47.4,8.5,2013-03-25,272.15
47.4,8.5,2013-03-26,268.45
47.4,8.5,2013-03-27,265.85
47.4,8.5,2013-03-28,272.35
47.4,8.5,2013-03-29,272.55
47.4,8.5,2013-03-30,274.05
47.4,8.5,2013-03-31,272.35
47.4,8.5,2013-04-01,269.95
47.4,8.5,2013-04-02,270.25
47.4,8.5,2013-04-03,272.55
47.4,8.5,2013-04-04,270.75
47.4,8.5,2013-04-05,273.45
47.4,8.5,2013-04-06,274.75
47.4,8.5,2013-04-07,272.65
47.4,8.5,2013-04-08,271.75
47.4,8.5,2013-04-09,272.85
47.4,8.5,2013-04-10,277.85
47.4,8.5,2013-04-11,277.75
47.4,8.5,2013-04-12,279.25
47.4,8.5,2013-04-13,275.75
47.4,8.5,2013-04-14,279.55
47.4,8.5,2013-04-15,278.75
47.4,8.5,2013-04-16,280.05
47.4,8.5,2013-04-17,283.55
47.4,8.5,2013-04-18,280.25
47.4,8.5,2013-04-19,277.15
47.4,8.5,2013-04-20,275.15
47.4,8.5,2013-04-21,279.85
47.4,8.5,2013-04-22,279.75
47.4,8.5,2013-04-23,277.75
47.4,8.5,2013-04-24,279.25
47.4,8.5,2013-04-25,279.15
47.4,8.5,2013-04-26,280.55
47.4,8.5,2013-04-27,278.35
47.4,8.5,2013-04-28,278.05
47.4,8.5,2013-04-29,280.55
47.4,8.5,2013-04-30,280.15
47.4,8.5,2013-05-01,283.05
47.4,8.5,2013-05-02,284.25
47.4,8.5,2013-05-03,281.35
47.4,8.5,2013-05-04,279.55
47.4,8.5,2013-05-05,280.25
47.4,8.5,2013-05-06,282.15
47.4,8.5,2013-05-07,281.65
47.4,8.5,2013-05-08,279.85
47.4,8.5,2013-05-09,283.95
47.4,8.5,2013-05-10,281.65
47.4,8.5,2013-05-11,280.25
47.4,8.5,2013-05-12,278.15
47.4,8.5,2013-05-13,276.75
47.4,8.5,2013-05-14,281.65
47.4,8.5,2013-05-15,282.65
47.4,8.5,2013-05-16,283.75
47.4,8.5,2013-05-17,281.05
47.4,8.5,2013-05-18,280.55
47.4,8.5,2013-05-19,280.55
47.4,8.5,2013-05-20,277.25
47.4,8.5,2013-05-21,280.65
47.4,8.5,2013-05-22,279.25
47.4,8.5,2013-05-23,276.55
47.4,8.5,2013-05-24,275.35
47.4,8.5,2013-05-25,276.05
47.4,8.5,2013-05-26,276.55
47.4,8.5,2013-05-27,279.05
47.4,8.5,2013-05-28,280.95
47.4,8.5,2013-05-29,278.55
47.4,8.5,2013-05-30,277.75
47.4,8.5,2013-05-31,280.15
47.4,8.5,2013-06-01,282.95
47.4,8.5,2013-06-02,282.65
47.4,8.5,2013-06-03,279.55
47.4,8.5,2013-06-04,277.55
47.4,8.5,2013-06-05,282.15
47.4,8.5,2013-06-06,283.25
47.4,8.5,2013-06-07,284.45
47.4,8.5,2013-06-08,285.05
47.4,8.5,2013-06-09,286.25
47.4,8.5,2013-06-10,284.85
47.4,8.5,2013-06-11,284.25
47.4,8.5,2013-06-12,281.95
47.4,8.5,2013-06-13,286.05
47.4,8.5,2013-06-14,284.55
47.4,8.5,2013-06-15,284.85
47.4,8.5,2013-06-16,286.65
47.4,8.5,2013-06-17,289.55
47.4,8.5,2013-06-18,290.25
47.4,8.5,2013-06-19,290.15
47.4,8.5,2013-06-20,288.15
47.4,8.5,2013-06-21,287.15
47.4,8.5,2013-06-22,286.35
47.4,8.5,2013-06-23,284.25
47.4,8.5,2013-06-24,282.95
47.4,8.5,2013-06-25,282.15
47.4,8.5,2013-06-26,282.95
47.4,8.5,2013-06-27,281.55
47.4,8.5,2013-06-28,280.85
47.4,8.5,2013-06-29,282.95
47.4,8.5,2013-06-30,284.15
47.4,8.5,2013-07-01,284.15
47.4,8.5,2013-07-02,286.45
47.4,8.5,2013-07-03,287.45
47.4,8.5,2013-07-04,286.45
47.4,8.5,2013-07-05,287.05
47.4,8.5,2013-07-06,286.05
47.4,8.5,2013-07-07,285.75
47.4,8.5,2013-07-08,287.05
47.4,8.5,2013-07-09,287.85
47.4,8.5,2013-07-10,288.85
47.4,8.5,2013-07-11,286.95
47.4,8.5,2013-07-12,284.05
47.4,8.5,2013-07-13,286.45
47.4,8.5,2013-07-14,287.35
47.4,8.5,2013-07-15,288.45
47.4,8.5,2013-07-16,287.25
47.4,8.5,2013-07-17,289.65
47.4,8.5,2013-07-18,290.25
47.4,8.5,2013-07-19,289.55
47.4,8.5,2013-07-20,290.15
47.4,8.5,2013-07-21,290.95
47.4,8.5,2013-07-22,291.15
47.4,8.5,2013-07-23,292.35
47.4,8.5,2013-07-24,292.45
47.4,8.5,2013-07-25,290.15
47.4,8.5,2013-07-26,291.15
47.4,8.5,2013-07-27,293.75
47.4,8.5,2013-07-28,292.05
47.4,8.5,2013-07-29,287.45
47.4,8.5,2013-07-30,286.45
47.4,8.5,2013-07-31,286.85
47.4,8.5,2013-08-01,290.25
47.4,8.5,2013-08-02,292.85
47.4,8.5,2013-08-03,293.25
47.4,8.5,2013-08-04,292.55
47.4,8.5,2013-08-05,292.15
47.4,8.5,2013-08-06,292.75
47.4,8.5,2013-08-07,290.35
47.4,8.5,2013-08-08,289.55
47.4,8.5,2013-08-09,287.35
47.4,8.5,2013-08-10,284.55
47.4,8.5,2013-08-11,288.65
47.4,8.5,2013-08-12,288.25
47.4,8.5,2013-08-13,287.25
47.4,8.5,2013-08-14,285.95
47.4,8.5,2013-08-15,284.85
47.4,8.5,2013-08-16,287.25
47.4,8.5,2013-08-17,288.95
47.4,8.5,2013-08-18,288.35
47.4,8.5,2013-08-19,286.55
47.4,8.5,2013-08-20,285.25
47.4,8.5,2013-08-21,283.25
47.4,8.5,2013-08-22,285.05
47.4,8.5,2013-08-23,287.75
47.4,8.5,2013-08-24,287.85
47.4,8.5,2013-08-25,286.15
47.4,8.5,2013-08-26,285.25
47.4,8.5,2013-08-27,286.45
47.4,8.5,2013-08-28,285.85
47.4,8.5,2013-08-29,285.25
47.4,8.5,2013-08-30,286.55
47.4,8.5,2013-08-31,287.65
47.4,8.5,2013-09-01,285.45
47.4,8.5,2013-09-02,283.95
47.4,8.5,2013-09-03,284.35
47.4,8.5,2013-09-04,287.05
47.4,8.5,2013-09-05,289.65
47.4,8.5,2013-09-06,290.05
47.4,8.5,2013-09-07,289.35
47.4,8.5,2013-09-08,287.55
47.4,8.5,2013-09-09,284.35
47.4,8.5,2013-09-10,282.75
47.4,8.5,2013-09-11,281.05
47.4,8.5,2013-09-12,282.55
47.4,8.5,2013-09-13,281.75
47.4,8.5,2013-09-14,282.85
47.4,8.5,2013-09-15,286.05
47.4,8.5,2013-09-16,282.25
47.4,8.5,2013-09-17,279.65
47.4,8.5,2013-09-18,283.05
47.4,8.5,2013-09-19,282.65
47.4,8.5,2013-09-20,280.75
47.4,8.5,2013-09-21,281.75
47.4,8.5,2013-09-22,282.35
47.4,8.5,2013-09-23,281.85
47.4,8.5,2013-09-24,282.45
47.4,8.5,2013-09-25,284.95
47.4,8.5,2013-09-26,285.15
47.4,8.5,2013-09-27,284.95
47.4,8.5,2013-09-28,285.55
47.4,8.5,2013-09-29,284.45
47.4,8.5,2013-09-30,284.05
47.4,8.5,2013-10-01,282.75
47.4,8.5,2013-10-02,281.05
47.4,8.5,2013-10-03,281.15
47.4,8.5,2013-10-04,285.45
47.4,8.5,2013-10-05,286.25
47.4,8.5,2013-10-06,285.15
47.4,8.5,2013-10-07,284.85
47.4,8.5,2013-10-08,285.15
47.4,8.5,2013-10-09,283.85
47.4,8.5,2013-10-10,277.55
47.4,8.5,2013-10-11,277.25
47.4,8.5,2013-10-12,276.95
47.4,8.5,2013-10-13,277.65
47.4,8.5,2013-10-14,281.45
47.4,8.5,2013-10-15,280.85
47.4,8.5,2013-10-16,279.75
47.4,8.5,2013-10-17,282.55
47.4,8.5,2013-10-18,278.85
47.4,8.5,2013-10-19,281.55
47.4,8.5,2013-10-20,282.65
47.4,8.5,2013-10-21,282.95
47.4,8.5,2013-10-22,284.95
47.4,8.5,2013-10-23,284.35
47.4,8.5,2013-10-24,281.45
47.4,8.5,2013-10-25,282.45
47.4,8.5,2013-10-26,283.25
47.4,8.5,2013-10-27,282.65
47.4,8.5,2013-10-28,283.65
47.4,8.5,2013-10-29,281.75
47.4,8.5,2013-10-30,277.95
47.4,8.5,2013-10-31,277.05
47.4,8.5,2013-11-01,278.95
47.4,8.5,2013-11-02,281.65
47.4,8.5,2013-11-03,277.05
47.4,8.5,2013-11-04,276.95
47.4,8.5,2013-11-05,277.95
47.4,8.5,2013-11-06,280.65
47.4,8.5,2013-11-07,279.75
47.4,8.5,2013-11-08,278.35
47.4,8.5,2013-11-09,276.45
47.4,8.5,2013-11-10,275.75
47.4,8.5,2013-11-11,274.35
47.4,8.5,2013-11-12,273.45
47.4,8.5,2013-11-13,273.75
47.4,8.5,2013-11-14,274.75
47.4,8.5,2013-11-15,274.45
47.4,8.5,2013-11-16,274.05
47.4,8.5,2013-11-17,275.15
47.4,8.5,2013-11-18,275.65
47.4,8.5,2013-11-19,274.55
47.4,8.5,2013-11-20,274.75
47.4,8.5,2013-11-21,273.15
47.4,8.5,2013-11-22,273.55
47.4,8.5,2013-11-23,274.15
47.4,8.5,2013-11-24,275.35
47.4,8.5,2013-11-25,272.05
47.4,8.5,2013-11-26,269.25
47.4,8.5,2013-11-27,268.85
47.4,8.5,2013-11-28,268.85
47.4,8.5,2013-11-29,272.35
47.4,8.5,2013-11-30,270.95
47.4,8.5,2013-12-01,269.55
47.4,8.5,2013-12-02,269.85
47.4,8.5,2013-12-03,271.95
47.4,8.5,2013-12-04,272.85
47.4,8.5,2013-12-05,272.15
47.4,8.5,2013-12-06,273.05
47.4,8.5,2013-12-07,271.35
47.4,8.5,2013-12-08,273.35
47.4,8.5,2013-12-09,272.85
47.4,8.5,2013-12-10,272.95
47.4,8.5,2013-12-11,273.25
47.4,8.5,2013-12-12,270.25
47.4,8.5,2013-12-13,270.85
47.4,8.5,2013-12-14,270.45
47.4,8.5,2013-12-15,270.75
47.4,8.5,2013-12-16,272.85
47.4,8.5,2013-12-17,272.35
47.4,8.5,2013-12-18,272.35
47.4,8.5,2013-12-19,272.05
47.4,8.5,2013-12-20,273.25
47.4,8.5,2013-12-21,271.85
47.4,8.5,2013-12-22,273.55
47.4,8.5,2013-12-23,273.05
47.4,8.5,2013-12-24,274.75
47.4,8.5,2013-12-25,275.15
47.4,8.5,2013-12-26,274.45
47.4,8.5,2013-12-27,273.05
47.4,8.5,2013-12-28,274.05
47.4,8.5,2013-12-29,272.55
47.4,8.5,2013-12-30,272.55
47.4,8.5,2013-12-31,272.55
47.4,8.5,2014-01-01,272.05
47.4,8.5,2014-01-02,273.35
47.4,8.5,2014-01-03,272.05
47.4,8.5,2014-01-04,274.75
47.4,8.5,2014-01-05,272.85
47.4,8.5,2014-01-06,273.35
47.4,8.5,2014-01-07,273.85
47.4,8.5,2014-01-08,274.85
47.4,8.5,2014-01-09,272.25
47.4,8.5,2014-01-10,276.15
47.4,8.5,2014-01-11,274.05
47.4,8.5,2014-01-12,276.05
47.4,8.5,2014-01-13,273.95
47.4,8.5,2014-01-14,272.75
47.4,8.5,2014-01-15,272.45
47.4,8.5,2014-01-16,275.75
47.4,8.5,2014-01-17,273.95
47.4,8.5,2014-01-18,272.55
47.4,8.5,2014-01-19,274.75
47.4,8.5,2014-01-20,273.55
47.4,8.5,2014-01-21,274.35
47.4,8.5,2014-01-22,272.55
47.4,8.5,2014-01-23,272.75
47.4,8.5,2014-01-24,272.05
47.4,8.5,2014-01-25,270.75
47.4,8.5,2014-01-26,273.75
47.4,8.5,2014-01-27,271.85
47.4,8.5,2014-01-28,271.15
47.4,8.5,2014-01-29,268.95
47.4,8.5,2014-01-30,270.75
47.4,8.5,2014-01-31,271.15
47.4,8.5,2014-02-01,271.65
47.4,8.5,2014-02-02,272.25
47.4,8.5,2014-02-03,272.55
47.4,8.5,2014-02-04,273.15
47.4,8.5,2014-02-05,272.25
47.4,8.5,2014-02-06,270.95
47.4,8.5,2014-02-07,272.65
47.4,8.5,2014-02-08,270.85
47.4,8.5,2014-02-09,271.15
47.4,8.5,2014-02-10,271.15
47.4,8.5,2014-02-11,273.75
47.4,8.5,2014-02-12,271.45
47.4,8.5,2014-02-13,273.05
47.4,8.5,2014-02-14,271.65
47.4,8.5,2014-02-15,274.85
47.4,8.5,2014-02-16,275.85
47.4,8.5,2014-02-17,271.85
47.4,8.5,2014-02-18,273.35
47.4,8.5,2014-02-19,273.35
47.4,8.5,2014-02-20,272.55
47.4,8.5,2014-02-21,272.75
47.4,8.5,2014-02-22,270.75
47.4,8.5,2014-02-23,273.85
47.4,8.5,2014-02-24,272.45
47.4,8.5,2014-02-25,272.55
47.4,8.5,2014-02-26,274.65
47.4,8.5,2014-02-27,274.65
47.4,8.5,2014-02-28,272.65
47.4,8.5,2014-03-01,274.15
47.4,8.5,2014-03-02,274.15
47.4,8.5,2014-03-03,272.55
47.4,8.5,2014-03-04,274.15
47.4,8.5,2014-03-05,273.05
47.4,8.5,2014-03-06,272.85
47.4,8.5,2014-03-07,274.15
47.4,8.5,2014-03-08,273.45
47.4,8.5,2014-03-09,275.45
47.4,8.5,2014-03-10,275.85
47.4,8.5,2014-03-11,273.65
47.4,8.5,2014-03-12,276.65
47.4,8.5,2014-03-13,275.65
47.4,8.5,2014-03-14,275.75
47.4,8.5,2014-03-15,273.65
47.4,8.5,2014-03-16,278.15
47.4,8.5,2014-03-17,274.95
47.4,8.5,2014-03-18,275.85
47.4,8.5,2014-03-19,278.45
47.4,8.5,2014-03-20,276.95
47.4,8.5,2014-03-21,275.75
47.4,8.5,2014-03-22,277.95
47.4,8.5,2014-03-23,273.35
47.4,8.5,2014-03-24,271.85
47.4,8.5,2014-03-25,271.35
47.4,8.5,2014-03-26,271.35
47.4,8.5,2014-03-27,273.35
47.4,8.5,2014-03-28,274.65
47.4,8.5,2014-03-29,277.05
47.4,8.5,2014-03-30,276.65
47.4,8.5,2014-03-31,276.45
47.4,8.5,2014-04-01,277.25
47.4,8.5,2014-04-02,277.55
47.4,8.5,2014-04-03,280.45
47.4,8.5,2014-04-04,278.55
47.4,8.5,2014-04-05,279.55
47.4,8.5,2014-04-06,282.45
47.4,8.5,2014-04-07,279.95
47.4,8.5,2014-04-08,280.05
47.4,8.5,2014-04-09,277.45
47.4,8.5,2014-04-10,277.05
47.4,8.5,2014-04-11,277.65
47.4,8.5,2014-04-12,280.85
47.4,8.5,2014-04-13,281.55
47.4,8.5,2014-04-14,277.35
47.4,8.5,2014-04-15,275.05
47.4,8.5,2014-04-16,272.25
47.4,8.5,2014-04-17,273.65
47.4,8.5,2014-04-18,273.15
47.4,8.5,2014-04-19,273.95
47.4,8.5,2014-04-20,275.85
47.4,8.5,2014-04-21,279.75
47.4,8.5,2014-04-22,278.65
47.4,8.5,2014-04-23,278.55
47.4,8.5,2014-04-24,280.15
47.4,8.5,2014-04-25,282.45
47.4,8.5,2014-04-26,283.45
47.4,8.5,2014-04-27,280.25
47.4,8.5,2014-04-28,279.75
47.4,8.5,2014-04-29,279.65
47.4,8.5,2014-04-30,279.85
47.4,8.5,2014-05-01,280.55
47.4,8.5,2014-05-02,280.85
47.4,8.5,2014-05-03,278.45
47.4,8.5,2014-05-04,277.45
47.4,8.5,2014-05-05,277.65
47.4,8.5,2014-05-06,279.75
47.4,8.5,2014-05-07,281.65
47.4,8.5,2014-05-08,278.85
47.4,8.5,2014-05-09,284.05
47.4,8.5,2014-05-10,281.45
47.4,8.5,2014-05-11,280.05
47.4,8.5,2014-05-12,278.75
47.4,8.5,2014-05-13,278.35
47.4,8.5,2014-05-14,278.15
47.4,8.5,2014-05-15,277.25
47.4,8.5,2014-05-16,277.65
47.4,8.5,2014-05-17,277.95
47.4,8.5,2014-05-18,280.15
47.4,8.5,2014-05-19,281.05
47.4,8.5,2014-05-20,281.55
47.4,8.5,2014-05-21,284.55
47.4,8.5,2014-05-22,283.75
47.4,8.5,2014-05-23,284.15
47.4,8.5,2014-05-24,283.75
47.4,8.5,2014-05-25,284.05
47.4,8.5,2014-05-26,284.75
47.4,8.5,2014-05-27,283.85
47.4,8.5,2014-05-28,283.05
47.4,8.5,2014-05-29,283.75
47.4,8.5,2014-05-30,282.25
47.4,8.5,2014-05-31,279.15
47.4,8.5,2014-06-01,282.45
47.4,8.5,2014-06-02,282.65
47.4,8.5,2014-06-03,282.45
47.4,8.5,2014-06-04,284.35
47.4,8.5,2014-06-05,283.05
47.4,8.5,2014-06-06,284.25
47.4,8.5,2014-06-07,286.25
47.4,8.5,2014-06-08,290.25
47.4,8.5,2014-06-09,290.65
47.4,8.5,2014-06-10,290.45
47.4,8.5,2014-06-11,290.15
47.4,8.5,2014-06-12,289.95
47.4,8.5,2014-06-13,288.95
47.4,8.5,2014-06-14,286.05
47.4,8.5,2014-06-15,286.05
47.4,8.5,2014-06-16,284.65
47.4,8.5,2014-06-17,286.55
47.4,8.5,2014-06-18,283.95
47.4,8.5,2014-06-19,286.55
47.4,8.5,2014-06-20,286.75
47.4,8.5,2014-06-21,286.35
47.4,8.5,2014-06-22,285.25
47.4,8.5,2014-06-23,286.65
47.4,8.5,2014-06-24,288.15
47.4,8.5,2014-06-25,283.95
47.4,8.5,2014-06-26,283.05
47.4,8.5,2014-06-27,285.05
47.4,8.5,2014-06-28,287.65
47.4,8.5,2014-06-29,285.15
47.4,8.5,2014-06-30,283.95
47.4,8.5,2014-07-01,283.15
47.4,8.5,2014-07-02,286.65
47.4,8.5,2014-07-03,283.75
47.4,8.5,2014-07-04,288.25
47.4,8.5,2014-07-05,288.45
47.4,8.5,2014-07-06,287.85
47.4,8.5,2014-07-07,289.55
47.4,8.5,2014-07-08,285.05
47.4,8.5,2014-07-09,283.55
47.4,8.5,2014-07-10,283.25
47.4,8.5,2014-07-11,286.05
47.4,8.5,2014-07-12,287.35
47.4,8.5,2014-07-13,287.45
47.4,8.5,2014-07-14,287.05
47.4,8.5,2014-07-15,285.65
47.4,8.5,2014-07-16,287.05
47.4,8.5,2014-07-17,288.95
47.4,8.5,2014-07-18,289.45
47.4,8.5,2014-07-19,291.35
47.4,8.5,2014-07-20,289.85
47.4,8.5,2014-07-21,288.55
47.4,8.5,2014-07-22,288.75
47.4,8.5,2014-07-23,287.55
47.4,8.5,2014-07-24,288.35
47.4,8.5,2014-07-25,286.95
47.4,8.5,2014-07-26,288.75
47.4,8.5,2014-07-27,288.65
47.4,8.5,2014-07-28,288.75
47.4,8.5,2014-07-29,287.45
47.4,8.5,2014-07-30,287.85
47.4,8.5,2014-07-31,288.35
47.4,8.5,2014-08-01,287.55
47.4,8.5,2014-08-02,289.95
47.4,8.5,2014-08-03,288.95
47.4,8.5,2014-08-04,285.95
47.4,8.5,2014-08-05,287.85
47.4,8.5,2014-08-06,286.85
47.4,8.5,2014-08-07,289.25
47.4,8.5,2014-08-08,288.15
47.4,8.5,2014-08-09,291.25
47.4,8.5,2014-08-10,290.45
47.4,8.5,2014-08-11,287.55
47.4,8.5,2014-08-12,285.85
47.4,8.5,2014-08-13,286.65
47.4,8.5,2014-08-14,284.85
47.4,8.5,2014-08-15,283.65
47.4,8.5,2014-08-16,282.75
47.4,8.5,2014-08-17,281.65
47.4,8.5,2014-08-18,284.25
47.4,8.5,2014-08-19,285.65
47.4,8.5,2014-08-20,285.25
47.4,8.5,2014-08-21,283.55
47.4,8.5,2014-08-22,286.55
47.4,8.5,2014-08-23,284.75
47.4,8.5,2014-08-24,283.55
47.4,8.5,2014-08-25,284.35
47.4,8.5,2014-08-26,286.25
47.4,8.5,2014-08-27,287.25
47.4,8.5,2014-08-28,285.65
47.4,8.5,2014-08-29,288.65
47.4,8.5,2014-08-30,287.85
47.4,8.5,2014-08-31,284.55
47.4,8.5,2014-09-01,283.45
47.4,8.5,2014-09-02,282.65
47.4,8.5,2014-09-03,284.05
47.4,8.5,2014-09-04,285.15
47.4,8.5,2014-09-05,286.75
47.4,8.5,2014-09-06,286.65
47.4,8.5,2014-09-07,286.95
47.4,8.5,2014-09-08,287.25
47.4,8.5,2014-09-09,288.15
47.4,8.5,2014-09-10,286.45
47.4,8.5,2014-09-11,284.05
47.4,8.5,2014-09-12,282.25
47.4,8.5,2014-09-13,284.05
47.4,8.5,2014-09-14,283.05
47.4,8.5,2014-09-15,284.05
47.4,8.5,2014-09-16,286.05
47.4,8.5,2014-09-17,286.35
47.4,8.5,2014-09-18,286.45
47.4,8.5,2014-09-19,287.35
47.4,8.5,2014-09-20,286.95
47.4,8.5,2014-09-21,286.05
47.4,8.5,2014-09-22,280.95
47.4,8.5,2014-09-23,278.25
47.4,8.5,2014-09-24,280.95
47.4,8.5,2014-09-25,282.15
47.4,8.5,2014-09-26,281.35
47.4,8.5,2014-09-27,281.35
47.4,8.5,2014-09-28,284.15
47.4,8.5,2014-09-29,284.65
47.4,8.5,2014-09-30,288.05
47.4,8.5,2014-10-01,285.05
47.4,8.5,2014-10-02,283.45
47.4,8.5,2014-10-03,283.95
47.4,8.5,2014-10-04,281.75
47.4,8.5,2014-10-05,284.15
47.4,8.5,2014-10-06,285.05
47.4,8.5,2014-10-07,283.95
47.4,8.5,2014-10-08,284.15
47.4,8.5,2014-10-09,285.15
47.4,8.5,2014-10-10,285.95
47.4,8.5,2014-10-11,285.75
47.4,8.5,2014-10-12,284.15
47.4,8.5,2014-10-13,284.25
47.4,8.5,2014-10-14,283.55
47.4,8.5,2014-10-15,284.85
47.4,8.5,2014-10-16,284.65
47.4,8.5,2014-10-17,284.65
47.4,8.5,2014-10-18,281.85
47.4,8.5,2014-10-19,283.35
47.4,8.5,2014-10-20,284.55
47.4,8.5,2014-10-21,279.65
47.4,8.5,2014-10-22,277.05
47.4,8.5,2014-10-23,278.35
47.4,8.5,2014-10-24,275.85
47.4,8.5,2014-10-25,279.15
47.4,8.5,2014-10-26,280.45
47.4,8.5,2014-10-27,278.75
47.4,8.5,2014-10-28,278.25
47.4,8.5,2014-10-29,279.15
47.4,8.5,2014-10-30,279.65
47.4,8.5,2014-10-31,279.15
47.4,8.5,2014-11-01,281.25
47.4,8.5,2014-11-02,280.45
47.4,8.5,2014-11-03,278.95
47.4,8.5,2014-11-04,278.45
47.4,8.5,2014-11-05,275.15
47.4,8.5,2014-11-06,275.15
47.4,8.5,2014-11-07,275.25
47.4,8.5,2014-11-08,277.45
47.4,8.5,2014-11-09,277.85
47.4,8.5,2014-11-10,278.25
47.4,8.5,2014-11-11,277.65
47.4,8.5,2014-11-12,278.85
47.4,8.5,2014-11-13,278.95
47.4,8.5,2014-11-14,278.95
47.4,8.5,2014-11-15,278.25
47.4,8.5,2014-11-16,278.15
47.4,8.5,2014-11-17,277.25
47.4,8.5,2014-11-18,277.45
47.4,8.5,2014-11-19,277.35
47.4,8.5,2014-11-20,274.45
47.4,8.5,2014-11-21,276.55
47.4,8.5,2014-11-22,277.65
47.4,8.5,2014-11-23,278.45
47.4,8.5,2014-11-24,277.75
47.4,8.5,2014-11-25,277.95
47.4,8.5,2014-11-26,277.85
47.4,8.5,2014-11-27,277.25
47.4,8.5,2014-11-28,276.75
47.4,8.5,2014-11-29,275.95
47.4,8.5,2014-11-30,276.25
47.4,8.5,2014-12-01,276.05
47.4,8.5,2014-12-02,276.05
47.4,8.5,2014-12-03,276.05
47.4,8.5,2014-12-04,274.85
47.4,8.5,2014-12-05,273.45
47.4,8.5,2014-12-06,275.25
47.4,8.5,2014-12-07,275.35
47.4,8.5,2014-12-08,273.65
47.4,8.5,2014-12-09,271.55
47.4,8.5,2014-12-10,271.75
47.4,8.5,2014-12-11,276.75
47.4,8.5,2014-12-12,272.55
47.4,8.5,2014-12-13,272.85
47.4,8.5,2014-12-14,276.35
47.4,8.5,2014-12-15,277.65
47.4,8.5,2014-12-16,277.45
47.4,8.5,2014-12-17,276.45
47.4,8.5,2014-12-18,279.05
47.4,8.5,2014-12-19,280.25
47.4,8.5,2014-12-20,276.65
47.4,8.5,2014-12-21,272.75
47.4,8.5,2014-12-22,272.45
47.4,8.5,2014-12-23,272.75
47.4,8.5,2014-12-24,272.75
47.4,8.5,2014-12-25,271.45
47.4,8.5,2014-12-26,271.15
47.4,8.5,2014-12-27,271.95
47.4,8.5,2014-12-28,264.75
47.4,8.5,2014-12-29,261.05
47.4,8.5,2014-12-30,267.45
47.4,8.5,2014-12-31,267.15
47.4,8.5,2015-01-01,266.85
47.4,8.5,2015-01-02,268.35
47.4,8.5,2015-01-03,274.15
47.4,8.5,2015-01-04,273.65
47.4,8.5,2015-01-05,272.55
47.4,8.5,2015-01-06,272.45
47.4,8.5,2015-01-07,272.35
47.4,8.5,2015-01-08,272.85
47.4,8.5,2015-01-09,275.45
47.4,8.5,2015-01-10,282.35
47.4,8.5,2015-01-11,274.45
47.4,8.5,2015-01-12,271.95
47.4,8.5,2015-01-13,271.55
47.4,8.5,2015-01-14,272.95
47.4,8.5,2015-01-15,272.85
47.4,8.5,2015-01-16,275.25
47.4,8.5,2015-01-17,273.25
47.4,8.5,2015-01-18,270.45
47.4,8.5,2015-01-19,271.95
47.4,8.5,2015-01-20,271.45
47.4,8.5,2015-01-21,271.25
47.4,8.5,2015-01-22,272.05
47.4,8.5,2015-01-23,271.75
47.4,8.5,2015-01-24,270.65
47.4,8.5,2015-01-25,271.85
47.4,8.5,2015-01-26,271.85
47.4,8.5,2015-01-27,270.75
47.4,8.5,2015-01-28,270.35
47.4,8.5,2015-01-29,273.25
47.4,8.5,2015-01-30,271.65
47.4,8.5,2015-01-31,270.25
47.4,8.5,2015-02-01,267.75
47.4,8.5,2015-02-02,270.45
47.4,8.5,2015-02-03,265.45
47.4,8.5,2015-02-04,264.85
47.4,8.5,2015-02-05,268.85
47.4,8.5,2015-02-06,268.75
47.4,8.5,2015-02-07,267.05
47.4,8.5,2015-02-08,268.35
47.4,8.5,2015-02-09,270.75
47.4,8.5,2015-02-10,268.65
47.4,8.5,2015-02-11,271.05
47.4,8.5,2015-02-12,270.05
47.4,8.5,2015-02-13,266.55
47.4,8.5,2015-02-14,272.55
47.4,8.5,2015-02-15,270.65
47.4,8.5,2015-02-16,270.05
47.4,8.5,2015-02-17,270.25
47.4,8.5,2015-02-18,270.05
47.4,8.5,2015-02-19,269.45
47.4,8.5,2015-02-20,272.45
47.4,8.5,2015-02-21,272.75
47.4,8.5,2015-02-22,271.35
47.4,8.5,2015-02-23,271.15
47.4,8.5,2015-02-24,272.65
47.4,8.5,2015-02-25,271.95
47.4,8.5,2015-02-26,272.35
47.4,8.5,2015-02-27,273.85
47.4,8.5,2015-02-28,272.65
47.4,8.5,2015-03-01,272.25
47.4,8.5,2015-03-02,274.35
47.4,8.5,2015-03-03,271.35
47.4,8.5,2015-03-04,271.45
47.4,8.5,2015-03-05,270.55
47.4,8.5,2015-03-06,270.65
47.4,8.5,2015-03-07,271.75
47.4,8.5,2015-03-08,273.75
47.4,8.5,2015-03-09,275.25
47.4,8.5,2015-03-10,274.05
47.4,8.5,2015-03-11,272.35
47.4,8.5,2015-03-12,270.75
47.4,8.5,2015-03-13,271.95
47.4,8.5,2015-03-14,270.45
47.4,8.5,2015-03-15,271.85
47.4,8.5,2015-03-16,276.35
47.4,8.5,2015-03-17,277.05
47.4,8.5,2015-03-18,275.45
47.4,8.5,2015-03-19,276.45
47.4,8.5,2015-03-20,275.65
47.4,8.5,2015-03-21,277.25
47.4,8.5,2015-03-22,274.85
47.4,8.5,2015-03-23,274.85
47.4,8.5,2015-03-24,275.45
47.4,8.5,2015-03-25,276.65
47.4,8.5,2015-03-26,276.15
47.4,8.5,2015-03-27,276.05
47.4,8.5,2015-03-28,273.85
47.4,8.5,2015-03-29,280.25
47.4,8.5,2015-03-30,279.85
47.4,8.5,2015-03-31,277.75
47.4,8.5,2015-04-01,275.05
47.4,8.5,2015-04-02,275.05
47.4,8.5,2015-04-03,274.85
47.4,8.5,2015-04-04,274.95
47.4,8.5,2015-04-05,272.55
47.4,8.5,2015-04-06,271.05
47.4,8.5,2015-04-07,270.65
47.4,8.5,2015-04-08,273.85
47.4,8.5,2015-04-09,276.25
47.4,8.5,2015-04-10,276.65
47.4,8.5,2015-04-11,278.35
47.4,8.5,2015-04-12,277.85
47.4,8.5,2015-04-13,276.85
47.4,8.5,2015-04-14,277.95
47.4,8.5,2015-04-15,280.35
47.4,8.5,2015-04-16,278.45
47.4,8.5,2015-04-17,280.95
47.4,8.5,2015-04-18,277.85
47.4,8.5,2015-04-19,274.85
47.4,8.5,2015-04-20,278.15
47.4,8.5,2015-04-21,276.75
47.4,8.5,2015-04-22,279.35
47.4,8.5,2015-04-23,276.05
47.4,8.5,2015-04-24,278.55
47.4,8.5,2015-04-25,280.35
47.4,8.5,2015-04-26,280.55
47.4,8.5,2015-04-27,281.25
47.4,8.5,2015-04-28,276.65
47.4,8.5,2015-04-29,275.45
47.4,8.5,2015-04-30,280.15
47.4,8.5,2015-05-01,281.35
47.4,8.5,2015-05-02,283.35
47.4,8.5,2015-05-03,284.15
47.4,8.5,2015-05-04,284.95
47.4,8.5,2015-05-05,284.15
47.4,8.5,2015-05-06,284.05
47.4,8.5,2015-05-07,281.85
47.4,8.5,2015-05-08,282.25
47.4,8.5,2015-05-09,282.85
47.4,8.5,2015-05-10,280.15
47.4,8.5,2015-05-11,283.05
47.4,8.5,2015-05-12,282.85
47.4,8.5,2015-05-13,286.65
47.4,8.5,2015-05-14,285.35
47.4,8.5,2015-05-15,281.65
47.4,8.5,2015-05-16,282.05
47.4,8.5,2015-05-17,283.85
47.4,8.5,2015-05-18,283.05
47.4,8.5,2015-05-19,282.45
47.4,8.5,2015-05-20,279.65
47.4,8.5,2015-05-21,278.95
47.4,8.5,2015-05-22,277.95
47.4,8.5,2015-05-23,279.15
47.4,8.5,2015-05-24,280.95
47.4,8.5,2015-05-25,281.85
47.4,8.5,2015-05-26,282.25
47.4,8.5,2015-05-27,280.95
47.4,8.5,2015-05-28,280.05
47.4,8.5,2015-05-29,282.85
47.4,8.5,2015-05-30,284.95
47.4,8.5,2015-05-31,284.35
47.4,8.5,2015-06-01,285.75
47.4,8.5,2015-06-02,284.25
47.4,8.5,2015-06-03,284.45
47.4,8.5,2015-06-04,286.05
47.4,8.5,2015-06-05,288.95
47.4,8.5,2015-06-06,288.85
47.4,8.5,2015-06-07,289.65
47.4,8.5,2015-06-08,287.15
47.4,8.5,2015-06-09,285.85
47.4,8.5,2015-06-10,285.25
47.4,8.5,2015-06-11,285.85
47.4,8.5,2015-06-12,287.45
47.4,8.5,2015-06-13,287.35
47.4,8.5,2015-06-14,287.95
47.4,8.5,2015-06-15,287.85
47.4,8.5,2015-06-16,287.05
47.4,8.5,2015-06-17,284.25
47.4,8.5,2015-06-18,284.35
47.4,8.5,2015-06-19,284.65
47.4,8.5,2015-06-20,282.55
47.4,8.5,2015-06-21,282.55
47.4,8.5,2015-06-22,284.75
47.4,8.5,2015-06-23,284.65
47.4,8.5,2015-06-24,282.45
47.4,8.5,2015-06-25,284.25
47.4,8.5,2015-06-26,286.05
47.4,8.5,2015-06-27,287.35
47.4,8.5,2015-06-28,286.95
47.4,8.5,2015-06-29,287.45
47.4,8.5,2015-06-30,289.55
47.4,8.5,2015-07-01,290.65
47.4,8.5,2015-07-02,292.55
47.4,8.5,2015-07-03,292.55
47.4,8.5,2015-07-04,292.15
47.4,8.5,2015-07-05,294.35
47.4,8.5,2015-07-06,293.05
47.4,8.5,2015-07-07,293.75
47.4,8.5,2015-07-08,290.25
47.4,8.5,2015-07-09,287.45
47.4,8.5,2015-07-10,284.35
47.4,8.5,2015-07-11,288.05
47.4,8.5,2015-07-12,289.25
47.4,8.5,2015-07-13,291.45
47.4,8.5,2015-07-14,288.95
47.4,8.5,2015-07-15,289.25
47.4,8.5,2015-07-16,291.85
47.4,8.5,2015-07-17,292.95
47.4,8.5,2015-07-18,290.85
47.4,8.5,2015-07-19,291.85
47.4,8.5,2015-07-20,291.25
47.4,8.5,2015-07-21,293.05
47.4,8.5,2015-07-22,292.85
47.4,8.5,2015-07-23,291.65
47.4,8.5,2015-07-24,290.95
47.4,8.5,2015-07-25,288.35
47.4,8.5,2015-07-26,286.05
47.4,8.5,2015-07-27,288.35
47.4,8.5,2015-07-28,287.15
47.4,8.5,2015-07-29,286.25
47.4,8.5,2015-07-30,284.85
47.4,8.5,2015-07-31,283.45
47.4,8.5,2015-08-01,288.15
47.4,8.5,2015-08-02,288.75
47.4,8.5,2015-08-03,289.25
47.4,8.5,2015-08-04,291.85
47.4,8.5,2015-08-05,289.35
47.4,8.5,2015-08-06,293.35
47.4,8.5,2015-08-07,294.45
47.4,8.5,2015-08-08,292.95
47.4,8.5,2015-08-09,292.45
47.4,8.5,2015-08-10,291.95
47.4,8.5,2015-08-11,292.35
47.4,8.5,2015-08-12,292.65
47.4,8.5,2015-08-13,293.05
47.4,8.5,2015-08-14,289.75
47.4,8.5,2015-08-15,287.65
47.4,8.5,2015-08-16,287.05
47.4,8.5,2015-08-17,286.25
47.4,8.5,2015-08-18,286.45
47.4,8.5,2015-08-19,286.15
47.4,8.5,2015-08-20,284.95
47.4,8.5,2015-08-21,284.55
47.4,8.5,2015-08-22,286.75
47.4,8.5,2015-08-23,288.35
47.4,8.5,2015-08-24,287.75
47.4,8.5,2015-08-25,286.35
47.4,8.5,2015-08-26,287.45
47.4,8.5,2015-08-27,287.25
47.4,8.5,2015-08-28,289.75
47.4,8.5,2015-08-29,291.35
47.4,8.5,2015-08-30,290.65
47.4,8.5,2015-08-31,289.85
47.4,8.5,2015-09-01,288.45
47.4,8.5,2015-09-02,287.35
47.4,8.5,2015-09-03,285.75
47.4,8.5,2015-09-04,284.35
47.4,8.5,2015-09-05,284.05
47.4,8.5,2015-09-06,282.85
47.4,8.5,2015-09-07,280.65
47.4,8.5,2015-09-08,280.35
47.4,8.5,2015-09-09,281.05
47.4,8.5,2015-09-10,280.25
47.4,8.5,2015-09-11,282.95
47.4,8.5,2015-09-12,285.85
47.4,8.5,2015-09-13,287.05
47.4,8.5,2015-09-14,285.15
47.4,8.5,2015-09-15,285.15
47.4,8.5,2015-09-16,285.55
47.4,8.5,2015-09-17,283.35
47.4,8.5,2015-09-18,284.15
47.4,8.5,2015-09-19,281.55
47.4,8.5,2015-09-20,282.05
47.4,8.5,2015-09-21,281.75
47.4,8.5,2015-09-22,282.55
47.4,8.5,2015-09-23,280.95
47.4,8.5,2015-09-24,281.45
47.4,8.5,2015-09-25,281.15
47.4,8.5,2015-09-26,281.35
47.4,8.5,2015-09-27,282.25
47.4,8.5,2015-09-28,280.05
47.4,8.5,2015-09-29,280.25
47.4,8.5,2015-09-30,278.35
47.4,8.5,2015-10-01,277.95
47.4,8.5,2015-10-02,280.85
47.4,8.5,2015-10-03,281.95
47.4,8.5,2015-10-04,282.95
47.4,8.5,2015-10-05,283.85
47.4,8.5,2015-10-06,284.55
47.4,8.5,2015-10-07,284.15
47.4,8.5,2015-10-08,283.15
47.4,8.5,2015-10-09,281.55
47.4,8.5,2015-10-10,279.85
47.4,8.5,2015-10-11,281.25
47.4,8.5,2015-10-12,278.85
47.4,8.5,2015-10-13,279.65
47.4,8.5,2015-10-14,277.25
47.4,8.5,2015-10-15,277.05
47.4,8.5,2015-10-16,276.85
47.4,8.5,2015-10-17,277.25
47.4,8.5,2015-10-18,278.05
47.4,8.5,2015-10-19,275.35
47.4,8.5,2015-10-20,274.15
47.4,8.5,2015-10-21,275.45
47.4,8.5,2015-10-22,278.05
47.4,8.5,2015-10-23,280.75
47.4,8.5,2015-10-24,278.65
47.4,8.5,2015-10-25,279.95
47.4,8.5,2015-10-26,279.65
47.4,8.5,2015-10-27,279.05
47.4,8.5,2015-10-28,280.85
47.4,8.5,2015-10-29,279.65
47.4,8.5,2015-10-30,279.15
47.4,8.5,2015-10-31,279.45
47.4,8.5,2015-11-01,279.55
47.4,8.5,2015-11-02,279.15
47.4,8.5,2015-11-03,279.35
47.4,8.5,2015-11-04,280.45
47.4,8.5,2015-11-05,279.35
47.4,8.5,2015-11-06,280.55
47.4,8.5,2015-11-07,281.65
47.4,8.5,2015-11-08,281.45
47.4,8.5,2015-11-09,279.25
47.4,8.5,2015-11-10,281.05
47.4,8.5,2015-11-11,276.75
47.4,8.5,2015-11-12,277.85
47.4,8.5,2015-11-13,278.35
47.4,8.5,2015-11-14,280.35
47.4,8.5,2015-11-15,279.65
47.4,8.5,2015-11-16,277.55
47.4,8.5,2015-11-17,276.65
47.4,8.5,2015-11-18,279.05
47.4,8.5,2015-11-19,279.45
47.4,8.5,2015-11-20,277.25
47.4,8.5,2015-11-21,273.45
47.4,8.5,2015-11-22,270.95
47.4,8.5,2015-11-23,269.65
47.4,8.5,2015-11-24,270.35
47.4,8.5,2015-11-25,273.65
47.4,8.5,2015-11-26,272.65
47.4,8.5,2015-11-27,273.05
47.4,8.5,2015-11-28,272.25
47.4,8.5,2015-11-29,271.35
47.4,8.5,2015-11-30,280.75
47.4,8.5,2015-12-01,279.85
47.4,8.5,2015-12-02,275.05
47.4,8.5,2015-12-03,272.95
47.4,8.5,2015-12-04,272.35
47.4,8.5,2015-12-05,275.15
47.4,8.5,2015-12-06,273.85
47.4,8.5,2015-12-07,275.15
47.4,8.5,2015-12-08,274.85
47.4,8.5,2015-12-09,274.55
47.4,8.5,2015-12-10,273.05
47.4,8.5,2015-12-11,272.25
47.4,8.5,2015-12-12,272.65
47.4,8.5,2015-12-13,273.05
47.4,8.5,2015-12-14,273.35
47.4,8.5,2015-12-15,270.95
47.4,8.5,2015-12-16,274.45
47.4,8.5,2015-12-17,274.85
47.4,8.5,2015-12-18,274.55
47.4,8.5,2015-12-19,276.85
47.4,8.5,2015-12-20,275.75
47.4,8.5,2015-12-21,274.75
47.4,8.5,2015-12-22,273.55
47.4,8.5,2015-12-23,273.45
47.4,8.5,2015-12-24,275.15
47.4,8.5,2015-12-25,275.35
47.4,8.5,2015-12-26,275.75
47.4,8.5,2015-12-27,274.35
47.4,8.5,2015-12-28,274.45
47.4,8.5,2015-12-29,271.75
47.4,8.5,2015-12-30,273.35
47.4,8.5,2015-12-31,273.55
47.4,8.5,2016-01-01,274.75
47.4,8.5,2016-01-02,274.75
47.4,8.5,2016-01-03,274.25
47.4,8.5,2016-01-04,273.55
47.4,8.5,2016-01-05,271.85
47.4,8.5,2016-01-06,273.05
47.4,8.5,2016-01-07,273.85
47.4,8.5,2016-01-08,274.65
47.4,8.5,2016-01-09,275.35
47.4,8.5,2016-01-10,273.05
47.4,8.5,2016-01-11,274.45
47.4,8.5,2016-01-12,274.85
47.4,8.5,2016-01-13,272.95
47.4,8.5,2016-01-14,270.75
47.4,8.5,2016-01-15,272.05
47.4,8.5,2016-01-16,270.75
47.4,8.5,2016-01-17,267.55
47.4,8.5,2016-01-18,264.15
47.4,8.5,2016-01-19,268.95
47.4,8.5,2016-01-20,271.45
47.4,8.5,2016-01-21,268.35
47.4,8.5,2016-01-22,270.25
47.4,8.5,2016-01-23,272.85
47.4,8.5,2016-01-24,271.35
47.4,8.5,2016-01-25,273.95
47.4,8.5,2016-01-26,272.85
47.4,8.5,2016-01-27,272.45
47.4,8.5,2016-01-28,272.75
47.4,8.5,2016-01-29,275.35
47.4,8.5,2016-01-30,272.75
47.4,8.5,2016-01-31,276.15
47.4,8.5,2016-02-01,278.55
47.4,8.5,2016-02-02,277.45
47.4,8.5,2016-02-03,273.35
47.4,8.5,2016-02-04,273.35
47.4,8.5,2016-02-05,275.55
47.4,8.5,2016-02-06,273.75
47.4,8.5,2016-02-07,273.65
47.4,8.5,2016-02-08,270.75
47.4,8.5,2016-02-09,276.15
47.4,8.5,2016-02-10,271.95
47.4,8.5,2016-02-11,270.95
47.4,8.5,2016-02-12,272.75
47.4,8.5,2016-02-13,273.45
47.4,8.5,2016-02-14,273.85
47.4,8.5,2016-02-15,273.15
47.4,8.5,2016-02-16,273.45
47.4,8.5,2016-02-17,274.05
47.4,8.5,2016-02-18,272.55
47.4,8.5,2016-02-19,270.75
47.4,8.5,2016-02-20,270.15
47.4,8.5,2016-02-21,276.45
47.4,8.5,2016-02-22,274.05
47.4,8.5,2016-02-23,272.55
47.4,8.5,2016-02-24,270.55
47.4,8.5,2016-02-25,272.55
47.4,8.5,2016-02-26,270.25
47.4,8.5,2016-02-27,271.05
47.4,8.5,2016-02-28,273.45
47.4,8.5,2016-02-29,273.45
47.4,8.5,2016-03-01,272.85
47.4,8.5,2016-03-02,272.45
47.4,8.5,2016-03-03,271.35
47.4,8.5,2016-03-04,269.95
47.4,8.5,2016-03-05,272.45
47.4,8.5,2016-03-06,271.35
47.4,8.5,2016-03-07,271.05
47.4,8.5,2016-03-08,271.45
47.4,8.5,2016-03-09,269.35
47.4,8.5,2016-03-10,272.75
47.4,8.5,2016-03-11,270.65
47.4,8.5,2016-03-12,272.45
47.4,8.5,2016-03-13,274.85
47.4,8.5,2016-03-14,273.85
47.4,8.5,2016-03-15,272.65
47.4,8.5,2016-03-16,272.45
47.4,8.5,2016-03-17,272.95
47.4,8.5,2016-03-18,274.55
47.4,8.5,2016-03-19,273.35
47.4,8.5,2016-03-20,272.75
47.4,8.5,2016-03-21,273.95
47.4,8.5,2016-03-22,272.45
47.4,8.5,2016-03-23,272.65
47.4,8.5,2016-03-24,273.95
47.4,8.5,2016-03-25,275.75
47.4,8.5,2016-03-26,277.45
47.4,8.5,2016-03-27,276.05
47.4,8.5,2016-03-28,274.15
47.4,8.5,2016-03-29,277.95
47.4,8.5,2016-03-30,277.95
47.4,8.5,2016-03-31,278.75
47.4,8.5,2016-04-01,279.15
47.4,8.5,2016-04-02,278.35
47.4,8.5,2016-04-03,282.15
47.4,8.5,2016-04-04,280.85
47.4,8.5,2016-04-05,280.75
47.4,8.5,2016-04-06,280.05
47.4,8.5,2016-04-07,277.85
47.4,8.5,2016-04-08,276.05
47.4,8.5,2016-04-09,277.15
47.4,8.5,2016-04-10,276.65
47.4,8.5,2016-04-11,278.45
47.4,8.5,2016-04-12,278.85
47.4,8.5,2016-04-13,279.45
47.4,8.5,2016-04-14,278.55
47.4,8.5,2016-04-15,278.45
47.4,8.5,2016-04-16,279.55
47.4,8.5,2016-04-17,278.95
47.4,8.5,2016-04-18,277.15
47.4,8.5,2016-04-19,276.95
47.4,8.5,2016-04-20,275.15
47.4,8.5,2016-04-21,278.55
47.4,8.5,2016-04-22,278.55
47.4,8.5,2016-04-23,277.05
47.4,8.5,2016-04-24,274.95
47.4,8.5,2016-04-25,273.45
47.4,8.5,2016-04-26,275.15
47.4,8.5,2016-04-27,273.75
47.4,8.5,2016-04-28,274.15
47.4,8.5,2016-04-29,274.85
47.4,8.5,2016-04-30,277.15
47.4,8.5,2016-05-01,277.05
47.4,8.5,2016-05-02,278.55
47.4,8.5,2016-05-03,277.75
47.4,8.5,2016-05-04,276.35
47.4,8.5,2016-05-05,274.85
47.4,8.5,2016-05-06,278.65
47.4,8.5,2016-05-07,279.25
47.4,8.5,2016-05-08,280.65
47.4,8.5,2016-05-09,282.95
47.4,8.5,2016-05-10,284.25
47.4,8.5,2016-05-11,284.55
47.4,8.5,2016-05-12,282.95
47.4,8.5,2016-05-13,282.65
47.4,8.5,2016-05-14,281.05
47.4,8.5,2016-05-15,278.45
47.4,8.5,2016-05-16,277.35
47.4,8.5,2016-05-17,276.85
47.4,8.5,2016-05-18,280.35
47.4,8.5,2016-05-19,279.75
47.4,8.5,2016-05-20,278.45
47.4,8.5,2016-05-21,281.75
47.4,8.5,2016-05-22,284.15
47.4,8.5,2016-05-23,279.65
47.4,8.5,2016-05-24,281.15
47.4,8.5,2016-05-25,279.55
47.4,8.5,2016-05-26,283.95
47.4,8.5,2016-05-27,285.35
47.4,8.5,2016-05-28,286.25
47.4,8.5,2016-05-29,286.35
47.4,8.5,2016-05-30,284.45
47.4,8.5,2016-05-31,283.75
47.4,8.5,2016-06-01,283.65
47.4,8.5,2016-06-02,283.85
47.4,8.5,2016-06-03,285.75
47.4,8.5,2016-06-04,285.15
47.4,8.5,2016-06-05,283.75
47.4,8.5,2016-06-06,284.45
47.4,8.5,2016-06-07,285.25
47.4,8.5,2016-06-08,286.05
47.4,8.5,2016-06-09,286.65
47.4,8.5,2016-06-10,284.25
47.4,8.5,2016-06-11,285.05
47.4,8.5,2016-06-12,283.65
47.4,8.5,2016-06-13,284.85
47.4,8.5,2016-06-14,283.95
47.4,8.5,2016-06-15,282.15
47.4,8.5,2016-06-16,284.05
47.4,8.5,2016-06-17,283.45
47.4,8.5,2016-06-18,283.35
47.4,8.5,2016-06-19,283.55
47.4,8.5,2016-06-20,282.25
47.4,8.5,2016-06-21,286.55
47.4,8.5,2016-06-22,287.15
47.4,8.5,2016-06-23,288.75
47.4,8.5,2016-06-24,289.05
47.4,8.5,2016-06-25,288.85
47.4,8.5,2016-06-26,286.65
47.4,8.5,2016-06-27,285.55
47.4,8.5,2016-06-28,286.05
47.4,8.5,2016-06-29,287.75
47.4,8.5,2016-06-30,288.75
47.4,8.5,2016-07-01,287.65
47.4,8.5,2016-07-02,287.15
47.4,8.5,2016-07-03,285.95
47.4,8.5,2016-07-04,285.05
47.4,8.5,2016-07-05,287.45
47.4,8.5,2016-07-06,287.55
47.4,8.5,2016-07-07,285.95
47.4,8.5,2016-07-08,287.85
47.4,8.5,2016-07-09,287.85
47.4,8.5,2016-07-10,289.25
47.4,8.5,2016-07-11,290.75
47.4,8.5,2016-07-12,287.95
47.4,8.5,2016-07-13,283.75
47.4,8.5,2016-07-14,283.15
47.4,8.5,2016-07-15,282.45
47.4,8.5,2016-07-16,282.55
47.4,8.5,2016-07-17,285.45
47.4,8.5,2016-07-18,288.95
47.4,8.5,2016-07-19,289.95
47.4,8.5,2016-07-20,290.95
47.4,8.5,2016-07-21,292.35
47.4,8.5,2016-07-22,290.15
47.4,8.5,2016-07-23,289.55
47.4,8.5,2016-07-24,288.75
47.4,8.5,2016-07-25,290.85
47.4,8.5,2016-07-26,290.55
47.4,8.5,2016-07-27,289.55
47.4,8.5,2016-07-28,288.25
47.4,8.5,2016-07-29,288.45
47.4,8.5,2016-07-30,289.65
47.4,8.5,2016-07-31,289.45
47.4,8.5,2016-08-01,286.95
47.4,8.5,2016-08-02,287.45
47.4,8.5,2016-08-03,288.95
47.4,8.5,2016-08-04,288.95
47.4,8.5,2016-08-05,286.95
47.4,8.5,2016-08-06,287.15
47.4,8.5,2016-08-07,286.15
47.4,8.5,2016-08-08,285.75
47.4,8.5,2016-08-09,286.05
47.4,8.5,2016-08-10,284.45
47.4,8.5,2016-08-11,283.15
47.4,8.5,2016-08-12,286.05
47.4,8.5,2016-08-13,287.05
47.4,8.5,2016-08-14,289.95
47.4,8.5,2016-08-15,290.25
47.4,8.5,2016-08-16,290.05
47.4,8.5,2016-08-17,290.05
47.4,8.5,2016-08-18,288.95
47.4,8.5,2016-08-19,287.95
47.4,8.5,2016-08-20,287.95
47.4,8.5,2016-08-21,285.35
47.4,8.5,2016-08-22,285.85
47.4,8.5,2016-08-23,285.85
47.4,8.5,2016-08-24,288.35
47.4,8.5,2016-08-25,290.45
47.4,8.5,2016-08-26,292.45
47.4,8.5,2016-08-27,292.95
47.4,8.5,2016-08-28,291.45
47.4,8.5,2016-08-29,289.95
47.4,8.5,2016-08-30,287.55
47.4,8.5,2016-08-31,288.65
47.4,8.5,2016-09-01,289.85
47.4,8.5,2016-09-02,289.05
47.4,8.5,2016-09-03,289.15
47.4,8.5,2016-09-04,287.55
47.4,8.5,2016-09-05,287.35
47.4,8.5,2016-09-06,284.75
47.4,8.5,2016-09-07,284.85
47.4,8.5,2016-09-08,287.75
47.4,8.5,2016-09-09,287.85
47.4,8.5,2016-09-10,288.45
47.4,8.5,2016-09-11,290.15
47.4,8.5,2016-09-12,289.65
47.4,8.5,2016-09-13,290.05
47.4,8.5,2016-09-14,288.45
47.4,8.5,2016-09-15,289.05
47.4,8.5,2016-09-16,285.05
47.4,8.5,2016-09-17,285.05
47.4,8.5,2016-09-18,285.15
47.4,8.5,2016-09-19,284.75
47.4,8.5,2016-09-20,283.35
47.4,8.5,2016-09-21,281.25
47.4,8.5,2016-09-22,282.55
47.4,8.5,2016-09-23,283.85
47.4,8.5,2016-09-24,283.95
47.4,8.5,2016-09-25,284.75
47.4,8.5,2016-09-26,285.45
47.4,8.5,2016-09-27,286.45
47.4,8.5,2016-09-28,282.85
47.4,8.5,2016-09-29,283.95
47.4,8.5,2016-09-30,283.75
47.4,8.5,2016-10-01,284.95
47.4,8.5,2016-10-02,281.75
47.4,8.5,2016-10-03,280.55
47.4,8.5,2016-10-04,278.65
47.4,8.5,2016-10-05,278.75
47.4,8.5,2016-10-06,277.65
47.4,8.5,2016-10-07,278.05
47.4,8.5,2016-10-08,278.95
47.4,8.5,2016-10-09,276.65
47.4,8.5,2016-10-10,275.65
47.4,8.5,2016-10-11,275.55
47.4,8.5,2016-10-12,274.25
47.4,8.5,2016-10-13,275.45
47.4,8.5,2016-10-14,278.15
47.4,8.5,2016-10-15,280.05
47.4,8.5,2016-10-16,279.75
47.4,8.5,2016-10-17,281.75
47.4,8.5,2016-10-18,280.55
47.4,8.5,2016-10-19,279.45
47.4,8.5,2016-10-20,276.65
47.4,8.5,2016-10-21,276.65
47.4,8.5,2016-10-22,274.25
47.4,8.5,2016-10-23,277.25
47.4,8.5,2016-10-24,281.05
47.4,8.5,2016-10-25,282.15
47.4,8.5,2016-10-26,281.35
47.4,8.5,2016-10-27,278.95
47.4,8.5,2016-10-28,278.65
47.4,8.5,2016-10-29,278.15
47.4,8.5,2016-10-30,278.05
47.4,8.5,2016-10-31,276.65
47.4,8.5,2016-11-01,277.35
47.4,8.5,2016-11-02,278.65
47.4,8.5,2016-11-03,275.15
47.4,8.5,2016-11-04,275.15
47.4,8.5,2016-11-05,279.45
47.4,8.5,2016-11-06,274.15
47.4,8.5,2016-11-07,273.15
47.4,8.5,2016-11-08,270.65
47.4,8.5,2016-11-09,272.05
47.4,8.5,2016-11-10,276.55
47.4,8.5,2016-11-11,274.35
47.4,8.5,2016-11-12,274.15
47.4,8.5,2016-11-13,273.05
47.4,8.5,2016-11-14,272.15
47.4,8.5,2016-11-15,273.65
47.4,8.5,2016-11-16,276.35
47.4,8.5,2016-11-17,276.55
47.4,8.5,2016-11-18,276.25
47.4,8.5,2016-11-19,274.25
47.4,8.5,2016-11-20,275.35
47.4,8.5,2016-11-21,278.65
47.4,8.5,2016-11-22,278.65
47.4,8.5,2016-11-23,280.25
47.4,8.5,2016-11-24,277.75
47.4,8.5,2016-11-25,278.15
47.4,8.5,2016-11-26,276.05
47.4,8.5,2016-11-27,277.05
47.4,8.5,2016-11-28,271.85
47.4,8.5,2016-11-29,270.35
47.4,8.5,2016-11-30,271.85
47.4,8.5,2016-12-01,270.85
47.4,8.5,2016-12-02,271.85
47.4,8.5,2016-12-03,270.85
47.4,8.5,2016-12-04,270.95
47.4,8.5,2016-12-05,270.65
47.4,8.5,2016-12-06,273.15
47.4,8.5,2016-12-07,271.15
47.4,8.5,2016-12-08,272.35
47.4,8.5,2016-12-09,272.25
47.4,8.5,2016-12-10,272.65
47.4,8.5,2016-12-11,270.35
47.4,8.5,2016-12-12,272.95
47.4,8.5,2016-12-13,272.95
47.4,8.5,2016-12-14,270.95
47.4,8.5,2016-12-15,271.35
47.4,8.5,2016-12-16,270.25
47.4,8.5,2016-12-17,271.05
47.4,8.5,2016-12-18,272.95
47.4,8.5,2016-12-19,270.75
47.4,8.5,2016-12-20,270.85
47.4,8.5,2016-12-21,272.95
47.4,8.5,2016-12-22,272.25
47.4,8.5,2016-12-23,273.65
47.4,8.5,2016-12-24,273.15
47.4,8.5,2016-12-25,275.05
47.4,8.5,2016-12-26,273.35
47.4,8.5,2016-12-27,272.15
47.4,8.5,2016-12-28,270.05
47.4,8.5,2016-12-29,269.65
47.4,8.5,2016-12-30,271.45
47.4,8.5,2016-12-31,269.65
47.4,8.5,2017-01-01,269.85
47.4,8.5,2017-01-02,269.35
47.4,8.5,2017-01-03,268.55
47.4,8.5,2017-01-04,268.25
47.4,8.5,2017-01-05,264.35
47.4,8.5,2017-01-06,262.15
47.4,8.5,2017-01-07,263.75
47.4,8.5,2017-01-08,270.25
47.4,8.5,2017-01-09,269.65
47.4,8.5,2017-01-10,271.65
47.4,8.5,2017-01-11,268.95
47.4,8.5,2017-01-12,274.35
47.4,8.5,2017-01-13,270.75
47.4,8.5,2017-01-14,268.35
47.4,8.5,2017-01-15,266.35
47.4,8.5,2017-01-16,266.15
47.4,8.5,2017-01-17,267.95
47.4,8.5,2017-01-18,267.15
47.4,8.5,2017-01-19,264.05
47.4,8.5,2017-01-20,266.55
47.4,8.5,2017-01-21,268.35
47.4,8.5,2017-01-22,267.45
47.4,8.5,2017-01-23,267.35
47.4,8.5,2017-01-24,262.75
47.4,8.5,2017-01-25,262.35
47.4,8.5,2017-01-26,265.45
47.4,8.5,2017-01-27,267.55
47.4,8.5,2017-01-28,269.45
47.4,8.5,2017-01-29,268.65
47.4,8.5,2017-01-30,269.45
47.4,8.5,2017-01-31,275.45
47.4,8.5,2017-02-01,274.75
47.4,8.5,2017-02-02,274.25
47.4,8.5,2017-02-03,274.05
47.4,8.5,2017-02-04,271.15
47.4,8.5,2017-02-05,270.45
47.4,8.5,2017-02-06,273.35
47.4,8.5,2017-02-07,271.75
47.4,8.5,2017-02-08,272.45
47.4,8.5,2017-02-09,269.75
47.4,8.5,2017-02-10,271.05
47.4,8.5,2017-02-11,271.45
47.4,8.5,2017-02-12,271.65
47.4,8.5,2017-02-13,270.05
47.4,8.5,2017-02-14,272.55
47.4,8.5,2017-02-15,272.05
47.4,8.5,2017-02-16,273.15
47.4,8.5,2017-02-17,272.75
47.4,8.5,2017-02-18,271.45
47.4,8.5,2017-02-19,272.75
47.4,8.5,2017-02-20,272.05
47.4,8.5,2017-02-21,276.55
47.4,8.5,2017-02-22,276.45
47.4,8.5,2017-02-23,272.65
47.4,8.5,2017-02-24,274.25
47.4,8.5,2017-02-25,270.35
47.4,8.5,2017-02-26,273.15
47.4,8.5,2017-02-27,273.25
47.4,8.5,2017-02-28,274.45
47.4,8.5,2017-03-01,274.85
47.4,8.5,2017-03-02,275.45
47.4,8.5,2017-03-03,273.25
47.4,8.5,2017-03-04,275.55
47.4,8.5,2017-03-05,273.65
47.4,8.5,2017-03-06,274.95
47.4,8.5,2017-03-07,272.65
47.4,8.5,2017-03-08,272.35
47.4,8.5,2017-03-09,280.25
47.4,8.5,2017-03-10,274.75
47.4,8.5,2017-03-11,273.05
47.4,8.5,2017-03-12,274.65
47.4,8.5,2017-03-13,273.15
47.4,8.5,2017-03-14,275.35
47.4,8.5,2017-03-15,275.75
47.4,8.5,2017-03-16,276.15
47.4,8.5,2017-03-17,274.55
47.4,8.5,2017-03-18,280.35
47.4,8.5,2017-03-19,280.55
47.4,8.5,2017-03-20,280.15
47.4,8.5,2017-03-21,279.45
47.4,8.5,2017-03-22,277.05
47.4,8.5,2017-03-23,276.85
47.4,8.5,2017-03-24,279.15
47.4,8.5,2017-03-25,278.05
47.4,8.5,2017-03-26,276.55
47.4,8.5,2017-03-27,275.45
47.4,8.5,2017-03-28,275.85
47.4,8.5,2017-03-29,277.95
47.4,8.5,2017-03-30,278.55
47.4,8.5,2017-03-31,278.85
47.4,8.5,2017-04-01,278.65
47.4,8.5,2017-04-02,280.95
47.4,8.5,2017-04-03,281.05
47.4,8.5,2017-04-04,279.05
47.4,8.5,2017-04-05,277.95
47.4,8.5,2017-04-06,277.05
47.4,8.5,2017-04-07,275.75
47.4,8.5,2017-04-08,277.05
47.4,8.5,2017-04-09,278.35
47.4,8.5,2017-04-10,278.45
47.4,8.5,2017-04-11,279.95
47.4,8.5,2017-04-12,277.95
47.4,8.5,2017-04-13,278.05
47.4,8.5,2017-04-14,278.05
47.4,8.5,2017-04-15,278.15
47.4,8.5,2017-04-16,277.85
47.4,8.5,2017-04-17,274.95
47.4,8.5,2017-04-18,274.15
47.4,8.5,2017-04-19,273.15
47.4,8.5,2017-04-20,271.25
47.4,8.5,2017-04-21,271.15
47.4,8.5,2017-04-22,275.05
47.4,8.5,2017-04-23,276.35
47.4,8.5,2017-04-24,274.75
47.4,8.5,2017-04-25,278.05
47.4,8.5,2017-04-26,275.05
47.4,8.5,2017-04-27,274.55
47.4,8.5,2017-04-28,273.25
47.4,8.5,2017-04-29,273.05
47.4,8.5,2017-04-30,275.65
47.4,8.5,2017-05-01,277.05
47.4,8.5,2017-05-02,275.35
47.4,8.5,2017-05-03,279.15
47.4,8.5,2017-05-04,278.35
47.4,8.5,2017-05-05,278.45
47.4,8.5,2017-05-06,279.15
47.4,8.5,2017-05-07,281.95
47.4,8.5,2017-05-08,280.65
47.4,8.5,2017-05-09,277.65
47.4,8.5,2017-05-10,276.75
47.4,8.5,2017-05-11,282.15
47.4,8.5,2017-05-12,282.15
47.4,8.5,2017-05-13,281.25
47.4,8.5,2017-05-14,281.75
47.4,8.5,2017-05-15,280.65
47.4,8.5,2017-05-16,282.05
47.4,8.5,2017-05-17,284.35
47.4,8.5,2017-05-18,285.15
47.4,8.5,2017-05-19,279.25
47.4,8.5,2017-05-20,278.75
47.4,8.5,2017-05-21,279.65
47.4,8.5,2017-05-22,282.35
47.4,8.5,2017-05-23,282.75
47.4,8.5,2017-05-24,286.15
47.4,8.5,2017-05-25,284.45
47.4,8.5,2017-05-26,282.35
47.4,8.5,2017-05-27,284.55
47.4,8.5,2017-05-28,286.55
47.4,8.5,2017-05-29,286.15
47.4,8.5,2017-05-30,288.25
47.4,8.5,2017-05-31,288.15
47.4,8.5,2017-06-01,288.65
47.4,8.5,2017-06-02,286.75
47.4,8.5,2017-06-03,286.35
47.4,8.5,2017-06-04,287.35
47.4,8.5,2017-06-05,286.05
47.4,8.5,2017-06-06,283.15
47.4,8.5,2017-06-07,281.75
47.4,8.5,2017-06-08,282.85
47.4,8.5,2017-06-09,285.25
47.4,8.5,2017-06-10,286.55
47.4,8.5,2017-06-11,286.35
47.4,8.5,2017-06-12,288.55
47.4,8.5,2017-06-13,288.55
47.4,8.5,2017-06-14,287.85
47.4,8.5,2017-06-15,290.25
47.4,8.5,2017-06-16,288.05
47.4,8.5,2017-06-17,285.05
47.4,8.5,2017-06-18,286.75
47.4,8.5,2017-06-19,286.95
47.4,8.5,2017-06-20,290.15
47.4,8.5,2017-06-21,290.45
47.4,8.5,2017-06-22,291.95
47.4,8.5,2017-06-23,291.05
47.4,8.5,2017-06-24,291.65
47.4,8.5,2017-06-25,290.45
47.4,8.5,2017-06-26,288.55
47.4,8.5,2017-06-27,289.95
47.4,8.5,2017-06-28,288.65
47.4,8.5,2017-06-29,286.65
47.4,8.5,2017-06-30,284.05
47.4,8.5,2017-07-01,285.55
47.4,8.5,2017-07-02,286.15
47.4,8.5,2017-07-03,286.55
47.4,8.5,2017-07-04,286.95
47.4,8.5,2017-07-05,288.45
47.4,8.5,2017-07-06,290.65
47.4,8.5,2017-07-07,290.55
47.4,8.5,2017-07-08,290.05
47.4,8.5,2017-07-09,292.05
47.4,8.5,2017-07-10,289.65
47.4,8.5,2017-07-11,287.85
47.4,8.5,2017-07-12,289.65
47.4,8.5,2017-07-13,288.85
47.4,8.5,2017-07-14,287.65
47.4,8.5,2017-07-15,285.85
47.4,8.5,2017-07-16,285.75
47.4,8.5,2017-07-17,288.85
47.4,8.5,2017-07-18,291.25
47.4,8.5,2017-07-19,290.55
47.4,8.5,2017-07-20,290.15
47.4,8.5,2017-07-21,289.55
47.4,8.5,2017-07-22,289.75
47.4,8.5,2017-07-23,289.95
47.4,8.5,2017-07-24,286.35
47.4,8.5,2017-07-25,285.05
47.4,8.5,2017-07-26,285.25
47.4,8.5,2017-07-27,284.25
47.4,8.5,2017-07-28,288.45
47.4,8.5,2017-07-29,287.45
47.4,8.5,2017-07-30,289.75
47.4,8.5,2017-07-31,289.95
47.4,8.5,2017-08-01,291.95
47.4,8.5,2017-08-02,290.85
47.4,8.5,2017-08-03,291.95
47.4,8.5,2017-08-04,292.85
47.4,8.5,2017-08-05,291.75
47.4,8.5,2017-08-06,287.65
47.4,8.5,2017-08-07,284.95
47.4,8.5,2017-08-08,289.05
47.4,8.5,2017-08-09,287.35
47.4,8.5,2017-08-10,284.75
47.4,8.5,2017-08-11,283.55
47.4,8.5,2017-08-12,284.45
47.4,8.5,2017-08-13,286.05
47.4,8.5,2017-08-14,288.35
47.4,8.5,2017-08-15,289.35
47.4,8.5,2017-08-16,290.35
47.4,8.5,2017-08-17,290.15
47.4,8.5,2017-08-18,289.55
47.4,8.5,2017-08-19,287.25
47.4,8.5,2017-08-20,285.65
47.4,8.5,2017-08-21,284.55
47.4,8.5,2017-08-22,285.95
47.4,8.5,2017-08-23,288.95
47.4,8.5,2017-08-24,289.25
47.4,8.5,2017-08-25,289.05
47.4,8.5,2017-08-26,289.55
47.4,8.5,2017-08-27,290.15
47.4,8.5,2017-08-28,290.35
47.4,8.5,2017-08-29,289.85
47.4,8.5,2017-08-30,293.35
47.4,8.5,2017-08-31,286.85
47.4,8.5,2017-09-01,285.25
47.4,8.5,2017-09-02,282.95
47.4,8.5,2017-09-03,283.05
47.4,8.5,2017-09-04,284.05
47.4,8.5,2017-09-05,286.35
47.4,8.5,2017-09-06,287.25
47.4,8.5,2017-09-07,284.25
47.4,8.5,2017-09-08,283.65
47.4,8.5,2017-09-09,284.35
47.4,8.5,2017-09-10,284.15
47.4,8.5,2017-09-11,282.15
47.4,8.5,2017-09-12,282.65
47.4,8.5,2017-09-13,279.95
47.4,8.5,2017-09-14,282.25
47.4,8.5,2017-09-15,280.05
47.4,8.5,2017-09-16,281.55
47.4,8.5,2017-09-17,280.85
47.4,8.5,2017-09-18,280.25
47.4,8.5,2017-09-19,278.95
47.4,8.5,2017-09-20,279.75
47.4,8.5,2017-09-21,279.65
47.4,8.5,2017-09-22,281.95
47.4,8.5,2017-09-23,283.65
47.4,8.5,2017-09-24,281.75
47.4,8.5,2017-09-25,282.15
47.4,8.5,2017-09-26,283.05
47.4,8.5,2017-09-27,283.05
47.4,8.5,2017-09-28,284.85
47.4,8.5,2017-09-29,285.55
47.4,8.5,2017-09-30,284.35
47.4,8.5,2017-10-01,283.85
47.4,8.5,2017-10-02,282.65
47.4,8.5,2017-10-03,282.95
47.4,8.5,2017-10-04,281.15
47.4,8.5,2017-10-05,279.45
47.4,8.5,2017-10-06,279.55
47.4,8.5,2017-10-07,279.05
47.4,8.5,2017-10-08,281.25
47.4,8.5,2017-10-09,280.75
47.4,8.5,2017-10-10,278.85
47.4,8.5,2017-10-11,281.05
47.4,8.5,2017-10-12,279.95
47.4,8.5,2017-10-13,280.55
47.4,8.5,2017-10-14,282.85
47.4,8.5,2017-10-15,282.25
47.4,8.5,2017-10-16,283.85
47.4,8.5,2017-10-17,283.55
47.4,8.5,2017-10-18,281.95
47.4,8.5,2017-10-19,282.35
47.4,8.5,2017-10-20,280.55
47.4,8.5,2017-10-21,282.55
47.4,8.5,2017-10-22,279.25
47.4,8.5,2017-10-23,278.75
47.4,8.5,2017-10-24,280.15
47.4,8.5,2017-10-25,281.05
47.4,8.5,2017-10-26,280.05
47.4,8.5,2017-10-27,280.65
47.4,8.5,2017-10-28,276.85
47.4,8.5,2017-10-29,279.75
47.4,8.5,2017-10-30,274.85
47.4,8.5,2017-10-31,273.65
47.4,8.5,2017-11-01,276.35
47.4,8.5,2017-11-02,277.25
47.4,8.5,2017-11-03,280.65
47.4,8.5,2017-11-04,278.45
47.4,8.5,2017-11-05,276.55
47.4,8.5,2017-11-06,275.75
47.4,8.5,2017-11-07,276.85
47.4,8.5,2017-11-08,276.25
47.4,8.5,2017-11-09,275.55
47.4,8.5,2017-11-10,274.75
47.4,8.5,2017-11-11,278.85
47.4,8.5,2017-11-12,274.95
47.4,8.5,2017-11-13,273.55
47.4,8.5,2017-11-14,271.45
47.4,8.5,2017-11-15,270.75
47.4,8.5,2017-11-16,271.35
47.4,8.5,2017-11-17,272.15
47.4,8.5,2017-11-18,273.35
47.4,8.5,2017-11-19,272.05
47.4,8.5,2017-11-20,272.05
47.4,8.5,2017-11-21,274.95
47.4,8.5,2017-11-22,273.95
47.4,8.5,2017-11-23,272.75
47.4,8.5,2017-11-24,275.35
47.4,8.5,2017-11-25,274.55
47.4,8.5,2017-11-26,271.75
47.4,8.5,2017-11-27,270.95
47.4,8.5,2017-11-28,272.35
47.4,8.5,2017-11-29,272.45
47.4,8.5,2017-11-30,271.25
47.4,8.5,2017-12-01,270.75
47.4,8.5,2017-12-02,271.95
47.4,8.5,2017-12-03,270.95
47.4,8.5,2017-12-04,272.65
47.4,8.5,2017-12-05,273.45
47.4,8.5,2017-12-06,272.85
47.4,8.5,2017-12-07,271.15
47.4,8.5,2017-12-08,272.25
47.4,8.5,2017-12-09,268.95
47.4,8.5,2017-12-10,269.65
47.4,8.5,2017-12-11,273.65
47.4,8.5,2017-12-12,272.35
47.4,8.5,2017-12-13,270.75
47.4,8.5,2017-12-14,273.45
47.4,8.5,2017-12-15,273.25
47.4,8.5,2017-12-16,270.85
47.4,8.5,2017-12-17,269.95
47.4,8.5,2017-12-18,269.55
47.4,8.5,2017-12-19,273.45
47.4,8.5,2017-12-20,273.55
47.4,8.5,2017-12-21,273.75
47.4,8.5,2017-12-22,275.85
47.4,8.5,2017-12-23,274.65
47.4,8.5,2017-12-24,273.35
47.4,8.5,2017-12-25,273.25
47.4,8.5,2017-12-26,272.25
47.4,8.5,2017-12-27,273.25
47.4,8.5,2017-12-28,268.05
47.4,8.5,2017-12-29,269.25
47.4,8.5,2017-12-30,274.55
47.4,8.5,2017-12-31,273.35
47.4,8.5,2018-01-01,274.35
47.4,8.5,2018-01-02,275.25
47.4,8.5,2018-01-03,276.35
47.4,8.5,2018-01-04,277.25
47.4,8.5,2018-01-05,277.95
47.4,8.5,2018-01-06,276.95
47.4,8.5,2018-01-07,275.05
47.4,8.5,2018-01-08,273.85
47.4,8.5,2018-01-09,275.55
47.4,8.5,2018-01-10,273.65
47.4,8.5,2018-01-11,273.45
47.4,8.5,2018-01-12,273.05
47.4,8.5,2018-01-13,272.15
47.4,8.5,2018-01-14,271.55
47.4,8.5,2018-01-15,271.05
47.4,8.5,2018-01-16,275.15
47.4,8.5,2018-01-17,274.15
47.4,8.5,2018-01-18,274.55
47.4,8.5,2018-01-19,274.25
47.4,8.5,2018-01-20,273.55
47.4,8.5,2018-01-21,274.05
47.4,8.5,2018-01-22,274.85
47.4,8.5,2018-01-23,273.65
47.4,8.5,2018-01-24,273.55
47.4,8.5,2018-01-25,273.35
47.4,8.5,2018-01-26,275.55
47.4,8.5,2018-01-27,276.95
47.4,8.5,2018-01-28,273.25
47.4,8.5,2018-01-29,276.55
47.4,8.5,2018-01-30,276.05
47.4,8.5,2018-01-31,274.05
47.4,8.5,2018-02-01,270.45
47.4,8.5,2018-02-02,269.95
47.4,8.5,2018-02-03,270.45
47.4,8.5,2018-02-04,270.45
47.4,8.5,2018-02-05,270.05
47.4,8.5,2018-02-06,270.55
47.4,8.5,2018-02-07,271.95
47.4,8.5,2018-02-08,271.75
47.4,8.5,2018-02-09,271.15
47.4,8.5,2018-02-10,270.85
47.4,8.5,2018-02-11,270.15
47.4,8.5,2018-02-12,269.05
47.4,8.5,2018-02-13,266.55
47.4,8.5,2018-02-14,269.55
47.4,8.5,2018-02-15,270.35
47.4,8.5,2018-02-16,273.65
47.4,8.5,2018-02-17,272.85
47.4,8.5,2018-02-18,271.15
47.4,8.5,2018-02-19,269.65
47.4,8.5,2018-02-20,269.25
47.4,8.5,2018-02-21,267.95
47.4,8.5,2018-02-22,269.55
47.4,8.5,2018-02-23,269.85
47.4,8.5,2018-02-24,269.65
47.4,8.5,2018-02-25,266.75
47.4,8.5,2018-02-26,262.75
47.4,8.5,2018-02-27,262.15
47.4,8.5,2018-02-28,262.35
47.4,8.5,2018-03-01,268.35
47.4,8.5,2018-03-02,268.55
47.4,8.5,2018-03-03,268.35
47.4,8.5,2018-03-04,271.35
47.4,8.5,2018-03-05,274.05
47.4,8.5,2018-03-06,273.45
47.4,8.5,2018-03-07,270.85
47.4,8.5,2018-03-08,271.55
47.4,8.5,2018-03-09,272.05
47.4,8.5,2018-03-10,275.75
47.4,8.5,2018-03-11,275.15
47.4,8.5,2018-03-12,275.55
47.4,8.5,2018-03-13,276.05
47.4,8.5,2018-03-14,274.25
47.4,8.5,2018-03-15,272.85
47.4,8.5,2018-03-16,273.35
47.4,8.5,2018-03-17,272.85
47.4,8.5,2018-03-18,271.65
47.4,8.5,2018-03-19,271.15
47.4,8.5,2018-03-20,269.85
47.4,8.5,2018-03-21,269.95
47.4,8.5,2018-03-22,270.25
47.4,8.5,2018-03-23,272.55
47.4,8.5,2018-03-24,270.95
47.4,8.5,2018-03-25,274.05
47.4,8.5,2018-03-26,276.15
47.4,8.5,2018-03-27,273.35
47.4,8.5,2018-03-28,278.25
47.4,8.5,2018-03-29,276.05
47.4,8.5,2018-03-30,273.35
47.4,8.5,2018-03-31,273.95
47.4,8.5,2018-04-01,273.95
47.4,8.5,2018-04-02,273.35
47.4,8.5,2018-04-03,277.55
47.4,8.5,2018-04-04,277.55
47.4,8.5,2018-04-05,275.85
47.4,8.5,2018-04-06,274.15
47.4,8.5,2018-04-07,277.55
47.4,8.5,2018-04-08,279.95
47.4,8.5,2018-04-09,278.95
47.4,8.5,2018-04-10,278.55
47.4,8.5,2018-04-11,276.95
47.4,8.5,2018-04-12,279.85
47.4,8.5,2018-04-13,278.35
47.4,8.5,2018-04-14,278.35
47.4,8.5,2018-04-15,278.05
47.4,8.5,2018-04-16,282.05
47.4,8.5,2018-04-17,279.85
47.4,8.5,2018-04-18,279.85
47.4,8.5,2018-04-19,282.05
47.4,8.5,2018-04-20,282.45
47.4,8.5,2018-04-21,281.65
47.4,8.5,2018-04-22,282.05
47.4,8.5,2018-04-23,282.35
47.4,8.5,2018-04-24,280.35
47.4,8.5,2018-04-25,280.55
47.4,8.5,2018-04-26,282.65
47.4,8.5,2018-04-27,279.65
47.4,8.5,2018-04-28,284.75
47.4,8.5,2018-04-29,282.45
47.4,8.5,2018-04-30,281.05
47.4,8.5,2018-05-01,280.25
47.4,8.5,2018-05-02,279.95
47.4,8.5,2018-05-03,282.65
47.4,8.5,2018-05-04,285.35
47.4,8.5,2018-05-05,285.85
47.4,8.5,2018-05-06,283.75
47.4,8.5,2018-05-07,283.75
47.4,8.5,2018-05-08,284.05
47.4,8.5,2018-05-09,283.75
47.4,8.5,2018-05-10,283.15
47.4,8.5,2018-05-11,280.25
47.4,8.5,2018-05-12,283.35
47.4,8.5,2018-05-13,282.05
47.4,8.5,2018-05-14,281.45
47.4,8.5,2018-05-15,281.55
47.4,8.5,2018-05-16,280.45
47.4,8.5,2018-05-17,281.65
47.4,8.5,2018-05-18,280.95
47.4,8.5,2018-05-19,282.05
47.4,8.5,2018-05-20,283.05
47.4,8.5,2018-05-21,283.05
47.4,8.5,2018-05-22,284.25
47.4,8.5,2018-05-23,284.95
47.4,8.5,2018-05-24,284.55
47.4,8.5,2018-05-25,284.65
47.4,8.5,2018-05-26,286.65
47.4,8.5,2018-05-27,289.05
47.4,8.5,2018-05-28,287.25
47.4,8.5,2018-05-29,288.75
47.4,8.5,2018-05-30,287.25
47.4,8.5,2018-05-31,287.45
47.4,8.5,2018-06-01,285.65
47.4,8.5,2018-06-02,286.85
47.4,8.5,2018-06-03,287.45
47.4,8.5,2018-06-04,288.35
47.4,8.5,2018-06-05,288.45
47.4,8.5,2018-06-06,287.55
47.4,8.5,2018-06-07,287.85
47.4,8.5,2018-06-08,288.55
47.4,8.5,2018-06-09,289.25
47.4,8.5,2018-06-10,288.15
47.4,8.5,2018-06-11,289.25
47.4,8.5,2018-06-12,287.15
47.4,8.5,2018-06-13,285.35
47.4,8.5,2018-06-14,282.35
47.4,8.5,2018-06-15,285.65
47.4,8.5,2018-06-16,285.95
47.4,8.5,2018-06-17,287.55
47.4,8.5,2018-06-18,287.65
47.4,8.5,2018-06-19,287.45
47.4,8.5,2018-06-20,288.25
47.4,8.5,2018-06-21,288.65
47.4,8.5,2018-06-22,284.55
47.4,8.5,2018-06-23,282.55
47.4,8.5,2018-06-24,283.35
47.4,8.5,2018-06-25,285.75
47.4,8.5,2018-06-26,284.35
47.4,8.5,2018-06-27,285.65
47.4,8.5,2018-06-28,285.75
47.4,8.5,2018-06-29,288.05
47.4,8.5,2018-06-30,289.05
47.4,8.5,2018-07-01,288.25
47.4,8.5,2018-07-02,287.25
47.4,8.5,2018-07-03,290.95
47.4,8.5,2018-07-04,288.75
47.4,8.5,2018-07-05,289.35
47.4,8.5,2018-07-06,288.05
47.4,8.5,2018-07-07,286.85
47.4,8.5,2018-07-08,289.45
47.4,8.5,2018-07-09,288.75
47.4,8.5,2018-07-10,289.15
47.4,8.5,2018-07-11,287.25
47.4,8.5,2018-07-12,286.65
47.4,8.5,2018-07-13,288.85
47.4,8.5,2018-07-14,291.35
47.4,8.5,2018-07-15,290.35
47.4,8.5,2018-07-16,289.45
47.4,8.5,2018-07-17,290.15
47.4,8.5,2018-07-18,290.15
47.4,8.5,2018-07-19,289.65
47.4,8.5,2018-07-20,291.65
47.4,8.5,2018-07-21,289.15
47.4,8.5,2018-07-22,287.25
47.4,8.5,2018-07-23,289.35
47.4,8.5,2018-07-24,288.85
47.4,8.5,2018-07-25,292.75
47.4,8.5,2018-07-26,291.65
47.4,8.5,2018-07-27,292.15
47.4,8.5,2018-07-28,292.85
47.4,8.5,2018-07-29,290.85
47.4,8.5,2018-07-30,293.35
47.4,8.5,2018-07-31,291.05
47.4,8.5,2018-08-01,294.45
47.4,8.5,2018-08-02,291.85
47.4,8.5,2018-08-03,292.45
47.4,8.5,2018-08-04,294.65
47.4,8.5,2018-08-05,294.05
47.4,8.5,2018-08-06,293.35
47.4,8.5,2018-08-07,294.45
47.4,8.5,2018-08-08,292.65
47.4,8.5,2018-08-09,291.55
47.4,8.5,2018-08-10,289.55
47.4,8.5,2018-08-11,289.55
47.4,8.5,2018-08-12,288.15
47.4,8.5,2018-08-13,289.55
47.4,8.5,2018-08-14,288.55
47.4,8.5,2018-08-15,288.75
47.4,8.5,2018-08-16,290.75
47.4,8.5,2018-08-17,290.65
47.4,8.5,2018-08-18,290.15
47.4,8.5,2018-08-19,291.15
47.4,8.5,2018-08-20,291.75
47.4,8.5,2018-08-21,291.95
47.4,8.5,2018-08-22,292.95
47.4,8.5,2018-08-23,292.55
47.4,8.5,2018-08-24,288.35
47.4,8.5,2018-08-25,284.25
47.4,8.5,2018-08-26,282.35
47.4,8.5,2018-08-27,285.95
47.4,8.5,2018-08-28,289.25
47.4,8.5,2018-08-29,290.35
47.4,8.5,2018-08-30,287.95
47.4,8.5,2018-08-31,286.15
47.4,8.5,2018-09-01,285.75
47.4,8.5,2018-09-02,285.85
47.4,8.5,2018-09-03,285.35
47.4,8.5,2018-09-04,285.35
47.4,8.5,2018-09-05,286.95
47.4,8.5,2018-09-06,287.85
47.4,8.5,2018-09-07,286.85
47.4,8.5,2018-09-08,287.35
47.4,8.5,2018-09-09,287.45
47.4,8.5,2018-09-10,288.45
47.4,8.5,2018-09-11,289.45
47.4,8.5,2018-09-12,289.65
47.4,8.5,2018-09-13,288.65
47.4,8.5,2018-09-14,287.05
47.4,8.5,2018-09-15,286.65
47.4,8.5,2018-09-16,285.45
47.4,8.5,2018-09-17,289.25
47.4,8.5,2018-09-18,288.75
47.4,8.5,2018-09-19,287.15
47.4,8.5,2018-09-20,289.45
47.4,8.5,2018-09-21,286.15
47.4,8.5,2018-09-22,284.15
47.4,8.5,2018-09-23,284.45
47.4,8.5,2018-09-24,281.05
47.4,8.5,2018-09-25,279.85
47.4,8.5,2018-09-26,279.55
47.4,8.5,2018-09-27,283.45
47.4,8.5,2018-09-28,285.15
47.4,8.5,2018-09-29,283.35
47.4,8.5,2018-09-30,282.35
47.4,8.5,2018-10-01,279.95
47.4,8.5,2018-10-02,278.15
47.4,8.5,2018-10-03,283.15
47.4,8.5,2018-10-04,280.35
47.4,8.5,2018-10-05,283.05
47.4,8.5,2018-10-06,283.35
47.4,8.5,2018-10-07,284.55
47.4,8.5,2018-10-08,284.15
47.4,8.5,2018-10-09,283.95
47.4,8.5,2018-10-10,284.45
47.4,8.5,2018-10-11,284.55
47.4,8.5,2018-10-12,285.95
47.4,8.5,2018-10-13,284.85
47.4,8.5,2018-10-14,285.35
47.4,8.5,2018-10-15,284.45
47.4,8.5,2018-10-16,284.25
47.4,8.5,2018-10-17,282.65
47.4,8.5,2018-10-18,282.55
47.4,8.5,2018-10-19,282.35
47.4,8.5,2018-10-20,280.55
47.4,8.5,2018-10-21,278.75
47.4,8.5,2018-10-22,276.45
47.4,8.5,2018-10-23,277.95
47.4,8.5,2018-10-24,279.75
47.4,8.5,2018-10-25,281.25
47.4,8.5,2018-10-26,278.85
47.4,8.5,2018-10-27,275.15
47.4,8.5,2018-10-28,275.15
47.4,8.5,2018-10-29,275.15
47.4,8.5,2018-10-30,276.85
47.4,8.5,2018-10-31,275.85
47.4,8.5,2018-11-01,278.35
47.4,8.5,2018-11-02,279.65
47.4,8.5,2018-11-03,280.45
47.4,8.5,2018-11-04,279.75
47.4,8.5,2018-11-05,281.25
47.4,8.5,2018-11-06,281.15
47.4,8.5,2018-11-07,279.25
47.4,8.5,2018-11-08,281.15
47.4,8.5,2018-11-09,280.35
47.4,8.5,2018-11-10,279.55
47.4,8.5,2018-11-11,280.65
47.4,8.5,2018-11-12,280.45
47.4,8.5,2018-11-13,278.25
47.4,8.5,2018-11-14,277.05
47.4,8.5,2018-11-15,276.55
47.4,8.5,2018-11-16,274.05
47.4,8.5,2018-11-17,273.95
47.4,8.5,2018-11-18,273.25
47.4,8.5,2018-11-19,272.25
47.4,8.5,2018-11-20,270.45
47.4,8.5,2018-11-21,273.35
47.4,8.5,2018-11-22,274.05
47.4,8.5,2018-11-23,274.15
47.4,8.5,2018-11-24,275.75
47.4,8.5,2018-11-25,274.35
47.4,8.5,2018-11-26,275.25
47.4,8.5,2018-11-27,274.55
47.4,8.5,2018-11-28,271.75
47.4,8.5,2018-11-29,275.15
47.4,8.5,2018-11-30,274.25
47.4,8.5,2018-12-01,275.25
47.4,8.5,2018-12-02,274.25
47.4,8.5,2018-12-03,282.25
47.4,8.5,2018-12-04,278.85
47.4,8.5,2018-12-05,278.15
47.4,8.5,2018-12-06,278.35
47.4,8.5,2018-12-07,278.85
47.4,8.5,2018-12-08,276.75
47.4,8.5,2018-12-09,277.45
47.4,8.5,2018-12-10,274.45
47.4,8.5,2018-12-11,272.25
47.4,8.5,2018-12-12,269.75
47.4,8.5,2018-12-13,270.55
47.4,8.5,2018-12-14,269.35
47.4,8.5,2018-12-15,268.85
47.4,8.5,2018-12-16,272.15
47.4,8.5,2018-12-17,272.45
47.4,8.5,2018-12-18,271.65
47.4,8.5,2018-12-19,273.95
47.4,8.5,2018-12-20,272.25
47.4,8.5,2018-12-21,273.25
47.4,8.5,2018-12-22,280.55
47.4,8.5,2018-12-23,278.75
47.4,8.5,2018-12-24,273.55
47.4,8.5,2018-12-25,273.05
47.4,8.5,2018-12-26,272.95
47.4,8.5,2018-12-27,272.85
47.4,8.5,2018-12-28,273.05
47.4,8.5,2018-12-29,271.35
47.4,8.5,2018-12-30,272.55
47.4,8.5,2018-12-31,274.75
47.4,8.5,2019-01-01,274.35
47.4,8.5,2019-01-02,271.95
47.4,8.5,2019-01-03,271.15
47.4,8.5,2019-01-04,270.45
47.4,8.5,2019-01-05,270.95
47.4,8.5,2019-01-06,273.75
47.4,8.5,2019-01-07,272.25
47.4,8.5,2019-01-08,272.35
47.4,8.5,2019-01-09,271.15
47.4,8.5,2019-01-10,270.35
47.4,8.5,2019-01-11,269.35
47.4,8.5,2019-01-12,272.35
47.4,8.5,2019-01-13,275.35
47.4,8.5,2019-01-14,273.85
47.4,8.5,2019-01-15,270.45
47.4,8.5,2019-01-16,271.35
47.4,8.5,2019-01-17,270.05
47.4,8.5,2019-01-18,269.45
47.4,8.5,2019-01-19,269.45
47.4,8.5,2019-01-20,270.45
47.4,8.5,2019-01-21,270.95
47.4,8.5,2019-01-22,268.65
47.4,8.5,2019-01-23,267.95
47.4,8.5,2019-01-24,268.95
47.4,8.5,2019-01-25,269.35
47.4,8.5,2019-01-26,270.35
47.4,8.5,2019-01-27,269.25
47.4,8.5,2019-01-28,272.35
47.4,8.5,2019-01-29,269.65
47.4,8.5,2019-01-30,269.75
47.4,8.5,2019-01-31,270.05
47.4,8.5,2019-02-01,273.85
47.4,8.5,2019-02-02,272.25
47.4,8.5,2019-02-03,271.85
47.4,8.5,2019-02-04,268.35
47.4,8.5,2019-02-05,271.35
47.4,8.5,2019-02-06,270.75
47.4,8.5,2019-02-07,270.05
47.4,8.5,2019-02-08,270.15
47.4,8.5,2019-02-09,270.25
47.4,8.5,2019-02-10,272.75
47.4,8.5,2019-02-11,271.15
47.4,8.5,2019-02-12,271.25
47.4,8.5,2019-02-13,271.05
47.4,8.5,2019-02-14,272.75
47.4,8.5,2019-02-15,273.75
47.4,8.5,2019-02-16,272.05
47.4,8.5,2019-02-17,273.35
47.4,8.5,2019-02-18,273.05
47.4,8.5,2019-02-19,272.25
47.4,8.5,2019-02-20,274.05
47.4,8.5,2019-02-21,274.15
47.4,8.5,2019-02-22,273.75
47.4,8.5,2019-02-23,273.95
47.4,8.5,2019-02-24,271.95
47.4,8.5,2019-02-25,273.25
47.4,8.5,2019-02-26,275.55
47.4,8.5,2019-02-27,276.05
47.4,8.5,2019-02-28,272.05
47.4,8.5,2019-03-01,277.45
47.4,8.5,2019-03-02,274.75
47.4,8.5,2019-03-03,273.05
47.4,8.5,2019-03-04,273.85
47.4,8.5,2019-03-05,274.85
47.4,8.5,2019-03-06,275.45
47.4,8.5,2019-03-07,274.45
47.4,8.5,2019-03-08,274.15
47.4,8.5,2019-03-09,274.15
47.4,8.5,2019-03-10,278.05
47.4,8.5,2019-03-11,273.05
47.4,8.5,2019-03-12,270.65
47.4,8.5,2019-03-13,275.15
47.4,8.5,2019-03-14,274.75
47.4,8.5,2019-03-15,277.55
47.4,8.5,2019-03-16,276.55
47.4,8.5,2019-03-17,273.35
47.4,8.5,2019-03-18,272.75
47.4,8.5,2019-03-19,272.55
47.4,8.5,2019-03-20,271.95
47.4,8.5,2019-03-21,271.35
47.4,8.5,2019-03-22,275.65
47.4,8.5,2019-03-23,275.85
47.4,8.5,2019-03-24,276.35
47.4,8.5,2019-03-25,275.05
47.4,8.5,2019-03-26,273.15
47.4,8.5,2019-03-27,271.15
47.4,8.5,2019-03-28,271.85
47.4,8.5,2019-03-29,275.35
47.4,8.5,2019-03-30,276.05
47.4,8.5,2019-03-31,275.75
47.4,8.5,2019-04-01,276.85
47.4,8.5,2019-04-02,277.25
47.4,8.5,2019-04-03,274.75
47.4,8.5,2019-04-04,273.65
47.4,8.5,2019-04-05,272.55
47.4,8.5,2019-04-06,275.45
47.4,8.5,2019-04-07,276.05
47.4,8.5,2019-04-08,276.95
47.4,8.5,2019-04-09,278.65
47.4,8.5,2019-04-10,277.85
47.4,8.5,2019-04-11,277.75
47.4,8.5,2019-04-12,274.35
47.4,8.5,2019-04-13,275.15
47.4,8.5,2019-04-14,273.95
47.4,8.5,2019-04-15,272.45
47.4,8.5,2019-04-16,275.95
47.4,8.5,2019-04-17,280.25
47.4,8.5,2019-04-18,279.05
47.4,8.5,2019-04-19,279.65
47.4,8.5,2019-04-20,279.55
47.4,8.5,2019-04-21,281.35
47.4,8.5,2019-04-22,281.15
47.4,8.5,2019-04-23,280.05
47.4,8.5,2019-04-24,280.95
47.4,8.5,2019-04-25,279.35
47.4,8.5,2019-04-26,277.35
47.4,8.5,2019-04-27,276.05
47.4,8.5,2019-04-28,275.45
47.4,8.5,2019-04-29,276.75
47.4,8.5,2019-04-30,278.15
47.4,8.5,2019-05-01,278.65
47.4,8.5,2019-05-02,277.65
47.4,8.5,2019-05-03,280.05
47.4,8.5,2019-05-04,274.75
47.4,8.5,2019-05-05,274.65
47.4,8.5,2019-05-06,274.25
47.4,8.5,2019-05-07,274.95
47.4,8.5,2019-05-08,279.95
47.4,8.5,2019-05-09,275.85
47.4,8.5,2019-05-10,279.55
47.4,8.5,2019-05-11,279.95
47.4,8.5,2019-05-12,278.75
47.4,8.5,2019-05-13,278.15
47.4,8.5,2019-05-14,277.55
47.4,8.5,2019-05-15,276.65
47.4,8.5,2019-05-16,275.35
47.4,8.5,2019-05-17,278.65
47.4,8.5,2019-05-18,280.75
47.4,8.5,2019-05-19,282.25
47.4,8.5,2019-05-20,283.35
47.4,8.5,2019-05-21,283.25
47.4,8.5,2019-05-22,282.25
47.4,8.5,2019-05-23,279.95
47.4,8.5,2019-05-24,281.95
47.4,8.5,2019-05-25,283.05
47.4,8.5,2019-05-26,280.45
47.4,8.5,2019-05-27,282.95
47.4,8.5,2019-05-28,281.85
47.4,8.5,2019-05-29,280.85
47.4,8.5,2019-05-30,281.05
47.4,8.5,2019-05-31,283.35
47.4,8.5,2019-06-01,284.55
47.4,8.5,2019-06-02,284.75
47.4,8.5,2019-06-03,285.35
47.4,8.5,2019-06-04,287.95
47.4,8.5,2019-06-05,285.65
47.4,8.5,2019-06-06,284.05
47.4,8.5,2019-06-07,283.35
47.4,8.5,2019-06-08,285.05
47.4,8.5,2019-06-09,284.75
47.4,8.5,2019-06-10,284.35
47.4,8.5,2019-06-11,285.65
47.4,8.5,2019-06-12,284.45
47.4,8.5,2019-06-13,284.85
47.4,8.5,2019-06-14,286.25
47.4,8.5,2019-06-15,287.75
47.4,8.5,2019-06-16,285.75
47.4,8.5,2019-06-17,283.95
47.4,8.5,2019-06-18,287.55
47.4,8.5,2019-06-19,288.75
47.4,8.5,2019-06-20,288.55
47.4,8.5,2019-06-21,286.45
47.4,8.5,2019-06-22,287.65
47.4,8.5,2019-06-23,287.25
47.4,8.5,2019-06-24,288.45
47.4,8.5,2019-06-25,291.25
47.4,8.5,2019-06-26,292.45
47.4,8.5,2019-06-27,294.25
47.4,8.5,2019-06-28,290.65
47.4,8.5,2019-06-29,289.05
47.4,8.5,2019-06-30,291.55
47.4,8.5,2019-07-01,291.15
47.4,8.5,2019-07-02,290.75
47.4,8.5,2019-07-03,289.05
47.4,8.5,2019-07-04,287.05
47.4,8.5,2019-07-05,288.75
47.4,8.5,2019-07-06,289.85
47.4,8.5,2019-07-07,288.95
47.4,8.5,2019-07-08,287.85
47.4,8.5,2019-07-09,286.35
47.4,8.5,2019-07-10,284.05
47.4,8.5,2019-07-11,285.95
47.4,8.5,2019-07-12,288.05
47.4,8.5,2019-07-13,285.95
47.4,8.5,2019-07-14,285.85
47.4,8.5,2019-07-15,286.45
47.4,8.5,2019-07-16,286.85
47.4,8.5,2019-07-17,288.55
47.4,8.5,2019-07-18,289.65
47.4,8.5,2019-07-19,289.65
47.4,8.5,2019-07-20,289.65
47.4,8.5,2019-07-21,290.95
47.4,8.5,2019-07-22,291.75
47.4,8.5,2019-07-23,291.35
47.4,8.5,2019-07-24,293.05
47.4,8.5,2019-07-25,294.45
47.4,8.5,2019-07-26,293.95
47.4,8.5,2019-07-27,291.55
47.4,8.5,2019-07-28,288.85
47.4,8.5,2019-07-29,288.65
47.4,8.5,2019-07-30,288.75
47.4,8.5,2019-07-31,290.05
47.4,8.5,2019-08-01,289.65
47.4,8.5,2019-08-02,288.75
47.4,8.5,2019-08-03,287.85
47.4,8.5,2019-08-04,287.85
47.4,8.5,2019-08-05,291.15
47.4,8.5,2019-08-06,290.15
47.4,8.5,2019-08-07,290.35
47.4,8.5,2019-08-08,288.65
47.4,8.5,2019-08-09,291.35
47.4,8.5,2019-08-10,291.15
47.4,8.5,2019-08-11,289.55
47.4,8.5,2019-08-12,287.75
47.4,8.5,2019-08-13,285.65
47.4,8.5,2019-08-14,285.35
47.4,8.5,2019-08-15,286.85
47.4,8.5,2019-08-16,284.65
47.4,8.5,2019-08-17,288.15
47.4,8.5,2019-08-18,288.35
47.4,8.5,2019-08-19,290.45
47.4,8.5,2019-08-20,286.55
47.4,8.5,2019-08-21,284.15
47.4,8.5,2019-08-22,285.15
47.4,8.5,2019-08-23,286.55
47.4,8.5,2019-08-24,288.45
47.4,8.5,2019-08-25,288.35
47.4,8.5,2019-08-26,290.25
47.4,8.5,2019-08-27,288.55
47.4,8.5,2019-08-28,292.65
47.4,8.5,2019-08-29,291.45
47.4,8.5,2019-08-30,290.65
47.4,8.5,2019-08-31,290.45
47.4,8.5,2019-09-01,289.05
47.4,8.5,2019-09-02,286.55
47.4,8.5,2019-09-03,283.35
47.4,8.5,2019-09-04,285.95
47.4,8.5,2019-09-05,284.85
47.4,8.5,2019-09-06,283.05
47.4,8.5,2019-09-07,284.65
47.4,8.5,2019-09-08,282.55
47.4,8.5,2019-09-09,282.45
47.4,8.5,2019-09-10,281.85
47.4,8.5,2019-09-11,284.45
47.4,8.5,2019-09-12,285.65
47.4,8.5,2019-09-13,286.95
47.4,8.5,2019-09-14,285.95
47.4,8.5,2019-09-15,288.15
47.4,8.5,2019-09-16,288.25
47.4,8.5,2019-09-17,287.45
47.4,8.5,2019-09-18,284.45
47.4,8.5,2019-09-19,281.65
47.4,8.5,2019-09-20,279.45
47.4,8.5,2019-09-21,282.45
47.4,8.5,2019-09-22,285.95
47.4,8.5,2019-09-23,285.65
47.4,8.5,2019-09-24,283.95
47.4,8.5,2019-09-25,284.25
47.4,8.5,2019-09-26,284.85
47.4,8.5,2019-09-27,284.25
47.4,8.5,2019-09-28,284.25
47.4,8.5,2019-09-29,281.95
47.4,8.5,2019-09-30,285.85
47.4,8.5,2019-10-01,281.85
47.4,8.5,2019-10-02,280.85
47.4,8.5,2019-10-03,278.95
47.4,8.5,2019-10-04,280.55
47.4,8.5,2019-10-05,282.65
47.4,8.5,2019-10-06,280.95
47.4,8.5,2019-10-07,281.15
47.4,8.5,2019-10-08,280.55
47.4,8.5,2019-10-09,281.95
47.4,8.5,2019-10-10,280.85
47.4,8.5,2019-10-11,279.05
47.4,8.5,2019-10-12,280.15
47.4,8.5,2019-10-13,284.25
47.4,8.5,2019-10-14,283.85
47.4,8.5,2019-10-15,282.85
47.4,8.5,2019-10-16,278.55
47.4,8.5,2019-10-17,281.65
47.4,8.5,2019-10-18,284.05
47.4,8.5,2019-10-19,283.65
47.4,8.5,2019-10-20,282.95
47.4,8.5,2019-10-21,283.75
47.4,8.5,2019-10-22,283.65
47.4,8.5,2019-10-23,283.15
47.4,8.5,2019-10-24,283.35
47.4,8.5,2019-10-25,283.95
47.4,8.5,2019-10-26,281.85
47.4,8.5,2019-10-27,281.45
47.4,8.5,2019-10-28,281.65
47.4,8.5,2019-10-29,280.55
47.4,8.5,2019-10-30,280.05
47.4,8.5,2019-10-31,279.35
47.4,8.5,2019-11-01,280.55
47.4,8.5,2019-11-02,281.85
47.4,8.5,2019-11-03,281.85
47.4,8.5,2019-11-04,280.35
47.4,8.5,2019-11-05,279.35
47.4,8.5,2019-11-06,277.15
47.4,8.5,2019-11-07,275.95
47.4,8.5,2019-11-08,275.55
47.4,8.5,2019-11-09,273.85
47.4,8.5,2019-11-10,273.45
47.4,8.5,2019-11-11,273.25
47.4,8.5,2019-11-12,274.95
47.4,8.5,2019-11-13,273.35
47.4,8.5,2019-11-14,272.55
47.4,8.5,2019-11-15,274.05
47.4,8.5,2019-11-16,274.15
47.4,8.5,2019-11-17,274.05
47.4,8.5,2019-11-18,274.85
47.4,8.5,2019-11-19,274.05
47.4,8.5,2019-11-20,273.05
47.4,8.5,2019-11-21,274.75
47.4,8.5,2019-11-22,273.85
47.4,8.5,2019-11-23,274.15
47.4,8.5,2019-11-24,277.35
47.4,8.5,2019-11-25,276.05
47.4,8.5,2019-11-26,276.65
47.4,8.5,2019-11-27,276.35
47.4,8.5,2019-11-28,277.15
47.4,8.5,2019-11-29,277.75
47.4,8.5,2019-11-30,273.25
47.4,8.5,2019-12-01,273.35
47.4,8.5,2019-12-02,273.55
47.4,8.5,2019-12-03,270.65
47.4,8.5,2019-12-04,271.55
47.4,8.5,2019-12-05,273.05
47.4,8.5,2019-12-06,271.55
47.4,8.5,2019-12-07,274.95
47.4,8.5,2019-12-08,272.65
47.4,8.5,2019-12-09,274.95
47.4,8.5,2019-12-10,272.95
47.4,8.5,2019-12-11,272.65
47.4,8.5,2019-12-12,272.95
47.4,8.5,2019-12-13,272.65
47.4,8.5,2019-12-14,275.15
47.4,8.5,2019-12-15,275.65
47.4,8.5,2019-12-16,275.85
47.4,8.5,2019-12-17,276.95
47.4,8.5,2019-12-18,275.85
47.4,8.5,2019-12-19,276.75
47.4,8.5,2019-12-20,274.65
47.4,8.5,2019-12-21,273.15
47.4,8.5,2019-12-22,274.65
47.4,8.5,2019-12-23,275.55
47.4,8.5,2019-12-24,273.55
47.4,8.5,2019-12-25,275.05
47.4,8.5,2019-12-26,272.05
47.4,8.5,2019-12-27,276.15
47.4,8.5,2019-12-28,271.65
47.4,8.5,2019-12-29,270.45
47.4,8.5,2019-12-30,271.85
47.4,8.5,2019-12-31,272.15
