latitude,longitude,time,windspeedmax
47.4,8.5,2005-01-01,2.68
47.4,8.5,2005-01-02,5.37
47.4,8.5,2005-01-03,3.95
47.4,8.5,2005-01-04,1.9
47.4,8.5,2005-01-05,2.66
47.4,8.5,2005-01-06,5.19
47.4,8.5,2005-01-07,1.92
47.4,8.5,2005-01-08,2.78
47.4,8.5,2005-01-09,2.22
47.4,8.5,2005-01-10,1.49
47.4,8.5,2005-01-11,1.53
47.4,8.5,2005-01-12,1.88
47.4,8.5,2005-01-13,2.71
47.4,8.5,2005-01-14,2.2
47.4,8.5,2005-01-15,2.11
47.4,8.5,2005-01-16,1.3
47.4,8.5,2005-01-17,1.41
47.4,8.5,2005-01-18,5.3
47.4,8.5,2005-01-19,3.61
47.4,8.5,2005-01-20,8.59
47.4,8.5,2005-01-21,8.86
47.4,8.5,2005-01-22,3.51
47.4,8.5,2005-01-23,2.76
47.4,8.5,2005-01-24,3.98
47.4,8.5,2005-01-25,4.66
47.4,8.5,2005-01-26,6.68
47.4,8.5,2005-01-27,4.44
47.4,8.5,2005-01-28,2.75
47.4,8.5,2005-01-29,3.83
47.4,8.5,2005-01-30,2.76
47.4,8.5,2005-01-31,4.25
47.4,8.5,2005-02-01,5.19
47.4,8.5,2005-02-02,4.16
47.4,8.5,2005-02-03,2.12
47.4,8.5,2005-02-04,3.45
47.4,8.5,2005-02-05,1.57
47.4,8.5,2005-02-06,1.98
47.4,8.5,2005-02-07,1.03
47.4,8.5,2005-02-08,1.33
47.4,8.5,2005-02-09,1.39
47.4,8.5,2005-02-10,3.61
47.4,8.5,2005-02-11,3.68
47.4,8.5,2005-02-12,8.21
47.4,8.5,2005-02-13,7.17
47.4,8.5,2005-02-14,5.02
47.4,8.5,2005-02-15,3.98
47.4,8.5,2005-02-16,5.15
47.4,8.5,2005-02-17,3.2
47.4,8.5,2005-02-18,2.02
47.4,8.5,2005-02-19,2.73
47.4,8.5,2005-02-20,2.42
47.4,8.5,2005-02-21,3.26
47.4,8.5,2005-02-22,1.61
47.4,8.5,2005-02-23,2.2
47.4,8.5,2005-02-24,1.88
47.4,8.5,2005-02-25,2.5
47.4,8.5,2005-02-26,3.08
47.4,8.5,2005-02-27,5.8
47.4,8.5,2005-02-28,6.11
47.4,8.5,2005-03-01,1.77
47.4,8.5,2005-03-02,1.2
47.4,8.5,2005-03-03,2.16
47.4,8.5,2005-03-04,2.31
47.4,8.5,2005-03-05,3.35
47.4,8.5,2005-03-06,3.88
47.4,8.5,2005-03-07,2.89
47.4,8.5,2005-03-08,4.43
47.4,8.5,2005-03-09,4.47
47.4,8.5,2005-03-10,2.28
47.4,8.5,2005-03-11,5.82
47.4,8.5,2005-03-12,9.06
47.4,8.5,2005-03-13,2.35
47.4,8.5,2005-03-14,1.93
47.4,8.5,2005-03-15,2.82
47.4,8.5,2005-03-16,2.26
47.4,8.5,2005-03-17,5.14
47.4,8.5,2005-03-18,1.63
47.4,8.5,2005-03-19,2.77
47.4,8.5,2005-03-20,3.19
47.4,8.5,2005-03-21,2.55
47.4,8.5,2005-03-22,2.7
47.4,8.5,2005-03-23,3.0
47.4,8.5,2005-03-24,1.7
47.4,8.5,2005-03-25,2.05
47.4,8.5,2005-03-26,1.49
47.4,8.5,2005-03-27,3.51
47.4,8.5,2005-03-28,2.2
47.4,8.5,2005-03-29,1.71
47.4,8.5,2005-03-30,2.37
47.4,8.5,2005-03-31,2.56
47.4,8.5,2005-04-01,4.09
47.4,8.5,2005-04-02,2.42
47.4,8.5,2005-04-03,1.43
47.4,8.5,2005-04-04,2.19
47.4,8.5,2005-04-05,4.14
47.4,8.5,2005-04-06,4.12
47.4,8.5,2005-04-07,3.4
47.4,8.5,2005-04-08,3.11
47.4,8.5,2005-04-09,5.1
47.4,8.5,2005-04-10,3.49
47.4,8.5,2005-04-11,7.57
47.4,8.5,2005-04-12,3.05
47.4,8.5,2005-04-13,1.86
47.4,8.5,2005-04-14,2.28
47.4,8.5,2005-04-15,4.78
47.4,8.5,2005-04-16,4.22
47.4,8.5,2005-04-17,4.55
47.4,8.5,2005-04-18,3.83
47.4,8.5,2005-04-19,4.22
47.4,8.5,2005-04-20,3.75
47.4,8.5,2005-04-21,3.01
47.4,8.5,2005-04-22,2.0
47.4,8.5,2005-04-23,3.81
47.4,8.5,2005-04-24,2.1
47.4,8.5,2005-04-25,5.51
47.4,8.5,2005-04-26,3.62
47.4,8.5,2005-04-27,3.58
47.4,8.5,2005-04-28,1.44
47.4,8.5,2005-04-29,2.28
47.4,8.5,2005-04-30,1.5
47.4,8.5,2005-05-01,2.28
47.4,8.5,2005-05-02,4.33
47.4,8.5,2005-05-03,5.51
47.4,8.5,2005-05-04,4.36
47.4,8.5,2005-05-05,3.73
47.4,8.5,2005-05-06,5.76
47.4,8.5,2005-05-07,7.07
47.4,8.5,2005-05-08,4.41
47.4,8.5,2005-05-09,3.16
47.4,8.5,2005-05-10,3.19
47.4,8.5,2005-05-11,3.22
47.4,8.5,2005-05-12,4.03
47.4,8.5,2005-05-13,1.97
47.4,8.5,2005-05-14,5.57
47.4,8.5,2005-05-15,4.3
47.4,8.5,2005-05-16,3.83
47.4,8.5,2005-05-17,3.42
47.4,8.5,2005-05-18,3.61
47.4,8.5,2005-05-19,2.02
47.4,8.5,2005-05-20,1.99
47.4,8.5,2005-05-21,2.01
47.4,8.5,2005-05-22,3.67
47.4,8.5,2005-05-23,3.91
47.4,8.5,2005-05-24,1.03
47.4,8.5,2005-05-25,2.47
47.4,8.5,2005-05-26,1.42
47.4,8.5,2005-05-27,1.28
47.4,8.5,2005-05-28,1.84
47.4,8.5,2005-05-29,2.37
47.4,8.5,2005-05-30,4.59
47.4,8.5,2005-05-31,2.06
47.4,8.5,2005-06-01,2.22
47.4,8.5,2005-06-02,1.49
47.4,8.5,2005-06-03,2.66
47.4,8.5,2005-06-04,4.1
47.4,8.5,2005-06-05,3.5
47.4,8.5,2005-06-06,3.08
47.4,8.5,2005-06-07,4.12
47.4,8.5,2005-06-08,4.61
47.4,8.5,2005-06-09,4.99
47.4,8.5,2005-06-10,3.44
47.4,8.5,2005-06-11,3.04
47.4,8.5,2005-06-12,2.12
47.4,8.5,2005-06-13,3.55
47.4,8.5,2005-06-14,2.44
47.4,8.5,2005-06-15,2.12
47.4,8.5,2005-06-16,1.68
47.4,8.5,2005-06-17,2.08
47.4,8.5,2005-06-18,3.76
47.4,8.5,2005-06-19,4.34
47.4,8.5,2005-06-20,2.77
47.4,8.5,2005-06-21,1.64
47.4,8.5,2005-06-22,2.37
47.4,8.5,2005-06-23,2.59
47.4,8.5,2005-06-24,2.91
47.4,8.5,2005-06-25,3.76
47.4,8.5,2005-06-26,1.8
47.4,8.5,2005-06-27,1.21
47.4,8.5,2005-06-28,2.48
47.4,8.5,2005-06-29,4.06
47.4,8.5,2005-06-30,2.82
47.4,8.5,2005-07-01,5.2
47.4,8.5,2005-07-02,1.97
47.4,8.5,2005-07-03,2.11
47.4,8.5,2005-07-04,4.9
47.4,8.5,2005-07-05,2.6
47.4,8.5,2005-07-06,3.4
47.4,8.5,2005-07-07,3.4
47.4,8.5,2005-07-08,3.85
47.4,8.5,2005-07-09,3.22
47.4,8.5,2005-07-10,3.91
47.4,8.5,2005-07-11,2.77
47.4,8.5,2005-07-12,5.13
47.4,8.5,2005-07-13,4.66
47.4,8.5,2005-07-14,2.06
47.4,8.5,2005-07-15,4.25
47.4,8.5,2005-07-16,3.57
47.4,8.5,2005-07-17,2.33
47.4,8.5,2005-07-18,3.83
47.4,8.5,2005-07-19,5.77
47.4,8.5,2005-07-20,5.23
47.4,8.5,2005-07-21,4.7
47.4,8.5,2005-07-22,3.76
47.4,8.5,2005-07-23,3.21
47.4,8.5,2005-07-24,3.28
47.4,8.5,2005-07-25,2.69
47.4,8.5,2005-07-26,1.35
47.4,8.5,2005-07-27,2.09
47.4,8.5,2005-07-28,2.01
47.4,8.5,2005-07-29,4.01
47.4,8.5,2005-07-30,2.06
47.4,8.5,2005-07-31,1.91
47.4,8.5,2005-08-01,3.36
47.4,8.5,2005-08-02,3.69
47.4,8.5,2005-08-03,2.82
47.4,8.5,2005-08-04,2.06
47.4,8.5,2005-08-05,2.64
47.4,8.5,2005-08-06,2.66
47.4,8.5,2005-08-07,3.91
47.4,8.5,2005-08-08,2.21
47.4,8.5,2005-08-09,1.39
47.4,8.5,2005-08-10,2.2
47.4,8.5,2005-08-11,2.01
47.4,8.5,2005-08-12,2.64
47.4,8.5,2005-08-13,2.21
47.4,8.5,2005-08-14,4.62
47.4,8.5,2005-08-15,2.97
47.4,8.5,2005-08-16,4.74
47.4,8.5,2005-08-17,4.48
47.4,8.5,2005-08-18,1.96
47.4,8.5,2005-08-19,3.22
47.4,8.5,2005-08-20,2.31
47.4,8.5,2005-08-21,4.12
47.4,8.5,2005-08-22,4.34
47.4,8.5,2005-08-23,3.79
47.4,8.5,2005-08-24,1.62
47.4,8.5,2005-08-25,3.65
47.4,8.5,2005-08-26,2.47
47.4,8.5,2005-08-27,2.55
47.4,8.5,2005-08-28,3.62
47.4,8.5,2005-08-29,2.19
47.4,8.5,2005-08-30,2.51
47.4,8.5,2005-08-31,1.75
47.4,8.5,2005-09-01,3.3
47.4,8.5,2005-09-02,2.85
47.4,8.5,2005-09-03,3.28
47.4,8.5,2005-09-04,2.69
47.4,8.5,2005-09-05,1.91
47.4,8.5,2005-09-06,2.92
47.4,8.5,2005-09-07,1.84
47.4,8.5,2005-09-08,2.15
47.4,8.5,2005-09-09,2.56
47.4,8.5,2005-09-10,2.56
47.4,8.5,2005-09-11,2.41
47.4,8.5,2005-09-12,3.28
47.4,8.5,2005-09-13,1.97
47.4,8.5,2005-09-14,2.31
47.4,8.5,2005-09-15,3.11
47.4,8.5,2005-09-16,4.95
47.4,8.5,2005-09-17,4.76
47.4,8.5,2005-09-18,7.03
47.4,8.5,2005-09-19,4.99
47.4,8.5,2005-09-20,2.36
47.4,8.5,2005-09-21,3.76
47.4,8.5,2005-09-22,1.75
47.4,8.5,2005-09-23,2.1
47.4,8.5,2005-09-24,1.17
47.4,8.5,2005-09-25,1.5
47.4,8.5,2005-09-26,2.6
47.4,8.5,2005-09-27,1.55
47.4,8.5,2005-09-28,2.85
47.4,8.5,2005-09-29,5.26
47.4,8.5,2005-09-30,1.26
47.4,8.5,2005-10-01,2.78
47.4,8.5,2005-10-02,2.11
47.4,8.5,2005-10-03,3.3
47.4,8.5,2005-10-04,2.2
47.4,8.5,2005-10-05,1.1
47.4,8.5,2005-10-06,0.92
47.4,8.5,2005-10-07,1.46
47.4,8.5,2005-10-08,1.25
47.4,8.5,2005-10-09,1.78
47.4,8.5,2005-10-10,1.79
47.4,8.5,2005-10-11,1.56
47.4,8.5,2005-10-12,2.08
47.4,8.5,2005-10-13,1.04
47.4,8.5,2005-10-14,2.5
47.4,8.5,2005-10-15,2.11
47.4,8.5,2005-10-16,1.98
47.4,8.5,2005-10-17,3.31
47.4,8.5,2005-10-18,2.7
47.4,8.5,2005-10-19,1.58
47.4,8.5,2005-10-20,0.94
47.4,8.5,2005-10-21,2.18
47.4,8.5,2005-10-22,2.66
47.4,8.5,2005-10-23,3.34
47.4,8.5,2005-10-24,2.19
47.4,8.5,2005-10-25,3.47
47.4,8.5,2005-10-26,2.02
47.4,8.5,2005-10-27,1.78
47.4,8.5,2005-10-28,1.63
47.4,8.5,2005-10-29,1.65
47.4,8.5,2005-10-30,1.77
47.4,8.5,2005-10-31,2.16
47.4,8.5,2005-11-01,1.79
47.4,8.5,2005-11-02,1.6
47.4,8.5,2005-11-03,1.82
47.4,8.5,2005-11-04,2.26
47.4,8.5,2005-11-05,2.86
47.4,8.5,2005-11-06,1.92
47.4,8.5,2005-11-07,1.57
47.4,8.5,2005-11-08,1.78
47.4,8.5,2005-11-09,1.36
47.4,8.5,2005-11-10,0.89
47.4,8.5,2005-11-11,1.3
47.4,8.5,2005-11-12,1.89
47.4,8.5,2005-11-13,2.3
47.4,8.5,2005-11-14,2.62
47.4,8.5,2005-11-15,2.35
47.4,8.5,2005-11-16,4.3
47.4,8.5,2005-11-17,2.3
47.4,8.5,2005-11-18,1.9
47.4,8.5,2005-11-19,2.33
47.4,8.5,2005-11-20,1.36
47.4,8.5,2005-11-21,3.32
47.4,8.5,2005-11-22,5.3
47.4,8.5,2005-11-23,6.2
47.4,8.5,2005-11-24,4.33
47.4,8.5,2005-11-25,4.44
47.4,8.5,2005-11-26,2.02
47.4,8.5,2005-11-27,3.3
47.4,8.5,2005-11-28,3.47
47.4,8.5,2005-11-29,1.58
47.4,8.5,2005-11-30,1.58
47.4,8.5,2005-12-01,1.56
47.4,8.5,2005-12-02,1.9
47.4,8.5,2005-12-03,2.25
47.4,8.5,2005-12-04,3.16
47.4,8.5,2005-12-05,2.55
47.4,8.5,2005-12-06,1.97
47.4,8.5,2005-12-07,3.01
47.4,8.5,2005-12-08,1.84
47.4,8.5,2005-12-09,4.64
47.4,8.5,2005-12-10,4.34
47.4,8.5,2005-12-11,4.0
47.4,8.5,2005-12-12,3.33
47.4,8.5,2005-12-13,3.76
47.4,8.5,2005-12-14,2.78
47.4,8.5,2005-12-15,3.44
47.4,8.5,2005-12-16,7.7
47.4,8.5,2005-12-17,6.28
47.4,8.5,2005-12-18,3.96
47.4,8.5,2005-12-19,2.9
47.4,8.5,2005-12-20,1.22
47.4,8.5,2005-12-21,1.68
47.4,8.5,2005-12-22,1.55
47.4,8.5,2005-12-23,1.6
47.4,8.5,2005-12-24,1.6
47.4,8.5,2005-12-25,1.21
47.4,8.5,2005-12-26,1.68
47.4,8.5,2005-12-27,3.34
47.4,8.5,2005-12-28,3.23
47.4,8.5,2005-12-29,3.38
47.4,8.5,2005-12-30,1.39
47.4,8.5,2005-12-31,3.76
47.4,8.5,2006-01-01,2.42
47.4,8.5,2006-01-02,2.72
47.4,8.5,2006-01-03,2.3
47.4,8.5,2006-01-04,4.57
47.4,8.5,2006-01-05,3.05
47.4,8.5,2006-01-06,1.78
47.4,8.5,2006-01-07,1.44
47.4,8.5,2006-01-08,1.48
47.4,8.5,2006-01-09,1.0
47.4,8.5,2006-01-10,1.03
47.4,8.5,2006-01-11,0.89
47.4,8.5,2006-01-12,2.05
47.4,8.5,2006-01-13,1.3
47.4,8.5,2006-01-14,0.81
47.4,8.5,2006-01-15,1.64
47.4,8.5,2006-01-16,1.33
47.4,8.5,2006-01-17,3.05
47.4,8.5,2006-01-18,4.69
47.4,8.5,2006-01-19,0.92
47.4,8.5,2006-01-20,3.44
47.4,8.5,2006-01-21,3.41
47.4,8.5,2006-01-22,3.28
47.4,8.5,2006-01-23,4.92
47.4,8.5,2006-01-24,3.68
47.4,8.5,2006-01-25,2.5
47.4,8.5,2006-01-26,2.83
47.4,8.5,2006-01-27,2.97
47.4,8.5,2006-01-28,3.67
47.4,8.5,2006-01-29,2.98
47.4,8.5,2006-01-30,3.32
47.4,8.5,2006-01-31,1.98
47.4,8.5,2006-02-01,1.36
47.4,8.5,2006-02-02,1.75
47.4,8.5,2006-02-03,2.02
47.4,8.5,2006-02-04,2.92
47.4,8.5,2006-02-05,3.22
47.4,8.5,2006-02-06,1.36
47.4,8.5,2006-02-07,3.85
47.4,8.5,2006-02-08,6.5
47.4,8.5,2006-02-09,6.75
47.4,8.5,2006-02-10,5.33
47.4,8.5,2006-02-11,3.33
47.4,8.5,2006-02-12,1.58
47.4,8.5,2006-02-13,1.0
47.4,8.5,2006-02-14,1.64
47.4,8.5,2006-02-15,3.56
47.4,8.5,2006-02-16,4.77
47.4,8.5,2006-02-17,5.17
47.4,8.5,2006-02-18,6.39
47.4,8.5,2006-02-19,3.81
47.4,8.5,2006-02-20,1.62
47.4,8.5,2006-02-21,3.05
47.4,8.5,2006-02-22,3.64
47.4,8.5,2006-02-23,2.62
47.4,8.5,2006-02-24,3.92
47.4,8.5,2006-02-25,1.84
47.4,8.5,2006-02-26,4.11
47.4,8.5,2006-02-27,3.61
47.4,8.5,2006-02-28,6.11
47.4,8.5,2006-03-01,4.9
47.4,8.5,2006-03-02,4.48
47.4,8.5,2006-03-03,6.65
47.4,8.5,2006-03-04,3.94
47.4,8.5,2006-03-05,3.19
47.4,8.5,2006-03-06,4.0
47.4,8.5,2006-03-07,4.14
47.4,8.5,2006-03-08,4.53
47.4,8.5,2006-03-09,6.35
47.4,8.5,2006-03-10,5.2
47.4,8.5,2006-03-11,5.29
47.4,8.5,2006-03-12,4.83
47.4,8.5,2006-03-13,5.46
47.4,8.5,2006-03-14,3.45
47.4,8.5,2006-03-15,3.0
47.4,8.5,2006-03-16,2.92
47.4,8.5,2006-03-17,2.78
47.4,8.5,2006-03-18,3.91
47.4,8.5,2006-03-19,2.2
47.4,8.5,2006-03-20,1.81
47.4,8.5,2006-03-21,3.16
47.4,8.5,2006-03-22,3.05
47.4,8.5,2006-03-23,2.97
47.4,8.5,2006-03-24,2.3
47.4,8.5,2006-03-25,5.47
47.4,8.5,2006-03-26,3.05
47.4,8.5,2006-03-27,4.37
47.4,8.5,2006-03-28,4.83
47.4,8.5,2006-03-29,4.34
47.4,8.5,2006-03-30,4.18
47.4,8.5,2006-03-31,6.65
47.4,8.5,2006-04-01,4.04
47.4,8.5,2006-04-02,5.0
47.4,8.5,2006-04-03,4.63
47.4,8.5,2006-04-04,2.98
47.4,8.5,2006-04-05,3.68
47.4,8.5,2006-04-06,4.06
47.4,8.5,2006-04-07,1.71
47.4,8.5,2006-04-08,4.2
47.4,8.5,2006-04-09,1.82
47.4,8.5,2006-04-10,3.16
47.4,8.5,2006-04-11,3.1
47.4,8.5,2006-04-12,4.97
47.4,8.5,2006-04-13,5.91
47.4,8.5,2006-04-14,4.47
47.4,8.5,2006-04-15,3.14
47.4,8.5,2006-04-16,5.75
47.4,8.5,2006-04-17,3.04
47.4,8.5,2006-04-18,2.28
47.4,8.5,2006-04-19,1.66
47.4,8.5,2006-04-20,1.86
47.4,8.5,2006-04-21,1.22
47.4,8.5,2006-04-22,3.04
47.4,8.5,2006-04-23,3.35
47.4,8.5,2006-04-24,2.33
47.4,8.5,2006-04-25,2.01
47.4,8.5,2006-04-26,2.26
47.4,8.5,2006-04-27,2.91
47.4,8.5,2006-04-28,3.22
47.4,8.5,2006-04-29,3.58
47.4,8.5,2006-04-30,1.82
47.4,8.5,2006-05-01,1.87
47.4,8.5,2006-05-02,1.87
47.4,8.5,2006-05-03,3.23
47.4,8.5,2006-05-04,2.38
47.4,8.5,2006-05-05,2.88
47.4,8.5,2006-05-06,1.51
47.4,8.5,2006-05-07,2.62
47.4,8.5,2006-05-08,5.24
47.4,8.5,2006-05-09,5.56
47.4,8.5,2006-05-10,3.07
47.4,8.5,2006-05-11,3.45
47.4,8.5,2006-05-12,3.01
47.4,8.5,2006-05-13,3.34
47.4,8.5,2006-05-14,2.5
47.4,8.5,2006-05-15,2.97
47.4,8.5,2006-05-16,3.79
47.4,8.5,2006-05-17,2.46
47.4,8.5,2006-05-18,3.75
47.4,8.5,2006-05-19,6.36
47.4,8.5,2006-05-20,6.85
47.4,8.5,2006-05-21,4.16
47.4,8.5,2006-05-22,4.83
47.4,8.5,2006-05-23,3.41
47.4,8.5,2006-05-24,3.81
47.4,8.5,2006-05-25,4.7
47.4,8.5,2006-05-26,5.73
47.4,8.5,2006-05-27,4.63
47.4,8.5,2006-05-28,5.35
47.4,8.5,2006-05-29,4.72
47.4,8.5,2006-05-30,4.74
47.4,8.5,2006-05-31,2.28
47.4,8.5,2006-06-01,4.69
47.4,8.5,2006-06-02,4.0
47.4,8.5,2006-06-03,4.02
47.4,8.5,2006-06-04,3.05
47.4,8.5,2006-06-05,2.34
47.4,8.5,2006-06-06,2.91
47.4,8.5,2006-06-07,3.58
47.4,8.5,2006-06-08,3.89
47.4,8.5,2006-06-09,3.98
47.4,8.5,2006-06-10,3.31
47.4,8.5,2006-06-11,5.1
47.4,8.5,2006-06-12,2.2
47.4,8.5,2006-06-13,1.66
47.4,8.5,2006-06-14,1.3
47.4,8.5,2006-06-15,2.08
47.4,8.5,2006-06-16,2.61
47.4,8.5,2006-06-17,1.9
47.4,8.5,2006-06-18,3.09
47.4,8.5,2006-06-19,2.21
47.4,8.5,2006-06-20,2.28
47.4,8.5,2006-06-21,3.3
47.4,8.5,2006-06-22,3.06
47.4,8.5,2006-06-23,2.25
47.4,8.5,2006-06-24,1.93
47.4,8.5,2006-06-25,5.42
47.4,8.5,2006-06-26,1.58
47.4,8.5,2006-06-27,2.27
47.4,8.5,2006-06-28,1.75
47.4,8.5,2006-06-29,2.42
47.4,8.5,2006-06-30,3.27
47.4,8.5,2006-07-01,4.94
47.4,8.5,2006-07-02,4.34
47.4,8.5,2006-07-03,2.48
47.4,8.5,2006-07-04,1.73
47.4,8.5,2006-07-05,4.11
47.4,8.5,2006-07-06,3.11
47.4,8.5,2006-07-07,2.48
47.4,8.5,2006-07-08,2.0
47.4,8.5,2006-07-09,2.88
47.4,8.5,2006-07-10,1.62
47.4,8.5,2006-07-11,1.7
47.4,8.5,2006-07-12,4.49
47.4,8.5,2006-07-13,1.9
47.4,8.5,2006-07-14,5.12
47.4,8.5,2006-07-15,4.27
47.4,8.5,2006-07-16,4.77
47.4,8.5,2006-07-17,3.94
47.4,8.5,2006-07-18,2.25
47.4,8.5,2006-07-19,1.89
47.4,8.5,2006-07-20,1.94
47.4,8.5,2006-07-21,3.22
47.4,8.5,2006-07-22,4.12
47.4,8.5,2006-07-23,1.8
47.4,8.5,2006-07-24,3.13
47.4,8.5,2006-07-25,2.2
47.4,8.5,2006-07-26,2.47
47.4,8.5,2006-07-27,2.8
47.4,8.5,2006-07-28,2.68
47.4,8.5,2006-07-29,2.08
47.4,8.5,2006-07-30,1.99
47.4,8.5,2006-07-31,5.14
47.4,8.5,2006-08-01,4.91
47.4,8.5,2006-08-02,4.52
47.4,8.5,2006-08-03,3.35
47.4,8.5,2006-08-04,2.91
47.4,8.5,2006-08-05,2.21
47.4,8.5,2006-08-06,2.77
47.4,8.5,2006-08-07,2.55
47.4,8.5,2006-08-08,4.0
47.4,8.5,2006-08-09,1.82
47.4,8.5,2006-08-10,3.91
47.4,8.5,2006-08-11,3.72
47.4,8.5,2006-08-12,3.1
47.4,8.5,2006-08-13,5.04
47.4,8.5,2006-08-14,6.62
47.4,8.5,2006-08-15,2.68
47.4,8.5,2006-08-16,1.9
47.4,8.5,2006-08-17,3.49
47.4,8.5,2006-08-18,3.51
47.4,8.5,2006-08-19,2.68
47.4,8.5,2006-08-20,4.1
47.4,8.5,2006-08-21,4.18
47.4,8.5,2006-08-22,3.41
47.4,8.5,2006-08-23,1.92
47.4,8.5,2006-08-24,4.62
47.4,8.5,2006-08-25,3.99
47.4,8.5,2006-08-26,4.22
47.4,8.5,2006-08-27,4.33
47.4,8.5,2006-08-28,4.39
47.4,8.5,2006-08-29,4.03
47.4,8.5,2006-08-30,4.04
47.4,8.5,2006-08-31,1.41
47.4,8.5,2006-09-01,1.7
47.4,8.5,2006-09-02,2.68
47.4,8.5,2006-09-03,4.34
47.4,8.5,2006-09-04,4.2
47.4,8.5,2006-09-05,2.76
47.4,8.5,2006-09-06,2.55
47.4,8.5,2006-09-07,2.51
47.4,8.5,2006-09-08,4.84
47.4,8.5,2006-09-09,3.27
47.4,8.5,2006-09-10,1.12
47.4,8.5,2006-09-11,1.39
47.4,8.5,2006-09-12,1.17
47.4,8.5,2006-09-13,2.44
47.4,8.5,2006-09-14,2.12
47.4,8.5,2006-09-15,2.34
47.4,8.5,2006-09-16,2.0
47.4,8.5,2006-09-17,2.94
47.4,8.5,2006-09-18,3.52
47.4,8.5,2006-09-19,2.72
47.4,8.5,2006-09-20,1.71
47.4,8.5,2006-09-21,1.97
47.4,8.5,2006-09-22,1.79
47.4,8.5,2006-09-23,1.88
47.4,8.5,2006-09-24,4.33
47.4,8.5,2006-09-25,3.11
47.4,8.5,2006-09-26,2.47
47.4,8.5,2006-09-27,2.48
47.4,8.5,2006-09-28,1.42
47.4,8.5,2006-09-29,1.75
47.4,8.5,2006-09-30,1.62
47.4,8.5,2006-10-01,2.02
47.4,8.5,2006-10-02,2.34
47.4,8.5,2006-10-03,10.16
47.4,8.5,2006-10-04,3.29
47.4,8.5,2006-10-05,2.53
47.4,8.5,2006-10-06,2.66
47.4,8.5,2006-10-07,4.02
47.4,8.5,2006-10-08,2.78
47.4,8.5,2006-10-09,0.61
47.4,8.5,2006-10-10,1.75
47.4,8.5,2006-10-11,1.02
47.4,8.5,2006-10-12,1.78
47.4,8.5,2006-10-13,3.4
47.4,8.5,2006-10-14,3.67
47.4,8.5,2006-10-15,2.64
47.4,8.5,2006-10-16,2.51
47.4,8.5,2006-10-17,1.63
47.4,8.5,2006-10-18,1.91
47.4,8.5,2006-10-19,2.06
47.4,8.5,2006-10-20,1.9
47.4,8.5,2006-10-21,1.75
47.4,8.5,2006-10-22,2.3
47.4,8.5,2006-10-23,2.01
47.4,8.5,2006-10-24,6.87
47.4,8.5,2006-10-25,2.15
47.4,8.5,2006-10-26,1.36
47.4,8.5,2006-10-27,2.26
47.4,8.5,2006-10-28,3.13
47.4,8.5,2006-10-29,2.95
47.4,8.5,2006-10-30,2.78
47.4,8.5,2006-10-31,4.23
47.4,8.5,2006-11-01,5.02
47.4,8.5,2006-11-02,2.48
47.4,8.5,2006-11-03,1.94
47.4,8.5,2006-11-04,1.36
47.4,8.5,2006-11-05,1.77
47.4,8.5,2006-11-06,1.17
47.4,8.5,2006-11-07,1.36
47.4,8.5,2006-11-08,2.33
47.4,8.5,2006-11-09,3.47
47.4,8.5,2006-11-10,3.47
47.4,8.5,2006-11-11,4.79
47.4,8.5,2006-11-12,6.4
47.4,8.5,2006-11-13,4.38
47.4,8.5,2006-11-14,3.34
47.4,8.5,2006-11-15,1.44
47.4,8.5,2006-11-16,1.39
47.4,8.5,2006-11-17,1.73
47.4,8.5,2006-11-18,1.49
47.4,8.5,2006-11-19,4.43
47.4,8.5,2006-11-20,3.16
47.4,8.5,2006-11-21,3.31
47.4,8.5,2006-11-22,4.46
47.4,8.5,2006-11-23,2.06
47.4,8.5,2006-11-24,2.19
47.4,8.5,2006-11-25,1.24
47.4,8.5,2006-11-26,1.32
47.4,8.5,2006-11-27,1.21
47.4,8.5,2006-11-28,1.17
47.4,8.5,2006-11-29,2.9
47.4,8.5,2006-11-30,3.41
47.4,8.5,2006-12-01,1.46
47.4,8.5,2006-12-02,1.34
47.4,8.5,2006-12-03,2.97
47.4,8.5,2006-12-04,6.31
47.4,8.5,2006-12-05,3.4
47.4,8.5,2006-12-06,4.16
47.4,8.5,2006-12-07,2.33
47.4,8.5,2006-12-08,5.0
47.4,8.5,2006-12-09,2.7
47.4,8.5,2006-12-10,1.97
47.4,8.5,2006-12-11,1.77
47.4,8.5,2006-12-12,2.1
47.4,8.5,2006-12-13,1.3
47.4,8.5,2006-12-14,0.73
47.4,8.5,2006-12-15,1.66
47.4,8.5,2006-12-16,1.77
47.4,8.5,2006-12-17,2.1
47.4,8.5,2006-12-18,4.75
47.4,8.5,2006-12-19,6.14
47.4,8.5,2006-12-20,5.06
47.4,8.5,2006-12-21,4.97
47.4,8.5,2006-12-22,4.02
47.4,8.5,2006-12-23,2.52
47.4,8.5,2006-12-24,1.89
47.4,8.5,2006-12-25,2.44
47.4,8.5,2006-12-26,1.84
47.4,8.5,2006-12-27,1.24
47.4,8.5,2006-12-28,1.64
47.4,8.5,2006-12-29,1.3
47.4,8.5,2006-12-30,2.72
47.4,8.5,2006-12-31,3.64
47.4,8.5,2007-01-01,7.28
47.4,8.5,2007-01-02,7.5
47.4,8.5,2007-01-03,4.27
47.4,8.5,2007-01-04,5.1
47.4,8.5,2007-01-05,4.33
47.4,8.5,2007-01-06,2.8
47.4,8.5,2007-01-07,3.47
47.4,8.5,2007-01-08,4.26
47.4,8.5,2007-01-09,3.14
47.4,8.5,2007-01-10,3.89
47.4,8.5,2007-01-11,7.67
47.4,8.5,2007-01-12,7.48
47.4,8.5,2007-01-13,2.75
47.4,8.5,2007-01-14,3.38
47.4,8.5,2007-01-15,1.63
47.4,8.5,2007-01-16,1.8
47.4,8.5,2007-01-17,3.5
47.4,8.5,2007-01-18,9.6
47.4,8.5,2007-01-19,9.06
47.4,8.5,2007-01-20,5.8
47.4,8.5,2007-01-21,5.92
47.4,8.5,2007-01-22,4.62
47.4,8.5,2007-01-23,6.0
47.4,8.5,2007-01-24,3.49
47.4,8.5,2007-01-25,5.46
47.4,8.5,2007-01-26,2.33
47.4,8.5,2007-01-27,4.02
47.4,8.5,2007-01-28,4.12
47.4,8.5,2007-01-29,2.36
47.4,8.5,2007-01-30,2.34
47.4,8.5,2007-01-31,1.75
47.4,8.5,2007-02-01,1.93
47.4,8.5,2007-02-02,1.63
47.4,8.5,2007-02-03,4.19
47.4,8.5,2007-02-04,4.08
47.4,8.5,2007-02-05,2.86
47.4,8.5,2007-02-06,2.09
47.4,8.5,2007-02-07,1.89
47.4,8.5,2007-02-08,3.67
47.4,8.5,2007-02-09,2.83
47.4,8.5,2007-02-10,2.42
47.4,8.5,2007-02-11,5.82
47.4,8.5,2007-02-12,5.92
47.4,8.5,2007-02-13,5.8
47.4,8.5,2007-02-14,2.01
47.4,8.5,2007-02-15,4.14
47.4,8.5,2007-02-16,2.87
47.4,8.5,2007-02-17,2.16
47.4,8.5,2007-02-18,2.5
47.4,8.5,2007-02-19,1.71
47.4,8.5,2007-02-20,1.78
47.4,8.5,2007-02-21,2.2
47.4,8.5,2007-02-22,1.84
47.4,8.5,2007-02-23,1.8
47.4,8.5,2007-02-24,3.82
47.4,8.5,2007-02-25,4.83
47.4,8.5,2007-02-26,8.75
47.4,8.5,2007-02-27,5.73
47.4,8.5,2007-02-28,6.72
47.4,8.5,2007-03-01,6.36
47.4,8.5,2007-03-02,5.41
47.4,8.5,2007-03-03,7.71
47.4,8.5,2007-03-04,2.82
47.4,8.5,2007-03-05,4.81
47.4,8.5,2007-03-06,1.33
47.4,8.5,2007-03-07,2.21
47.4,8.5,2007-03-08,2.11
47.4,8.5,2007-03-09,2.51
47.4,8.5,2007-03-10,3.66
47.4,8.5,2007-03-11,4.47
47.4,8.5,2007-03-12,2.15
47.4,8.5,2007-03-13,1.2
47.4,8.5,2007-03-14,2.87
47.4,8.5,2007-03-15,2.28
47.4,8.5,2007-03-16,1.52
47.4,8.5,2007-03-17,4.13
47.4,8.5,2007-03-18,8.29
47.4,8.5,2007-03-19,4.95
47.4,8.5,2007-03-20,5.24
47.4,8.5,2007-03-21,2.92
47.4,8.5,2007-03-22,4.84
47.4,8.5,2007-03-23,5.09
47.4,8.5,2007-03-24,1.88
47.4,8.5,2007-03-25,4.22
47.4,8.5,2007-03-26,2.61
47.4,8.5,2007-03-27,2.31
47.4,8.5,2007-03-28,1.96
47.4,8.5,2007-03-29,2.42
47.4,8.5,2007-03-30,5.6
47.4,8.5,2007-03-31,3.2
47.4,8.5,2007-04-01,3.28
47.4,8.5,2007-04-02,2.2
47.4,8.5,2007-04-03,3.89
47.4,8.5,2007-04-04,6.72
47.4,8.5,2007-04-05,3.67
47.4,8.5,2007-04-06,3.05
47.4,8.5,2007-04-07,3.52
47.4,8.5,2007-04-08,3.85
47.4,8.5,2007-04-09,2.95
47.4,8.5,2007-04-10,2.91
47.4,8.5,2007-04-11,3.31
47.4,8.5,2007-04-12,2.24
47.4,8.5,2007-04-13,2.01
47.4,8.5,2007-04-14,2.86
47.4,8.5,2007-04-15,3.05
47.4,8.5,2007-04-16,3.07
47.4,8.5,2007-04-17,1.8
47.4,8.5,2007-04-18,3.38
47.4,8.5,2007-04-19,2.9
47.4,8.5,2007-04-20,2.7
47.4,8.5,2007-04-21,2.47
47.4,8.5,2007-04-22,1.32
47.4,8.5,2007-04-23,1.8
47.4,8.5,2007-04-24,1.8
47.4,8.5,2007-04-25,2.86
47.4,8.5,2007-04-26,2.15
47.4,8.5,2007-04-27,1.84
47.4,8.5,2007-04-28,1.84
47.4,8.5,2007-04-29,3.35
47.4,8.5,2007-04-30,4.71
47.4,8.5,2007-05-01,4.66
47.4,8.5,2007-05-02,4.16
47.4,8.5,2007-05-03,2.1
47.4,8.5,2007-05-04,3.58
47.4,8.5,2007-05-05,2.22
47.4,8.5,2007-05-06,2.89
47.4,8.5,2007-05-07,4.96
47.4,8.5,2007-05-08,7.42
47.4,8.5,2007-05-09,7.54
47.4,8.5,2007-05-10,4.24
47.4,8.5,2007-05-11,7.11
47.4,8.5,2007-05-12,6.38
47.4,8.5,2007-05-13,4.34
47.4,8.5,2007-05-14,4.69
47.4,8.5,2007-05-15,4.8
47.4,8.5,2007-05-16,5.25
47.4,8.5,2007-05-17,4.21
47.4,8.5,2007-05-18,1.58
47.4,8.5,2007-05-19,2.12
47.4,8.5,2007-05-20,1.92
47.4,8.5,2007-05-21,2.06
47.4,8.5,2007-05-22,2.41
47.4,8.5,2007-05-23,3.48
47.4,8.5,2007-05-24,2.01
47.4,8.5,2007-05-25,2.69
47.4,8.5,2007-05-26,3.98
47.4,8.5,2007-05-27,4.3
47.4,8.5,2007-05-28,4.5
47.4,8.5,2007-05-29,6.33
47.4,8.5,2007-05-30,2.22
47.4,8.5,2007-05-31,3.22
47.4,8.5,2007-06-01,4.3
47.4,8.5,2007-06-02,1.66
47.4,8.5,2007-06-03,3.11
47.4,8.5,2007-06-04,2.73
47.4,8.5,2007-06-05,4.33
47.4,8.5,2007-06-06,3.58
47.4,8.5,2007-06-07,1.93
47.4,8.5,2007-06-08,1.97
47.4,8.5,2007-06-09,2.08
47.4,8.5,2007-06-10,1.4
47.4,8.5,2007-06-11,2.77
47.4,8.5,2007-06-12,2.62
47.4,8.5,2007-06-13,1.49
47.4,8.5,2007-06-14,2.84
47.4,8.5,2007-06-15,5.02
47.4,8.5,2007-06-16,3.99
47.4,8.5,2007-06-17,2.47
47.4,8.5,2007-06-18,2.56
47.4,8.5,2007-06-19,2.59
47.4,8.5,2007-06-20,2.22
47.4,8.5,2007-06-21,4.22
47.4,8.5,2007-06-22,3.62
47.4,8.5,2007-06-23,5.57
47.4,8.5,2007-06-24,1.88
47.4,8.5,2007-06-25,5.28
47.4,8.5,2007-06-26,8.63
47.4,8.5,2007-06-27,4.6
47.4,8.5,2007-06-28,4.3
47.4,8.5,2007-06-29,3.74
47.4,8.5,2007-06-30,2.11
47.4,8.5,2007-07-01,3.02
47.4,8.5,2007-07-02,3.61
47.4,8.5,2007-07-03,3.3
47.4,8.5,2007-07-04,6.14
47.4,8.5,2007-07-05,6.76
47.4,8.5,2007-07-06,6.26
47.4,8.5,2007-07-07,3.11
47.4,8.5,2007-07-08,2.57
47.4,8.5,2007-07-09,3.62
47.4,8.5,2007-07-10,4.27
47.4,8.5,2007-07-11,3.5
47.4,8.5,2007-07-12,3.55
47.4,8.5,2007-07-13,1.42
47.4,8.5,2007-07-14,1.73
47.4,8.5,2007-07-15,1.8
47.4,8.5,2007-07-16,2.71
47.4,8.5,2007-07-17,1.75
47.4,8.5,2007-07-18,2.14
47.4,8.5,2007-07-19,2.2
47.4,8.5,2007-07-20,4.02
47.4,8.5,2007-07-21,3.11
47.4,8.5,2007-07-22,2.57
47.4,8.5,2007-07-23,3.45
47.4,8.5,2007-07-24,5.92
47.4,8.5,2007-07-25,1.63
47.4,8.5,2007-07-26,1.97
47.4,8.5,2007-07-27,3.47
47.4,8.5,2007-07-28,5.64
47.4,8.5,2007-07-29,6.72
47.4,8.5,2007-07-30,2.24
47.4,8.5,2007-07-31,2.91
47.4,8.5,2007-08-01,2.76
47.4,8.5,2007-08-02,3.77
47.4,8.5,2007-08-03,2.06
47.4,8.5,2007-08-04,2.83
47.4,8.5,2007-08-05,2.3
47.4,8.5,2007-08-06,3.24
47.4,8.5,2007-08-07,2.25
47.4,8.5,2007-08-08,4.1
47.4,8.5,2007-08-09,4.46
47.4,8.5,2007-08-10,2.35
47.4,8.5,2007-08-11,1.71
47.4,8.5,2007-08-12,1.49
47.4,8.5,2007-08-13,1.77
47.4,8.5,2007-08-14,1.93
47.4,8.5,2007-08-15,2.24
47.4,8.5,2007-08-16,4.8
47.4,8.5,2007-08-17,2.97
47.4,8.5,2007-08-18,2.68
47.4,8.5,2007-08-19,2.41
47.4,8.5,2007-08-20,2.3
47.4,8.5,2007-08-21,1.91
47.4,8.5,2007-08-22,2.55
47.4,8.5,2007-08-23,1.55
47.4,8.5,2007-08-24,2.11
47.4,8.5,2007-08-25,1.3
47.4,8.5,2007-08-26,1.0
47.4,8.5,2007-08-27,1.86
47.4,8.5,2007-08-28,2.92
47.4,8.5,2007-08-29,2.8
47.4,8.5,2007-08-30,3.67
47.4,8.5,2007-08-31,1.84
47.4,8.5,2007-09-01,2.31
47.4,8.5,2007-09-02,1.12
47.4,8.5,2007-09-03,5.31
47.4,8.5,2007-09-04,3.94
47.4,8.5,2007-09-05,2.69
47.4,8.5,2007-09-06,2.38
47.4,8.5,2007-09-07,2.88
47.4,8.5,2007-09-08,2.86
47.4,8.5,2007-09-09,1.94
47.4,8.5,2007-09-10,5.22
47.4,8.5,2007-09-11,3.09
47.4,8.5,2007-09-12,3.97
47.4,8.5,2007-09-13,2.47
47.4,8.5,2007-09-14,3.35
47.4,8.5,2007-09-15,2.06
47.4,8.5,2007-09-16,1.75
47.4,8.5,2007-09-17,3.04
47.4,8.5,2007-09-18,4.52
47.4,8.5,2007-09-19,1.57
47.4,8.5,2007-09-20,0.92
47.4,8.5,2007-09-21,1.03
47.4,8.5,2007-09-22,0.95
47.4,8.5,2007-09-23,1.08
47.4,8.5,2007-09-24,2.21
47.4,8.5,2007-09-25,3.57
47.4,8.5,2007-09-26,1.8
47.4,8.5,2007-09-27,1.96
47.4,8.5,2007-09-28,4.69
47.4,8.5,2007-09-29,3.19
47.4,8.5,2007-09-30,1.7
47.4,8.5,2007-10-01,0.86
47.4,8.5,2007-10-02,1.2
47.4,8.5,2007-10-03,1.81
47.4,8.5,2007-10-04,1.8
47.4,8.5,2007-10-05,2.97
47.4,8.5,2007-10-06,3.5
47.4,8.5,2007-10-07,2.11
47.4,8.5,2007-10-08,1.0
47.4,8.5,2007-10-09,1.58
47.4,8.5,2007-10-10,3.04
47.4,8.5,2007-10-11,3.52
47.4,8.5,2007-10-12,2.48
47.4,8.5,2007-10-13,4.07
47.4,8.5,2007-10-14,2.28
47.4,8.5,2007-10-15,1.36
47.4,8.5,2007-10-16,1.42
47.4,8.5,2007-10-17,2.97
47.4,8.5,2007-10-18,3.22
47.4,8.5,2007-10-19,2.77
47.4,8.5,2007-10-20,5.3
47.4,8.5,2007-10-21,2.69
47.4,8.5,2007-10-22,5.74
47.4,8.5,2007-10-23,4.43
47.4,8.5,2007-10-24,5.37
47.4,8.5,2007-10-25,3.5
47.4,8.5,2007-10-26,3.04
47.4,8.5,2007-10-27,1.08
47.4,8.5,2007-10-28,1.3
47.4,8.5,2007-10-29,1.5
47.4,8.5,2007-10-30,3.0
47.4,8.5,2007-10-31,4.99
47.4,8.5,2007-11-01,2.97
47.4,8.5,2007-11-02,2.55
47.4,8.5,2007-11-03,1.84
47.4,8.5,2007-11-04,3.91
47.4,8.5,2007-11-05,2.76
47.4,8.5,2007-11-06,3.45
47.4,8.5,2007-11-07,4.34
47.4,8.5,2007-11-08,5.24
47.4,8.5,2007-11-09,7.32
47.4,8.5,2007-11-10,6.78
47.4,8.5,2007-11-11,7.75
47.4,8.5,2007-11-12,3.55
47.4,8.5,2007-11-13,4.83
47.4,8.5,2007-11-14,3.94
47.4,8.5,2007-11-15,4.83
47.4,8.5,2007-11-16,4.25
47.4,8.5,2007-11-17,3.24
47.4,8.5,2007-11-18,2.64
47.4,8.5,2007-11-19,2.16
47.4,8.5,2007-11-20,2.16
47.4,8.5,2007-11-21,1.75
47.4,8.5,2007-11-22,1.53
47.4,8.5,2007-11-23,1.84
47.4,8.5,2007-11-24,4.24
47.4,8.5,2007-11-25,3.93
47.4,8.5,2007-11-26,4.3
47.4,8.5,2007-11-27,2.36
47.4,8.5,2007-11-28,2.64
47.4,8.5,2007-11-29,2.09
47.4,8.5,2007-11-30,2.5
47.4,8.5,2007-12-01,2.88
47.4,8.5,2007-12-02,6.8
47.4,8.5,2007-12-03,7.29
47.4,8.5,2007-12-04,5.01
47.4,8.5,2007-12-05,2.9
47.4,8.5,2007-12-06,3.85
47.4,8.5,2007-12-07,7.03
47.4,8.5,2007-12-08,4.41
47.4,8.5,2007-12-09,4.79
47.4,8.5,2007-12-10,5.41
47.4,8.5,2007-12-11,3.94
47.4,8.5,2007-12-12,2.83
47.4,8.5,2007-12-13,5.85
47.4,8.5,2007-12-14,4.5
47.4,8.5,2007-12-15,5.59
47.4,8.5,2007-12-16,5.05
47.4,8.5,2007-12-17,5.12
47.4,8.5,2007-12-18,2.69
47.4,8.5,2007-12-19,1.68
47.4,8.5,2007-12-20,1.63
47.4,8.5,2007-12-21,1.1
47.4,8.5,2007-12-22,0.61
47.4,8.5,2007-12-23,1.49
47.4,8.5,2007-12-24,1.02
47.4,8.5,2007-12-25,1.41
47.4,8.5,2007-12-26,1.3
47.4,8.5,2007-12-27,1.0
47.4,8.5,2007-12-28,1.2
47.4,8.5,2007-12-29,1.39
47.4,8.5,2007-12-30,2.6
47.4,8.5,2007-12-31,1.44
47.4,8.5,2008-01-01,2.56
47.4,8.5,2008-01-02,2.83
47.4,8.5,2008-01-03,2.37
47.4,8.5,2008-01-04,1.62
47.4,8.5,2008-01-05,2.21
47.4,8.5,2008-01-06,4.22
47.4,8.5,2008-01-07,5.59
47.4,8.5,2008-01-08,1.98
47.4,8.5,2008-01-09,1.9
47.4,8.5,2008-01-10,1.9
47.4,8.5,2008-01-11,1.63
47.4,8.5,2008-01-12,3.4
47.4,8.5,2008-01-13,2.87
47.4,8.5,2008-01-14,1.2
47.4,8.5,2008-01-15,1.63
47.4,8.5,2008-01-16,1.61
47.4,8.5,2008-01-17,2.36
47.4,8.5,2008-01-18,4.34
47.4,8.5,2008-01-19,4.46
47.4,8.5,2008-01-20,1.94
47.4,8.5,2008-01-21,5.19
47.4,8.5,2008-01-22,6.53
47.4,8.5,2008-01-23,1.5
47.4,8.5,2008-01-24,1.48
47.4,8.5,2008-01-25,2.76
47.4,8.5,2008-01-26,1.49
47.4,8.5,2008-01-27,2.83
47.4,8.5,2008-01-28,1.68
47.4,8.5,2008-01-29,1.5
47.4,8.5,2008-01-30,2.61
47.4,8.5,2008-01-31,3.16
47.4,8.5,2008-02-01,5.52
47.4,8.5,2008-02-02,3.35
47.4,8.5,2008-02-03,2.42
47.4,8.5,2008-02-04,3.49
47.4,8.5,2008-02-05,2.69
47.4,8.5,2008-02-06,6.66
47.4,8.5,2008-02-07,2.3
47.4,8.5,2008-02-08,3.64
47.4,8.5,2008-02-09,2.48
47.4,8.5,2008-02-10,2.94
47.4,8.5,2008-02-11,3.76
47.4,8.5,2008-02-12,2.48
47.4,8.5,2008-02-13,1.41
47.4,8.5,2008-02-14,1.66
47.4,8.5,2008-02-15,4.44
47.4,8.5,2008-02-16,4.7
47.4,8.5,2008-02-17,2.97
47.4,8.5,2008-02-18,1.97
47.4,8.5,2008-02-19,1.34
47.4,8.5,2008-02-20,2.06
47.4,8.5,2008-02-21,2.13
47.4,8.5,2008-02-22,3.64
47.4,8.5,2008-02-23,1.86
47.4,8.5,2008-02-24,1.82
47.4,8.5,2008-02-25,1.77
47.4,8.5,2008-02-26,5.19
47.4,8.5,2008-02-27,4.0
47.4,8.5,2008-02-28,2.6
47.4,8.5,2008-02-29,6.71
47.4,8.5,2008-03-01,10.05
47.4,8.5,2008-03-02,7.03
47.4,8.5,2008-03-03,6.79
47.4,8.5,2008-03-04,3.73
47.4,8.5,2008-03-05,5.66
47.4,8.5,2008-03-06,4.05
47.4,8.5,2008-03-07,2.94
47.4,8.5,2008-03-08,1.58
47.4,8.5,2008-03-09,2.77
47.4,8.5,2008-03-10,3.31
47.4,8.5,2008-03-11,7.39
47.4,8.5,2008-03-12,8.27
47.4,8.5,2008-03-13,6.94
47.4,8.5,2008-03-14,5.17
47.4,8.5,2008-03-15,3.1
47.4,8.5,2008-03-16,6.62
47.4,8.5,2008-03-17,4.75
47.4,8.5,2008-03-18,2.5
47.4,8.5,2008-03-19,2.92
47.4,8.5,2008-03-20,5.17
47.4,8.5,2008-03-21,7.02
47.4,8.5,2008-03-22,5.25
47.4,8.5,2008-03-23,3.67
47.4,8.5,2008-03-24,5.79
47.4,8.5,2008-03-25,7.31
47.4,8.5,2008-03-26,4.4
47.4,8.5,2008-03-27,3.81
47.4,8.5,2008-03-28,2.91
47.4,8.5,2008-03-29,5.22
47.4,8.5,2008-03-30,3.4
47.4,8.5,2008-03-31,3.31
47.4,8.5,2008-04-01,3.27
47.4,8.5,2008-04-02,6.5
47.4,8.5,2008-04-03,3.2
47.4,8.5,2008-04-04,2.8
47.4,8.5,2008-04-05,3.5
47.4,8.5,2008-04-06,2.68
47.4,8.5,2008-04-07,7.2
47.4,8.5,2008-04-08,2.69
47.4,8.5,2008-04-09,2.22
47.4,8.5,2008-04-10,1.77
47.4,8.5,2008-04-11,6.35
47.4,8.5,2008-04-12,2.72
47.4,8.5,2008-04-13,2.55
47.4,8.5,2008-04-14,4.46
47.4,8.5,2008-04-15,3.61
47.4,8.5,2008-04-16,2.21
47.4,8.5,2008-04-17,4.11
47.4,8.5,2008-04-18,3.18
47.4,8.5,2008-04-19,5.37
47.4,8.5,2008-04-20,3.04
47.4,8.5,2008-04-21,3.85
47.4,8.5,2008-04-22,4.79
47.4,8.5,2008-04-23,1.93
47.4,8.5,2008-04-24,2.21
47.4,8.5,2008-04-25,2.87
47.4,8.5,2008-04-26,3.05
47.4,8.5,2008-04-27,2.21
47.4,8.5,2008-04-28,4.46
47.4,8.5,2008-04-29,3.82
47.4,8.5,2008-04-30,6.2
47.4,8.5,2008-05-01,2.61
47.4,8.5,2008-05-02,3.35
47.4,8.5,2008-05-03,2.11
47.4,8.5,2008-05-04,2.91
47.4,8.5,2008-05-05,5.55
47.4,8.5,2008-05-06,4.12
47.4,8.5,2008-05-07,2.77
47.4,8.5,2008-05-08,2.68
47.4,8.5,2008-05-09,3.68
47.4,8.5,2008-05-10,4.65
47.4,8.5,2008-05-11,3.05
47.4,8.5,2008-05-12,3.16
47.4,8.5,2008-05-13,1.9
47.4,8.5,2008-05-14,1.52
47.4,8.5,2008-05-15,4.21
47.4,8.5,2008-05-16,2.01
47.4,8.5,2008-05-17,2.43
47.4,8.5,2008-05-18,1.48
47.4,8.5,2008-05-19,4.55
47.4,8.5,2008-05-20,6.3
47.4,8.5,2008-05-21,4.03
47.4,8.5,2008-05-22,1.79
47.4,8.5,2008-05-23,2.51
47.4,8.5,2008-05-24,3.18
47.4,8.5,2008-05-25,4.12
47.4,8.5,2008-05-26,2.41
47.4,8.5,2008-05-27,3.47
47.4,8.5,2008-05-28,3.26
47.4,8.5,2008-05-29,3.2
47.4,8.5,2008-05-30,2.55
47.4,8.5,2008-05-31,3.35
47.4,8.5,2008-06-01,3.41
47.4,8.5,2008-06-02,5.51
47.4,8.5,2008-06-03,2.11
47.4,8.5,2008-06-04,3.4
47.4,8.5,2008-06-05,2.32
47.4,8.5,2008-06-06,3.91
47.4,8.5,2008-06-07,2.95
47.4,8.5,2008-06-08,4.47
47.4,8.5,2008-06-09,3.45
47.4,8.5,2008-06-10,1.7
47.4,8.5,2008-06-11,2.92
47.4,8.5,2008-06-12,3.7
47.4,8.5,2008-06-13,3.07
47.4,8.5,2008-06-14,2.13
47.4,8.5,2008-06-15,2.44
47.4,8.5,2008-06-16,1.36
47.4,8.5,2008-06-17,1.66
47.4,8.5,2008-06-18,1.4
47.4,8.5,2008-06-19,3.71
47.4,8.5,2008-06-20,2.83
47.4,8.5,2008-06-21,1.25
47.4,8.5,2008-06-22,2.91
47.4,8.5,2008-06-23,2.12
47.4,8.5,2008-06-24,1.89
47.4,8.5,2008-06-25,4.52
47.4,8.5,2008-06-26,2.91
47.4,8.5,2008-06-27,3.75
47.4,8.5,2008-06-28,1.41
47.4,8.5,2008-06-29,1.49
47.4,8.5,2008-06-30,2.41
47.4,8.5,2008-07-01,2.27
47.4,8.5,2008-07-02,2.19
47.4,8.5,2008-07-03,3.92
47.4,8.5,2008-07-04,2.51
47.4,8.5,2008-07-05,1.3
47.4,8.5,2008-07-06,3.91
47.4,8.5,2008-07-07,5.13
47.4,8.5,2008-07-08,6.14
47.4,8.5,2008-07-09,3.74
47.4,8.5,2008-07-10,2.2
47.4,8.5,2008-07-11,3.6
47.4,8.5,2008-07-12,2.32
47.4,8.5,2008-07-13,2.02
47.4,8.5,2008-07-14,2.38
47.4,8.5,2008-07-15,1.42
47.4,8.5,2008-07-16,3.03
47.4,8.5,2008-07-17,1.53
47.4,8.5,2008-07-18,3.47
47.4,8.5,2008-07-19,4.74
47.4,8.5,2008-07-20,3.71
47.4,8.5,2008-07-21,4.55
47.4,8.5,2008-07-22,3.28
47.4,8.5,2008-07-23,4.44
47.4,8.5,2008-07-24,4.31
47.4,8.5,2008-07-25,2.19
47.4,8.5,2008-07-26,2.0
47.4,8.5,2008-07-27,2.14
47.4,8.5,2008-07-28,1.57
47.4,8.5,2008-07-29,2.19
47.4,8.5,2008-07-30,2.4
47.4,8.5,2008-07-31,1.22
47.4,8.5,2008-08-01,3.31
47.4,8.5,2008-08-02,3.47
47.4,8.5,2008-08-03,3.48
47.4,8.5,2008-08-04,4.67
47.4,8.5,2008-08-05,2.32
47.4,8.5,2008-08-06,1.94
47.4,8.5,2008-08-07,3.81
47.4,8.5,2008-08-08,6.05
47.4,8.5,2008-08-09,2.25
47.4,8.5,2008-08-10,2.4
47.4,8.5,2008-08-11,2.55
47.4,8.5,2008-08-12,4.03
47.4,8.5,2008-08-13,4.32
47.4,8.5,2008-08-14,1.92
47.4,8.5,2008-08-15,3.05
47.4,8.5,2008-08-16,4.53
47.4,8.5,2008-08-17,3.54
47.4,8.5,2008-08-18,2.5
47.4,8.5,2008-08-19,3.86
47.4,8.5,2008-08-20,3.31
47.4,8.5,2008-08-21,1.55
47.4,8.5,2008-08-22,4.18
47.4,8.5,2008-08-23,3.95
47.4,8.5,2008-08-24,1.49
47.4,8.5,2008-08-25,2.2
47.4,8.5,2008-08-26,1.8
47.4,8.5,2008-08-27,1.71
47.4,8.5,2008-08-28,2.25
47.4,8.5,2008-08-29,2.55
47.4,8.5,2008-08-30,2.75
47.4,8.5,2008-08-31,2.66
47.4,8.5,2008-09-01,2.6
47.4,8.5,2008-09-02,2.31
47.4,8.5,2008-09-03,3.45
47.4,8.5,2008-09-04,3.01
47.4,8.5,2008-09-05,2.26
47.4,8.5,2008-09-06,3.88
47.4,8.5,2008-09-07,1.94
47.4,8.5,2008-09-08,1.73
47.4,8.5,2008-09-09,1.42
47.4,8.5,2008-09-10,1.3
47.4,8.5,2008-09-11,2.2
47.4,8.5,2008-09-12,5.1
47.4,8.5,2008-09-13,3.54
47.4,8.5,2008-09-14,3.55
47.4,8.5,2008-09-15,3.62
47.4,8.5,2008-09-16,4.58
47.4,8.5,2008-09-17,3.22
47.4,8.5,2008-09-18,1.86
47.4,8.5,2008-09-19,2.48
47.4,8.5,2008-09-20,4.74
47.4,8.5,2008-09-21,4.48
47.4,8.5,2008-09-22,3.32
47.4,8.5,2008-09-23,3.05
47.4,8.5,2008-09-24,3.36
47.4,8.5,2008-09-25,3.86
47.4,8.5,2008-09-26,7.04
47.4,8.5,2008-09-27,5.11
47.4,8.5,2008-09-28,1.43
47.4,8.5,2008-09-29,3.57
47.4,8.5,2008-09-30,5.0
47.4,8.5,2008-10-01,7.08
47.4,8.5,2008-10-02,5.81
47.4,8.5,2008-10-03,3.41
47.4,8.5,2008-10-04,4.34
47.4,8.5,2008-10-05,3.28
47.4,8.5,2008-10-06,3.99
47.4,8.5,2008-10-07,1.8
47.4,8.5,2008-10-08,2.31
47.4,8.5,2008-10-09,1.97
47.4,8.5,2008-10-10,1.8
47.4,8.5,2008-10-11,1.35
47.4,8.5,2008-10-12,0.76
47.4,8.5,2008-10-13,1.88
47.4,8.5,2008-10-14,1.92
47.4,8.5,2008-10-15,2.82
47.4,8.5,2008-10-16,4.75
47.4,8.5,2008-10-17,2.33
47.4,8.5,2008-10-18,2.27
47.4,8.5,2008-10-19,1.21
47.4,8.5,2008-10-20,2.38
47.4,8.5,2008-10-21,2.12
47.4,8.5,2008-10-22,3.41
47.4,8.5,2008-10-23,4.34
47.4,8.5,2008-10-24,2.01
47.4,8.5,2008-10-25,2.32
47.4,8.5,2008-10-26,1.56
47.4,8.5,2008-10-27,2.57
47.4,8.5,2008-10-28,2.6
47.4,8.5,2008-10-29,2.05
47.4,8.5,2008-10-30,2.87
47.4,8.5,2008-10-31,2.15
47.4,8.5,2008-11-01,1.39
47.4,8.5,2008-11-02,2.97
47.4,8.5,2008-11-03,2.2
47.4,8.5,2008-11-04,4.12
47.4,8.5,2008-11-05,2.06
47.4,8.5,2008-11-06,1.7
47.4,8.5,2008-11-07,1.24
47.4,8.5,2008-11-08,1.99
47.4,8.5,2008-11-09,2.36
47.4,8.5,2008-11-10,2.53
47.4,8.5,2008-11-11,2.9
47.4,8.5,2008-11-12,1.4
47.4,8.5,2008-11-13,3.61
47.4,8.5,2008-11-14,3.08
47.4,8.5,2008-11-15,1.53
47.4,8.5,2008-11-16,1.91
47.4,8.5,2008-11-17,3.11
47.4,8.5,2008-11-18,1.72
47.4,8.5,2008-11-19,2.28
47.4,8.5,2008-11-20,5.25
47.4,8.5,2008-11-21,8.1
47.4,8.5,2008-11-22,6.38
47.4,8.5,2008-11-23,4.03
47.4,8.5,2008-11-24,2.77
47.4,8.5,2008-11-25,2.41
47.4,8.5,2008-11-26,2.39
47.4,8.5,2008-11-27,1.12
47.4,8.5,2008-11-28,1.88
47.4,8.5,2008-11-29,3.22
47.4,8.5,2008-11-30,2.24
47.4,8.5,2008-12-01,2.52
47.4,8.5,2008-12-02,2.8
47.4,8.5,2008-12-03,2.1
47.4,8.5,2008-12-04,2.18
47.4,8.5,2008-12-05,5.14
47.4,8.5,2008-12-06,4.6
47.4,8.5,2008-12-07,2.01
47.4,8.5,2008-12-08,2.19
47.4,8.5,2008-12-09,1.8
47.4,8.5,2008-12-10,2.77
47.4,8.5,2008-12-11,1.71
47.4,8.5,2008-12-12,2.82
47.4,8.5,2008-12-13,2.25
47.4,8.5,2008-12-14,3.1
47.4,8.5,2008-12-15,1.82
47.4,8.5,2008-12-16,2.42
47.4,8.5,2008-12-17,2.53
47.4,8.5,2008-12-18,1.5
47.4,8.5,2008-12-19,3.26
47.4,8.5,2008-12-20,4.29
47.4,8.5,2008-12-21,3.86
47.4,8.5,2008-12-22,2.33
47.4,8.5,2008-12-23,2.62
47.4,8.5,2008-12-24,2.22
47.4,8.5,2008-12-25,6.67
47.4,8.5,2008-12-26,8.59
47.4,8.5,2008-12-27,5.1
47.4,8.5,2008-12-28,4.49
47.4,8.5,2008-12-29,1.84
47.4,8.5,2008-12-30,1.52
47.4,8.5,2008-12-31,1.42
47.4,8.5,2009-01-01,1.84
47.4,8.5,2009-01-02,4.26
47.4,8.5,2009-01-03,4.36
47.4,8.5,2009-01-04,1.88
47.4,8.5,2009-01-05,1.71
47.4,8.5,2009-01-06,4.29
47.4,8.5,2009-01-07,3.89
47.4,8.5,2009-01-08,4.46
47.4,8.5,2009-01-09,1.58
47.4,8.5,2009-01-10,1.3
47.4,8.5,2009-01-11,1.32
47.4,8.5,2009-01-12,0.82
47.4,8.5,2009-01-13,0.85
47.4,8.5,2009-01-14,1.9
47.4,8.5,2009-01-15,3.05
47.4,8.5,2009-01-16,1.24
47.4,8.5,2009-01-17,2.13
47.4,8.5,2009-01-18,4.53
47.4,8.5,2009-01-19,2.36
47.4,8.5,2009-01-20,2.3
47.4,8.5,2009-01-21,1.3
47.4,8.5,2009-01-22,1.72
47.4,8.5,2009-01-23,7.32
47.4,8.5,2009-01-24,3.11
47.4,8.5,2009-01-25,3.13
47.4,8.5,2009-01-26,1.06
47.4,8.5,2009-01-27,2.0
47.4,8.5,2009-01-28,3.04
47.4,8.5,2009-01-29,3.69
47.4,8.5,2009-01-30,3.55
47.4,8.5,2009-01-31,3.72
47.4,8.5,2009-02-01,3.28
47.4,8.5,2009-02-02,3.05
47.4,8.5,2009-02-03,2.21
47.4,8.5,2009-02-04,1.17
47.4,8.5,2009-02-05,1.8
47.4,8.5,2009-02-06,2.28
47.4,8.5,2009-02-07,2.53
47.4,8.5,2009-02-08,2.97
47.4,8.5,2009-02-09,2.63
47.4,8.5,2009-02-10,8.99
47.4,8.5,2009-02-11,4.54
47.4,8.5,2009-02-12,4.34
47.4,8.5,2009-02-13,2.91
47.4,8.5,2009-02-14,2.65
47.4,8.5,2009-02-15,2.34
47.4,8.5,2009-02-16,2.96
47.4,8.5,2009-02-17,4.97
47.4,8.5,2009-02-18,3.41
47.4,8.5,2009-02-19,1.91
47.4,8.5,2009-02-20,2.53
47.4,8.5,2009-02-21,1.8
47.4,8.5,2009-02-22,3.61
47.4,8.5,2009-02-23,3.83
47.4,8.5,2009-02-24,2.82
47.4,8.5,2009-02-25,2.76
47.4,8.5,2009-02-26,3.61
47.4,8.5,2009-02-27,2.33
47.4,8.5,2009-02-28,1.92
47.4,8.5,2009-03-01,2.2
47.4,8.5,2009-03-02,2.93
47.4,8.5,2009-03-03,1.34
47.4,8.5,2009-03-04,2.95
47.4,8.5,2009-03-05,3.25
47.4,8.5,2009-03-06,4.97
47.4,8.5,2009-03-07,3.54
47.4,8.5,2009-03-08,4.53
47.4,8.5,2009-03-09,5.81
47.4,8.5,2009-03-10,5.39
47.4,8.5,2009-03-11,5.2
47.4,8.5,2009-03-12,2.97
47.4,8.5,2009-03-13,3.01
47.4,8.5,2009-03-14,3.35
47.4,8.5,2009-03-15,3.74
47.4,8.5,2009-03-16,3.45
47.4,8.5,2009-03-17,2.62
47.4,8.5,2009-03-18,3.16
47.4,8.5,2009-03-19,4.44
47.4,8.5,2009-03-20,5.94
47.4,8.5,2009-03-21,4.3
47.4,8.5,2009-03-22,2.95
47.4,8.5,2009-03-23,7.61
47.4,8.5,2009-03-24,7.41
47.4,8.5,2009-03-25,6.89
47.4,8.5,2009-03-26,4.9
47.4,8.5,2009-03-27,6.48
47.4,8.5,2009-03-28,4.5
47.4,8.5,2009-03-29,2.88
47.4,8.5,2009-03-30,5.19
47.4,8.5,2009-03-31,4.58
47.4,8.5,2009-04-01,3.61
47.4,8.5,2009-04-02,2.9
47.4,8.5,2009-04-03,2.25
47.4,8.5,2009-04-04,1.44
47.4,8.5,2009-04-05,2.47
47.4,8.5,2009-04-06,1.39
47.4,8.5,2009-04-07,3.31
47.4,8.5,2009-04-08,2.14
47.4,8.5,2009-04-09,2.94
47.4,8.5,2009-04-10,3.06
47.4,8.5,2009-04-11,2.77
47.4,8.5,2009-04-12,1.5
47.4,8.5,2009-04-13,2.2
47.4,8.5,2009-04-14,2.14
47.4,8.5,2009-04-15,2.83
47.4,8.5,2009-04-16,6.13
47.4,8.5,2009-04-17,4.89
47.4,8.5,2009-04-18,4.22
47.4,8.5,2009-04-19,3.18
47.4,8.5,2009-04-20,3.54
47.4,8.5,2009-04-21,4.47
47.4,8.5,2009-04-22,2.94
47.4,8.5,2009-04-23,3.83
47.4,8.5,2009-04-24,4.31
47.4,8.5,2009-04-25,2.6
47.4,8.5,2009-04-26,3.26
47.4,8.5,2009-04-27,2.12
47.4,8.5,2009-04-28,3.73
47.4,8.5,2009-04-29,3.98
47.4,8.5,2009-04-30,2.08
47.4,8.5,2009-05-01,2.97
47.4,8.5,2009-05-02,1.53
47.4,8.5,2009-05-03,2.28
47.4,8.5,2009-05-04,2.86
47.4,8.5,2009-05-05,3.98
47.4,8.5,2009-05-06,5.81
47.4,8.5,2009-05-07,1.92
47.4,8.5,2009-05-08,4.6
47.4,8.5,2009-05-09,4.42
47.4,8.5,2009-05-10,2.19
47.4,8.5,2009-05-11,2.27
47.4,8.5,2009-05-12,2.82
47.4,8.5,2009-05-13,2.18
47.4,8.5,2009-05-14,2.0
47.4,8.5,2009-05-15,4.3
47.4,8.5,2009-05-16,2.59
47.4,8.5,2009-05-17,3.83
47.4,8.5,2009-05-18,3.01
47.4,8.5,2009-05-19,1.24
47.4,8.5,2009-05-20,2.46
47.4,8.5,2009-05-21,3.04
47.4,8.5,2009-05-22,4.12
47.4,8.5,2009-05-23,2.58
47.4,8.5,2009-05-24,2.61
47.4,8.5,2009-05-25,2.61
47.4,8.5,2009-05-26,3.76
47.4,8.5,2009-05-27,3.23
47.4,8.5,2009-05-28,2.84
47.4,8.5,2009-05-29,4.91
47.4,8.5,2009-05-30,6.31
47.4,8.5,2009-05-31,4.96
47.4,8.5,2009-06-01,4.82
47.4,8.5,2009-06-02,3.4
47.4,8.5,2009-06-03,3.13
47.4,8.5,2009-06-04,3.2
47.4,8.5,2009-06-05,2.75
47.4,8.5,2009-06-06,3.31
47.4,8.5,2009-06-07,4.58
47.4,8.5,2009-06-08,1.46
47.4,8.5,2009-06-09,3.47
47.4,8.5,2009-06-10,3.54
47.4,8.5,2009-06-11,7.11
47.4,8.5,2009-06-12,4.4
47.4,8.5,2009-06-13,1.75
47.4,8.5,2009-06-14,4.4
47.4,8.5,2009-06-15,4.7
47.4,8.5,2009-06-16,3.65
47.4,8.5,2009-06-17,2.91
47.4,8.5,2009-06-18,2.84
47.4,8.5,2009-06-19,3.16
47.4,8.5,2009-06-20,3.32
47.4,8.5,2009-06-21,1.84
47.4,8.5,2009-06-22,3.32
47.4,8.5,2009-06-23,4.92
47.4,8.5,2009-06-24,5.25
47.4,8.5,2009-06-25,2.79
47.4,8.5,2009-06-26,2.18
47.4,8.5,2009-06-27,2.67
47.4,8.5,2009-06-28,2.2
47.4,8.5,2009-06-29,2.56
47.4,8.5,2009-06-30,2.33
47.4,8.5,2009-07-01,2.43
47.4,8.5,2009-07-02,1.98
47.4,8.5,2009-07-03,3.42
47.4,8.5,2009-07-04,2.2
47.4,8.5,2009-07-05,2.28
47.4,8.5,2009-07-06,3.22
47.4,8.5,2009-07-07,4.07
47.4,8.5,2009-07-08,5.69
47.4,8.5,2009-07-09,3.8
47.4,8.5,2009-07-10,5.2
47.4,8.5,2009-07-11,3.5
47.4,8.5,2009-07-12,1.71
47.4,8.5,2009-07-13,2.22
47.4,8.5,2009-07-14,2.26
47.4,8.5,2009-07-15,2.1
47.4,8.5,2009-07-16,1.94
47.4,8.5,2009-07-17,5.55
47.4,8.5,2009-07-18,5.58
47.4,8.5,2009-07-19,4.92
47.4,8.5,2009-07-20,4.44
47.4,8.5,2009-07-21,2.6
47.4,8.5,2009-07-22,2.84
47.4,8.5,2009-07-23,4.05
47.4,8.5,2009-07-24,4.12
47.4,8.5,2009-07-25,3.86
47.4,8.5,2009-07-26,2.51
47.4,8.5,2009-07-27,3.01
47.4,8.5,2009-07-28,2.15
47.4,8.5,2009-07-29,2.19
47.4,8.5,2009-07-30,5.51
47.4,8.5,2009-07-31,3.89
47.4,8.5,2009-08-01,1.94
47.4,8.5,2009-08-02,3.55
47.4,8.5,2009-08-03,1.7
47.4,8.5,2009-08-04,3.04
47.4,8.5,2009-08-05,3.26
47.4,8.5,2009-08-06,2.25
47.4,8.5,2009-08-07,1.79
47.4,8.5,2009-08-08,2.55
47.4,8.5,2009-08-09,2.22
47.4,8.5,2009-08-10,3.96
47.4,8.5,2009-08-11,3.6
47.4,8.5,2009-08-12,2.3
47.4,8.5,2009-08-13,3.35
47.4,8.5,2009-08-14,1.94
47.4,8.5,2009-08-15,2.01
47.4,8.5,2009-08-16,2.48
47.4,8.5,2009-08-17,3.42
47.4,8.5,2009-08-18,1.97
47.4,8.5,2009-08-19,1.66
47.4,8.5,2009-08-20,2.4
47.4,8.5,2009-08-21,3.4
47.4,8.5,2009-08-22,2.88
47.4,8.5,2009-08-23,4.38
47.4,8.5,2009-08-24,2.25
47.4,8.5,2009-08-25,3.01
47.4,8.5,2009-08-26,1.72
47.4,8.5,2009-08-27,1.73
47.4,8.5,2009-08-28,4.46
47.4,8.5,2009-08-29,2.86
47.4,8.5,2009-08-30,2.13
47.4,8.5,2009-08-31,1.41
47.4,8.5,2009-09-01,4.06
47.4,8.5,2009-09-02,2.14
47.4,8.5,2009-09-03,5.76
47.4,8.5,2009-09-04,7.15
47.4,8.5,2009-09-05,3.63
47.4,8.5,2009-09-06,2.24
47.4,8.5,2009-09-07,1.73
47.4,8.5,2009-09-08,3.16
47.4,8.5,2009-09-09,3.2
47.4,8.5,2009-09-10,3.64
47.4,8.5,2009-09-11,5.32
47.4,8.5,2009-09-12,5.46
47.4,8.5,2009-09-13,3.21
47.4,8.5,2009-09-14,2.7
47.4,8.5,2009-09-15,3.0
47.4,8.5,2009-09-16,4.58
47.4,8.5,2009-09-17,1.87
47.4,8.5,2009-09-18,2.79
47.4,8.5,2009-09-19,1.49
47.4,8.5,2009-09-20,1.94
47.4,8.5,2009-09-21,3.41
47.4,8.5,2009-09-22,1.8
47.4,8.5,2009-09-23,1.28
47.4,8.5,2009-09-24,2.59
47.4,8.5,2009-09-25,3.61
47.4,8.5,2009-09-26,2.56
47.4,8.5,2009-09-27,1.08
47.4,8.5,2009-09-28,1.53
47.4,8.5,2009-09-29,2.11
47.4,8.5,2009-09-30,2.05
47.4,8.5,2009-10-01,3.24
47.4,8.5,2009-10-02,2.97
47.4,8.5,2009-10-03,2.73
47.4,8.5,2009-10-04,4.63
47.4,8.5,2009-10-05,1.79
47.4,8.5,2009-10-06,2.16
47.4,8.5,2009-10-07,1.91
47.4,8.5,2009-10-08,2.12
47.4,8.5,2009-10-09,1.39
47.4,8.5,2009-10-10,4.03
47.4,8.5,2009-10-11,4.34
47.4,8.5,2009-10-12,6.6
47.4,8.5,2009-10-13,3.61
47.4,8.5,2009-10-14,3.96
47.4,8.5,2009-10-15,3.33
47.4,8.5,2009-10-16,4.12
47.4,8.5,2009-10-17,3.64
47.4,8.5,2009-10-18,1.94
47.4,8.5,2009-10-19,3.16
47.4,8.5,2009-10-20,1.91
47.4,8.5,2009-10-21,3.13
47.4,8.5,2009-10-22,2.06
47.4,8.5,2009-10-23,2.5
47.4,8.5,2009-10-24,1.2
47.4,8.5,2009-10-25,1.28
47.4,8.5,2009-10-26,2.34
47.4,8.5,2009-10-27,2.77
47.4,8.5,2009-10-28,1.0
47.4,8.5,2009-10-29,2.52
47.4,8.5,2009-10-30,2.88
47.4,8.5,2009-10-31,1.64
47.4,8.5,2009-11-01,1.43
47.4,8.5,2009-11-02,5.16
47.4,8.5,2009-11-03,3.45
47.4,8.5,2009-11-04,5.92
47.4,8.5,2009-11-05,2.51
47.4,8.5,2009-11-06,1.9
47.4,8.5,2009-11-07,2.51
47.4,8.5,2009-11-08,3.54
47.4,8.5,2009-11-09,2.77
47.4,8.5,2009-11-10,2.58
47.4,8.5,2009-11-11,1.14
47.4,8.5,2009-11-12,2.0
47.4,8.5,2009-11-13,1.56
47.4,8.5,2009-11-14,3.62
47.4,8.5,2009-11-15,1.66
47.4,8.5,2009-11-16,1.41
47.4,8.5,2009-11-17,2.62
47.4,8.5,2009-11-18,2.6
47.4,8.5,2009-11-19,0.72
47.4,8.5,2009-11-20,1.5
47.4,8.5,2009-11-21,0.98
47.4,8.5,2009-11-22,2.56
47.4,8.5,2009-11-23,6.27
47.4,8.5,2009-11-24,6.16
47.4,8.5,2009-11-25,1.7
47.4,8.5,2009-11-26,2.41
47.4,8.5,2009-11-27,3.81
47.4,8.5,2009-11-28,3.36
47.4,8.5,2009-11-29,2.14
47.4,8.5,2009-11-30,3.1
47.4,8.5,2009-12-01,2.43
47.4,8.5,2009-12-02,0.9
47.4,8.5,2009-12-03,2.12
47.4,8.5,2009-12-04,2.2
47.4,8.5,2009-12-05,1.65
47.4,8.5,2009-12-06,2.11
47.4,8.5,2009-12-07,1.72
47.4,8.5,2009-12-08,5.23
47.4,8.5,2009-12-09,1.58
47.4,8.5,2009-12-10,3.2
47.4,8.5,2009-12-11,3.94
47.4,8.5,2009-12-12,4.74
47.4,8.5,2009-12-13,4.99
47.4,8.5,2009-12-14,4.48
47.4,8.5,2009-12-15,3.86
47.4,8.5,2009-12-16,2.56
47.4,8.5,2009-12-17,1.36
47.4,8.5,2009-12-18,2.75
47.4,8.5,2009-12-19,3.42
47.4,8.5,2009-12-20,3.64
47.4,8.5,2009-12-21,2.21
47.4,8.5,2009-12-22,2.33
47.4,8.5,2009-12-23,2.86
47.4,8.5,2009-12-24,2.19
47.4,8.5,2009-12-25,6.95
47.4,8.5,2009-12-26,1.94
47.4,8.5,2009-12-27,3.75
47.4,8.5,2009-12-28,3.22
47.4,8.5,2009-12-29,2.5
47.4,8.5,2009-12-30,2.75
47.4,8.5,2009-12-31,2.33
47.4,8.5,2010-01-01,4.63
47.4,8.5,2010-01-02,4.5
47.4,8.5,2010-01-03,1.63
47.4,8.5,2010-01-04,2.2
47.4,8.5,2010-01-05,2.62
47.4,8.5,2010-01-06,2.01
47.4,8.5,2010-01-07,2.15
47.4,8.5,2010-01-08,6.0
47.4,8.5,2010-01-09,3.82
47.4,8.5,2010-01-10,2.47
47.4,8.5,2010-01-11,1.53
47.4,8.5,2010-01-12,2.48
47.4,8.5,2010-01-13,1.63
47.4,8.5,2010-01-14,3.14
47.4,8.5,2010-01-15,1.25
47.4,8.5,2010-01-16,1.84
47.4,8.5,2010-01-17,6.36
47.4,8.5,2010-01-18,1.75
47.4,8.5,2010-01-19,1.7
47.4,8.5,2010-01-20,1.53
47.4,8.5,2010-01-21,2.11
47.4,8.5,2010-01-22,2.27
47.4,8.5,2010-01-23,1.62
47.4,8.5,2010-01-24,1.43
47.4,8.5,2010-01-25,1.63
47.4,8.5,2010-01-26,5.19
47.4,8.5,2010-01-27,4.77
47.4,8.5,2010-01-28,4.83
47.4,8.5,2010-01-29,4.1
47.4,8.5,2010-01-30,4.22
47.4,8.5,2010-01-31,3.77
47.4,8.5,2010-02-01,6.11
47.4,8.5,2010-02-02,5.12
47.4,8.5,2010-02-03,6.1
47.4,8.5,2010-02-04,1.72
47.4,8.5,2010-02-05,3.18
47.4,8.5,2010-02-06,2.34
47.4,8.5,2010-02-07,3.31
47.4,8.5,2010-02-08,3.11
47.4,8.5,2010-02-09,2.08
47.4,8.5,2010-02-10,3.86
47.4,8.5,2010-02-11,4.05
47.4,8.5,2010-02-12,2.7
47.4,8.5,2010-02-13,3.0
47.4,8.5,2010-02-14,1.62
47.4,8.5,2010-02-15,2.15
47.4,8.5,2010-02-16,2.27
47.4,8.5,2010-02-17,1.84
47.4,8.5,2010-02-18,2.27
47.4,8.5,2010-02-19,3.22
47.4,8.5,2010-02-20,3.34
47.4,8.5,2010-02-21,2.25
47.4,8.5,2010-02-22,2.62
47.4,8.5,2010-02-23,3.35
47.4,8.5,2010-02-24,4.08
47.4,8.5,2010-02-25,2.33
47.4,8.5,2010-02-26,8.83
47.4,8.5,2010-02-27,2.58
47.4,8.5,2010-02-28,7.57
47.4,8.5,2010-03-01,4.57
47.4,8.5,2010-03-02,3.26
47.4,8.5,2010-03-03,7.05
47.4,8.5,2010-03-04,4.95
47.4,8.5,2010-03-05,3.41
47.4,8.5,2010-03-06,6.4
47.4,8.5,2010-03-07,7.48
47.4,8.5,2010-03-08,6.46
47.4,8.5,2010-03-09,7.93
47.4,8.5,2010-03-10,5.3
47.4,8.5,2010-03-11,2.39
47.4,8.5,2010-03-12,1.39
47.4,8.5,2010-03-13,2.05
47.4,8.5,2010-03-14,3.77
47.4,8.5,2010-03-15,2.81
47.4,8.5,2010-03-16,3.01
47.4,8.5,2010-03-17,2.64
47.4,8.5,2010-03-18,2.39
47.4,8.5,2010-03-19,2.95
47.4,8.5,2010-03-20,2.3
47.4,8.5,2010-03-21,4.06
47.4,8.5,2010-03-22,2.09
47.4,8.5,2010-03-23,2.24
47.4,8.5,2010-03-24,2.47
47.4,8.5,2010-03-25,3.26
47.4,8.5,2010-03-26,7.53
47.4,8.5,2010-03-27,4.71
47.4,8.5,2010-03-28,4.33
47.4,8.5,2010-03-29,2.2
47.4,8.5,2010-03-30,7.96
47.4,8.5,2010-03-31,5.02
47.4,8.5,2010-04-01,2.6
47.4,8.5,2010-04-02,2.31
47.4,8.5,2010-04-03,4.14
47.4,8.5,2010-04-04,3.92
47.4,8.5,2010-04-05,3.31
47.4,8.5,2010-04-06,2.86
47.4,8.5,2010-04-07,2.51
47.4,8.5,2010-04-08,2.22
47.4,8.5,2010-04-09,3.89
47.4,8.5,2010-04-10,4.26
47.4,8.5,2010-04-11,4.94
47.4,8.5,2010-04-12,4.86
47.4,8.5,2010-04-13,3.44
47.4,8.5,2010-04-14,2.2
47.4,8.5,2010-04-15,3.02
47.4,8.5,2010-04-16,4.06
47.4,8.5,2010-04-17,4.03
47.4,8.5,2010-04-18,3.27
47.4,8.5,2010-04-19,2.62
47.4,8.5,2010-04-20,4.27
47.4,8.5,2010-04-21,4.42
47.4,8.5,2010-04-22,3.47
47.4,8.5,2010-04-23,2.94
47.4,8.5,2010-04-24,3.0
47.4,8.5,2010-04-25,2.82
47.4,8.5,2010-04-26,2.05
47.4,8.5,2010-04-27,3.33
47.4,8.5,2010-04-28,2.48
47.4,8.5,2010-04-29,2.88
47.4,8.5,2010-04-30,3.22
47.4,8.5,2010-05-01,1.94
47.4,8.5,2010-05-02,2.0
47.4,8.5,2010-05-03,2.47
47.4,8.5,2010-05-04,6.44
47.4,8.5,2010-05-05,6.03
47.4,8.5,2010-05-06,4.0
47.4,8.5,2010-05-07,3.89
47.4,8.5,2010-05-08,1.71
47.4,8.5,2010-05-09,2.69
47.4,8.5,2010-05-10,3.18
47.4,8.5,2010-05-11,5.9
47.4,8.5,2010-05-12,3.51
47.4,8.5,2010-05-13,3.6
47.4,8.5,2010-05-14,1.97
47.4,8.5,2010-05-15,2.92
47.4,8.5,2010-05-16,2.77
47.4,8.5,2010-05-17,3.6
47.4,8.5,2010-05-18,2.61
47.4,8.5,2010-05-19,2.77
47.4,8.5,2010-05-20,2.4
47.4,8.5,2010-05-21,3.5
47.4,8.5,2010-05-22,4.27
47.4,8.5,2010-05-23,3.0
47.4,8.5,2010-05-24,2.91
47.4,8.5,2010-05-25,3.35
47.4,8.5,2010-05-26,3.14
47.4,8.5,2010-05-27,2.78
47.4,8.5,2010-05-28,3.1
47.4,8.5,2010-05-29,2.93
47.4,8.5,2010-05-30,6.66
47.4,8.5,2010-05-31,5.17
47.4,8.5,2010-06-01,2.15
47.4,8.5,2010-06-02,1.84
47.4,8.5,2010-06-03,3.58
47.4,8.5,2010-06-04,4.35
47.4,8.5,2010-06-05,2.02
47.4,8.5,2010-06-06,3.2
47.4,8.5,2010-06-07,2.72
47.4,8.5,2010-06-08,3.44
47.4,8.5,2010-06-09,2.38
47.4,8.5,2010-06-10,4.48
47.4,8.5,2010-06-11,3.34
47.4,8.5,2010-06-12,3.11
47.4,8.5,2010-06-13,3.0
47.4,8.5,2010-06-14,2.27
47.4,8.5,2010-06-15,5.76
47.4,8.5,2010-06-16,7.02
47.4,8.5,2010-06-17,2.9
47.4,8.5,2010-06-18,4.05
47.4,8.5,2010-06-19,2.51
47.4,8.5,2010-06-20,3.22
47.4,8.5,2010-06-21,3.04
47.4,8.5,2010-06-22,3.52
47.4,8.5,2010-06-23,4.57
47.4,8.5,2010-06-24,2.92
47.4,8.5,2010-06-25,2.0
47.4,8.5,2010-06-26,2.91
47.4,8.5,2010-06-27,2.77
47.4,8.5,2010-06-28,2.01
47.4,8.5,2010-06-29,2.2
47.4,8.5,2010-06-30,2.61
47.4,8.5,2010-07-01,2.48
47.4,8.5,2010-07-02,1.14
47.4,8.5,2010-07-03,4.3
47.4,8.5,2010-07-04,2.31
47.4,8.5,2010-07-05,2.69
47.4,8.5,2010-07-06,2.41
47.4,8.5,2010-07-07,3.23
47.4,8.5,2010-07-08,1.91
47.4,8.5,2010-07-09,1.92
47.4,8.5,2010-07-10,3.26
47.4,8.5,2010-07-11,1.81
47.4,8.5,2010-07-12,5.86
47.4,8.5,2010-07-13,1.97
47.4,8.5,2010-07-14,3.47
47.4,8.5,2010-07-15,2.37
47.4,8.5,2010-07-16,2.77
47.4,8.5,2010-07-17,4.32
47.4,8.5,2010-07-18,3.85
47.4,8.5,2010-07-19,4.25
47.4,8.5,2010-07-20,2.48
47.4,8.5,2010-07-21,2.91
47.4,8.5,2010-07-22,3.19
47.4,8.5,2010-07-23,4.72
47.4,8.5,2010-07-24,3.93
47.4,8.5,2010-07-25,1.68
47.4,8.5,2010-07-26,3.3
47.4,8.5,2010-07-27,2.42
47.4,8.5,2010-07-28,2.59
47.4,8.5,2010-07-29,3.57
47.4,8.5,2010-07-30,1.49
47.4,8.5,2010-07-31,1.62
47.4,8.5,2010-08-01,2.4
47.4,8.5,2010-08-02,1.93
47.4,8.5,2010-08-03,2.91
47.4,8.5,2010-08-04,2.3
47.4,8.5,2010-08-05,3.02
47.4,8.5,2010-08-06,2.3
47.4,8.5,2010-08-07,1.9
47.4,8.5,2010-08-08,3.1
47.4,8.5,2010-08-09,1.22
47.4,8.5,2010-08-10,1.46
47.4,8.5,2010-08-11,2.01
47.4,8.5,2010-08-12,3.64
47.4,8.5,2010-08-13,1.56
47.4,8.5,2010-08-14,3.69
47.4,8.5,2010-08-15,5.06
47.4,8.5,2010-08-16,4.94
47.4,8.5,2010-08-17,5.65
47.4,8.5,2010-08-18,3.32
47.4,8.5,2010-08-19,1.63
47.4,8.5,2010-08-20,1.8
47.4,8.5,2010-08-21,1.08
47.4,8.5,2010-08-22,1.8
47.4,8.5,2010-08-23,2.44
47.4,8.5,2010-08-24,5.5
47.4,8.5,2010-08-25,1.44
47.4,8.5,2010-08-26,3.05
47.4,8.5,2010-08-27,4.22
47.4,8.5,2010-08-28,3.72
47.4,8.5,2010-08-29,4.59
47.4,8.5,2010-08-30,5.8
47.4,8.5,2010-08-31,3.21
47.4,8.5,2010-09-01,4.12
47.4,8.5,2010-09-02,2.58
47.4,8.5,2010-09-03,2.39
47.4,8.5,2010-09-04,2.05
47.4,8.5,2010-09-05,2.92
47.4,8.5,2010-09-06,3.5
47.4,8.5,2010-09-07,2.75
47.4,8.5,2010-09-08,2.13
47.4,8.5,2010-09-09,2.62
47.4,8.5,2010-09-10,1.56
47.4,8.5,2010-09-11,2.79
47.4,8.5,2010-09-12,3.79
47.4,8.5,2010-09-13,2.06
47.4,8.5,2010-09-14,2.69
47.4,8.5,2010-09-15,4.11
47.4,8.5,2010-09-16,3.16
47.4,8.5,2010-09-17,1.91
47.4,8.5,2010-09-18,2.5
47.4,8.5,2010-09-19,1.78
47.4,8.5,2010-09-20,1.3
47.4,8.5,2010-09-21,1.93
47.4,8.5,2010-09-22,1.53
47.4,8.5,2010-09-23,1.81
47.4,8.5,2010-09-24,4.73
47.4,8.5,2010-09-25,3.61
47.4,8.5,2010-09-26,2.52
47.4,8.5,2010-09-27,2.19
47.4,8.5,2010-09-28,2.53
47.4,8.5,2010-09-29,1.3
47.4,8.5,2010-09-30,1.04
47.4,8.5,2010-10-01,2.59
47.4,8.5,2010-10-02,1.97
47.4,8.5,2010-10-03,1.91
47.4,8.5,2010-10-04,3.83
47.4,8.5,2010-10-05,1.92
47.4,8.5,2010-10-06,1.63
47.4,8.5,2010-10-07,2.33
47.4,8.5,2010-10-08,1.75
47.4,8.5,2010-10-09,2.02
47.4,8.5,2010-10-10,4.19
47.4,8.5,2010-10-11,3.97
47.4,8.5,2010-10-12,3.11
47.4,8.5,2010-10-13,3.04
47.4,8.5,2010-10-14,2.47
47.4,8.5,2010-10-15,2.7
47.4,8.5,2010-10-16,3.04
47.4,8.5,2010-10-17,3.83
47.4,8.5,2010-10-18,3.41
47.4,8.5,2010-10-19,5.55
47.4,8.5,2010-10-20,4.61
47.4,8.5,2010-10-21,2.37
47.4,8.5,2010-10-22,0.7
47.4,8.5,2010-10-23,2.3
47.4,8.5,2010-10-24,3.8
47.4,8.5,2010-10-25,6.09
47.4,8.5,2010-10-26,4.42
47.4,8.5,2010-10-27,1.56
47.4,8.5,2010-10-28,1.75
47.4,8.5,2010-10-29,1.73
47.4,8.5,2010-10-30,2.55
47.4,8.5,2010-10-31,3.98
47.4,8.5,2010-11-01,1.72
47.4,8.5,2010-11-02,1.97
47.4,8.5,2010-11-03,4.4
47.4,8.5,2010-11-04,3.0
47.4,8.5,2010-11-05,3.35
47.4,8.5,2010-11-06,4.71
47.4,8.5,2010-11-07,4.32
47.4,8.5,2010-11-08,2.18
47.4,8.5,2010-11-09,1.49
47.4,8.5,2010-11-10,4.57
47.4,8.5,2010-11-11,4.97
47.4,8.5,2010-11-12,6.8
47.4,8.5,2010-11-13,5.2
47.4,8.5,2010-11-14,1.84
47.4,8.5,2010-11-15,3.54
47.4,8.5,2010-11-16,1.89
47.4,8.5,2010-11-17,2.7
47.4,8.5,2010-11-18,1.57
47.4,8.5,2010-11-19,1.56
47.4,8.5,2010-11-20,2.76
47.4,8.5,2010-11-21,2.47
47.4,8.5,2010-11-22,2.6
47.4,8.5,2010-11-23,3.3
47.4,8.5,2010-11-24,3.85
47.4,8.5,2010-11-25,2.22
47.4,8.5,2010-11-26,3.92
47.4,8.5,2010-11-27,2.14
47.4,8.5,2010-11-28,2.47
47.4,8.5,2010-11-29,5.41
47.4,8.5,2010-11-30,3.4
47.4,8.5,2010-12-01,3.06
47.4,8.5,2010-12-02,2.42
47.4,8.5,2010-12-03,1.5
47.4,8.5,2010-12-04,1.7
47.4,8.5,2010-12-05,1.75
47.4,8.5,2010-12-06,1.3
47.4,8.5,2010-12-07,2.82
47.4,8.5,2010-12-08,5.25
47.4,8.5,2010-12-09,4.75
47.4,8.5,2010-12-10,4.35
47.4,8.5,2010-12-11,4.25
47.4,8.5,2010-12-12,3.4
47.4,8.5,2010-12-13,4.1
47.4,8.5,2010-12-14,2.88
47.4,8.5,2010-12-15,3.26
47.4,8.5,2010-12-16,3.45
47.4,8.5,2010-12-17,3.26
47.4,8.5,2010-12-18,2.28
47.4,8.5,2010-12-19,2.97
47.4,8.5,2010-12-20,3.96
47.4,8.5,2010-12-21,2.28
47.4,8.5,2010-12-22,2.0
47.4,8.5,2010-12-23,1.84
47.4,8.5,2010-12-24,2.57
47.4,8.5,2010-12-25,4.02
47.4,8.5,2010-12-26,2.66
47.4,8.5,2010-12-27,2.26
47.4,8.5,2010-12-28,1.4
47.4,8.5,2010-12-29,1.65
47.4,8.5,2010-12-30,1.64
47.4,8.5,2010-12-31,1.3
47.4,8.5,2011-01-01,1.14
47.4,8.5,2011-01-02,3.12
47.4,8.5,2011-01-03,2.73
47.4,8.5,2011-01-04,1.84
47.4,8.5,2011-01-05,1.7
47.4,8.5,2011-01-06,2.3
47.4,8.5,2011-01-07,2.15
47.4,8.5,2011-01-08,2.02
47.4,8.5,2011-01-09,2.64
47.4,8.5,2011-01-10,2.52
47.4,8.5,2011-01-11,2.87
47.4,8.5,2011-01-12,3.51
47.4,8.5,2011-01-13,5.3
47.4,8.5,2011-01-14,2.66
47.4,8.5,2011-01-15,4.49
47.4,8.5,2011-01-16,0.9
47.4,8.5,2011-01-17,1.9
47.4,8.5,2011-01-18,2.69
47.4,8.5,2011-01-19,2.62
47.4,8.5,2011-01-20,3.14
47.4,8.5,2011-01-21,5.81
47.4,8.5,2011-01-22,5.1
47.4,8.5,2011-01-23,3.54
47.4,8.5,2011-01-24,1.03
47.4,8.5,2011-01-25,4.63
47.4,8.5,2011-01-26,3.58
47.4,8.5,2011-01-27,3.19
47.4,8.5,2011-01-28,3.72
47.4,8.5,2011-01-29,2.62
47.4,8.5,2011-01-30,2.3
47.4,8.5,2011-01-31,1.36
47.4,8.5,2011-02-01,1.08
47.4,8.5,2011-02-02,1.66
47.4,8.5,2011-02-03,2.44
47.4,8.5,2011-02-04,4.2
47.4,8.5,2011-02-05,3.67
47.4,8.5,2011-02-06,1.71
47.4,8.5,2011-02-07,1.49
47.4,8.5,2011-02-08,2.02
47.4,8.5,2011-02-09,1.99
47.4,8.5,2011-02-10,1.92
47.4,8.5,2011-02-11,3.0
47.4,8.5,2011-02-12,1.97
47.4,8.5,2011-02-13,2.02
47.4,8.5,2011-02-14,1.43
47.4,8.5,2011-02-15,1.65
47.4,8.5,2011-02-16,3.26
47.4,8.5,2011-02-17,1.35
47.4,8.5,2011-02-18,1.9
47.4,8.5,2011-02-19,1.84
47.4,8.5,2011-02-20,1.92
47.4,8.5,2011-02-21,1.77
47.4,8.5,2011-02-22,2.83
47.4,8.5,2011-02-23,2.06
47.4,8.5,2011-02-24,1.97
47.4,8.5,2011-02-25,1.56
47.4,8.5,2011-02-26,3.62
47.4,8.5,2011-02-27,3.1
47.4,8.5,2011-02-28,5.24
47.4,8.5,2011-03-01,5.82
47.4,8.5,2011-03-02,6.41
47.4,8.5,2011-03-03,3.47
47.4,8.5,2011-03-04,2.58
47.4,8.5,2011-03-05,2.47
47.4,8.5,2011-03-06,4.16
47.4,8.5,2011-03-07,4.3
47.4,8.5,2011-03-08,1.72
47.4,8.5,2011-03-09,2.95
47.4,8.5,2011-03-10,5.14
47.4,8.5,2011-03-11,2.21
47.4,8.5,2011-03-12,2.12
47.4,8.5,2011-03-13,2.38
47.4,8.5,2011-03-14,2.52
47.4,8.5,2011-03-15,3.83
47.4,8.5,2011-03-16,3.0
47.4,8.5,2011-03-17,4.3
47.4,8.5,2011-03-18,4.08
47.4,8.5,2011-03-19,4.67
47.4,8.5,2011-03-20,4.43
47.4,8.5,2011-03-21,4.97
47.4,8.5,2011-03-22,2.69
47.4,8.5,2011-03-23,3.97
47.4,8.5,2011-03-24,2.16
47.4,8.5,2011-03-25,2.85
47.4,8.5,2011-03-26,3.42
47.4,8.5,2011-03-27,1.72
47.4,8.5,2011-03-28,1.0
47.4,8.5,2011-03-29,1.44
47.4,8.5,2011-03-30,3.14
47.4,8.5,2011-03-31,4.56
47.4,8.5,2011-04-01,2.82
47.4,8.5,2011-04-02,1.46
47.4,8.5,2011-04-03,2.43
47.4,8.5,2011-04-04,5.59
47.4,8.5,2011-04-05,1.62
47.4,8.5,2011-04-06,2.26
47.4,8.5,2011-04-07,3.86
47.4,8.5,2011-04-08,2.47
47.4,8.5,2011-04-09,2.76
47.4,8.5,2011-04-10,3.41
47.4,8.5,2011-04-11,2.69
47.4,8.5,2011-04-12,4.6
47.4,8.5,2011-04-13,2.42
47.4,8.5,2011-04-14,3.61
47.4,8.5,2011-04-15,4.57
47.4,8.5,2011-04-16,2.83
47.4,8.5,2011-04-17,2.69
47.4,8.5,2011-04-18,2.02
47.4,8.5,2011-04-19,2.45
47.4,8.5,2011-04-20,1.43
47.4,8.5,2011-04-21,1.53
47.4,8.5,2011-04-22,2.31
47.4,8.5,2011-04-23,2.16
47.4,8.5,2011-04-24,2.38
47.4,8.5,2011-04-25,4.07
47.4,8.5,2011-04-26,4.0
47.4,8.5,2011-04-27,2.24
47.4,8.5,2011-04-28,2.68
47.4,8.5,2011-04-29,2.08
47.4,8.5,2011-04-30,2.58
47.4,8.5,2011-05-01,3.48
47.4,8.5,2011-05-02,2.25
47.4,8.5,2011-05-03,4.07
47.4,8.5,2011-05-04,3.18
47.4,8.5,2011-05-05,2.95
47.4,8.5,2011-05-06,2.4
47.4,8.5,2011-05-07,2.83
47.4,8.5,2011-05-08,2.94
47.4,8.5,2011-05-09,2.9
47.4,8.5,2011-05-10,2.2
47.4,8.5,2011-05-11,1.53
47.4,8.5,2011-05-12,3.23
47.4,8.5,2011-05-13,3.05
47.4,8.5,2011-05-14,3.81
47.4,8.5,2011-05-15,3.18
47.4,8.5,2011-05-16,3.69
47.4,8.5,2011-05-17,1.92
47.4,8.5,2011-05-18,2.01
47.4,8.5,2011-05-19,3.98
47.4,8.5,2011-05-20,2.28
47.4,8.5,2011-05-21,2.13
47.4,8.5,2011-05-22,3.16
47.4,8.5,2011-05-23,2.15
47.4,8.5,2011-05-24,4.03
47.4,8.5,2011-05-25,3.85
47.4,8.5,2011-05-26,6.18
47.4,8.5,2011-05-27,2.69
47.4,8.5,2011-05-28,1.8
47.4,8.5,2011-05-29,1.35
47.4,8.5,2011-05-30,2.42
47.4,8.5,2011-05-31,4.88
47.4,8.5,2011-06-01,5.13
47.4,8.5,2011-06-02,6.02
47.4,8.5,2011-06-03,4.83
47.4,8.5,2011-06-04,2.22
47.4,8.5,2011-06-05,3.06
47.4,8.5,2011-06-06,3.07
47.4,8.5,2011-06-07,3.1
47.4,8.5,2011-06-08,3.63
47.4,8.5,2011-06-09,2.47
47.4,8.5,2011-06-10,2.42
47.4,8.5,2011-06-11,2.2
47.4,8.5,2011-06-12,1.71
47.4,8.5,2011-06-13,2.51
47.4,8.5,2011-06-14,2.04
47.4,8.5,2011-06-15,2.1
47.4,8.5,2011-06-16,5.15
47.4,8.5,2011-06-17,2.38
47.4,8.5,2011-06-18,4.77
47.4,8.5,2011-06-19,6.4
47.4,8.5,2011-06-20,3.61
47.4,8.5,2011-06-21,3.22
47.4,8.5,2011-06-22,6.33
47.4,8.5,2011-06-23,3.35
47.4,8.5,2011-06-24,3.98
47.4,8.5,2011-06-25,3.21
47.4,8.5,2011-06-26,2.14
47.4,8.5,2011-06-27,1.77
47.4,8.5,2011-06-28,2.55
47.4,8.5,2011-06-29,3.61
47.4,8.5,2011-06-30,3.76
47.4,8.5,2011-07-01,3.3
47.4,8.5,2011-07-02,2.33
47.4,8.5,2011-07-03,1.92
47.4,8.5,2011-07-04,2.2
47.4,8.5,2011-07-05,2.15
47.4,8.5,2011-07-06,3.32
47.4,8.5,2011-07-07,3.36
47.4,8.5,2011-07-08,4.43
47.4,8.5,2011-07-09,3.7
47.4,8.5,2011-07-10,4.5
47.4,8.5,2011-07-11,3.2
47.4,8.5,2011-07-12,3.33
47.4,8.5,2011-07-13,4.08
47.4,8.5,2011-07-14,3.5
47.4,8.5,2011-07-15,2.96
47.4,8.5,2011-07-16,2.39
47.4,8.5,2011-07-17,3.62
47.4,8.5,2011-07-18,3.86
47.4,8.5,2011-07-19,4.22
47.4,8.5,2011-07-20,4.9
47.4,8.5,2011-07-21,3.64
47.4,8.5,2011-07-22,2.94
47.4,8.5,2011-07-23,3.22
47.4,8.5,2011-07-24,4.1
47.4,8.5,2011-07-25,1.84
47.4,8.5,2011-07-26,1.66
47.4,8.5,2011-07-27,1.75
47.4,8.5,2011-07-28,2.06
47.4,8.5,2011-07-29,2.51
47.4,8.5,2011-07-30,2.51
47.4,8.5,2011-07-31,2.69
47.4,8.5,2011-08-01,3.38
47.4,8.5,2011-08-02,2.25
47.4,8.5,2011-08-03,2.3
47.4,8.5,2011-08-04,2.12
47.4,8.5,2011-08-05,1.56
47.4,8.5,2011-08-06,1.84
47.4,8.5,2011-08-07,3.11
47.4,8.5,2011-08-08,6.65
47.4,8.5,2011-08-09,5.62
47.4,8.5,2011-08-10,1.7
47.4,8.5,2011-08-11,1.87
47.4,8.5,2011-08-12,4.14
47.4,8.5,2011-08-13,2.19
47.4,8.5,2011-08-14,3.98
47.4,8.5,2011-08-15,2.06
47.4,8.5,2011-08-16,1.87
47.4,8.5,2011-08-17,1.93
47.4,8.5,2011-08-18,2.22
47.4,8.5,2011-08-19,3.45
47.4,8.5,2011-08-20,1.56
47.4,8.5,2011-08-21,2.26
47.4,8.5,2011-08-22,1.9
47.4,8.5,2011-08-23,2.83
47.4,8.5,2011-08-24,3.92
47.4,8.5,2011-08-25,1.84
47.4,8.5,2011-08-26,5.77
47.4,8.5,2011-08-27,4.83
47.4,8.5,2011-08-28,1.62
47.4,8.5,2011-08-29,2.94
47.4,8.5,2011-08-30,1.34
47.4,8.5,2011-08-31,1.73
47.4,8.5,2011-09-01,1.51
47.4,8.5,2011-09-02,1.49
47.4,8.5,2011-09-03,2.82
47.4,8.5,2011-09-04,2.2
47.4,8.5,2011-09-05,4.14
47.4,8.5,2011-09-06,2.64
47.4,8.5,2011-09-07,5.37
47.4,8.5,2011-09-08,5.32
47.4,8.5,2011-09-09,2.64
47.4,8.5,2011-09-10,2.38
47.4,8.5,2011-09-11,5.41
47.4,8.5,2011-09-12,3.23
47.4,8.5,2011-09-13,4.16
47.4,8.5,2011-09-14,2.6
47.4,8.5,2011-09-15,2.51
47.4,8.5,2011-09-16,1.92
47.4,8.5,2011-09-17,3.28
47.4,8.5,2011-09-18,4.49
47.4,8.5,2011-09-19,2.06
47.4,8.5,2011-09-20,3.05
47.4,8.5,2011-09-21,1.84
47.4,8.5,2011-09-22,1.56
47.4,8.5,2011-09-23,2.66
47.4,8.5,2011-09-24,1.08
47.4,8.5,2011-09-25,1.22
47.4,8.5,2011-09-26,0.92
47.4,8.5,2011-09-27,2.72
47.4,8.5,2011-09-28,2.97
47.4,8.5,2011-09-29,1.93
47.4,8.5,2011-09-30,0.94
47.4,8.5,2011-10-01,0.73
47.4,8.5,2011-10-02,1.08
47.4,8.5,2011-10-03,1.52
47.4,8.5,2011-10-04,2.38
47.4,8.5,2011-10-05,1.91
47.4,8.5,2011-10-06,4.75
47.4,8.5,2011-10-07,4.54
47.4,8.5,2011-10-08,4.33
47.4,8.5,2011-10-09,3.61
47.4,8.5,2011-10-10,4.44
47.4,8.5,2011-10-11,3.76
47.4,8.5,2011-10-12,3.81
47.4,8.5,2011-10-13,3.36
47.4,8.5,2011-10-14,5.01
47.4,8.5,2011-10-15,3.04
47.4,8.5,2011-10-16,1.08
47.4,8.5,2011-10-17,2.3
47.4,8.5,2011-10-18,3.06
47.4,8.5,2011-10-19,3.06
47.4,8.5,2011-10-20,1.84
47.4,8.5,2011-10-21,3.58
47.4,8.5,2011-10-22,1.84
47.4,8.5,2011-10-23,1.84
47.4,8.5,2011-10-24,2.73
47.4,8.5,2011-10-25,2.25
47.4,8.5,2011-10-26,1.94
47.4,8.5,2011-10-27,1.8
47.4,8.5,2011-10-28,1.92
47.4,8.5,2011-10-29,1.22
47.4,8.5,2011-10-30,1.7
47.4,8.5,2011-10-31,1.58
47.4,8.5,2011-11-01,1.0
47.4,8.5,2011-11-02,1.7
47.4,8.5,2011-11-03,2.64
47.4,8.5,2011-11-04,2.39
47.4,8.5,2011-11-05,2.59
47.4,8.5,2011-11-06,2.67
47.4,8.5,2011-11-07,1.84
47.4,8.5,2011-11-08,1.86
47.4,8.5,2011-11-09,1.97
47.4,8.5,2011-11-10,1.63
47.4,8.5,2011-11-11,1.97
47.4,8.5,2011-11-12,1.78
47.4,8.5,2011-11-13,1.6
47.4,8.5,2011-11-14,1.3
47.4,8.5,2011-11-15,1.97
47.4,8.5,2011-11-16,1.36
47.4,8.5,2011-11-17,1.1
47.4,8.5,2011-11-18,1.12
47.4,8.5,2011-11-19,1.58
47.4,8.5,2011-11-20,1.36
47.4,8.5,2011-11-21,1.7
47.4,8.5,2011-11-22,1.3
47.4,8.5,2011-11-23,1.79
47.4,8.5,2011-11-24,2.01
47.4,8.5,2011-11-25,1.63
47.4,8.5,2011-11-26,1.17
47.4,8.5,2011-11-27,2.72
47.4,8.5,2011-11-28,3.42
47.4,8.5,2011-11-29,1.77
47.4,8.5,2011-11-30,1.42
47.4,8.5,2011-12-01,1.34
47.4,8.5,2011-12-02,2.31
47.4,8.5,2011-12-03,4.84
47.4,8.5,2011-12-04,5.6
47.4,8.5,2011-12-05,6.73
47.4,8.5,2011-12-06,5.44
47.4,8.5,2011-12-07,7.68
47.4,8.5,2011-12-08,5.06
47.4,8.5,2011-12-09,4.85
47.4,8.5,2011-12-10,2.69
47.4,8.5,2011-12-11,1.77
47.4,8.5,2011-12-12,4.56
47.4,8.5,2011-12-13,3.45
47.4,8.5,2011-12-14,5.87
47.4,8.5,2011-12-15,5.92
47.4,8.5,2011-12-16,9.27
47.4,8.5,2011-12-17,5.28
47.4,8.5,2011-12-18,3.98
47.4,8.5,2011-12-19,2.61
47.4,8.5,2011-12-20,3.7
47.4,8.5,2011-12-21,3.49
47.4,8.5,2011-12-22,3.05
47.4,8.5,2011-12-23,2.2
47.4,8.5,2011-12-24,6.4
47.4,8.5,2011-12-25,1.98
47.4,8.5,2011-12-26,1.92
47.4,8.5,2011-12-27,1.7
47.4,8.5,2011-12-28,2.34
47.4,8.5,2011-12-29,4.15
47.4,8.5,2011-12-30,6.77
47.4,8.5,2011-12-31,4.06
47.4,8.5,2012-01-01,3.19
47.4,8.5,2012-01-02,5.14
47.4,8.5,2012-01-03,4.53
47.4,8.5,2012-01-04,6.1
47.4,8.5,2012-01-05,8.79
47.4,8.5,2012-01-06,6.39
47.4,8.5,2012-01-07,5.77
47.4,8.5,2012-01-08,4.5
47.4,8.5,2012-01-09,2.72
47.4,8.5,2012-01-10,1.91
47.4,8.5,2012-01-11,2.06
47.4,8.5,2012-01-12,2.82
47.4,8.5,2012-01-13,3.44
47.4,8.5,2012-01-14,3.44
47.4,8.5,2012-01-15,4.22
47.4,8.5,2012-01-16,3.68
47.4,8.5,2012-01-17,1.24
47.4,8.5,2012-01-18,2.2
47.4,8.5,2012-01-19,6.71
47.4,8.5,2012-01-20,7.18
47.4,8.5,2012-01-21,7.69
47.4,8.5,2012-01-22,7.69
47.4,8.5,2012-01-23,4.95
47.4,8.5,2012-01-24,3.81
47.4,8.5,2012-01-25,1.88
47.4,8.5,2012-01-26,1.7
47.4,8.5,2012-01-27,1.34
47.4,8.5,2012-01-28,3.3
47.4,8.5,2012-01-29,3.75
47.4,8.5,2012-01-30,2.06
47.4,8.5,2012-01-31,3.69
47.4,8.5,2012-02-01,5.0
47.4,8.5,2012-02-02,5.0
47.4,8.5,2012-02-03,4.67
47.4,8.5,2012-02-04,5.44
47.4,8.5,2012-02-05,3.81
47.4,8.5,2012-02-06,3.11
47.4,8.5,2012-02-07,5.12
47.4,8.5,2012-02-08,4.19
47.4,8.5,2012-02-09,3.86
47.4,8.5,2012-02-10,5.81
47.4,8.5,2012-02-11,5.2
47.4,8.5,2012-02-12,3.61
47.4,8.5,2012-02-13,1.99
47.4,8.5,2012-02-14,2.62
47.4,8.5,2012-02-15,6.17
47.4,8.5,2012-02-16,2.32
47.4,8.5,2012-02-17,2.21
47.4,8.5,2012-02-18,1.61
47.4,8.5,2012-02-19,3.71
47.4,8.5,2012-02-20,4.25
47.4,8.5,2012-02-21,2.33
47.4,8.5,2012-02-22,1.75
47.4,8.5,2012-02-23,2.09
47.4,8.5,2012-02-24,1.88
47.4,8.5,2012-02-25,2.28
47.4,8.5,2012-02-26,2.95
47.4,8.5,2012-02-27,1.89
47.4,8.5,2012-02-28,0.89
47.4,8.5,2012-02-29,2.91
47.4,8.5,2012-03-01,2.5
47.4,8.5,2012-03-02,1.08
47.4,8.5,2012-03-03,2.47
47.4,8.5,2012-03-04,1.98
47.4,8.5,2012-03-05,6.53
47.4,8.5,2012-03-06,3.96
47.4,8.5,2012-03-07,2.86
47.4,8.5,2012-03-08,3.37
47.4,8.5,2012-03-09,3.89
47.4,8.5,2012-03-10,2.25
47.4,8.5,2012-03-11,2.64
47.4,8.5,2012-03-12,2.36
47.4,8.5,2012-03-13,2.78
47.4,8.5,2012-03-14,2.16
47.4,8.5,2012-03-15,1.28
47.4,8.5,2012-03-16,1.8
47.4,8.5,2012-03-17,2.42
47.4,8.5,2012-03-18,3.93
47.4,8.5,2012-03-19,2.48
47.4,8.5,2012-03-20,3.05
47.4,8.5,2012-03-21,2.91
47.4,8.5,2012-03-22,2.19
47.4,8.5,2012-03-23,1.9
47.4,8.5,2012-03-24,1.75
47.4,8.5,2012-03-25,4.52
47.4,8.5,2012-03-26,3.81
47.4,8.5,2012-03-27,3.41
47.4,8.5,2012-03-28,2.69
47.4,8.5,2012-03-29,3.53
47.4,8.5,2012-03-30,2.87
47.4,8.5,2012-03-31,3.57
47.4,8.5,2012-04-01,4.3
47.4,8.5,2012-04-02,2.59
47.4,8.5,2012-04-03,2.46
47.4,8.5,2012-04-04,2.69
47.4,8.5,2012-04-05,3.42
47.4,8.5,2012-04-06,2.02
47.4,8.5,2012-04-07,2.4
47.4,8.5,2012-04-08,2.52
47.4,8.5,2012-04-09,3.12
47.4,8.5,2012-04-10,2.66
47.4,8.5,2012-04-11,4.05
47.4,8.5,2012-04-12,2.61
47.4,8.5,2012-04-13,2.61
47.4,8.5,2012-04-14,5.02
47.4,8.5,2012-04-15,5.8
47.4,8.5,2012-04-16,4.97
47.4,8.5,2012-04-17,2.37
47.4,8.5,2012-04-18,2.94
47.4,8.5,2012-04-19,2.4
47.4,8.5,2012-04-20,3.64
47.4,8.5,2012-04-21,4.85
47.4,8.5,2012-04-22,4.46
47.4,8.5,2012-04-23,1.84
47.4,8.5,2012-04-24,5.32
47.4,8.5,2012-04-25,3.19
47.4,8.5,2012-04-26,2.31
47.4,8.5,2012-04-27,2.78
47.4,8.5,2012-04-28,4.16
47.4,8.5,2012-04-29,3.45
47.4,8.5,2012-04-30,4.8
47.4,8.5,2012-05-01,3.6
47.4,8.5,2012-05-02,4.49
47.4,8.5,2012-05-03,1.79
47.4,8.5,2012-05-04,2.0
47.4,8.5,2012-05-05,3.11
47.4,8.5,2012-05-06,3.5
47.4,8.5,2012-05-07,2.89
47.4,8.5,2012-05-08,3.19
47.4,8.5,2012-05-09,2.53
47.4,8.5,2012-05-10,2.09
47.4,8.5,2012-05-11,2.47
47.4,8.5,2012-05-12,3.22
47.4,8.5,2012-05-13,5.6
47.4,8.5,2012-05-14,2.64
47.4,8.5,2012-05-15,5.9
47.4,8.5,2012-05-16,4.05
47.4,8.5,2012-05-17,4.63
47.4,8.5,2012-05-18,2.52
47.4,8.5,2012-05-19,2.33
47.4,8.5,2012-05-20,2.7
47.4,8.5,2012-05-21,3.14
47.4,8.5,2012-05-22,2.61
47.4,8.5,2012-05-23,2.19
47.4,8.5,2012-05-24,3.98
47.4,8.5,2012-05-25,5.85
47.4,8.5,2012-05-26,4.47
47.4,8.5,2012-05-27,2.4
47.4,8.5,2012-05-28,2.05
47.4,8.5,2012-05-29,1.82
47.4,8.5,2012-05-30,2.82
47.4,8.5,2012-05-31,3.73
47.4,8.5,2012-06-01,3.2
47.4,8.5,2012-06-02,1.24
47.4,8.5,2012-06-03,5.35
47.4,8.5,2012-06-04,4.41
47.4,8.5,2012-06-05,3.81
47.4,8.5,2012-06-06,2.77
47.4,8.5,2012-06-07,2.77
47.4,8.5,2012-06-08,4.35
47.4,8.5,2012-06-09,1.9
47.4,8.5,2012-06-10,2.22
47.4,8.5,2012-06-11,4.51
47.4,8.5,2012-06-12,3.85
47.4,8.5,2012-06-13,4.92
47.4,8.5,2012-06-14,1.49
47.4,8.5,2012-06-15,2.68
47.4,8.5,2012-06-16,3.18
47.4,8.5,2012-06-17,3.04
47.4,8.5,2012-06-18,3.76
47.4,8.5,2012-06-19,2.97
47.4,8.5,2012-06-20,2.4
47.4,8.5,2012-06-21,3.64
47.4,8.5,2012-06-22,3.11
47.4,8.5,2012-06-23,1.55
47.4,8.5,2012-06-24,3.73
47.4,8.5,2012-06-25,3.92
47.4,8.5,2012-06-26,2.53
47.4,8.5,2012-06-27,1.53
47.4,8.5,2012-06-28,2.28
47.4,8.5,2012-06-29,2.72
47.4,8.5,2012-06-30,4.3
47.4,8.5,2012-07-01,3.61
47.4,8.5,2012-07-02,4.48
47.4,8.5,2012-07-03,1.94
47.4,8.5,2012-07-04,1.49
47.4,8.5,2012-07-05,3.13
47.4,8.5,2012-07-06,3.22
47.4,8.5,2012-07-07,1.9
47.4,8.5,2012-07-08,3.52
47.4,8.5,2012-07-09,1.8
47.4,8.5,2012-07-10,2.69
47.4,8.5,2012-07-11,3.88
47.4,8.5,2012-07-12,4.51
47.4,8.5,2012-07-13,3.68
47.4,8.5,2012-07-14,6.76
47.4,8.5,2012-07-15,4.53
47.4,8.5,2012-07-16,3.55
47.4,8.5,2012-07-17,6.28
47.4,8.5,2012-07-18,3.7
47.4,8.5,2012-07-19,5.23
47.4,8.5,2012-07-20,1.58
47.4,8.5,2012-07-21,2.42
47.4,8.5,2012-07-22,4.28
47.4,8.5,2012-07-23,5.28
47.4,8.5,2012-07-24,2.06
47.4,8.5,2012-07-25,1.57
47.4,8.5,2012-07-26,1.84
47.4,8.5,2012-07-27,2.08
47.4,8.5,2012-07-28,2.98
47.4,8.5,2012-07-29,2.53
47.4,8.5,2012-07-30,3.01
47.4,8.5,2012-07-31,2.92
47.4,8.5,2012-08-01,3.2
47.4,8.5,2012-08-02,2.57
47.4,8.5,2012-08-03,1.8
47.4,8.5,2012-08-04,2.02
47.4,8.5,2012-08-05,2.75
47.4,8.5,2012-08-06,3.35
47.4,8.5,2012-08-07,2.63
47.4,8.5,2012-08-08,2.58
47.4,8.5,2012-08-09,2.24
47.4,8.5,2012-08-10,2.44
47.4,8.5,2012-08-11,3.85
47.4,8.5,2012-08-12,2.55
47.4,8.5,2012-08-13,1.64
47.4,8.5,2012-08-14,1.6
47.4,8.5,2012-08-15,2.37
47.4,8.5,2012-08-16,2.97
47.4,8.5,2012-08-17,2.15
47.4,8.5,2012-08-18,2.06
47.4,8.5,2012-08-19,1.51
47.4,8.5,2012-08-20,2.97
47.4,8.5,2012-08-21,1.89
47.4,8.5,2012-08-22,2.92
47.4,8.5,2012-08-23,2.4
47.4,8.5,2012-08-24,2.3
47.4,8.5,2012-08-25,3.62
47.4,8.5,2012-08-26,5.81
47.4,8.5,2012-08-27,2.82
47.4,8.5,2012-08-28,3.2
47.4,8.5,2012-08-29,2.1
47.4,8.5,2012-08-30,3.67
47.4,8.5,2012-08-31,3.38
47.4,8.5,2012-09-01,4.04
47.4,8.5,2012-09-02,3.39
47.4,8.5,2012-09-03,5.28
47.4,8.5,2012-09-04,5.0
47.4,8.5,2012-09-05,3.22
47.4,8.5,2012-09-06,3.56
47.4,8.5,2012-09-07,0.95
47.4,8.5,2012-09-08,1.78
47.4,8.5,2012-09-09,2.31
47.4,8.5,2012-09-10,1.79
47.4,8.5,2012-09-11,4.06
47.4,8.5,2012-09-12,3.96
47.4,8.5,2012-09-13,2.0
47.4,8.5,2012-09-14,2.56
47.4,8.5,2012-09-15,1.94
47.4,8.5,2012-09-16,1.89
47.4,8.5,2012-09-17,1.44
47.4,8.5,2012-09-18,2.94
47.4,8.5,2012-09-19,2.42
47.4,8.5,2012-09-20,2.64
47.4,8.5,2012-09-21,2.37
47.4,8.5,2012-09-22,2.5
47.4,8.5,2012-09-23,1.72
47.4,8.5,2012-09-24,5.79
47.4,8.5,2012-09-25,2.95
47.4,8.5,2012-09-26,4.92
47.4,8.5,2012-09-27,4.69
47.4,8.5,2012-09-28,2.02
47.4,8.5,2012-09-29,1.66
47.4,8.5,2012-09-30,3.74
47.4,8.5,2012-10-01,1.66
47.4,8.5,2012-10-02,2.08
47.4,8.5,2012-10-03,2.92
47.4,8.5,2012-10-04,5.16
47.4,8.5,2012-10-05,3.72
47.4,8.5,2012-10-06,5.14
47.4,8.5,2012-10-07,3.4
47.4,8.5,2012-10-08,2.73
47.4,8.5,2012-10-09,4.39
47.4,8.5,2012-10-10,2.0
47.4,8.5,2012-10-11,1.7
47.4,8.5,2012-10-12,5.39
47.4,8.5,2012-10-13,2.3
47.4,8.5,2012-10-14,2.16
47.4,8.5,2012-10-15,5.1
47.4,8.5,2012-10-16,2.53
47.4,8.5,2012-10-17,1.73
47.4,8.5,2012-10-18,1.7
47.4,8.5,2012-10-19,1.9
47.4,8.5,2012-10-20,2.36
47.4,8.5,2012-10-21,2.41
47.4,8.5,2012-10-22,1.72
47.4,8.5,2012-10-23,2.27
47.4,8.5,2012-10-24,1.84
47.4,8.5,2012-10-25,1.77
47.4,8.5,2012-10-26,3.24
47.4,8.5,2012-10-27,5.56
47.4,8.5,2012-10-28,6.58
47.4,8.5,2012-10-29,2.04
47.4,8.5,2012-10-30,1.77
47.4,8.5,2012-10-31,1.7
47.4,8.5,2012-11-01,4.18
47.4,8.5,2012-11-02,4.39
47.4,8.5,2012-11-03,3.33
47.4,8.5,2012-11-04,3.4
47.4,8.5,2012-11-05,4.49
47.4,8.5,2012-11-06,2.86
47.4,8.5,2012-11-07,3.67
47.4,8.5,2012-11-08,1.7
47.4,8.5,2012-11-09,1.73
47.4,8.5,2012-11-10,1.84
47.4,8.5,2012-11-11,1.9
47.4,8.5,2012-11-12,1.73
47.4,8.5,2012-11-13,3.4
47.4,8.5,2012-11-14,1.77
47.4,8.5,2012-11-15,1.0
47.4,8.5,2012-11-16,1.0
47.4,8.5,2012-11-17,0.85
47.4,8.5,2012-11-18,0.86
47.4,8.5,2012-11-19,1.66
47.4,8.5,2012-11-20,1.2
47.4,8.5,2012-11-21,1.84
47.4,8.5,2012-11-22,1.7
47.4,8.5,2012-11-23,0.98
47.4,8.5,2012-11-24,1.42
47.4,8.5,2012-11-25,3.16
47.4,8.5,2012-11-26,2.2
47.4,8.5,2012-11-27,1.65
47.4,8.5,2012-11-28,3.33
47.4,8.5,2012-11-29,3.28
47.4,8.5,2012-11-30,3.28
47.4,8.5,2012-12-01,3.05
47.4,8.5,2012-12-02,4.57
47.4,8.5,2012-12-03,3.92
47.4,8.5,2012-12-04,7.49
47.4,8.5,2012-12-05,3.55
47.4,8.5,2012-12-06,4.8
47.4,8.5,2012-12-07,1.53
47.4,8.5,2012-12-08,2.56
47.4,8.5,2012-12-09,4.99
47.4,8.5,2012-12-10,5.46
47.4,8.5,2012-12-11,3.18
47.4,8.5,2012-12-12,2.1
47.4,8.5,2012-12-13,1.39
47.4,8.5,2012-12-14,1.48
47.4,8.5,2012-12-15,2.27
47.4,8.5,2012-12-16,3.12
47.4,8.5,2012-12-17,4.04
47.4,8.5,2012-12-18,3.61
47.4,8.5,2012-12-19,1.98
47.4,8.5,2012-12-20,2.06
47.4,8.5,2012-12-21,3.33
47.4,8.5,2012-12-22,3.22
47.4,8.5,2012-12-23,6.64
47.4,8.5,2012-12-24,1.56
47.4,8.5,2012-12-25,2.62
47.4,8.5,2012-12-26,5.69
47.4,8.5,2012-12-27,7.43
47.4,8.5,2012-12-28,7.09
47.4,8.5,2012-12-29,1.86
47.4,8.5,2012-12-30,4.46
47.4,8.5,2012-12-31,1.79
47.4,8.5,2013-01-01,2.92
47.4,8.5,2013-01-02,1.87
47.4,8.5,2013-01-03,2.13
47.4,8.5,2013-01-04,1.84
47.4,8.5,2013-01-05,2.56
47.4,8.5,2013-01-06,2.11
47.4,8.5,2013-01-07,2.13
47.4,8.5,2013-01-08,1.73
47.4,8.5,2013-01-09,1.43
47.4,8.5,2013-01-10,3.0
47.4,8.5,2013-01-11,2.0
47.4,8.5,2013-01-12,1.77
47.4,8.5,2013-01-13,1.89
47.4,8.5,2013-01-14,2.1
47.4,8.5,2013-01-15,2.95
47.4,8.5,2013-01-16,3.21
47.4,8.5,2013-01-17,3.14
47.4,8.5,2013-01-18,2.64
47.4,8.5,2013-01-19,2.78
47.4,8.5,2013-01-20,3.04
47.4,8.5,2013-01-21,1.87
47.4,8.5,2013-01-22,3.06
47.4,8.5,2013-01-23,2.26
47.4,8.5,2013-01-24,2.83
47.4,8.5,2013-01-25,2.88
47.4,8.5,2013-01-26,2.14
47.4,8.5,2013-01-27,1.7
47.4,8.5,2013-01-28,3.0
47.4,8.5,2013-01-29,4.83
47.4,8.5,2013-01-30,6.48
47.4,8.5,2013-01-31,6.18
47.4,8.5,2013-02-01,5.26
47.4,8.5,2013-02-02,5.24
47.4,8.5,2013-02-03,4.77
47.4,8.5,2013-02-04,5.35
47.4,8.5,2013-02-05,8.01
47.4,8.5,2013-02-06,4.24
47.4,8.5,2013-02-07,3.54
47.4,8.5,2013-02-08,3.13
47.4,8.5,2013-02-09,1.97
47.4,8.5,2013-02-10,2.6
47.4,8.5,2013-02-11,2.11
47.4,8.5,2013-02-12,1.92
47.4,8.5,2013-02-13,3.19
47.4,8.5,2013-02-14,1.55
47.4,8.5,2013-02-15,3.98
47.4,8.5,2013-02-16,2.02
47.4,8.5,2013-02-17,3.4
47.4,8.5,2013-02-18,2.55
47.4,8.5,2013-02-19,2.67
47.4,8.5,2013-02-20,4.58
47.4,8.5,2013-02-21,5.49
47.4,8.5,2013-02-22,5.75
47.4,8.5,2013-02-23,3.88
47.4,8.5,2013-02-24,2.42
47.4,8.5,2013-02-25,1.86
47.4,8.5,2013-02-26,3.32
47.4,8.5,2013-02-27,3.28
47.4,8.5,2013-02-28,2.14
47.4,8.5,2013-03-01,3.19
47.4,8.5,2013-03-02,3.47
47.4,8.5,2013-03-03,2.5
47.4,8.5,2013-03-04,2.19
47.4,8.5,2013-03-05,1.92
47.4,8.5,2013-03-06,1.9
47.4,8.5,2013-03-07,2.56
47.4,8.5,2013-03-08,3.37
47.4,8.5,2013-03-09,2.41
47.4,8.5,2013-03-10,2.82
47.4,8.5,2013-03-11,3.2
47.4,8.5,2013-03-12,3.77
47.4,8.5,2013-03-13,2.94
47.4,8.5,2013-03-14,2.86
47.4,8.5,2013-03-15,2.14
47.4,8.5,2013-03-16,2.51
47.4,8.5,2013-03-17,2.73
47.4,8.5,2013-03-18,2.55
47.4,8.5,2013-03-19,4.39
47.4,8.5,2013-03-20,4.9
47.4,8.5,2013-03-21,3.45
47.4,8.5,2013-03-22,3.92
47.4,8.5,2013-03-23,2.97
47.4,8.5,2013-03-24,4.06
47.4,8.5,2013-03-25,3.06
47.4,8.5,2013-03-26,3.11
47.4,8.5,2013-03-27,2.76
47.4,8.5,2013-03-28,3.33
47.4,8.5,2013-03-29,2.95
47.4,8.5,2013-03-30,2.44
47.4,8.5,2013-03-31,3.05
47.4,8.5,2013-04-01,4.69
47.4,8.5,2013-04-02,3.4
47.4,8.5,2013-04-03,3.31
47.4,8.5,2013-04-04,3.88
47.4,8.5,2013-04-05,2.76
47.4,8.5,2013-04-06,3.41
47.4,8.5,2013-04-07,4.05
47.4,8.5,2013-04-08,2.48
47.4,8.5,2013-04-09,3.96
47.4,8.5,2013-04-10,5.56
47.4,8.5,2013-04-11,3.7
47.4,8.5,2013-04-12,6.05
47.4,8.5,2013-04-13,3.42
47.4,8.5,2013-04-14,2.15
47.4,8.5,2013-04-15,2.11
47.4,8.5,2013-04-16,2.62
47.4,8.5,2013-04-17,2.16
47.4,8.5,2013-04-18,3.35
47.4,8.5,2013-04-19,2.47
47.4,8.5,2013-04-20,5.39
47.4,8.5,2013-04-21,1.9
47.4,8.5,2013-04-22,1.56
47.4,8.5,2013-04-23,1.7
47.4,8.5,2013-04-24,1.88
47.4,8.5,2013-04-25,1.25
47.4,8.5,2013-04-26,3.83
47.4,8.5,2013-04-27,3.55
47.4,8.5,2013-04-28,2.69
47.4,8.5,2013-04-29,2.42
47.4,8.5,2013-04-30,3.84
47.4,8.5,2013-05-01,3.23
47.4,8.5,2013-05-02,2.97
47.4,8.5,2013-05-03,3.09
47.4,8.5,2013-05-04,3.23
47.4,8.5,2013-05-05,4.56
47.4,8.5,2013-05-06,2.82
47.4,8.5,2013-05-07,2.62
47.4,8.5,2013-05-08,2.42
47.4,8.5,2013-05-09,2.3
47.4,8.5,2013-05-10,3.05
47.4,8.5,2013-05-11,3.2
47.4,8.5,2013-05-12,4.5
47.4,8.5,2013-05-13,5.0
47.4,8.5,2013-05-14,2.09
47.4,8.5,2013-05-15,3.26
47.4,8.5,2013-05-16,4.03
47.4,8.5,2013-05-17,3.11
47.4,8.5,2013-05-18,3.7
47.4,8.5,2013-05-19,4.41
47.4,8.5,2013-05-20,4.22
47.4,8.5,2013-05-21,2.95
47.4,8.5,2013-05-22,4.34
47.4,8.5,2013-05-23,5.87
47.4,8.5,2013-05-24,2.15
47.4,8.5,2013-05-25,2.62
47.4,8.5,2013-05-26,7.23
47.4,8.5,2013-05-27,3.31
47.4,8.5,2013-05-28,5.73
47.4,8.5,2013-05-29,4.7
47.4,8.5,2013-05-30,2.69
47.4,8.5,2013-05-31,6.31
47.4,8.5,2013-06-01,4.61
47.4,8.5,2013-06-02,3.14
47.4,8.5,2013-06-03,4.81
47.4,8.5,2013-06-04,4.78
47.4,8.5,2013-06-05,2.69
47.4,8.5,2013-06-06,2.59
47.4,8.5,2013-06-07,2.47
47.4,8.5,2013-06-08,2.88
47.4,8.5,2013-06-09,3.51
47.4,8.5,2013-06-10,4.55
47.4,8.5,2013-06-11,1.8
47.4,8.5,2013-06-12,1.41
47.4,8.5,2013-06-13,6.17
47.4,8.5,2013-06-14,3.45
47.4,8.5,2013-06-15,3.49
47.4,8.5,2013-06-16,2.3
47.4,8.5,2013-06-17,2.97
47.4,8.5,2013-06-18,4.1
47.4,8.5,2013-06-19,2.04
47.4,8.5,2013-06-20,5.48
47.4,8.5,2013-06-21,2.72
47.4,8.5,2013-06-22,2.35
47.4,8.5,2013-06-23,4.6
47.4,8.5,2013-06-24,3.41
47.4,8.5,2013-06-25,2.55
47.4,8.5,2013-06-26,1.84
47.4,8.5,2013-06-27,2.72
47.4,8.5,2013-06-28,2.21
47.4,8.5,2013-06-29,4.16
47.4,8.5,2013-06-30,1.33
47.4,8.5,2013-07-01,1.8
47.4,8.5,2013-07-02,2.11
47.4,8.5,2013-07-03,3.11
47.4,8.5,2013-07-04,2.02
47.4,8.5,2013-07-05,2.88
47.4,8.5,2013-07-06,4.19
47.4,8.5,2013-07-07,5.05
47.4,8.5,2013-07-08,4.94
47.4,8.5,2013-07-09,3.77
47.4,8.5,2013-07-10,3.3
47.4,8.5,2013-07-11,4.1
47.4,8.5,2013-07-12,3.5
47.4,8.5,2013-07-13,2.78
47.4,8.5,2013-07-14,2.91
47.4,8.5,2013-07-15,2.78
47.4,8.5,2013-07-16,3.22
47.4,8.5,2013-07-17,2.42
47.4,8.5,2013-07-18,4.34
47.4,8.5,2013-07-19,3.57
47.4,8.5,2013-07-20,2.98
47.4,8.5,2013-07-21,2.37
47.4,8.5,2013-07-22,2.47
47.4,8.5,2013-07-23,2.53
47.4,8.5,2013-07-24,3.1
47.4,8.5,2013-07-25,2.75
47.4,8.5,2013-07-26,2.01
47.4,8.5,2013-07-27,3.35
47.4,8.5,2013-07-28,6.52
47.4,8.5,2013-07-29,4.56
47.4,8.5,2013-07-30,3.61
47.4,8.5,2013-07-31,3.29
47.4,8.5,2013-08-01,1.5
47.4,8.5,2013-08-02,1.65
47.4,8.5,2013-08-03,2.95
47.4,8.5,2013-08-04,2.94
47.4,8.5,2013-08-05,2.6
47.4,8.5,2013-08-06,3.44
47.4,8.5,2013-08-07,3.32
47.4,8.5,2013-08-08,1.62
47.4,8.5,2013-08-09,1.87
47.4,8.5,2013-08-10,1.91
47.4,8.5,2013-08-11,2.6
47.4,8.5,2013-08-12,3.01
47.4,8.5,2013-08-13,2.75
47.4,8.5,2013-08-14,2.5
47.4,8.5,2013-08-15,2.64
47.4,8.5,2013-08-16,1.9
47.4,8.5,2013-08-17,1.98
47.4,8.5,2013-08-18,2.8
47.4,8.5,2013-08-19,4.5
47.4,8.5,2013-08-20,3.23
47.4,8.5,2013-08-21,3.4
47.4,8.5,2013-08-22,2.97
47.4,8.5,2013-08-23,1.73
47.4,8.5,2013-08-24,2.53
47.4,8.5,2013-08-25,3.3
47.4,8.5,2013-08-26,1.97
47.4,8.5,2013-08-27,1.61
47.4,8.5,2013-08-28,1.71
47.4,8.5,2013-08-29,2.38
47.4,8.5,2013-08-30,1.8
47.4,8.5,2013-08-31,2.57
47.4,8.5,2013-09-01,2.9
47.4,8.5,2013-09-02,1.61
47.4,8.5,2013-09-03,2.75
47.4,8.5,2013-09-04,2.19
47.4,8.5,2013-09-05,1.71
47.4,8.5,2013-09-06,1.89
47.4,8.5,2013-09-07,2.67
47.4,8.5,2013-09-08,3.1
47.4,8.5,2013-09-09,3.4
47.4,8.5,2013-09-10,3.77
47.4,8.5,2013-09-11,5.72
47.4,8.5,2013-09-12,4.49
47.4,8.5,2013-09-13,2.64
47.4,8.5,2013-09-14,3.04
47.4,8.5,2013-09-15,4.21
47.4,8.5,2013-09-16,3.8
47.4,8.5,2013-09-17,5.22
47.4,8.5,2013-09-18,7.43
47.4,8.5,2013-09-19,3.4
47.4,8.5,2013-09-20,3.3
47.4,8.5,2013-09-21,1.91
47.4,8.5,2013-09-22,1.08
47.4,8.5,2013-09-23,2.64
47.4,8.5,2013-09-24,1.3
47.4,8.5,2013-09-25,3.27
47.4,8.5,2013-09-26,2.44
47.4,8.5,2013-09-27,1.89
47.4,8.5,2013-09-28,2.64
47.4,8.5,2013-09-29,3.72
47.4,8.5,2013-09-30,1.92
47.4,8.5,2013-10-01,2.06
47.4,8.5,2013-10-02,2.83
47.4,8.5,2013-10-03,2.19
47.4,8.5,2013-10-04,1.78
47.4,8.5,2013-10-05,4.61
47.4,8.5,2013-10-06,3.72
47.4,8.5,2013-10-07,3.3
47.4,8.5,2013-10-08,1.27
47.4,8.5,2013-10-09,2.48
47.4,8.5,2013-10-10,4.84
47.4,8.5,2013-10-11,1.97
47.4,8.5,2013-10-12,2.78
47.4,8.5,2013-10-13,2.57
47.4,8.5,2013-10-14,2.38
47.4,8.5,2013-10-15,4.3
47.4,8.5,2013-10-16,2.84
47.4,8.5,2013-10-17,4.41
47.4,8.5,2013-10-18,3.26
47.4,8.5,2013-10-19,2.24
47.4,8.5,2013-10-20,2.21
47.4,8.5,2013-10-21,1.7
47.4,8.5,2013-10-22,2.21
47.4,8.5,2013-10-23,1.9
47.4,8.5,2013-10-24,1.88
47.4,8.5,2013-10-25,1.66
47.4,8.5,2013-10-26,1.26
47.4,8.5,2013-10-27,5.34
47.4,8.5,2013-10-28,4.63
47.4,8.5,2013-10-29,3.39
47.4,8.5,2013-10-30,2.14
47.4,8.5,2013-10-31,2.06
47.4,8.5,2013-11-01,0.72
47.4,8.5,2013-11-02,3.94
47.4,8.5,2013-11-03,5.92
47.4,8.5,2013-11-04,3.55
47.4,8.5,2013-11-05,6.49
47.4,8.5,2013-11-06,6.2
47.4,8.5,2013-11-07,4.44
47.4,8.5,2013-11-08,4.66
47.4,8.5,2013-11-09,4.67
47.4,8.5,2013-11-10,7.68
47.4,8.5,2013-11-11,4.05
47.4,8.5,2013-11-12,3.08
47.4,8.5,2013-11-13,3.83
47.4,8.5,2013-11-14,2.95
47.4,8.5,2013-11-15,5.66
47.4,8.5,2013-11-16,3.14
47.4,8.5,2013-11-17,1.91
47.4,8.5,2013-11-18,1.52
47.4,8.5,2013-11-19,2.06
47.4,8.5,2013-11-20,2.13
47.4,8.5,2013-11-21,2.75
47.4,8.5,2013-11-22,1.84
47.4,8.5,2013-11-23,3.86
47.4,8.5,2013-11-24,4.21
47.4,8.5,2013-11-25,4.41
47.4,8.5,2013-11-26,3.81
47.4,8.5,2013-11-27,3.67
47.4,8.5,2013-11-28,1.79
47.4,8.5,2013-11-29,3.47
47.4,8.5,2013-11-30,3.66
47.4,8.5,2013-12-01,3.94
47.4,8.5,2013-12-02,5.22
47.4,8.5,2013-12-03,1.06
47.4,8.5,2013-12-04,2.01
47.4,8.5,2013-12-05,6.29
47.4,8.5,2013-12-06,6.2
47.4,8.5,2013-12-07,3.8
47.4,8.5,2013-12-08,1.0
47.4,8.5,2013-12-09,1.14
47.4,8.5,2013-12-10,1.57
47.4,8.5,2013-12-11,1.14
47.4,8.5,2013-12-12,0.9
47.4,8.5,2013-12-13,1.27
47.4,8.5,2013-12-14,2.34
47.4,8.5,2013-12-15,1.22
47.4,8.5,2013-12-16,0.76
47.4,8.5,2013-12-17,0.61
47.4,8.5,2013-12-18,1.39
47.4,8.5,2013-12-19,1.8
47.4,8.5,2013-12-20,3.0
47.4,8.5,2013-12-21,1.2
47.4,8.5,2013-12-22,2.34
47.4,8.5,2013-12-23,2.33
47.4,8.5,2013-12-24,2.22
47.4,8.5,2013-12-25,2.62
47.4,8.5,2013-12-26,3.62
47.4,8.5,2013-12-27,2.06
47.4,8.5,2013-12-28,3.58
47.4,8.5,2013-12-29,3.76
47.4,8.5,2013-12-30,1.36
47.4,8.5,2013-12-31,1.46
47.4,8.5,2014-01-01,1.61
47.4,8.5,2014-01-02,2.31
47.4,8.5,2014-01-03,2.67
47.4,8.5,2014-01-04,2.77
47.4,8.5,2014-01-05,4.97
47.4,8.5,2014-01-06,1.56
47.4,8.5,2014-01-07,1.39
47.4,8.5,2014-01-08,1.62
47.4,8.5,2014-01-09,3.75
47.4,8.5,2014-01-10,3.2
47.4,8.5,2014-01-11,2.3
47.4,8.5,2014-01-12,2.14
47.4,8.5,2014-01-13,1.43
47.4,8.5,2014-01-14,2.77
47.4,8.5,2014-01-15,2.16
47.4,8.5,2014-01-16,1.66
47.4,8.5,2014-01-17,1.64
47.4,8.5,2014-01-18,2.5
47.4,8.5,2014-01-19,1.6
47.4,8.5,2014-01-20,2.75
47.4,8.5,2014-01-21,3.04
47.4,8.5,2014-01-22,2.01
47.4,8.5,2014-01-23,3.72
47.4,8.5,2014-01-24,4.46
47.4,8.5,2014-01-25,3.19
47.4,8.5,2014-01-26,6.2
47.4,8.5,2014-01-27,3.77
47.4,8.5,2014-01-28,2.2
47.4,8.5,2014-01-29,2.5
47.4,8.5,2014-01-30,2.91
47.4,8.5,2014-01-31,0.71
47.4,8.5,2014-02-01,2.48
47.4,8.5,2014-02-02,2.16
47.4,8.5,2014-02-03,3.41
47.4,8.5,2014-02-04,1.64
47.4,8.5,2014-02-05,2.87
47.4,8.5,2014-02-06,2.02
47.4,8.5,2014-02-07,3.38
47.4,8.5,2014-02-08,2.2
47.4,8.5,2014-02-09,5.86
47.4,8.5,2014-02-10,3.48
47.4,8.5,2014-02-11,3.92
47.4,8.5,2014-02-12,3.28
47.4,8.5,2014-02-13,6.0
47.4,8.5,2014-02-14,3.44
47.4,8.5,2014-02-15,3.42
47.4,8.5,2014-02-16,3.47
47.4,8.5,2014-02-17,1.8
47.4,8.5,2014-02-18,1.58
47.4,8.5,2014-02-19,2.22
47.4,8.5,2014-02-20,1.42
47.4,8.5,2014-02-21,4.17
47.4,8.5,2014-02-22,3.77
47.4,8.5,2014-02-23,2.08
47.4,8.5,2014-02-24,1.14
47.4,8.5,2014-02-25,1.71
47.4,8.5,2014-02-26,3.33
47.4,8.5,2014-02-27,2.86
47.4,8.5,2014-02-28,2.83
47.4,8.5,2014-03-01,1.41
47.4,8.5,2014-03-02,2.26
47.4,8.5,2014-03-03,4.08
47.4,8.5,2014-03-04,1.84
47.4,8.5,2014-03-05,2.33
47.4,8.5,2014-03-06,4.75
47.4,8.5,2014-03-07,1.99
47.4,8.5,2014-03-08,4.65
47.4,8.5,2014-03-09,2.28
47.4,8.5,2014-03-10,2.76
47.4,8.5,2014-03-11,4.7
47.4,8.5,2014-03-12,2.62
47.4,8.5,2014-03-13,0.98
47.4,8.5,2014-03-14,2.28
47.4,8.5,2014-03-15,6.6
47.4,8.5,2014-03-16,4.56
47.4,8.5,2014-03-17,2.44
47.4,8.5,2014-03-18,4.14
47.4,8.5,2014-03-19,4.37
47.4,8.5,2014-03-20,2.69
47.4,8.5,2014-03-21,3.76
47.4,8.5,2014-03-22,4.37
47.4,8.5,2014-03-23,2.63
47.4,8.5,2014-03-24,2.84
47.4,8.5,2014-03-25,2.19
47.4,8.5,2014-03-26,2.88
47.4,8.5,2014-03-27,1.99
47.4,8.5,2014-03-28,2.38
47.4,8.5,2014-03-29,2.47
47.4,8.5,2014-03-30,1.39
47.4,8.5,2014-03-31,1.61
47.4,8.5,2014-04-01,1.7
47.4,8.5,2014-04-02,1.71
47.4,8.5,2014-04-03,1.84
47.4,8.5,2014-04-04,2.15
47.4,8.5,2014-04-05,2.42
47.4,8.5,2014-04-06,1.49
47.4,8.5,2014-04-07,2.47
47.4,8.5,2014-04-08,4.95
47.4,8.5,2014-04-09,2.2
47.4,8.5,2014-04-10,2.35
47.4,8.5,2014-04-11,2.06
47.4,8.5,2014-04-12,2.83
47.4,8.5,2014-04-13,2.71
47.4,8.5,2014-04-14,6.04
47.4,8.5,2014-04-15,2.96
47.4,8.5,2014-04-16,5.61
47.4,8.5,2014-04-17,3.2
47.4,8.5,2014-04-18,4.65
47.4,8.5,2014-04-19,4.07
47.4,8.5,2014-04-20,2.16
47.4,8.5,2014-04-21,2.31
47.4,8.5,2014-04-22,1.66
47.4,8.5,2014-04-23,3.32
47.4,8.5,2014-04-24,3.62
47.4,8.5,2014-04-25,3.47
47.4,8.5,2014-04-26,4.32
47.4,8.5,2014-04-27,5.24
47.4,8.5,2014-04-28,2.88
47.4,8.5,2014-04-29,2.4
47.4,8.5,2014-04-30,3.67
47.4,8.5,2014-05-01,2.86
47.4,8.5,2014-05-02,2.01
47.4,8.5,2014-05-03,4.42
47.4,8.5,2014-05-04,5.01
47.4,8.5,2014-05-05,2.13
47.4,8.5,2014-05-06,3.65
47.4,8.5,2014-05-07,4.61
47.4,8.5,2014-05-08,4.3
47.4,8.5,2014-05-09,4.56
47.4,8.5,2014-05-10,4.59
47.4,8.5,2014-05-11,6.92
47.4,8.5,2014-05-12,5.02
47.4,8.5,2014-05-13,3.48
47.4,8.5,2014-05-14,2.4
47.4,8.5,2014-05-15,4.17
47.4,8.5,2014-05-16,6.13
47.4,8.5,2014-05-17,5.01
47.4,8.5,2014-05-18,1.53
47.4,8.5,2014-05-19,2.78
47.4,8.5,2014-05-20,2.5
47.4,8.5,2014-05-21,2.73
47.4,8.5,2014-05-22,4.34
47.4,8.5,2014-05-23,4.04
47.4,8.5,2014-05-24,4.0
47.4,8.5,2014-05-25,3.86
47.4,8.5,2014-05-26,3.5
47.4,8.5,2014-05-27,4.59
47.4,8.5,2014-05-28,2.21
47.4,8.5,2014-05-29,2.15
47.4,8.5,2014-05-30,3.64
47.4,8.5,2014-05-31,3.44
47.4,8.5,2014-06-01,1.84
47.4,8.5,2014-06-02,2.2
47.4,8.5,2014-06-03,1.39
47.4,8.5,2014-06-04,4.07
47.4,8.5,2014-06-05,3.41
47.4,8.5,2014-06-06,1.73
47.4,8.5,2014-06-07,1.8
47.4,8.5,2014-06-08,1.4
47.4,8.5,2014-06-09,2.34
47.4,8.5,2014-06-10,2.28
47.4,8.5,2014-06-11,2.69
47.4,8.5,2014-06-12,3.64
47.4,8.5,2014-06-13,2.31
47.4,8.5,2014-06-14,4.49
47.4,8.5,2014-06-15,5.16
47.4,8.5,2014-06-16,4.34
47.4,8.5,2014-06-17,4.48
47.4,8.5,2014-06-18,4.56
47.4,8.5,2014-06-19,2.51
47.4,8.5,2014-06-20,3.26
47.4,8.5,2014-06-21,2.64
47.4,8.5,2014-06-22,2.82
47.4,8.5,2014-06-23,2.56
47.4,8.5,2014-06-24,2.51
47.4,8.5,2014-06-25,2.65
47.4,8.5,2014-06-26,2.13
47.4,8.5,2014-06-27,2.72
47.4,8.5,2014-06-28,2.24
47.4,8.5,2014-06-29,4.9
47.4,8.5,2014-06-30,3.58
47.4,8.5,2014-07-01,2.15
47.4,8.5,2014-07-02,1.84
47.4,8.5,2014-07-03,2.06
47.4,8.5,2014-07-04,3.76
47.4,8.5,2014-07-05,2.97
47.4,8.5,2014-07-06,3.8
47.4,8.5,2014-07-07,3.11
47.4,8.5,2014-07-08,5.19
47.4,8.5,2014-07-09,4.34
47.4,8.5,2014-07-10,3.92
47.4,8.5,2014-07-11,3.04
47.4,8.5,2014-07-12,2.79
47.4,8.5,2014-07-13,3.54
47.4,8.5,2014-07-14,3.32
47.4,8.5,2014-07-15,1.14
47.4,8.5,2014-07-16,2.28
47.4,8.5,2014-07-17,2.04
47.4,8.5,2014-07-18,2.75
47.4,8.5,2014-07-19,2.31
47.4,8.5,2014-07-20,4.02
47.4,8.5,2014-07-21,3.4
47.4,8.5,2014-07-22,3.42
47.4,8.5,2014-07-23,5.33
47.4,8.5,2014-07-24,3.08
47.4,8.5,2014-07-25,1.39
47.4,8.5,2014-07-26,2.43
47.4,8.5,2014-07-27,2.01
47.4,8.5,2014-07-28,3.91
47.4,8.5,2014-07-29,2.02
47.4,8.5,2014-07-30,2.91
47.4,8.5,2014-07-31,3.35
47.4,8.5,2014-08-01,2.6
47.4,8.5,2014-08-02,2.16
47.4,8.5,2014-08-03,3.04
47.4,8.5,2014-08-04,2.41
47.4,8.5,2014-08-05,2.55
47.4,8.5,2014-08-06,1.86
47.4,8.5,2014-08-07,1.5
47.4,8.5,2014-08-08,2.2
47.4,8.5,2014-08-09,4.16
47.4,8.5,2014-08-10,2.7
47.4,8.5,2014-08-11,3.08
47.4,8.5,2014-08-12,2.58
47.4,8.5,2014-08-13,8.08
47.4,8.5,2014-08-14,3.74
47.4,8.5,2014-08-15,3.64
47.4,8.5,2014-08-16,2.83
47.4,8.5,2014-08-17,3.77
47.4,8.5,2014-08-18,4.4
47.4,8.5,2014-08-19,2.92
47.4,8.5,2014-08-20,1.7
47.4,8.5,2014-08-21,1.62
47.4,8.5,2014-08-22,2.2
47.4,8.5,2014-08-23,3.74
47.4,8.5,2014-08-24,2.2
47.4,8.5,2014-08-25,2.44
47.4,8.5,2014-08-26,3.82
47.4,8.5,2014-08-27,3.23
47.4,8.5,2014-08-28,1.75
47.4,8.5,2014-08-29,2.04
47.4,8.5,2014-08-30,1.43
47.4,8.5,2014-08-31,4.29
47.4,8.5,2014-09-01,2.42
47.4,8.5,2014-09-02,3.61
47.4,8.5,2014-09-03,5.15
47.4,8.5,2014-09-04,2.11
47.4,8.5,2014-09-05,1.5
47.4,8.5,2014-09-06,1.52
47.4,8.5,2014-09-07,1.75
47.4,8.5,2014-09-08,1.28
47.4,8.5,2014-09-09,1.87
47.4,8.5,2014-09-10,2.7
47.4,8.5,2014-09-11,2.78
47.4,8.5,2014-09-12,2.33
47.4,8.5,2014-09-13,3.34
47.4,8.5,2014-09-14,3.71
47.4,8.5,2014-09-15,2.15
47.4,8.5,2014-09-16,2.2
47.4,8.5,2014-09-17,2.14
47.4,8.5,2014-09-18,1.94
47.4,8.5,2014-09-19,2.24
47.4,8.5,2014-09-20,2.6
47.4,8.5,2014-09-21,3.51
47.4,8.5,2014-09-22,4.53
47.4,8.5,2014-09-23,4.55
47.4,8.5,2014-09-24,3.55
47.4,8.5,2014-09-25,2.77
47.4,8.5,2014-09-26,1.0
47.4,8.5,2014-09-27,3.26
47.4,8.5,2014-09-28,1.22
47.4,8.5,2014-09-29,1.49
47.4,8.5,2014-09-30,1.35
47.4,8.5,2014-10-01,1.51
47.4,8.5,2014-10-02,3.58
47.4,8.5,2014-10-03,2.47
47.4,8.5,2014-10-04,1.21
47.4,8.5,2014-10-05,1.64
47.4,8.5,2014-10-06,1.41
47.4,8.5,2014-10-07,2.38
47.4,8.5,2014-10-08,2.04
47.4,8.5,2014-10-09,2.7
47.4,8.5,2014-10-10,2.36
47.4,8.5,2014-10-11,1.61
47.4,8.5,2014-10-12,3.47
47.4,8.5,2014-10-13,2.61
47.4,8.5,2014-10-14,1.81
47.4,8.5,2014-10-15,1.84
47.4,8.5,2014-10-16,2.26
47.4,8.5,2014-10-17,5.66
47.4,8.5,2014-10-18,1.34
47.4,8.5,2014-10-19,2.42
47.4,8.5,2014-10-20,2.47
47.4,8.5,2014-10-21,8.23
47.4,8.5,2014-10-22,5.48
47.4,8.5,2014-10-23,4.34
47.4,8.5,2014-10-24,2.64
47.4,8.5,2014-10-25,1.0
47.4,8.5,2014-10-26,2.42
47.4,8.5,2014-10-27,1.86
47.4,8.5,2014-10-28,1.12
47.4,8.5,2014-10-29,2.55
47.4,8.5,2014-10-30,1.86
47.4,8.5,2014-10-31,1.92
47.4,8.5,2014-11-01,0.63
47.4,8.5,2014-11-02,1.34
47.4,8.5,2014-11-03,1.79
47.4,8.5,2014-11-04,3.13
47.4,8.5,2014-11-05,3.55
47.4,8.5,2014-11-06,1.08
47.4,8.5,2014-11-07,2.0
47.4,8.5,2014-11-08,2.79
47.4,8.5,2014-11-09,1.98
47.4,8.5,2014-11-10,1.39
47.4,8.5,2014-11-11,2.14
47.4,8.5,2014-11-12,1.63
47.4,8.5,2014-11-13,1.71
47.4,8.5,2014-11-14,2.13
47.4,8.5,2014-11-15,4.66
47.4,8.5,2014-11-16,4.3
47.4,8.5,2014-11-17,1.7
47.4,8.5,2014-11-18,2.44
47.4,8.5,2014-11-19,2.0
47.4,8.5,2014-11-20,1.93
47.4,8.5,2014-11-21,1.56
47.4,8.5,2014-11-22,1.21
47.4,8.5,2014-11-23,1.3
47.4,8.5,2014-11-24,2.42
47.4,8.5,2014-11-25,2.69
47.4,8.5,2014-11-26,1.66
47.4,8.5,2014-11-27,2.01
47.4,8.5,2014-11-28,3.19
47.4,8.5,2014-11-29,2.3
47.4,8.5,2014-11-30,1.93
47.4,8.5,2014-12-01,3.02
47.4,8.5,2014-12-02,1.36
47.4,8.5,2014-12-03,2.86
47.4,8.5,2014-12-04,2.26
47.4,8.5,2014-12-05,1.5
47.4,8.5,2014-12-06,2.84
47.4,8.5,2014-12-07,2.42
47.4,8.5,2014-12-08,2.3
47.4,8.5,2014-12-09,1.77
47.4,8.5,2014-12-10,2.48
47.4,8.5,2014-12-11,6.45
47.4,8.5,2014-12-12,2.94
47.4,8.5,2014-12-13,1.66
47.4,8.5,2014-12-14,1.62
47.4,8.5,2014-12-15,1.66
47.4,8.5,2014-12-16,1.56
47.4,8.5,2014-12-17,3.69
47.4,8.5,2014-12-18,4.34
47.4,8.5,2014-12-19,5.83
47.4,8.5,2014-12-20,4.88
47.4,8.5,2014-12-21,2.98
47.4,8.5,2014-12-22,2.83
47.4,8.5,2014-12-23,1.9
47.4,8.5,2014-12-24,2.7
47.4,8.5,2014-12-25,2.95
47.4,8.5,2014-12-26,3.26
47.4,8.5,2014-12-27,6.34
47.4,8.5,2014-12-28,4.89
47.4,8.5,2014-12-29,3.52
47.4,8.5,2014-12-30,2.53
47.4,8.5,2014-12-31,2.64
47.4,8.5,2015-01-01,2.52
47.4,8.5,2015-01-02,2.79
47.4,8.5,2015-01-03,7.22
47.4,8.5,2015-01-04,5.15
47.4,8.5,2015-01-05,1.1
47.4,8.5,2015-01-06,1.82
47.4,8.5,2015-01-07,1.7
47.4,8.5,2015-01-08,5.61
47.4,8.5,2015-01-09,8.47
47.4,8.5,2015-01-10,6.89
47.4,8.5,2015-01-11,5.98
47.4,8.5,2015-01-12,3.58
47.4,8.5,2015-01-13,2.38
47.4,8.5,2015-01-14,5.13
47.4,8.5,2015-01-15,1.36
47.4,8.5,2015-01-16,3.26
47.4,8.5,2015-01-17,2.55
47.4,8.5,2015-01-18,1.49
47.4,8.5,2015-01-19,1.08
47.4,8.5,2015-01-20,2.06
47.4,8.5,2015-01-21,2.28
47.4,8.5,2015-01-22,1.75
47.4,8.5,2015-01-23,2.13
47.4,8.5,2015-01-24,2.8
47.4,8.5,2015-01-25,2.94
47.4,8.5,2015-01-26,2.92
47.4,8.5,2015-01-27,3.23
47.4,8.5,2015-01-28,3.4
47.4,8.5,2015-01-29,3.18
47.4,8.5,2015-01-30,6.75
47.4,8.5,2015-01-31,2.66
47.4,8.5,2015-02-01,4.37
47.4,8.5,2015-02-02,5.1
47.4,8.5,2015-02-03,3.06
47.4,8.5,2015-02-04,4.4
47.4,8.5,2015-02-05,5.96
47.4,8.5,2015-02-06,7.48
47.4,8.5,2015-02-07,5.73
47.4,8.5,2015-02-08,2.6
47.4,8.5,2015-02-09,1.66
47.4,8.5,2015-02-10,3.02
47.4,8.5,2015-02-11,2.25
47.4,8.5,2015-02-12,0.71
47.4,8.5,2015-02-13,1.5
47.4,8.5,2015-02-14,2.33
47.4,8.5,2015-02-15,1.86
47.4,8.5,2015-02-16,1.66
47.4,8.5,2015-02-17,2.55
47.4,8.5,2015-02-18,3.5
47.4,8.5,2015-02-19,1.17
47.4,8.5,2015-02-20,2.2
47.4,8.5,2015-02-21,3.14
47.4,8.5,2015-02-22,1.78
47.4,8.5,2015-02-23,2.27
47.4,8.5,2015-02-24,3.3
47.4,8.5,2015-02-25,1.63
47.4,8.5,2015-02-26,1.91
47.4,8.5,2015-02-27,3.86
47.4,8.5,2015-02-28,2.39
47.4,8.5,2015-03-01,3.26
47.4,8.5,2015-03-02,6.11
47.4,8.5,2015-03-03,3.45
47.4,8.5,2015-03-04,3.21
47.4,8.5,2015-03-05,4.07
47.4,8.5,2015-03-06,2.69
47.4,8.5,2015-03-07,1.98
47.4,8.5,2015-03-08,2.27
47.4,8.5,2015-03-09,2.1
47.4,8.5,2015-03-10,2.09
47.4,8.5,2015-03-11,2.83
47.4,8.5,2015-03-12,5.02
47.4,8.5,2015-03-13,3.24
47.4,8.5,2015-03-14,3.16
47.4,8.5,2015-03-15,3.91
47.4,8.5,2015-03-16,2.02
47.4,8.5,2015-03-17,1.63
47.4,8.5,2015-03-18,2.21
47.4,8.5,2015-03-19,2.78
47.4,8.5,2015-03-20,2.48
47.4,8.5,2015-03-21,2.91
47.4,8.5,2015-03-22,6.24
47.4,8.5,2015-03-23,1.78
47.4,8.5,2015-03-24,1.79
47.4,8.5,2015-03-25,4.13
47.4,8.5,2015-03-26,2.73
47.4,8.5,2015-03-27,4.22
47.4,8.5,2015-03-28,3.34
47.4,8.5,2015-03-29,7.34
47.4,8.5,2015-03-30,7.18
47.4,8.5,2015-03-31,9.71
47.4,8.5,2015-04-01,6.61
47.4,8.5,2015-04-02,7.43
47.4,8.5,2015-04-03,2.18
47.4,8.5,2015-04-04,4.13
47.4,8.5,2015-04-05,5.8
47.4,8.5,2015-04-06,3.14
47.4,8.5,2015-04-07,4.25
47.4,8.5,2015-04-08,2.68
47.4,8.5,2015-04-09,2.25
47.4,8.5,2015-04-10,2.33
47.4,8.5,2015-04-11,3.95
47.4,8.5,2015-04-12,1.3
47.4,8.5,2015-04-13,3.22
47.4,8.5,2015-04-14,1.26
47.4,8.5,2015-04-15,2.44
47.4,8.5,2015-04-16,2.77
47.4,8.5,2015-04-17,3.42
47.4,8.5,2015-04-18,5.55
47.4,8.5,2015-04-19,4.13
47.4,8.5,2015-04-20,3.58
47.4,8.5,2015-04-21,4.16
47.4,8.5,2015-04-22,3.2
47.4,8.5,2015-04-23,2.88
47.4,8.5,2015-04-24,2.01
47.4,8.5,2015-04-25,3.45
47.4,8.5,2015-04-26,1.7
47.4,8.5,2015-04-27,2.72
47.4,8.5,2015-04-28,4.44
47.4,8.5,2015-04-29,3.05
47.4,8.5,2015-04-30,2.96
47.4,8.5,2015-05-01,3.38
47.4,8.5,2015-05-02,2.62
47.4,8.5,2015-05-03,2.4
47.4,8.5,2015-05-04,2.1
47.4,8.5,2015-05-05,4.2
47.4,8.5,2015-05-06,3.14
47.4,8.5,2015-05-07,2.15
47.4,8.5,2015-05-08,4.44
47.4,8.5,2015-05-09,3.77
47.4,8.5,2015-05-10,2.35
47.4,8.5,2015-05-11,2.11
47.4,8.5,2015-05-12,3.62
47.4,8.5,2015-05-13,2.6
47.4,8.5,2015-05-14,5.2
47.4,8.5,2015-05-15,5.2
47.4,8.5,2015-05-16,2.11
47.4,8.5,2015-05-17,1.53
47.4,8.5,2015-05-18,2.4
47.4,8.5,2015-05-19,3.9
47.4,8.5,2015-05-20,3.98
47.4,8.5,2015-05-21,2.5
47.4,8.5,2015-05-22,4.58
47.4,8.5,2015-05-23,4.24
47.4,8.5,2015-05-24,3.94
47.4,8.5,2015-05-25,2.7
47.4,8.5,2015-05-26,3.31
47.4,8.5,2015-05-27,1.8
47.4,8.5,2015-05-28,2.88
47.4,8.5,2015-05-29,3.76
47.4,8.5,2015-05-30,4.42
47.4,8.5,2015-05-31,1.61
47.4,8.5,2015-06-01,3.52
47.4,8.5,2015-06-02,2.92
47.4,8.5,2015-06-03,2.52
47.4,8.5,2015-06-04,3.04
47.4,8.5,2015-06-05,3.89
47.4,8.5,2015-06-06,3.05
47.4,8.5,2015-06-07,2.9
47.4,8.5,2015-06-08,4.18
47.4,8.5,2015-06-09,4.48
47.4,8.5,2015-06-10,3.62
47.4,8.5,2015-06-11,2.77
47.4,8.5,2015-06-12,3.71
47.4,8.5,2015-06-13,3.45
47.4,8.5,2015-06-14,2.58
47.4,8.5,2015-06-15,2.15
47.4,8.5,2015-06-16,3.62
47.4,8.5,2015-06-17,2.66
47.4,8.5,2015-06-18,4.79
47.4,8.5,2015-06-19,3.7
47.4,8.5,2015-06-20,2.37
47.4,8.5,2015-06-21,2.92
47.4,8.5,2015-06-22,3.91
47.4,8.5,2015-06-23,3.91
47.4,8.5,2015-06-24,2.51
47.4,8.5,2015-06-25,1.35
47.4,8.5,2015-06-26,1.62
47.4,8.5,2015-06-27,4.0
47.4,8.5,2015-06-28,1.62
47.4,8.5,2015-06-29,1.3
47.4,8.5,2015-06-30,3.13
47.4,8.5,2015-07-01,2.02
47.4,8.5,2015-07-02,2.93
47.4,8.5,2015-07-03,3.5
47.4,8.5,2015-07-04,1.93
47.4,8.5,2015-07-05,2.95
47.4,8.5,2015-07-06,2.06
47.4,8.5,2015-07-07,3.55
47.4,8.5,2015-07-08,4.2
47.4,8.5,2015-07-09,3.91
47.4,8.5,2015-07-10,3.16
47.4,8.5,2015-07-11,4.32
47.4,8.5,2015-07-12,2.91
47.4,8.5,2015-07-13,3.3
47.4,8.5,2015-07-14,2.9
47.4,8.5,2015-07-15,2.31
47.4,8.5,2015-07-16,1.92
47.4,8.5,2015-07-17,2.48
47.4,8.5,2015-07-18,4.11
47.4,8.5,2015-07-19,3.47
47.4,8.5,2015-07-20,1.49
47.4,8.5,2015-07-21,1.41
47.4,8.5,2015-07-22,3.44
47.4,8.5,2015-07-23,2.83
47.4,8.5,2015-07-24,2.48
47.4,8.5,2015-07-25,6.6
47.4,8.5,2015-07-26,2.97
47.4,8.5,2015-07-27,6.86
47.4,8.5,2015-07-28,5.16
47.4,8.5,2015-07-29,3.31
47.4,8.5,2015-07-30,1.9
47.4,8.5,2015-07-31,4.12
47.4,8.5,2015-08-01,2.5
47.4,8.5,2015-08-02,3.45
47.4,8.5,2015-08-03,2.22
47.4,8.5,2015-08-04,4.44
47.4,8.5,2015-08-05,3.13
47.4,8.5,2015-08-06,1.36
47.4,8.5,2015-08-07,1.79
47.4,8.5,2015-08-08,3.44
47.4,8.5,2015-08-09,4.0
47.4,8.5,2015-08-10,1.93
47.4,8.5,2015-08-11,2.44
47.4,8.5,2015-08-12,2.38
47.4,8.5,2015-08-13,5.37
47.4,8.5,2015-08-14,3.22
47.4,8.5,2015-08-15,3.61
47.4,8.5,2015-08-16,2.98
47.4,8.5,2015-08-17,2.44
47.4,8.5,2015-08-18,0.92
47.4,8.5,2015-08-19,2.04
47.4,8.5,2015-08-20,1.57
47.4,8.5,2015-08-21,2.52
47.4,8.5,2015-08-22,2.72
47.4,8.5,2015-08-23,2.62
47.4,8.5,2015-08-24,3.76
47.4,8.5,2015-08-25,2.91
47.4,8.5,2015-08-26,1.77
47.4,8.5,2015-08-27,2.42
47.4,8.5,2015-08-28,1.5
47.4,8.5,2015-08-29,2.77
47.4,8.5,2015-08-30,1.44
47.4,8.5,2015-08-31,2.34
47.4,8.5,2015-09-01,4.18
47.4,8.5,2015-09-02,2.51
47.4,8.5,2015-09-03,1.56
47.4,8.5,2015-09-04,2.15
47.4,8.5,2015-09-05,3.21
47.4,8.5,2015-09-06,2.65
47.4,8.5,2015-09-07,2.2
47.4,8.5,2015-09-08,3.64
47.4,8.5,2015-09-09,4.02
47.4,8.5,2015-09-10,3.9
47.4,8.5,2015-09-11,1.46
47.4,8.5,2015-09-12,3.21
47.4,8.5,2015-09-13,2.81
47.4,8.5,2015-09-14,4.5
47.4,8.5,2015-09-15,2.55
47.4,8.5,2015-09-16,2.31
47.4,8.5,2015-09-17,4.7
47.4,8.5,2015-09-18,2.73
47.4,8.5,2015-09-19,2.42
47.4,8.5,2015-09-20,1.89
47.4,8.5,2015-09-21,2.14
47.4,8.5,2015-09-22,3.05
47.4,8.5,2015-09-23,3.73
47.4,8.5,2015-09-24,1.94
47.4,8.5,2015-09-25,2.55
47.4,8.5,2015-09-26,4.48
47.4,8.5,2015-09-27,5.46
47.4,8.5,2015-09-28,6.26
47.4,8.5,2015-09-29,5.55
47.4,8.5,2015-09-30,4.36
47.4,8.5,2015-10-01,4.02
47.4,8.5,2015-10-02,2.42
47.4,8.5,2015-10-03,2.08
47.4,8.5,2015-10-04,3.61
47.4,8.5,2015-10-05,2.39
47.4,8.5,2015-10-06,2.77
47.4,8.5,2015-10-07,3.51
47.4,8.5,2015-10-08,1.58
47.4,8.5,2015-10-09,2.82
47.4,8.5,2015-10-10,3.83
47.4,8.5,2015-10-11,4.47
47.4,8.5,2015-10-12,2.27
47.4,8.5,2015-10-13,2.62
47.4,8.5,2015-10-14,2.56
47.4,8.5,2015-10-15,2.94
47.4,8.5,2015-10-16,1.39
47.4,8.5,2015-10-17,1.36
47.4,8.5,2015-10-18,1.43
47.4,8.5,2015-10-19,2.64
47.4,8.5,2015-10-20,2.69
47.4,8.5,2015-10-21,1.84
47.4,8.5,2015-10-22,1.84
47.4,8.5,2015-10-23,2.56
47.4,8.5,2015-10-24,1.33
47.4,8.5,2015-10-25,2.55
47.4,8.5,2015-10-26,2.28
47.4,8.5,2015-10-27,1.39
47.4,8.5,2015-10-28,3.16
47.4,8.5,2015-10-29,2.63
47.4,8.5,2015-10-30,2.22
47.4,8.5,2015-10-31,1.61
47.4,8.5,2015-11-01,1.7
47.4,8.5,2015-11-02,1.0
47.4,8.5,2015-11-03,2.15
47.4,8.5,2015-11-04,0.92
47.4,8.5,2015-11-05,1.0
47.4,8.5,2015-11-06,1.75
47.4,8.5,2015-11-07,1.7
47.4,8.5,2015-11-08,1.46
47.4,8.5,2015-11-09,3.42
47.4,8.5,2015-11-10,2.02
47.4,8.5,2015-11-11,1.49
47.4,8.5,2015-11-12,1.75
47.4,8.5,2015-11-13,3.0
47.4,8.5,2015-11-14,3.1
47.4,8.5,2015-11-15,4.18
47.4,8.5,2015-11-16,2.66
47.4,8.5,2015-11-17,3.75
47.4,8.5,2015-11-18,4.92
47.4,8.5,2015-11-19,5.87
47.4,8.5,2015-11-20,8.36
47.4,8.5,2015-11-21,4.56
47.4,8.5,2015-11-22,3.18
47.4,8.5,2015-11-23,1.78
47.4,8.5,2015-11-24,1.56
47.4,8.5,2015-11-25,3.01
47.4,8.5,2015-11-26,2.33
47.4,8.5,2015-11-27,3.12
47.4,8.5,2015-11-28,3.67
47.4,8.5,2015-11-29,6.67
47.4,8.5,2015-11-30,6.62
47.4,8.5,2015-12-01,6.28
47.4,8.5,2015-12-02,1.3
47.4,8.5,2015-12-03,1.12
47.4,8.5,2015-12-04,1.5
47.4,8.5,2015-12-05,1.56
47.4,8.5,2015-12-06,2.1
47.4,8.5,2015-12-07,1.34
47.4,8.5,2015-12-08,1.39
47.4,8.5,2015-12-09,1.94
47.4,8.5,2015-12-10,1.44
47.4,8.5,2015-12-11,2.16
47.4,8.5,2015-12-12,1.91
47.4,8.5,2015-12-13,1.14
47.4,8.5,2015-12-14,0.81
47.4,8.5,2015-12-15,0.81
47.4,8.5,2015-12-16,1.77
47.4,8.5,2015-12-17,1.42
47.4,8.5,2015-12-18,1.57
47.4,8.5,2015-12-19,1.41
47.4,8.5,2015-12-20,1.78
47.4,8.5,2015-12-21,2.27
47.4,8.5,2015-12-22,1.93
47.4,8.5,2015-12-23,1.75
47.4,8.5,2015-12-24,1.98
47.4,8.5,2015-12-25,1.87
47.4,8.5,2015-12-26,0.98
47.4,8.5,2015-12-27,0.91
47.4,8.5,2015-12-28,1.21
47.4,8.5,2015-12-29,1.39
47.4,8.5,2015-12-30,2.3
47.4,8.5,2015-12-31,1.12
47.4,8.5,2016-01-01,2.75
47.4,8.5,2016-01-02,2.62
47.4,8.5,2016-01-03,1.56
47.4,8.5,2016-01-04,2.78
47.4,8.5,2016-01-05,2.24
47.4,8.5,2016-01-06,1.77
47.4,8.5,2016-01-07,5.06
47.4,8.5,2016-01-08,2.73
47.4,8.5,2016-01-09,1.08
47.4,8.5,2016-01-10,2.3
47.4,8.5,2016-01-11,5.87
47.4,8.5,2016-01-12,5.99
47.4,8.5,2016-01-13,6.41
47.4,8.5,2016-01-14,3.34
47.4,8.5,2016-01-15,7.06
47.4,8.5,2016-01-16,3.67
47.4,8.5,2016-01-17,4.5
47.4,8.5,2016-01-18,3.09
47.4,8.5,2016-01-19,1.04
47.4,8.5,2016-01-20,1.7
47.4,8.5,2016-01-21,2.92
47.4,8.5,2016-01-22,1.7
47.4,8.5,2016-01-23,2.48
47.4,8.5,2016-01-24,1.22
47.4,8.5,2016-01-25,1.55
47.4,8.5,2016-01-26,1.7
47.4,8.5,2016-01-27,1.66
47.4,8.5,2016-01-28,1.91
47.4,8.5,2016-01-29,2.7
47.4,8.5,2016-01-30,6.67
47.4,8.5,2016-01-31,6.49
47.4,8.5,2016-02-01,7.0
47.4,8.5,2016-02-02,4.16
47.4,8.5,2016-02-03,4.64
47.4,8.5,2016-02-04,5.98
47.4,8.5,2016-02-05,3.74
47.4,8.5,2016-02-06,1.6
47.4,8.5,2016-02-07,4.72
47.4,8.5,2016-02-08,6.4
47.4,8.5,2016-02-09,6.36
47.4,8.5,2016-02-10,6.84
47.4,8.5,2016-02-11,2.56
47.4,8.5,2016-02-12,3.54
47.4,8.5,2016-02-13,2.92
47.4,8.5,2016-02-14,3.4
47.4,8.5,2016-02-15,2.94
47.4,8.5,2016-02-16,5.45
47.4,8.5,2016-02-17,3.61
47.4,8.5,2016-02-18,1.94
47.4,8.5,2016-02-19,4.06
47.4,8.5,2016-02-20,6.16
47.4,8.5,2016-02-21,5.85
47.4,8.5,2016-02-22,3.71
47.4,8.5,2016-02-23,6.4
47.4,8.5,2016-02-24,1.84
47.4,8.5,2016-02-25,1.92
47.4,8.5,2016-02-26,3.58
47.4,8.5,2016-02-27,3.41
47.4,8.5,2016-02-28,4.08
47.4,8.5,2016-02-29,3.84
47.4,8.5,2016-03-01,3.54
47.4,8.5,2016-03-02,5.7
47.4,8.5,2016-03-03,5.44
47.4,8.5,2016-03-04,2.16
47.4,8.5,2016-03-05,1.5
47.4,8.5,2016-03-06,4.38
47.4,8.5,2016-03-07,1.88
47.4,8.5,2016-03-08,2.2
47.4,8.5,2016-03-09,2.47
47.4,8.5,2016-03-10,2.84
47.4,8.5,2016-03-11,4.24
47.4,8.5,2016-03-12,4.07
47.4,8.5,2016-03-13,6.94
47.4,8.5,2016-03-14,4.7
47.4,8.5,2016-03-15,4.39
47.4,8.5,2016-03-16,7.25
47.4,8.5,2016-03-17,2.4
47.4,8.5,2016-03-18,1.4
47.4,8.5,2016-03-19,2.59
47.4,8.5,2016-03-20,2.42
47.4,8.5,2016-03-21,2.47
47.4,8.5,2016-03-22,3.72
47.4,8.5,2016-03-23,3.96
47.4,8.5,2016-03-24,1.84
47.4,8.5,2016-03-25,4.74
47.4,8.5,2016-03-26,2.38
47.4,8.5,2016-03-27,5.81
47.4,8.5,2016-03-28,5.49
47.4,8.5,2016-03-29,5.37
47.4,8.5,2016-03-30,2.72
47.4,8.5,2016-03-31,2.33
47.4,8.5,2016-04-01,3.61
47.4,8.5,2016-04-02,2.62
47.4,8.5,2016-04-03,1.62
47.4,8.5,2016-04-04,3.26
47.4,8.5,2016-04-05,4.03
47.4,8.5,2016-04-06,2.94
47.4,8.5,2016-04-07,3.83
47.4,8.5,2016-04-08,3.72
47.4,8.5,2016-04-09,2.77
47.4,8.5,2016-04-10,3.58
47.4,8.5,2016-04-11,2.1
47.4,8.5,2016-04-12,2.6
47.4,8.5,2016-04-13,3.35
47.4,8.5,2016-04-14,2.83
47.4,8.5,2016-04-15,2.24
47.4,8.5,2016-04-16,2.55
47.4,8.5,2016-04-17,3.31
47.4,8.5,2016-04-18,3.32
47.4,8.5,2016-04-19,2.55
47.4,8.5,2016-04-20,4.31
47.4,8.5,2016-04-21,2.8
47.4,8.5,2016-04-22,2.57
47.4,8.5,2016-04-23,4.06
47.4,8.5,2016-04-24,3.69
47.4,8.5,2016-04-25,5.06
47.4,8.5,2016-04-26,5.54
47.4,8.5,2016-04-27,4.92
47.4,8.5,2016-04-28,1.94
47.4,8.5,2016-04-29,1.84
47.4,8.5,2016-04-30,4.62
47.4,8.5,2016-05-01,3.42
47.4,8.5,2016-05-02,2.92
47.4,8.5,2016-05-03,5.19
47.4,8.5,2016-05-04,3.44
47.4,8.5,2016-05-05,5.11
47.4,8.5,2016-05-06,2.44
47.4,8.5,2016-05-07,2.63
47.4,8.5,2016-05-08,2.84
47.4,8.5,2016-05-09,2.02
47.4,8.5,2016-05-10,3.32
47.4,8.5,2016-05-11,2.75
47.4,8.5,2016-05-12,4.88
47.4,8.5,2016-05-13,4.1
47.4,8.5,2016-05-14,3.27
47.4,8.5,2016-05-15,3.99
47.4,8.5,2016-05-16,4.22
47.4,8.5,2016-05-17,2.47
47.4,8.5,2016-05-18,2.32
47.4,8.5,2016-05-19,3.42
47.4,8.5,2016-05-20,1.7
47.4,8.5,2016-05-21,1.84
47.4,8.5,2016-05-22,4.61
47.4,8.5,2016-05-23,4.56
47.4,8.5,2016-05-24,3.33
47.4,8.5,2016-05-25,2.12
47.4,8.5,2016-05-26,1.92
47.4,8.5,2016-05-27,1.8
47.4,8.5,2016-05-28,2.28
47.4,8.5,2016-05-29,2.61
47.4,8.5,2016-05-30,6.05
47.4,8.5,2016-05-31,2.92
47.4,8.5,2016-06-01,1.84
47.4,8.5,2016-06-02,2.1
47.4,8.5,2016-06-03,1.72
47.4,8.5,2016-06-04,2.45
47.4,8.5,2016-06-05,1.3
47.4,8.5,2016-06-06,3.44
47.4,8.5,2016-06-07,2.27
47.4,8.5,2016-06-08,2.57
47.4,8.5,2016-06-09,2.21
47.4,8.5,2016-06-10,1.32
47.4,8.5,2016-06-11,3.22
47.4,8.5,2016-06-12,4.65
47.4,8.5,2016-06-13,3.79
47.4,8.5,2016-06-14,4.9
47.4,8.5,2016-06-15,3.22
47.4,8.5,2016-06-16,3.45
47.4,8.5,2016-06-17,3.93
47.4,8.5,2016-06-18,3.01
47.4,8.5,2016-06-19,2.06
47.4,8.5,2016-06-20,2.0
47.4,8.5,2016-06-21,2.28
47.4,8.5,2016-06-22,2.84
47.4,8.5,2016-06-23,2.38
47.4,8.5,2016-06-24,2.84
47.4,8.5,2016-06-25,4.11
47.4,8.5,2016-06-26,1.81
47.4,8.5,2016-06-27,2.33
47.4,8.5,2016-06-28,1.72
47.4,8.5,2016-06-29,2.27
47.4,8.5,2016-06-30,1.84
47.4,8.5,2016-07-01,1.78
47.4,8.5,2016-07-02,4.12
47.4,8.5,2016-07-03,2.4
47.4,8.5,2016-07-04,2.01
47.4,8.5,2016-07-05,3.01
47.4,8.5,2016-07-06,2.42
47.4,8.5,2016-07-07,2.69
47.4,8.5,2016-07-08,3.03
47.4,8.5,2016-07-09,2.56
47.4,8.5,2016-07-10,2.3
47.4,8.5,2016-07-11,3.7
47.4,8.5,2016-07-12,2.84
47.4,8.5,2016-07-13,3.2
47.4,8.5,2016-07-14,3.14
47.4,8.5,2016-07-15,2.01
47.4,8.5,2016-07-16,2.73
47.4,8.5,2016-07-17,1.7
47.4,8.5,2016-07-18,1.9
47.4,8.5,2016-07-19,2.3
47.4,8.5,2016-07-20,2.06
47.4,8.5,2016-07-21,3.57
47.4,8.5,2016-07-22,2.43
47.4,8.5,2016-07-23,1.99
47.4,8.5,2016-07-24,1.8
47.4,8.5,2016-07-25,2.05
47.4,8.5,2016-07-26,1.7
47.4,8.5,2016-07-27,2.06
47.4,8.5,2016-07-28,2.33
47.4,8.5,2016-07-29,2.94
47.4,8.5,2016-07-30,3.71
47.4,8.5,2016-07-31,3.01
47.4,8.5,2016-08-01,1.52
47.4,8.5,2016-08-02,3.99
47.4,8.5,2016-08-03,1.93
47.4,8.5,2016-08-04,4.22
47.4,8.5,2016-08-05,3.26
47.4,8.5,2016-08-06,1.71
47.4,8.5,2016-08-07,2.42
47.4,8.5,2016-08-08,2.71
47.4,8.5,2016-08-09,3.0
47.4,8.5,2016-08-10,2.64
47.4,8.5,2016-08-11,1.87
47.4,8.5,2016-08-12,2.2
47.4,8.5,2016-08-13,0.92
47.4,8.5,2016-08-14,2.28
47.4,8.5,2016-08-15,2.33
47.4,8.5,2016-08-16,1.34
47.4,8.5,2016-08-17,1.44
47.4,8.5,2016-08-18,3.81
47.4,8.5,2016-08-19,1.58
47.4,8.5,2016-08-20,4.31
47.4,8.5,2016-08-21,4.36
47.4,8.5,2016-08-22,1.44
47.4,8.5,2016-08-23,2.91
47.4,8.5,2016-08-24,2.64
47.4,8.5,2016-08-25,1.71
47.4,8.5,2016-08-26,1.28
47.4,8.5,2016-08-27,1.75
47.4,8.5,2016-08-28,3.22
47.4,8.5,2016-08-29,1.88
47.4,8.5,2016-08-30,5.01
47.4,8.5,2016-08-31,2.05
47.4,8.5,2016-09-01,1.94
47.4,8.5,2016-09-02,1.8
47.4,8.5,2016-09-03,1.8
47.4,8.5,2016-09-04,4.73
47.4,8.5,2016-09-05,2.89
47.4,8.5,2016-09-06,4.53
47.4,8.5,2016-09-07,3.67
47.4,8.5,2016-09-08,2.42
47.4,8.5,2016-09-09,2.34
47.4,8.5,2016-09-10,1.68
47.4,8.5,2016-09-11,1.8
47.4,8.5,2016-09-12,1.61
47.4,8.5,2016-09-13,1.84
47.4,8.5,2016-09-14,2.55
47.4,8.5,2016-09-15,3.47
47.4,8.5,2016-09-16,2.86
47.4,8.5,2016-09-17,3.71
47.4,8.5,2016-09-18,3.13
47.4,8.5,2016-09-19,2.2
47.4,8.5,2016-09-20,2.46
47.4,8.5,2016-09-21,2.92
47.4,8.5,2016-09-22,1.32
47.4,8.5,2016-09-23,1.03
47.4,8.5,2016-09-24,2.16
47.4,8.5,2016-09-25,1.92
47.4,8.5,2016-09-26,2.15
47.4,8.5,2016-09-27,1.68
47.4,8.5,2016-09-28,2.1
47.4,8.5,2016-09-29,2.64
47.4,8.5,2016-09-30,1.97
47.4,8.5,2016-10-01,2.75
47.4,8.5,2016-10-02,3.31
47.4,8.5,2016-10-03,2.06
47.4,8.5,2016-10-04,5.28
47.4,8.5,2016-10-05,5.87
47.4,8.5,2016-10-06,4.88
47.4,8.5,2016-10-07,2.72
47.4,8.5,2016-10-08,1.62
47.4,8.5,2016-10-09,1.58
47.4,8.5,2016-10-10,2.39
47.4,8.5,2016-10-11,3.97
47.4,8.5,2016-10-12,3.37
47.4,8.5,2016-10-13,3.28
47.4,8.5,2016-10-14,2.39
47.4,8.5,2016-10-15,1.7
47.4,8.5,2016-10-16,0.99
47.4,8.5,2016-10-17,2.35
47.4,8.5,2016-10-18,2.91
47.4,8.5,2016-10-19,3.04
47.4,8.5,2016-10-20,4.03
47.4,8.5,2016-10-21,2.83
47.4,8.5,2016-10-22,1.5
47.4,8.5,2016-10-23,1.77
47.4,8.5,2016-10-24,1.75
47.4,8.5,2016-10-25,2.0
47.4,8.5,2016-10-26,2.19
47.4,8.5,2016-10-27,1.7
47.4,8.5,2016-10-28,1.24
47.4,8.5,2016-10-29,2.41
47.4,8.5,2016-10-30,2.97
47.4,8.5,2016-10-31,2.55
47.4,8.5,2016-11-01,1.92
47.4,8.5,2016-11-02,3.0
47.4,8.5,2016-11-03,2.47
47.4,8.5,2016-11-04,1.63
47.4,8.5,2016-11-05,2.86
47.4,8.5,2016-11-06,2.58
47.4,8.5,2016-11-07,2.66
47.4,8.5,2016-11-08,3.05
47.4,8.5,2016-11-09,6.49
47.4,8.5,2016-11-10,5.22
47.4,8.5,2016-11-11,4.46
47.4,8.5,2016-11-12,1.98
47.4,8.5,2016-11-13,2.13
47.4,8.5,2016-11-14,2.39
47.4,8.5,2016-11-15,1.61
47.4,8.5,2016-11-16,2.7
47.4,8.5,2016-11-17,2.48
47.4,8.5,2016-11-18,3.07
47.4,8.5,2016-11-19,4.55
47.4,8.5,2016-11-20,1.6
47.4,8.5,2016-11-21,1.9
47.4,8.5,2016-11-22,2.7
47.4,8.5,2016-11-23,2.11
47.4,8.5,2016-11-24,2.98
47.4,8.5,2016-11-25,4.62
47.4,8.5,2016-11-26,1.43
47.4,8.5,2016-11-27,4.02
47.4,8.5,2016-11-28,6.41
47.4,8.5,2016-11-29,4.72
47.4,8.5,2016-11-30,1.98
47.4,8.5,2016-12-01,1.3
47.4,8.5,2016-12-02,2.5
47.4,8.5,2016-12-03,3.96
47.4,8.5,2016-12-04,1.91
47.4,8.5,2016-12-05,0.81
47.4,8.5,2016-12-06,1.4
47.4,8.5,2016-12-07,1.73
47.4,8.5,2016-12-08,1.53
47.4,8.5,2016-12-09,1.63
47.4,8.5,2016-12-10,1.33
47.4,8.5,2016-12-11,1.98
47.4,8.5,2016-12-12,1.89
47.4,8.5,2016-12-13,1.2
47.4,8.5,2016-12-14,1.57
47.4,8.5,2016-12-15,1.63
47.4,8.5,2016-12-16,1.64
47.4,8.5,2016-12-17,1.2
47.4,8.5,2016-12-18,1.86
47.4,8.5,2016-12-19,3.58
47.4,8.5,2016-12-20,2.5
47.4,8.5,2016-12-21,0.91
47.4,8.5,2016-12-22,1.24
47.4,8.5,2016-12-23,1.43
47.4,8.5,2016-12-24,2.84
47.4,8.5,2016-12-25,2.8
47.4,8.5,2016-12-26,2.5
47.4,8.5,2016-12-27,2.2
47.4,8.5,2016-12-28,2.42
47.4,8.5,2016-12-29,2.83
47.4,8.5,2016-12-30,0.81
47.4,8.5,2016-12-31,0.61
47.4,8.5,2017-01-01,1.58
47.4,8.5,2017-01-02,1.9
47.4,8.5,2017-01-03,2.0
47.4,8.5,2017-01-04,5.26
47.4,8.5,2017-01-05,3.8
47.4,8.5,2017-01-06,3.1
47.4,8.5,2017-01-07,1.71
47.4,8.5,2017-01-08,1.93
47.4,8.5,2017-01-09,2.0
47.4,8.5,2017-01-10,1.84
47.4,8.5,2017-01-11,5.73
47.4,8.5,2017-01-12,4.7
47.4,8.5,2017-01-13,7.77
47.4,8.5,2017-01-14,5.39
47.4,8.5,2017-01-15,2.88
47.4,8.5,2017-01-16,3.74
47.4,8.5,2017-01-17,6.4
47.4,8.5,2017-01-18,6.37
47.4,8.5,2017-01-19,3.81
47.4,8.5,2017-01-20,2.19
47.4,8.5,2017-01-21,1.56
47.4,8.5,2017-01-22,1.66
47.4,8.5,2017-01-23,1.46
47.4,8.5,2017-01-24,2.83
47.4,8.5,2017-01-25,3.11
47.4,8.5,2017-01-26,1.98
47.4,8.5,2017-01-27,1.61
47.4,8.5,2017-01-28,1.1
47.4,8.5,2017-01-29,1.02
47.4,8.5,2017-01-30,2.3
47.4,8.5,2017-01-31,2.41
47.4,8.5,2017-02-01,1.25
47.4,8.5,2017-02-02,1.48
47.4,8.5,2017-02-03,2.53
47.4,8.5,2017-02-04,6.49
47.4,8.5,2017-02-05,2.06
47.4,8.5,2017-02-06,2.01
47.4,8.5,2017-02-07,0.89
47.4,8.5,2017-02-08,2.41
47.4,8.5,2017-02-09,3.5
47.4,8.5,2017-02-10,1.48
47.4,8.5,2017-02-11,1.84
47.4,8.5,2017-02-12,3.0
47.4,8.5,2017-02-13,3.24
47.4,8.5,2017-02-14,1.2
47.4,8.5,2017-02-15,1.7
47.4,8.5,2017-02-16,2.2
47.4,8.5,2017-02-17,2.15
47.4,8.5,2017-02-18,2.82
47.4,8.5,2017-02-19,3.13
47.4,8.5,2017-02-20,3.44
47.4,8.5,2017-02-21,3.67
47.4,8.5,2017-02-22,5.15
47.4,8.5,2017-02-23,6.43
47.4,8.5,2017-02-24,6.24
47.4,8.5,2017-02-25,2.2
47.4,8.5,2017-02-26,1.91
47.4,8.5,2017-02-27,2.52
47.4,8.5,2017-02-28,5.86
47.4,8.5,2017-03-01,6.13
47.4,8.5,2017-03-02,4.8
47.4,8.5,2017-03-03,2.12
47.4,8.5,2017-03-04,4.39
47.4,8.5,2017-03-05,5.64
47.4,8.5,2017-03-06,5.42
47.4,8.5,2017-03-07,4.46
47.4,8.5,2017-03-08,4.05
47.4,8.5,2017-03-09,4.62
47.4,8.5,2017-03-10,2.57
47.4,8.5,2017-03-11,2.13
47.4,8.5,2017-03-12,2.25
47.4,8.5,2017-03-13,1.84
47.4,8.5,2017-03-14,1.73
47.4,8.5,2017-03-15,2.34
47.4,8.5,2017-03-16,2.21
47.4,8.5,2017-03-17,5.57
47.4,8.5,2017-03-18,5.72
47.4,8.5,2017-03-19,5.0
47.4,8.5,2017-03-20,2.94
47.4,8.5,2017-03-21,2.79
47.4,8.5,2017-03-22,3.0
47.4,8.5,2017-03-23,4.64
47.4,8.5,2017-03-24,4.2
47.4,8.5,2017-03-25,5.77
47.4,8.5,2017-03-26,2.28
47.4,8.5,2017-03-27,2.27
47.4,8.5,2017-03-28,2.27
47.4,8.5,2017-03-29,1.41
47.4,8.5,2017-03-30,1.81
47.4,8.5,2017-03-31,1.97
47.4,8.5,2017-04-01,4.3
47.4,8.5,2017-04-02,2.97
47.4,8.5,2017-04-03,2.55
47.4,8.5,2017-04-04,2.04
47.4,8.5,2017-04-05,2.06
47.4,8.5,2017-04-06,3.05
47.4,8.5,2017-04-07,1.77
47.4,8.5,2017-04-08,2.15
47.4,8.5,2017-04-09,1.96
47.4,8.5,2017-04-10,4.69
47.4,8.5,2017-04-11,2.51
47.4,8.5,2017-04-12,3.36
47.4,8.5,2017-04-13,4.23
47.4,8.5,2017-04-14,2.1
47.4,8.5,2017-04-15,4.4
47.4,8.5,2017-04-16,3.77
47.4,8.5,2017-04-17,5.43
47.4,8.5,2017-04-18,3.01
47.4,8.5,2017-04-19,3.97
47.4,8.5,2017-04-20,4.74
47.4,8.5,2017-04-21,1.84
47.4,8.5,2017-04-22,3.67
47.4,8.5,2017-04-23,2.97
47.4,8.5,2017-04-24,2.77
47.4,8.5,2017-04-25,3.22
47.4,8.5,2017-04-26,2.5
47.4,8.5,2017-04-27,1.97
47.4,8.5,2017-04-28,3.05
47.4,8.5,2017-04-29,2.42
47.4,8.5,2017-04-30,2.91
47.4,8.5,2017-05-01,4.53
47.4,8.5,2017-05-02,2.41
47.4,8.5,2017-05-03,1.44
47.4,8.5,2017-05-04,2.31
47.4,8.5,2017-05-05,3.0
47.4,8.5,2017-05-06,4.67
47.4,8.5,2017-05-07,5.25
47.4,8.5,2017-05-08,3.5
47.4,8.5,2017-05-09,2.22
47.4,8.5,2017-05-10,2.18
47.4,8.5,2017-05-11,2.51
47.4,8.5,2017-05-12,2.79
47.4,8.5,2017-05-13,3.42
47.4,8.5,2017-05-14,3.1
47.4,8.5,2017-05-15,1.64
47.4,8.5,2017-05-16,2.53
47.4,8.5,2017-05-17,1.63
47.4,8.5,2017-05-18,2.42
47.4,8.5,2017-05-19,6.11
47.4,8.5,2017-05-20,2.13
47.4,8.5,2017-05-21,4.53
47.4,8.5,2017-05-22,1.25
47.4,8.5,2017-05-23,3.42
47.4,8.5,2017-05-24,2.01
47.4,8.5,2017-05-25,3.58
47.4,8.5,2017-05-26,3.81
47.4,8.5,2017-05-27,1.84
47.4,8.5,2017-05-28,1.17
47.4,8.5,2017-05-29,2.83
47.4,8.5,2017-05-30,3.2
47.4,8.5,2017-05-31,2.47
47.4,8.5,2017-06-01,1.7
47.4,8.5,2017-06-02,2.01
47.4,8.5,2017-06-03,2.06
47.4,8.5,2017-06-04,4.31
47.4,8.5,2017-06-05,1.92
47.4,8.5,2017-06-06,5.12
47.4,8.5,2017-06-07,5.71
47.4,8.5,2017-06-08,1.7
47.4,8.5,2017-06-09,3.85
47.4,8.5,2017-06-10,1.82
47.4,8.5,2017-06-11,2.2
47.4,8.5,2017-06-12,4.32
47.4,8.5,2017-06-13,2.95
47.4,8.5,2017-06-14,2.66
47.4,8.5,2017-06-15,3.07
47.4,8.5,2017-06-16,4.4
47.4,8.5,2017-06-17,3.54
47.4,8.5,2017-06-18,4.79
47.4,8.5,2017-06-19,2.27
47.4,8.5,2017-06-20,2.82
47.4,8.5,2017-06-21,2.88
47.4,8.5,2017-06-22,3.42
47.4,8.5,2017-06-23,5.25
47.4,8.5,2017-06-24,2.28
47.4,8.5,2017-06-25,3.37
47.4,8.5,2017-06-26,3.06
47.4,8.5,2017-06-27,2.02
47.4,8.5,2017-06-28,3.45
47.4,8.5,2017-06-29,5.32
47.4,8.5,2017-06-30,3.2
47.4,8.5,2017-07-01,6.03
47.4,8.5,2017-07-02,3.18
47.4,8.5,2017-07-03,1.66
47.4,8.5,2017-07-04,1.65
47.4,8.5,2017-07-05,1.91
47.4,8.5,2017-07-06,2.27
47.4,8.5,2017-07-07,3.36
47.4,8.5,2017-07-08,3.14
47.4,8.5,2017-07-09,2.92
47.4,8.5,2017-07-10,4.03
47.4,8.5,2017-07-11,2.4
47.4,8.5,2017-07-12,6.07
47.4,8.5,2017-07-13,2.42
47.4,8.5,2017-07-14,4.8
47.4,8.5,2017-07-15,2.0
47.4,8.5,2017-07-16,1.41
47.4,8.5,2017-07-17,2.06
47.4,8.5,2017-07-18,2.2
47.4,8.5,2017-07-19,2.83
47.4,8.5,2017-07-20,2.55
47.4,8.5,2017-07-21,3.75
47.4,8.5,2017-07-22,1.92
47.4,8.5,2017-07-23,2.8
47.4,8.5,2017-07-24,4.46
47.4,8.5,2017-07-25,4.74
47.4,8.5,2017-07-26,5.0
47.4,8.5,2017-07-27,2.28
47.4,8.5,2017-07-28,2.0
47.4,8.5,2017-07-29,1.61
47.4,8.5,2017-07-30,3.6
47.4,8.5,2017-07-31,3.2
47.4,8.5,2017-08-01,4.61
47.4,8.5,2017-08-02,1.61
47.4,8.5,2017-08-03,2.01
47.4,8.5,2017-08-04,2.91
47.4,8.5,2017-08-05,3.57
47.4,8.5,2017-08-06,2.76
47.4,8.5,2017-08-07,3.09
47.4,8.5,2017-08-08,2.88
47.4,8.5,2017-08-09,2.4
47.4,8.5,2017-08-10,2.52
47.4,8.5,2017-08-11,3.32
47.4,8.5,2017-08-12,3.71
47.4,8.5,2017-08-13,1.84
47.4,8.5,2017-08-14,1.94
47.4,8.5,2017-08-15,4.24
47.4,8.5,2017-08-16,1.39
47.4,8.5,2017-08-17,1.8
47.4,8.5,2017-08-18,6.39
47.4,8.5,2017-08-19,2.5
47.4,8.5,2017-08-20,1.81
47.4,8.5,2017-08-21,1.57
47.4,8.5,2017-08-22,1.99
47.4,8.5,2017-08-23,1.97
47.4,8.5,2017-08-24,4.48
47.4,8.5,2017-08-25,1.5
47.4,8.5,2017-08-26,1.75
47.4,8.5,2017-08-27,4.18
47.4,8.5,2017-08-28,1.92
47.4,8.5,2017-08-29,1.53
47.4,8.5,2017-08-30,2.75
47.4,8.5,2017-08-31,3.3
47.4,8.5,2017-09-01,2.6
47.4,8.5,2017-09-02,2.13
47.4,8.5,2017-09-03,1.93
47.4,8.5,2017-09-04,1.7
47.4,8.5,2017-09-05,1.7
47.4,8.5,2017-09-06,4.8
47.4,8.5,2017-09-07,2.67
47.4,8.5,2017-09-08,3.26
47.4,8.5,2017-09-09,2.53
47.4,8.5,2017-09-10,2.05
47.4,8.5,2017-09-11,4.4
47.4,8.5,2017-09-12,4.66
47.4,8.5,2017-09-13,4.97
47.4,8.5,2017-09-14,6.54
47.4,8.5,2017-09-15,2.09
47.4,8.5,2017-09-16,2.33
47.4,8.5,2017-09-17,2.0
47.4,8.5,2017-09-18,2.39
47.4,8.5,2017-09-19,2.5
47.4,8.5,2017-09-20,2.02
47.4,8.5,2017-09-21,2.47
47.4,8.5,2017-09-22,1.58
47.4,8.5,2017-09-23,1.75
47.4,8.5,2017-09-24,1.78
47.4,8.5,2017-09-25,1.62
47.4,8.5,2017-09-26,1.36
47.4,8.5,2017-09-27,1.26
47.4,8.5,2017-09-28,1.25
47.4,8.5,2017-09-29,1.32
47.4,8.5,2017-09-30,3.41
47.4,8.5,2017-10-01,1.39
47.4,8.5,2017-10-02,2.56
47.4,8.5,2017-10-03,3.94
47.4,8.5,2017-10-04,2.64
47.4,8.5,2017-10-05,5.05
47.4,8.5,2017-10-06,4.46
47.4,8.5,2017-10-07,2.64
47.4,8.5,2017-10-08,3.05
47.4,8.5,2017-10-09,1.56
47.4,8.5,2017-10-10,2.75
47.4,8.5,2017-10-11,2.02
47.4,8.5,2017-10-12,3.64
47.4,8.5,2017-10-13,1.0
47.4,8.5,2017-10-14,1.17
47.4,8.5,2017-10-15,1.02
47.4,8.5,2017-10-16,1.0
47.4,8.5,2017-10-17,0.61
47.4,8.5,2017-10-18,1.2
47.4,8.5,2017-10-19,1.98
47.4,8.5,2017-10-20,2.04
47.4,8.5,2017-10-21,4.73
47.4,8.5,2017-10-22,5.44
47.4,8.5,2017-10-23,3.86
47.4,8.5,2017-10-24,1.44
47.4,8.5,2017-10-25,1.55
47.4,8.5,2017-10-26,1.81
47.4,8.5,2017-10-27,4.47
47.4,8.5,2017-10-28,4.51
47.4,8.5,2017-10-29,6.74
47.4,8.5,2017-10-30,2.84
47.4,8.5,2017-10-31,2.28
47.4,8.5,2017-11-01,0.72
47.4,8.5,2017-11-02,3.06
47.4,8.5,2017-11-03,1.94
47.4,8.5,2017-11-04,1.56
47.4,8.5,2017-11-05,4.4
47.4,8.5,2017-11-06,4.94
47.4,8.5,2017-11-07,3.52
47.4,8.5,2017-11-08,2.19
47.4,8.5,2017-11-09,1.61
47.4,8.5,2017-11-10,3.92
47.4,8.5,2017-11-11,5.69
47.4,8.5,2017-11-12,8.05
47.4,8.5,2017-11-13,3.45
47.4,8.5,2017-11-14,2.97
47.4,8.5,2017-11-15,2.69
47.4,8.5,2017-11-16,1.49
47.4,8.5,2017-11-17,1.7
47.4,8.5,2017-11-18,2.79
47.4,8.5,2017-11-19,3.9
47.4,8.5,2017-11-20,2.16
47.4,8.5,2017-11-21,2.9
47.4,8.5,2017-11-22,1.44
47.4,8.5,2017-11-23,2.5
47.4,8.5,2017-11-24,1.78
47.4,8.5,2017-11-25,5.03
47.4,8.5,2017-11-26,4.22
47.4,8.5,2017-11-27,3.54
47.4,8.5,2017-11-28,2.97
47.4,8.5,2017-11-29,2.12
47.4,8.5,2017-11-30,4.7
47.4,8.5,2017-12-01,2.44
47.4,8.5,2017-12-02,6.04
47.4,8.5,2017-12-03,2.52
47.4,8.5,2017-12-04,3.29
47.4,8.5,2017-12-05,1.36
47.4,8.5,2017-12-06,0.99
47.4,8.5,2017-12-07,2.0
47.4,8.5,2017-12-08,4.78
47.4,8.5,2017-12-09,4.62
47.4,8.5,2017-12-10,3.93
47.4,8.5,2017-12-11,3.04
47.4,8.5,2017-12-12,6.2
47.4,8.5,2017-12-13,3.22
47.4,8.5,2017-12-14,7.02
47.4,8.5,2017-12-15,4.3
47.4,8.5,2017-12-16,3.64
47.4,8.5,2017-12-17,3.2
47.4,8.5,2017-12-18,2.25
47.4,8.5,2017-12-19,1.4
47.4,8.5,2017-12-20,0.98
47.4,8.5,2017-12-21,2.01
47.4,8.5,2017-12-22,1.66
47.4,8.5,2017-12-23,1.84
47.4,8.5,2017-12-24,1.58
47.4,8.5,2017-12-25,1.5
47.4,8.5,2017-12-26,4.16
47.4,8.5,2017-12-27,4.61
47.4,8.5,2017-12-28,5.65
47.4,8.5,2017-12-29,3.76
47.4,8.5,2017-12-30,6.94
47.4,8.5,2017-12-31,6.13
47.4,8.5,2018-01-01,6.18
47.4,8.5,2018-01-02,6.4
47.4,8.5,2018-01-03,10.3
47.4,8.5,2018-01-04,7.63
47.4,8.5,2018-01-05,4.72
47.4,8.5,2018-01-06,1.77
47.4,8.5,2018-01-07,3.61
47.4,8.5,2018-01-08,3.19
47.4,8.5,2018-01-09,3.45
47.4,8.5,2018-01-10,1.61
47.4,8.5,2018-01-11,1.84
47.4,8.5,2018-01-12,2.78
47.4,8.5,2018-01-13,2.69
47.4,8.5,2018-01-14,1.61
47.4,8.5,2018-01-15,3.0
47.4,8.5,2018-01-16,7.95
47.4,8.5,2018-01-17,7.62
47.4,8.5,2018-01-18,7.17
47.4,8.5,2018-01-19,5.73
47.4,8.5,2018-01-20,4.88
47.4,8.5,2018-01-21,4.51
47.4,8.5,2018-01-22,6.38
47.4,8.5,2018-01-23,2.81
47.4,8.5,2018-01-24,1.8
47.4,8.5,2018-01-25,1.64
47.4,8.5,2018-01-26,2.06
47.4,8.5,2018-01-27,2.11
47.4,8.5,2018-01-28,2.62
47.4,8.5,2018-01-29,3.61
47.4,8.5,2018-01-30,2.62
47.4,8.5,2018-01-31,3.44
47.4,8.5,2018-02-01,4.2
47.4,8.5,2018-02-02,3.73
47.4,8.5,2018-02-03,2.95
47.4,8.5,2018-02-04,1.91
47.4,8.5,2018-02-05,4.07
47.4,8.5,2018-02-06,1.86
47.4,8.5,2018-02-07,1.72
47.4,8.5,2018-02-08,1.52
47.4,8.5,2018-02-09,1.73
47.4,8.5,2018-02-10,3.0
47.4,8.5,2018-02-11,3.22
47.4,8.5,2018-02-12,3.9
47.4,8.5,2018-02-13,3.0
47.4,8.5,2018-02-14,2.24
47.4,8.5,2018-02-15,1.98
47.4,8.5,2018-02-16,2.16
47.4,8.5,2018-02-17,2.83
47.4,8.5,2018-02-18,2.9
47.4,8.5,2018-02-19,1.36
47.4,8.5,2018-02-20,3.18
47.4,8.5,2018-02-21,5.45
47.4,8.5,2018-02-22,6.28
47.4,8.5,2018-02-23,5.24
47.4,8.5,2018-02-24,5.69
47.4,8.5,2018-02-25,6.21
47.4,8.5,2018-02-26,6.67
47.4,8.5,2018-02-27,4.3
47.4,8.5,2018-02-28,4.79
47.4,8.5,2018-03-01,3.67
47.4,8.5,2018-03-02,3.73
47.4,8.5,2018-03-03,2.22
47.4,8.5,2018-03-04,2.4
47.4,8.5,2018-03-05,2.96
47.4,8.5,2018-03-06,3.92
47.4,8.5,2018-03-07,4.3
47.4,8.5,2018-03-08,2.83
47.4,8.5,2018-03-09,2.11
47.4,8.5,2018-03-10,1.43
47.4,8.5,2018-03-11,2.6
47.4,8.5,2018-03-12,5.79
47.4,8.5,2018-03-13,6.75
47.4,8.5,2018-03-14,2.83
47.4,8.5,2018-03-15,4.24
47.4,8.5,2018-03-16,3.26
47.4,8.5,2018-03-17,4.61
47.4,8.5,2018-03-18,3.64
47.4,8.5,2018-03-19,2.83
47.4,8.5,2018-03-20,3.68
47.4,8.5,2018-03-21,4.88
47.4,8.5,2018-03-22,2.91
47.4,8.5,2018-03-23,1.88
47.4,8.5,2018-03-24,2.33
47.4,8.5,2018-03-25,2.01
47.4,8.5,2018-03-26,2.88
47.4,8.5,2018-03-27,2.94
47.4,8.5,2018-03-28,5.09
47.4,8.5,2018-03-29,4.0
47.4,8.5,2018-03-30,6.13
47.4,8.5,2018-03-31,2.69
47.4,8.5,2018-04-01,6.56
47.4,8.5,2018-04-02,1.92
47.4,8.5,2018-04-03,3.3
47.4,8.5,2018-04-04,6.64
47.4,8.5,2018-04-05,6.5
47.4,8.5,2018-04-06,3.04
47.4,8.5,2018-04-07,2.25
47.4,8.5,2018-04-08,3.16
47.4,8.5,2018-04-09,1.94
47.4,8.5,2018-04-10,7.08
47.4,8.5,2018-04-11,3.62
47.4,8.5,2018-04-12,3.23
47.4,8.5,2018-04-13,4.63
47.4,8.5,2018-04-14,2.75
47.4,8.5,2018-04-15,1.71
47.4,8.5,2018-04-16,1.65
47.4,8.5,2018-04-17,3.22
47.4,8.5,2018-04-18,4.61
47.4,8.5,2018-04-19,2.01
47.4,8.5,2018-04-20,1.2
47.4,8.5,2018-04-21,1.36
47.4,8.5,2018-04-22,2.69
47.4,8.5,2018-04-23,3.94
47.4,8.5,2018-04-24,3.01
47.4,8.5,2018-04-25,6.24
47.4,8.5,2018-04-26,3.57
47.4,8.5,2018-04-27,3.01
47.4,8.5,2018-04-28,3.0
47.4,8.5,2018-04-29,6.31
47.4,8.5,2018-04-30,6.32
47.4,8.5,2018-05-01,2.39
47.4,8.5,2018-05-02,2.83
47.4,8.5,2018-05-03,3.7
47.4,8.5,2018-05-04,5.66
47.4,8.5,2018-05-05,4.92
47.4,8.5,2018-05-06,4.11
47.4,8.5,2018-05-07,3.47
47.4,8.5,2018-05-08,1.97
47.4,8.5,2018-05-09,2.2
47.4,8.5,2018-05-10,4.82
47.4,8.5,2018-05-11,3.71
47.4,8.5,2018-05-12,2.56
47.4,8.5,2018-05-13,3.78
47.4,8.5,2018-05-14,2.8
47.4,8.5,2018-05-15,1.8
47.4,8.5,2018-05-16,3.42
47.4,8.5,2018-05-17,2.06
47.4,8.5,2018-05-18,2.2
47.4,8.5,2018-05-19,3.14
47.4,8.5,2018-05-20,2.73
47.4,8.5,2018-05-21,1.49
47.4,8.5,2018-05-22,2.47
47.4,8.5,2018-05-23,2.31
47.4,8.5,2018-05-24,1.49
47.4,8.5,2018-05-25,2.16
47.4,8.5,2018-05-26,2.75
47.4,8.5,2018-05-27,2.41
47.4,8.5,2018-05-28,2.01
47.4,8.5,2018-05-29,3.62
47.4,8.5,2018-05-30,2.61
47.4,8.5,2018-05-31,3.38
47.4,8.5,2018-06-01,3.07
47.4,8.5,2018-06-02,1.75
47.4,8.5,2018-06-03,3.33
47.4,8.5,2018-06-04,2.73
47.4,8.5,2018-06-05,2.7
47.4,8.5,2018-06-06,2.62
47.4,8.5,2018-06-07,2.43
47.4,8.5,2018-06-08,1.92
47.4,8.5,2018-06-09,2.08
47.4,8.5,2018-06-10,2.63
47.4,8.5,2018-06-11,4.24
47.4,8.5,2018-06-12,2.82
47.4,8.5,2018-06-13,3.24
47.4,8.5,2018-06-14,2.19
47.4,8.5,2018-06-15,3.19
47.4,8.5,2018-06-16,2.56
47.4,8.5,2018-06-17,3.72
47.4,8.5,2018-06-18,2.06
47.4,8.5,2018-06-19,2.73
47.4,8.5,2018-06-20,2.3
47.4,8.5,2018-06-21,4.82
47.4,8.5,2018-06-22,3.98
47.4,8.5,2018-06-23,3.14
47.4,8.5,2018-06-24,2.77
47.4,8.5,2018-06-25,3.61
47.4,8.5,2018-06-26,3.61
47.4,8.5,2018-06-27,5.14
47.4,8.5,2018-06-28,6.8
47.4,8.5,2018-06-29,4.83
47.4,8.5,2018-06-30,3.22
47.4,8.5,2018-07-01,4.27
47.4,8.5,2018-07-02,3.11
47.4,8.5,2018-07-03,3.16
47.4,8.5,2018-07-04,1.97
47.4,8.5,2018-07-05,3.4
47.4,8.5,2018-07-06,3.09
47.4,8.5,2018-07-07,2.34
47.4,8.5,2018-07-08,2.31
47.4,8.5,2018-07-09,2.81
47.4,8.5,2018-07-10,4.15
47.4,8.5,2018-07-11,3.09
47.4,8.5,2018-07-12,2.56
47.4,8.5,2018-07-13,1.61
47.4,8.5,2018-07-14,2.12
47.4,8.5,2018-07-15,2.08
47.4,8.5,2018-07-16,2.77
47.4,8.5,2018-07-17,2.7
47.4,8.5,2018-07-18,2.55
47.4,8.5,2018-07-19,3.11
47.4,8.5,2018-07-20,3.01
47.4,8.5,2018-07-21,3.24
47.4,8.5,2018-07-22,2.33
47.4,8.5,2018-07-23,2.19
47.4,8.5,2018-07-24,2.22
47.4,8.5,2018-07-25,3.69
47.4,8.5,2018-07-26,4.36
47.4,8.5,2018-07-27,2.18
47.4,8.5,2018-07-28,4.38
47.4,8.5,2018-07-29,1.56
47.4,8.5,2018-07-30,1.4
47.4,8.5,2018-07-31,2.73
47.4,8.5,2018-08-01,4.22
47.4,8.5,2018-08-02,3.41
47.4,8.5,2018-08-03,3.89
47.4,8.5,2018-08-04,2.06
47.4,8.5,2018-08-05,3.33
47.4,8.5,2018-08-06,2.68
47.4,8.5,2018-08-07,1.77
47.4,8.5,2018-08-08,3.4
47.4,8.5,2018-08-09,5.3
47.4,8.5,2018-08-10,4.12
47.4,8.5,2018-08-11,2.21
47.4,8.5,2018-08-12,2.51
47.4,8.5,2018-08-13,3.72
47.4,8.5,2018-08-14,2.5
47.4,8.5,2018-08-15,1.43
47.4,8.5,2018-08-16,1.87
47.4,8.5,2018-08-17,2.85
47.4,8.5,2018-08-18,1.94
47.4,8.5,2018-08-19,1.43
47.4,8.5,2018-08-20,2.8
47.4,8.5,2018-08-21,2.06
47.4,8.5,2018-08-22,2.42
47.4,8.5,2018-08-23,2.72
47.4,8.5,2018-08-24,4.75
47.4,8.5,2018-08-25,4.11
47.4,8.5,2018-08-26,1.94
47.4,8.5,2018-08-27,2.87
47.4,8.5,2018-08-28,2.28
47.4,8.5,2018-08-29,4.64
47.4,8.5,2018-08-30,2.92
47.4,8.5,2018-08-31,2.64
47.4,8.5,2018-09-01,3.89
47.4,8.5,2018-09-02,2.83
47.4,8.5,2018-09-03,1.58
47.4,8.5,2018-09-04,1.3
47.4,8.5,2018-09-05,1.3
47.4,8.5,2018-09-06,3.37
47.4,8.5,2018-09-07,2.81
47.4,8.5,2018-09-08,1.46
47.4,8.5,2018-09-09,0.92
47.4,8.5,2018-09-10,1.84
47.4,8.5,2018-09-11,1.71
47.4,8.5,2018-09-12,1.43
47.4,8.5,2018-09-13,2.68
47.4,8.5,2018-09-14,1.66
47.4,8.5,2018-09-15,1.93
47.4,8.5,2018-09-16,2.01
47.4,8.5,2018-09-17,1.51
47.4,8.5,2018-09-18,1.75
47.4,8.5,2018-09-19,1.7
47.4,8.5,2018-09-20,1.1
47.4,8.5,2018-09-21,5.46
47.4,8.5,2018-09-22,1.92
47.4,8.5,2018-09-23,6.75
47.4,8.5,2018-09-24,3.32
47.4,8.5,2018-09-25,5.35
47.4,8.5,2018-09-26,2.26
47.4,8.5,2018-09-27,1.32
47.4,8.5,2018-09-28,4.53
47.4,8.5,2018-09-29,5.37
47.4,8.5,2018-09-30,3.47
47.4,8.5,2018-10-01,3.2
47.4,8.5,2018-10-02,3.42
47.4,8.5,2018-10-03,2.15
47.4,8.5,2018-10-04,3.28
47.4,8.5,2018-10-05,1.1
47.4,8.5,2018-10-06,1.98
47.4,8.5,2018-10-07,2.69
47.4,8.5,2018-10-08,2.73
47.4,8.5,2018-10-09,1.92
47.4,8.5,2018-10-10,2.47
47.4,8.5,2018-10-11,1.6
47.4,8.5,2018-10-12,1.1
47.4,8.5,2018-10-13,1.32
47.4,8.5,2018-10-14,2.02
47.4,8.5,2018-10-15,2.0
47.4,8.5,2018-10-16,1.52
47.4,8.5,2018-10-17,2.22
47.4,8.5,2018-10-18,3.3
47.4,8.5,2018-10-19,2.46
47.4,8.5,2018-10-20,2.46
47.4,8.5,2018-10-21,3.4
47.4,8.5,2018-10-22,2.78
47.4,8.5,2018-10-23,2.95
47.4,8.5,2018-10-24,3.35
47.4,8.5,2018-10-25,1.71
47.4,8.5,2018-10-26,2.42
47.4,8.5,2018-10-27,3.82
47.4,8.5,2018-10-28,5.41
47.4,8.5,2018-10-29,3.89
47.4,8.5,2018-10-30,4.66
47.4,8.5,2018-10-31,2.97
47.4,8.5,2018-11-01,2.69
47.4,8.5,2018-11-02,2.08
47.4,8.5,2018-11-03,3.77
47.4,8.5,2018-11-04,1.98
47.4,8.5,2018-11-05,1.35
47.4,8.5,2018-11-06,3.81
47.4,8.5,2018-11-07,2.0
47.4,8.5,2018-11-08,2.42
47.4,8.5,2018-11-09,1.8
47.4,8.5,2018-11-10,1.5
47.4,8.5,2018-11-11,1.99
47.4,8.5,2018-11-12,1.57
47.4,8.5,2018-11-13,2.5
47.4,8.5,2018-11-14,1.88
47.4,8.5,2018-11-15,1.66
47.4,8.5,2018-11-16,2.78
47.4,8.5,2018-11-17,3.61
47.4,8.5,2018-11-18,3.26
47.4,8.5,2018-11-19,5.45
47.4,8.5,2018-11-20,3.04
47.4,8.5,2018-11-21,2.01
47.4,8.5,2018-11-22,1.21
47.4,8.5,2018-11-23,2.06
47.4,8.5,2018-11-24,2.1
47.4,8.5,2018-11-25,2.15
47.4,8.5,2018-11-26,2.01
47.4,8.5,2018-11-27,1.77
47.4,8.5,2018-11-28,1.13
47.4,8.5,2018-11-29,1.3
47.4,8.5,2018-11-30,1.71
47.4,8.5,2018-12-01,2.13
47.4,8.5,2018-12-02,3.28
47.4,8.5,2018-12-03,5.28
47.4,8.5,2018-12-04,4.23
47.4,8.5,2018-12-05,1.41
47.4,8.5,2018-12-06,2.41
47.4,8.5,2018-12-07,7.3
47.4,8.5,2018-12-08,6.13
47.4,8.5,2018-12-09,7.89
47.4,8.5,2018-12-10,4.31
47.4,8.5,2018-12-11,2.11
47.4,8.5,2018-12-12,3.0
47.4,8.5,2018-12-13,3.36
47.4,8.5,2018-12-14,2.86
47.4,8.5,2018-12-15,2.33
47.4,8.5,2018-12-16,1.91
47.4,8.5,2018-12-17,3.16
47.4,8.5,2018-12-18,1.36
47.4,8.5,2018-12-19,2.48
47.4,8.5,2018-12-20,2.34
47.4,8.5,2018-12-21,5.1
47.4,8.5,2018-12-22,6.89
47.4,8.5,2018-12-23,6.31
47.4,8.5,2018-12-24,7.13
47.4,8.5,2018-12-25,1.7
47.4,8.5,2018-12-26,1.17
47.4,8.5,2018-12-27,1.43
47.4,8.5,2018-12-28,1.48
47.4,8.5,2018-12-29,2.33
47.4,8.5,2018-12-30,2.82
47.4,8.5,2018-12-31,1.12
47.4,8.5,2019-01-01,3.86
47.4,8.5,2019-01-02,4.89
47.4,8.5,2019-01-03,1.79
47.4,8.5,2019-01-04,1.66
47.4,8.5,2019-01-05,3.72
47.4,8.5,2019-01-06,3.21
47.4,8.5,2019-01-07,2.42
47.4,8.5,2019-01-08,5.28
47.4,8.5,2019-01-09,4.53
47.4,8.5,2019-01-10,2.66
47.4,8.5,2019-01-11,2.77
47.4,8.5,2019-01-12,4.97
47.4,8.5,2019-01-13,7.32
47.4,8.5,2019-01-14,6.4
47.4,8.5,2019-01-15,2.45
47.4,8.5,2019-01-16,1.84
47.4,8.5,2019-01-17,4.7
47.4,8.5,2019-01-18,3.31
47.4,8.5,2019-01-19,1.7
47.4,8.5,2019-01-20,1.72
47.4,8.5,2019-01-21,1.36
47.4,8.5,2019-01-22,1.06
47.4,8.5,2019-01-23,2.06
47.4,8.5,2019-01-24,2.13
47.4,8.5,2019-01-25,1.98
47.4,8.5,2019-01-26,2.76
47.4,8.5,2019-01-27,5.77
47.4,8.5,2019-01-28,6.53
47.4,8.5,2019-01-29,2.47
47.4,8.5,2019-01-30,6.94
47.4,8.5,2019-01-31,2.36
47.4,8.5,2019-02-01,2.36
47.4,8.5,2019-02-02,2.35
47.4,8.5,2019-02-03,3.42
47.4,8.5,2019-02-04,2.61
47.4,8.5,2019-02-05,1.72
47.4,8.5,2019-02-06,1.08
47.4,8.5,2019-02-07,2.34
47.4,8.5,2019-02-08,2.16
47.4,8.5,2019-02-09,3.41
47.4,8.5,2019-02-10,7.11
47.4,8.5,2019-02-11,5.19
47.4,8.5,2019-02-12,2.6
47.4,8.5,2019-02-13,1.86
47.4,8.5,2019-02-14,1.8
47.4,8.5,2019-02-15,2.14
47.4,8.5,2019-02-16,0.64
47.4,8.5,2019-02-17,1.39
47.4,8.5,2019-02-18,1.84
47.4,8.5,2019-02-19,2.39
47.4,8.5,2019-02-20,1.12
47.4,8.5,2019-02-21,1.91
47.4,8.5,2019-02-22,3.76
47.4,8.5,2019-02-23,4.69
47.4,8.5,2019-02-24,3.47
47.4,8.5,2019-02-25,2.84
47.4,8.5,2019-02-26,1.96
47.4,8.5,2019-02-27,1.61
47.4,8.5,2019-02-28,4.68
47.4,8.5,2019-03-01,5.59
47.4,8.5,2019-03-02,2.76
47.4,8.5,2019-03-03,3.98
47.4,8.5,2019-03-04,7.61
47.4,8.5,2019-03-05,7.16
47.4,8.5,2019-03-06,2.64
47.4,8.5,2019-03-07,6.31
47.4,8.5,2019-03-08,4.17
47.4,8.5,2019-03-09,6.75
47.4,8.5,2019-03-10,9.17
47.4,8.5,2019-03-11,5.77
47.4,8.5,2019-03-12,2.46
47.4,8.5,2019-03-13,6.31
47.4,8.5,2019-03-14,7.24
47.4,8.5,2019-03-15,7.16
47.4,8.5,2019-03-16,6.11
47.4,8.5,2019-03-17,6.11
47.4,8.5,2019-03-18,4.61
47.4,8.5,2019-03-19,2.48
47.4,8.5,2019-03-20,3.8
47.4,8.5,2019-03-21,3.28
47.4,8.5,2019-03-22,1.22
47.4,8.5,2019-03-23,1.0
47.4,8.5,2019-03-24,2.81
47.4,8.5,2019-03-25,5.09
47.4,8.5,2019-03-26,3.61
47.4,8.5,2019-03-27,5.1
47.4,8.5,2019-03-28,5.29
47.4,8.5,2019-03-29,2.8
47.4,8.5,2019-03-30,1.43
47.4,8.5,2019-03-31,3.31
47.4,8.5,2019-04-01,3.0
47.4,8.5,2019-04-02,2.33
47.4,8.5,2019-04-03,5.16
47.4,8.5,2019-04-04,2.73
47.4,8.5,2019-04-05,2.38
47.4,8.5,2019-04-06,2.56
47.4,8.5,2019-04-07,3.71
47.4,8.5,2019-04-08,2.37
47.4,8.5,2019-04-09,2.04
47.4,8.5,2019-04-10,2.8
47.4,8.5,2019-04-11,4.72
47.4,8.5,2019-04-12,3.44
47.4,8.5,2019-04-13,3.01
47.4,8.5,2019-04-14,2.6
47.4,8.5,2019-04-15,4.22
47.4,8.5,2019-04-16,2.95
47.4,8.5,2019-04-17,2.34
47.4,8.5,2019-04-18,3.31
47.4,8.5,2019-04-19,2.21
47.4,8.5,2019-04-20,3.85
47.4,8.5,2019-04-21,2.86
47.4,8.5,2019-04-22,3.67
47.4,8.5,2019-04-23,2.48
47.4,8.5,2019-04-24,5.81
47.4,8.5,2019-04-25,4.37
47.4,8.5,2019-04-26,4.49
47.4,8.5,2019-04-27,5.46
47.4,8.5,2019-04-28,2.97
47.4,8.5,2019-04-29,1.9
47.4,8.5,2019-04-30,2.01
47.4,8.5,2019-05-01,2.25
47.4,8.5,2019-05-02,5.1
47.4,8.5,2019-05-03,2.88
47.4,8.5,2019-05-04,4.11
47.4,8.5,2019-05-05,4.16
47.4,8.5,2019-05-06,1.75
47.4,8.5,2019-05-07,1.97
47.4,8.5,2019-05-08,4.69
47.4,8.5,2019-05-09,6.6
47.4,8.5,2019-05-10,3.04
47.4,8.5,2019-05-11,7.48
47.4,8.5,2019-05-12,4.86
47.4,8.5,2019-05-13,7.69
47.4,8.5,2019-05-14,5.92
47.4,8.5,2019-05-15,6.41
47.4,8.5,2019-05-16,3.02
47.4,8.5,2019-05-17,2.85
47.4,8.5,2019-05-18,1.53
47.4,8.5,2019-05-19,1.84
47.4,8.5,2019-05-20,4.38
47.4,8.5,2019-05-21,4.4
47.4,8.5,2019-05-22,2.01
47.4,8.5,2019-05-23,2.33
47.4,8.5,2019-05-24,1.7
47.4,8.5,2019-05-25,2.5
47.4,8.5,2019-05-26,1.58
47.4,8.5,2019-05-27,1.91
47.4,8.5,2019-05-28,3.98
47.4,8.5,2019-05-29,2.25
47.4,8.5,2019-05-30,0.82
47.4,8.5,2019-05-31,2.5
47.4,8.5,2019-06-01,2.46
47.4,8.5,2019-06-02,1.91
47.4,8.5,2019-06-03,4.43
47.4,8.5,2019-06-04,3.16
47.4,8.5,2019-06-05,5.59
47.4,8.5,2019-06-06,5.32
47.4,8.5,2019-06-07,5.26
47.4,8.5,2019-06-08,2.88
47.4,8.5,2019-06-09,2.41
47.4,8.5,2019-06-10,1.71
47.4,8.5,2019-06-11,2.45
47.4,8.5,2019-06-12,4.88
47.4,8.5,2019-06-13,2.31
47.4,8.5,2019-06-14,3.52
47.4,8.5,2019-06-15,3.83
47.4,8.5,2019-06-16,2.27
47.4,8.5,2019-06-17,4.0
47.4,8.5,2019-06-18,1.93
47.4,8.5,2019-06-19,2.53
47.4,8.5,2019-06-20,2.38
47.4,8.5,2019-06-21,2.06
47.4,8.5,2019-06-22,3.11
47.4,8.5,2019-06-23,3.23
47.4,8.5,2019-06-24,2.87
47.4,8.5,2019-06-25,2.31
47.4,8.5,2019-06-26,1.43
47.4,8.5,2019-06-27,3.14
47.4,8.5,2019-06-28,3.26
47.4,8.5,2019-06-29,3.89
47.4,8.5,2019-06-30,2.91
47.4,8.5,2019-07-01,3.71
47.4,8.5,2019-07-02,3.11
47.4,8.5,2019-07-03,3.8
47.4,8.5,2019-07-04,3.24
47.4,8.5,2019-07-05,2.32
47.4,8.5,2019-07-06,4.84
47.4,8.5,2019-07-07,3.91
47.4,8.5,2019-07-08,2.48
47.4,8.5,2019-07-09,3.58
47.4,8.5,2019-07-10,3.33
47.4,8.5,2019-07-11,1.58
47.4,8.5,2019-07-12,3.12
47.4,8.5,2019-07-13,2.83
47.4,8.5,2019-07-14,4.62
47.4,8.5,2019-07-15,3.76
47.4,8.5,2019-07-16,1.52
47.4,8.5,2019-07-17,2.2
47.4,8.5,2019-07-18,2.47
47.4,8.5,2019-07-19,2.31
47.4,8.5,2019-07-20,4.86
47.4,8.5,2019-07-21,2.44
47.4,8.5,2019-07-22,2.06
47.4,8.5,2019-07-23,2.95
47.4,8.5,2019-07-24,2.28
47.4,8.5,2019-07-25,3.26
47.4,8.5,2019-07-26,3.34
47.4,8.5,2019-07-27,2.97
47.4,8.5,2019-07-28,5.3
47.4,8.5,2019-07-29,1.93
47.4,8.5,2019-07-30,2.88
47.4,8.5,2019-07-31,1.65
47.4,8.5,2019-08-01,2.15
47.4,8.5,2019-08-02,2.51
47.4,8.5,2019-08-03,3.22
47.4,8.5,2019-08-04,1.92
47.4,8.5,2019-08-05,3.2
47.4,8.5,2019-08-06,1.89
47.4,8.5,2019-08-07,2.38
47.4,8.5,2019-08-08,1.53
47.4,8.5,2019-08-09,2.09
47.4,8.5,2019-08-10,3.04
47.4,8.5,2019-08-11,4.62
47.4,8.5,2019-08-12,2.06
47.4,8.5,2019-08-13,2.77
47.4,8.5,2019-08-14,2.2
47.4,8.5,2019-08-15,3.73
47.4,8.5,2019-08-16,1.53
47.4,8.5,2019-08-17,1.66
47.4,8.5,2019-08-18,3.7
47.4,8.5,2019-08-19,1.28
47.4,8.5,2019-08-20,2.5
47.4,8.5,2019-08-21,4.9
47.4,8.5,2019-08-22,3.0
47.4,8.5,2019-08-23,3.18
47.4,8.5,2019-08-24,1.75
47.4,8.5,2019-08-25,1.3
47.4,8.5,2019-08-26,1.77
47.4,8.5,2019-08-27,1.8
47.4,8.5,2019-08-28,2.09
47.4,8.5,2019-08-29,1.8
47.4,8.5,2019-08-30,1.88
47.4,8.5,2019-08-31,2.0
47.4,8.5,2019-09-01,2.0
47.4,8.5,2019-09-02,2.25
47.4,8.5,2019-09-03,1.75
47.4,8.5,2019-09-04,2.05
47.4,8.5,2019-09-05,2.86
47.4,8.5,2019-09-06,3.48
47.4,8.5,2019-09-07,1.58
47.4,8.5,2019-09-08,2.91
47.4,8.5,2019-09-09,3.01
47.4,8.5,2019-09-10,2.58
47.4,8.5,2019-09-11,2.09
47.4,8.5,2019-09-12,1.33
47.4,8.5,2019-09-13,2.33
47.4,8.5,2019-09-14,2.69
47.4,8.5,2019-09-15,1.61
47.4,8.5,2019-09-16,2.72
47.4,8.5,2019-09-17,3.89
47.4,8.5,2019-09-18,4.05
47.4,8.5,2019-09-19,4.89
47.4,8.5,2019-09-20,3.28
47.4,8.5,2019-09-21,1.97
47.4,8.5,2019-09-22,4.04
47.4,8.5,2019-09-23,4.62
47.4,8.5,2019-09-24,1.84
47.4,8.5,2019-09-25,4.12
47.4,8.5,2019-09-26,2.04
47.4,8.5,2019-09-27,3.13
47.4,8.5,2019-09-28,4.13
47.4,8.5,2019-09-29,5.65
47.4,8.5,2019-09-30,6.57
47.4,8.5,2019-10-01,2.97
47.4,8.5,2019-10-02,5.02
47.4,8.5,2019-10-03,1.41
47.4,8.5,2019-10-04,4.49
47.4,8.5,2019-10-05,3.69
47.4,8.5,2019-10-06,3.8
47.4,8.5,2019-10-07,2.92
47.4,8.5,2019-10-08,2.88
47.4,8.5,2019-10-09,5.36
47.4,8.5,2019-10-10,5.55
47.4,8.5,2019-10-11,2.13
47.4,8.5,2019-10-12,1.84
47.4,8.5,2019-10-13,1.8
47.4,8.5,2019-10-14,1.9
47.4,8.5,2019-10-15,4.7
47.4,8.5,2019-10-16,2.26
47.4,8.5,2019-10-17,1.58
47.4,8.5,2019-10-18,2.52
47.4,8.5,2019-10-19,2.75
47.4,8.5,2019-10-20,1.8
47.4,8.5,2019-10-21,2.18
47.4,8.5,2019-10-22,2.41
47.4,8.5,2019-10-23,2.42
47.4,8.5,2019-10-24,2.52
47.4,8.5,2019-10-25,1.56
47.4,8.5,2019-10-26,1.8
47.4,8.5,2019-10-27,1.63
47.4,8.5,2019-10-28,2.69
47.4,8.5,2019-10-29,2.83
47.4,8.5,2019-10-30,2.92
47.4,8.5,2019-10-31,2.2
47.4,8.5,2019-11-01,2.15
47.4,8.5,2019-11-02,2.55
47.4,8.5,2019-11-03,5.88
47.4,8.5,2019-11-04,3.55
47.4,8.5,2019-11-05,1.91
47.4,8.5,2019-11-06,4.08
47.4,8.5,2019-11-07,1.92
47.4,8.5,2019-11-08,1.57
47.4,8.5,2019-11-09,1.49
47.4,8.5,2019-11-10,1.36
47.4,8.5,2019-11-11,1.92
47.4,8.5,2019-11-12,3.29
47.4,8.5,2019-11-13,4.24
47.4,8.5,2019-11-14,2.91
47.4,8.5,2019-11-15,3.67
47.4,8.5,2019-11-16,2.02
47.4,8.5,2019-11-17,2.48
47.4,8.5,2019-11-18,4.24
47.4,8.5,2019-11-19,1.4
47.4,8.5,2019-11-20,2.27
47.4,8.5,2019-11-21,1.25
47.4,8.5,2019-11-22,3.08
47.4,8.5,2019-11-23,3.58
47.4,8.5,2019-11-24,1.7
47.4,8.5,2019-11-25,1.21
47.4,8.5,2019-11-26,1.14
47.4,8.5,2019-11-27,2.94
47.4,8.5,2019-11-28,4.82
47.4,8.5,2019-11-29,4.89
47.4,8.5,2019-11-30,3.29
47.4,8.5,2019-12-01,2.48
47.4,8.5,2019-12-02,3.54
47.4,8.5,2019-12-03,3.47
47.4,8.5,2019-12-04,1.94
47.4,8.5,2019-12-05,1.33
47.4,8.5,2019-12-06,2.08
47.4,8.5,2019-12-07,2.22
47.4,8.5,2019-12-08,3.44
47.4,8.5,2019-12-09,5.5
47.4,8.5,2019-12-10,4.4
47.4,8.5,2019-12-11,3.38
47.4,8.5,2019-12-12,3.99
47.4,8.5,2019-12-13,6.21
47.4,8.5,2019-12-14,7.88
47.4,8.5,2019-12-15,2.69
47.4,8.5,2019-12-16,1.17
47.4,8.5,2019-12-17,1.66
47.4,8.5,2019-12-18,1.88
47.4,8.5,2019-12-19,1.53
47.4,8.5,2019-12-20,4.64
47.4,8.5,2019-12-21,2.66
47.4,8.5,2019-12-22,6.89
47.4,8.5,2019-12-23,5.51
47.4,8.5,2019-12-24,5.26
47.4,8.5,2019-12-25,5.82
47.4,8.5,2019-12-26,2.55
47.4,8.5,2019-12-27,2.97
47.4,8.5,2019-12-28,3.41
47.4,8.5,2019-12-29,2.48
47.4,8.5,2019-12-30,1.58
47.4,8.5,2019-12-31,1.53
