question_id,category,template_index,question,tables,supported,reason,sql
0,A,1,What is the average temperature in Celsius in City of Zurich in 2016?,meteo_tmean,true,,
1,A,1,What is the average temperature in Celsius in Attica in 2016?,meteo_tmean,true,,
2,A,1,What is the average temperature in Celsius in Canton of Bern in 2016?,meteo_tmean,true,,
3,A,1,What is the average temperature in Celsius in Peloponnese in 2016?,meteo_tmean,true,,
4,B,6,What is the minimum wind speed in City of Zurich in 2015?,meteo_windspeedmax,true,,
5,B,6,What is the minimum wind speed in Attica in 2015?,meteo_windspeedmax,true,,
6,B,6,What is the minimum wind speed in Canton of Bern in 2015?,meteo_windspeedmax,true,,
7,B,6,What is the minimum wind speed in Peloponnese in 2015?,meteo_windspeedmax,true,,
8,C,10,Show the coordinates of the location with the lowest temperature in Celsius in City of Zurich in July 2018.,meteo_tmin,false,"InternalError_: ProvSQL: Subqueries (EXISTS, IN, scalar subquery) not supported","SELECT
  mtn.latitude AS latitude,
  mtn.longitude AS longitude,
  mtn.tmin - 273.15 AS Min_Temperature_in_celsus
FROM meteo_tmin AS mtn
WHERE
  mtn.tmin - 273.15 = (
    SELECT
      MIN(mtn1.tmin) - 273.15
    FROM meteo_tmin AS mtn1
    WHERE
      EXTRACT(MONTH FROM mtn1.time) = 7
      AND EXTRACT(YEAR FROM mtn1.time) = 2018
      AND (
        ROUND(CAST(mtn1.latitude AS DECIMAL), 1),
        ROUND(CAST(mtn1.longitude AS DECIMAL), 1)
      ) IN ((47.4, 8.5))
  )
  AND (
    ROUND(CAST(mtn.latitude AS DECIMAL), 1),
    ROUND(CAST(mtn.longitude AS DECIMAL), 1)
  ) IN ((47.4, 8.5))
  AND EXTRACT(MONTH FROM mtn.time) = 7
  AND EXTRACT(YEAR FROM mtn.time) = 2018"
9,C,10,Show the coordinates of the location with the lowest temperature in Celsius in Attica in July 2018.,meteo_tmin,false,"InternalError_: ProvSQL: Subqueries (EXISTS, IN, scalar subquery) not supported","SELECT
  mtn.latitude AS latitude,
  mtn.longitude AS longitude,
  mtn.tmin - 273.15 AS Min_Temperature_in_celsus
FROM meteo_tmin AS mtn
WHERE
  mtn.tmin - 273.15 = (
    SELECT
      MIN(mtn1.tmin) - 273.15
    FROM meteo_tmin AS mtn1
    WHERE
      EXTRACT(MONTH FROM mtn1.time) = 7
      AND EXTRACT(YEAR FROM mtn1.time) = 2018
      AND (
        ROUND(CAST(mtn1.latitude AS DECIMAL), 1),
        ROUND(CAST(mtn1.longitude AS DECIMAL), 1)
      ) IN (
        (38.0, 23.2),
        (38.0, 23.3),
        (38.1, 23.3),
        (38.2, 23.3),
        (38.0, 23.4),
        (38.1, 23.4),
        (38.2, 23.4),
        (38.1, 23.5),
        (38.0, 23.6),
        (38.1, 23.6),
        (38.0, 23.7),
        (38.1, 23.7),
        (38.2, 23.7),
        (38.3, 23.7),
        (37.9, 23.8),
        (38.0, 23.8),
        (38.1, 23.8),
        (38.2, 23.8),
        (38.3, 23.8),
        (37.8, 23.9),
        (37.9, 23.9),
        (38.0, 23.9),
        (38.1, 23.9),
        (38.2, 23.9)
      )
  )
  AND (
    ROUND(CAST(mtn.latitude AS DECIMAL), 1),
    ROUND(CAST(mtn.longitude AS DECIMAL), 1)
  ) IN (
    (38.0, 23.2),
    (38.0, 23.3),
    (38.1, 23.3),
    (38.2, 23.3),
    (38.0, 23.4),
    (38.1, 23.4),
    (38.2, 23.4),
    (38.1, 23.5),
    (38.0, 23.6),
    (38.1, 23.6),
    (38.0, 23.7),
    (38.1, 23.7),
    (38.2, 23.7),
    (38.3, 23.7),
    (37.9, 23.8),
    (38.0, 23.8),
    (38.1, 23.8),
    (38.2, 23.8),
    (38.3, 23.8),
    (37.8, 23.9),
    (37.9, 23.9),
    (38.0, 23.9),
    (38.1, 23.9),
    (38.2, 23.9)
  )
  AND EXTRACT(MONTH FROM mtn.time) = 7
  AND EXTRACT(YEAR FROM mtn.time) = 2018"
10,C,10,Show the coordinates of the location with the lowest temperature in Celsius in Canton of Bern in July 2018.,meteo_tmin,false,"InternalError_: ProvSQL: Subqueries (EXISTS, IN, scalar subquery) not supported","SELECT
  mtn.latitude AS latitude,
  mtn.longitude AS longitude,
  mtn.tmin - 273.15 AS Min_Temperature_in_celsus
FROM meteo_tmin AS mtn
WHERE
  mtn.tmin - 273.15 = (
    SELECT
      MIN(mtn1.tmin) - 273.15
    FROM meteo_tmin AS mtn1
    WHERE
      EXTRACT(MONTH FROM mtn1.time) = 7
      AND EXTRACT(YEAR FROM mtn1.time) = 2018
      AND (
        ROUND(CAST(mtn1.latitude AS DECIMAL), 1),
        ROUND(CAST(mtn1.longitude AS DECIMAL), 1)
      ) IN (
        (47.1, 6.9),
        (47.0, 7.1),
        (47.1, 7.1),
        (47.2, 7.1),
        (47.1, 7.2),
        (47.2, 7.2),
        (46.4, 7.3),
        (46.5, 7.3),
        (46.9, 7.3),
        (47.0, 7.3),
        (47.1, 7.3),
        (47.2, 7.3),
        (46.4, 7.4),
        (46.5, 7.4),
        (46.6, 7.4),
        (46.7, 7.4),
        (46.8, 7.4),
        (46.9, 7.4),
        (47.0, 7.4),
        (47.3, 7.4),
        (46.4, 7.5),
        (46.5, 7.5),
        (46.6, 7.5),
        (46.7, 7.5),
        (46.8, 7.5),
        (46.9, 7.5),
        (47.0, 7.5),
        (47.1, 7.5),
        (47.3, 7.5),
        (46.5, 7.6),
        (46.6, 7.6),
        (46.7, 7.6),
        (46.8, 7.6),
        (46.9, 7.6),
        (47.0, 7.6),
        (47.1, 7.6),
        (46.5, 7.7),
        (46.6, 7.7),
        (46.7, 7.7),
        (46.8, 7.7),
        (46.9, 7.7),
        (47.0, 7.7),
        (47.1, 7.7),
        (47.2, 7.7),
        (46.5, 7.8),
        (46.6, 7.8),
        (46.7, 7.8),
        (46.8, 7.8),
        (46.9, 7.8),
        (47.0, 7.8),
        (47.1, 7.8),
        (47.2, 7.8),
        (46.5, 7.9),
        (46.6, 7.9),
        (46.7, 7.9),
        (46.8, 7.9),
        (47.0, 7.9),
        (46.6, 8.0),
        (46.7, 8.0),
        (46.6, 8.1),
        (46.7, 8.1),
        (46.6, 8.2),
        (46.7, 8.2),
        (46.6, 8.3),
        (46.7, 8.3)
      )
  )
  AND (
    ROUND(CAST(mtn.latitude AS DECIMAL), 1),
    ROUND(CAST(mtn.longitude AS DECIMAL), 1)
  ) IN (
    (47.1, 6.9),
    (47.0, 7.1),
    (47.1, 7.1),
    (47.2, 7.1),
    (47.1, 7.2),
    (47.2, 7.2),
    (46.4, 7.3),
    (46.5, 7.3),
    (46.9, 7.3),
    (47.0, 7.3),
    (47.1, 7.3),
    (47.2, 7.3),
    (46.4, 7.4),
    (46.5, 7.4),
    (46.6, 7.4),
    (46.7, 7.4),
    (46.8, 7.4),
    (46.9, 7.4),
    (47.0, 7.4),
    (47.3, 7.4),
    (46.4, 7.5),
    (46.5, 7.5),
    (46.6, 7.5),
    (46.7, 7.5),
    (46.8, 7.5),
    (46.9, 7.5),
    (47.0, 7.5),
    (47.1, 7.5),
    (47.3, 7.5),
    (46.5, 7.6),
    (46.6, 7.6),
    (46.7, 7.6),
    (46.8, 7.6),
    (46.9, 7.6),
    (47.0, 7.6),
    (47.1, 7.6),
    (46.5, 7.7),
    (46.6, 7.7),
    (46.7, 7.7),
    (46.8, 7.7),
    (46.9, 7.7),
    (47.0, 7.7),
    (47.1, 7.7),
    (47.2, 7.7),
    (46.5, 7.8),
    (46.6, 7.8),
    (46.7, 7.8),
    (46.8, 7.8),
    (46.9, 7.8),
    (47.0, 7.8),
    (47.1, 7.8),
    (47.2, 7.8),
    (46.5, 7.9),
    (46.6, 7.9),
    (46.7, 7.9),
    (46.8, 7.9),
    (47.0, 7.9),
    (46.6, 8.0),
    (46.7, 8.0),
    (46.6, 8.1),
    (46.7, 8.1),
    (46.6, 8.2),
    (46.7, 8.2),
    (46.6, 8.3),
    (46.7, 8.3)
  )
  AND EXTRACT(MONTH FROM mtn.time) = 7
  AND EXTRACT(YEAR FROM mtn.time) = 2018"
11,C,10,Show the coordinates of the location with the lowest temperature in Celsius in Peloponnese in July 2018.,meteo_tmin,false,"InternalError_: ProvSQL: Subqueries (EXISTS, IN, scalar subquery) not supported","SELECT
  mtn.latitude AS latitude,
  mtn.longitude AS longitude,
  mtn.tmin - 273.15 AS Min_Temperature_in_celsus
FROM meteo_tmin AS mtn
WHERE
  mtn.tmin - 273.15 = (
    SELECT
      MIN(mtn1.tmin) - 273.15
    FROM meteo_tmin AS mtn1
    WHERE
      EXTRACT(MONTH FROM mtn1.time) = 7
      AND EXTRACT(YEAR FROM mtn1.time) = 2018
      AND (
        ROUND(CAST(mtn1.latitude AS DECIMAL), 1),
        ROUND(CAST(mtn1.longitude AS DECIMAL), 1)
      ) IN (
        (37.9, 21.2),
        (37.8, 21.3),
        (37.9, 21.3),
        (38.0, 21.3),
        (37.7, 21.4),
        (37.8, 21.4),
        (37.9, 21.4),
        (38.0, 21.4),
        (38.1, 21.4),
        (37.6, 21.5),
        (37.7, 21.5),
        (37.8, 21.5),
        (37.9, 21.5),
        (38.0, 21.5),
        (38.1, 21.5),
        (37.1, 21.6),
        (37.2, 21.6),
        (37.6, 21.6),
        (37.7, 21.6),
        (37.8, 21.6),
        (37.9, 21.6),
        (38.0, 21.6),
        (38.1, 21.6),
        (36.9, 21.7),
        (37.0, 21.7),
        (37.1, 21.7),
        (37.2, 21.7),
        (37.3, 21.7),
        (37.4, 21.7),
        (37.5, 21.7),
        (37.6, 21.7),
        (37.7, 21.7),
        (37.8, 21.7),
        (37.9, 21.7),
        (38.0, 21.7),
        (38.1, 21.7),
        (38.2, 21.7),
        (36.9, 21.8),
        (37.0, 21.8),
        (37.1, 21.8),
        (37.2, 21.8),
        (37.3, 21.8),
        (37.4, 21.8),
        (37.5, 21.8),
        (37.6, 21.8),
        (37.7, 21.8),
        (37.8, 21.8),
        (37.9, 21.8),
        (38.0, 21.8),
        (38.1, 21.8),
        (38.2, 21.8),
        (38.3, 21.8),
        (36.8, 21.9),
        (36.9, 21.9),
        (37.0, 21.9),
        (37.1, 21.9),
        (37.2, 21.9),
        (37.3, 21.9),
        (37.4, 21.9),
        (37.5, 21.9),
        (37.6, 21.9),
        (37.7, 21.9),
        (37.8, 21.9),
        (37.9, 21.9),
        (38.0, 21.9),
        (38.1, 21.9),
        (38.2, 21.9),
        (38.3, 21.9),
        (37.1, 22.0),
        (37.2, 22.0),
        (37.3, 22.0),
        (37.4, 22.0),
        (37.5, 22.0),
        (37.6, 22.0),
        (37.7, 22.0),
        (37.8, 22.0),
        (37.9, 22.0),
        (38.0, 22.0),
        (38.1, 22.0),
        (38.2, 22.0),
        (38.3, 22.0),
        (37.1, 22.1),
        (37.2, 22.1),
        (37.3, 22.1),
        (37.4, 22.1),
        (37.5, 22.1),
        (37.6, 22.1),
        (37.7, 22.1),
        (37.8, 22.1),
        (37.9, 22.1),
        (38.0, 22.1),
        (38.1, 22.1),
        (38.2, 22.1),
        (37.0, 22.2),
        (37.1, 22.2),
        (37.2, 22.2),
        (37.3, 22.2),
        (37.4, 22.2),
        (37.5, 22.2),
        (37.6, 22.2),
        (37.7, 22.2),
        (37.8, 22.2),
        (37.9, 22.2),
        (38.0, 22.2),
        (38.1, 22.2),
        (36.8, 22.3),
        (36.9, 22.3),
        (37.0, 22.3),
        (37.1, 22.3),
        (37.2, 22.3),
        (37.3, 22.3),
        (37.4, 22.3),
        (37.5, 22.3),
        (37.6, 22.3),
        (37.7, 22.3),
        (37.8, 22.3),
        (37.9, 22.3),
        (38.0, 22.3),
        (38.1, 22.3),
        (36.5, 22.4),
        (36.6, 22.4),
        (36.7, 22.4),
        (36.8, 22.4),
        (36.9, 22.4),
        (37.0, 22.4),
        (37.1, 22.4),
        (37.2, 22.4),
        (37.3, 22.4),
        (37.4, 22.4),
        (37.5, 22.4),
        (37.6, 22.4),
        (37.7, 22.4),
        (37.8, 22.4),
        (37.9, 22.4),
        (38.0, 22.4),
        (38.1, 22.4),
        (36.7, 22.5),
        (36.8, 22.5),
        (36.9, 22.5),
        (37.0, 22.5),
        (37.1, 22.5),
        (37.2, 22.5),
        (37.3, 22.5),
        (37.4, 22.5),
        (37.5, 22.5),
        (37.6, 22.5),
        (37.7, 22.5),
        (37.8, 22.5),
        (37.9, 22.5),
        (38.0, 22.5),
        (38.1, 22.5),
        (36.8, 22.6),
        (36.9, 22.6),
        (37.0, 22.6),
        (37.1, 22.6),
        (37.2, 22.6),
        (37.3, 22.6),
        (37.4, 22.6),
        (37.5, 22.6),
        (37.6, 22.6),
        (37.7, 22.6),
        (37.8, 22.6),
        (37.9, 22.6),
        (38.0, 22.6),
        (36.9, 22.7),
        (37.0, 22.7),
        (37.1, 22.7),
        (37.2, 22.7),
        (37.3, 22.7),
        (37.4, 22.7),
        (37.5, 22.7),
        (37.6, 22.7),
        (37.7, 22.7),
        (37.8, 22.7),
        (37.9, 22.7),
        (38.0, 22.7),
        (36.8, 22.8),
        (36.9, 22.8),
        (37.0, 22.8),
        (37.1, 22.8),
        (37.2, 22.8),
        (37.3, 22.8),
        (37.6, 22.8),
        (37.7, 22.8),
        (37.8, 22.8),
        (37.9, 22.8),
        (36.7, 22.9),
        (36.8, 22.9),
        (36.9, 22.9),
        (37.0, 22.9),
        (37.1, 22.9),
        (37.6, 22.9),
        (37.7, 22.9),
        (37.8, 22.9),
        (37.9, 22.9),
        (36.6, 23.0),
        (36.7, 23.0),
        (36.8, 23.0),
        (36.9, 23.0),
        (37.0, 23.0),
        (37.5, 23.0),
        (37.6, 23.0),
        (37.7, 23.0),
        (37.8, 23.0),
        (37.9, 23.0),
        (36.5, 23.1),
        (37.5, 23.1),
        (37.6, 23.1),
        (37.7, 23.1),
        (37.8, 23.1),
        (37.3, 23.2),
        (37.4, 23.2),
        (37.5, 23.2),
        (37.4, 23.3),
        (37.5, 23.3),
        (37.5, 23.4),
        (37.6, 23.4)
      )
  )
  AND (
    ROUND(CAST(mtn.latitude AS DECIMAL), 1),
    ROUND(CAST(mtn.longitude AS DECIMAL), 1)
  ) IN (
    (37.9, 21.2),
    (37.8, 21.3),
    (37.9, 21.3),
    (38.0, 21.3),
    (37.7, 21.4),
    (37.8, 21.4),
    (37.9, 21.4),
    (38.0, 21.4),
    (38.1, 21.4),
    (37.6, 21.5),
    (37.7, 21.5),
    (37.8, 21.5),
    (37.9, 21.5),
    (38.0, 21.5),
    (38.1, 21.5),
    (37.1, 21.6),
    (37.2, 21.6),
    (37.6, 21.6),
    (37.7, 21.6),
    (37.8, 21.6),
    (37.9, 21.6),
    (38.0, 21.6),
    (38.1, 21.6),
    (36.9, 21.7),
    (37.0, 21.7),
    (37.1, 21.7),
    (37.2, 21.7),
    (37.3, 21.7),
    (37.4, 21.7),
    (37.5, 21.7),
    (37.6, 21.7),
    (37.7, 21.7),
    (37.8, 21.7),
    (37.9, 21.7),
    (38.0, 21.7),
    (38.1, 21.7),
    (38.2, 21.7),
    (36.9, 21.8),
    (37.0, 21.8),
    (37.1, 21.8),
    (37.2, 21.8),
    (37.3, 21.8),
    (37.4, 21.8),
    (37.5, 21.8),
    (37.6, 21.8),
    (37.7, 21.8),
    (37.8, 21.8),
    (37.9, 21.8),
    (38.0, 21.8),
    (38.1, 21.8),
    (38.2, 21.8),
    (38.3, 21.8),
    (36.8, 21.9),
    (36.9, 21.9),
    (37.0, 21.9),
    (37.1, 21.9),
    (37.2, 21.9),
    (37.3, 21.9),
    (37.4, 21.9),
    (37.5, 21.9),
    (37.6, 21.9),
    (37.7, 21.9),
    (37.8, 21.9),
    (37.9, 21.9),
    (38.0, 21.9),
    (38.1, 21.9),
    (38.2, 21.9),
    (38.3, 21.9),
    (37.1, 22.0),
    (37.2, 22.0),
    (37.3, 22.0),
    (37.4, 22.0),
    (37.5, 22.0),
    (37.6, 22.0),
    (37.7, 22.0),
    (37.8, 22.0),
    (37.9, 22.0),
    (38.0, 22.0),
    (38.1, 22.0),
    (38.2, 22.0),
    (38.3, 22.0),
    (37.1, 22.1),
    (37.2, 22.1),
    (37.3, 22.1),
    (37.4, 22.1),
    (37.5, 22.1),
    (37.6, 22.1),
    (37.7, 22.1),
    (37.8, 22.1),
    (37.9, 22.1),
    (38.0, 22.1),
    (38.1, 22.1),
    (38.2, 22.1),
    (37.0, 22.2),
    (37.1, 22.2),
    (37.2, 22.2),
    (37.3, 22.2),
    (37.4, 22.2),
    (37.5, 22.2),
    (37.6, 22.2),
    (37.7, 22.2),
    (37.8, 22.2),
    (37.9, 22.2),
    (38.0, 22.2),
    (38.1, 22.2),
    (36.8, 22.3),
    (36.9, 22.3),
    (37.0, 22.3),
    (37.1, 22.3),
    (37.2, 22.3),
    (37.3, 22.3),
    (37.4, 22.3),
    (37.5, 22.3),
    (37.6, 22.3),
    (37.7, 22.3),
    (37.8, 22.3),
    (37.9, 22.3),
    (38.0, 22.3),
    (38.1, 22.3),
    (36.5, 22.4),
    (36.6, 22.4),
    (36.7, 22.4),
    (36.8, 22.4),
    (36.9, 22.4),
    (37.0, 22.4),
    (37.1, 22.4),
    (37.2, 22.4),
    (37.3, 22.4),
    (37.4, 22.4),
    (37.5, 22.4),
    (37.6, 22.4),
    (37.7, 22.4),
    (37.8, 22.4),
    (37.9, 22.4),
    (38.0, 22.4),
    (38.1, 22.4),
    (36.7, 22.5),
    (36.8, 22.5),
    (36.9, 22.5),
    (37.0, 22.5),
    (37.1, 22.5),
    (37.2, 22.5),
    (37.3, 22.5),
    (37.4, 22.5),
    (37.5, 22.5),
    (37.6, 22.5),
    (37.7, 22.5),
    (37.8, 22.5),
    (37.9, 22.5),
    (38.0, 22.5),
    (38.1, 22.5),
    (36.8, 22.6),
    (36.9, 22.6),
    (37.0, 22.6),
    (37.1, 22.6),
    (37.2, 22.6),
    (37.3, 22.6),
    (37.4, 22.6),
    (37.5, 22.6),
    (37.6, 22.6),
    (37.7, 22.6),
    (37.8, 22.6),
    (37.9, 22.6),
    (38.0, 22.6),
    (36.9, 22.7),
    (37.0, 22.7),
    (37.1, 22.7),
    (37.2, 22.7),
    (37.3, 22.7),
    (37.4, 22.7),
    (37.5, 22.7),
    (37.6, 22.7),
    (37.7, 22.7),
    (37.8, 22.7),
    (37.9, 22.7),
    (38.0, 22.7),
    (36.8, 22.8),
    (36.9, 22.8),
    (37.0, 22.8),
    (37.1, 22.8),
    (37.2, 22.8),
    (37.3, 22.8),
    (37.6, 22.8),
    (37.7, 22.8),
    (37.8, 22.8),
    (37.9, 22.8),
    (36.7, 22.9),
    (36.8, 22.9),
    (36.9, 22.9),
    (37.0, 22.9),
    (37.1, 22.9),
    (37.6, 22.9),
    (37.7, 22.9),
    (37.8, 22.9),
    (37.9, 22.9),
    (36.6, 23.0),
    (36.7, 23.0),
    (36.8, 23.0),
    (36.9, 23.0),
    (37.0, 23.0),
    (37.5, 23.0),
    (37.6, 23.0),
    (37.7, 23.0),
    (37.8, 23.0),
    (37.9, 23.0),
    (36.5, 23.1),
    (37.5, 23.1),
    (37.6, 23.1),
    (37.7, 23.1),
    (37.8, 23.1),
    (37.3, 23.2),
    (37.4, 23.2),
    (37.5, 23.2),
    (37.4, 23.3),
    (37.5, 23.3),
    (37.5, 23.4),
    (37.6, 23.4)
  )
  AND EXTRACT(MONTH FROM mtn.time) = 7
  AND EXTRACT(YEAR FROM mtn.time) = 2018"
12,C,11,Show the coordinates of the location with the lowest temperature in Celsius in City of Zurich in 2018.,meteo_tmin,false,"InternalError_: ProvSQL: Subqueries (EXISTS, IN, scalar subquery) not supported","SELECT
  mtn.latitude AS latitude,
  mtn.longitude AS longitude,
  mtn.tmin - 273.15 AS Min_Temperature_in_celsus
FROM meteo_tmin AS mtn
WHERE
  mtn.tmin - 273.15 = (
    SELECT
      MIN(mtn1.tmin) - 273.15
    FROM meteo_tmin AS mtn1
    WHERE
      EXTRACT(YEAR FROM mtn1.time) = 2018
      AND (
        ROUND(CAST(mtn1.latitude AS DECIMAL), 1),
        ROUND(CAST(mtn1.longitude AS DECIMAL), 1)
      ) IN ((47.4, 8.5))
  )
  AND (
    ROUND(CAST(mtn.latitude AS DECIMAL), 1),
    ROUND(CAST(mtn.longitude AS DECIMAL), 1)
  ) IN ((47.4, 8.5))"
13,C,11,Show the coordinates of the location with the lowest temperature in Celsius in Attica in 2018.,meteo_tmin,false,"InternalError_: ProvSQL: Subqueries (EXISTS, IN, scalar subquery) not supported","SELECT
  mtn.latitude AS latitude,
  mtn.longitude AS longitude,
  mtn.tmin - 273.15 AS Min_Temperature_in_celsus
FROM meteo_tmin AS mtn
WHERE
  mtn.tmin - 273.15 = (
    SELECT
      MIN(mtn1.tmin) - 273.15
    FROM meteo_tmin AS mtn1
    WHERE
      EXTRACT(YEAR FROM mtn1.time) = 2018
      AND (
        ROUND(CAST(mtn1.latitude AS DECIMAL), 1),
        ROUND(CAST(mtn1.longitude AS DECIMAL), 1)
      ) IN (
        (38.0, 23.2),
        (38.0, 23.3),
        (38.1, 23.3),
        (38.2, 23.3),
        (38.0, 23.4),
        (38.1, 23.4),
        (38.2, 23.4),
        (38.1, 23.5),
        (38.0, 23.6),
        (38.1, 23.6),
        (38.0, 23.7),
        (38.1, 23.7),
        (38.2, 23.7),
        (38.3, 23.7),
        (37.9, 23.8),
        (38.0, 23.8),
        (38.1, 23.8),
        (38.2, 23.8),
        (38.3, 23.8),
        (37.8, 23.9),
        (37.9, 23.9),
        (38.0, 23.9),
        (38.1, 23.9),
        (38.2, 23.9)
      )
  )
  AND (
    ROUND(CAST(mtn.latitude AS DECIMAL), 1),
    ROUND(CAST(mtn.longitude AS DECIMAL), 1)
  ) IN (
    (38.0, 23.2),
    (38.0, 23.3),
    (38.1, 23.3),
    (38.2, 23.3),
    (38.0, 23.4),
    (38.1, 23.4),
    (38.2, 23.4),
    (38.1, 23.5),
    (38.0, 23.6),
    (38.1, 23.6),
    (38.0, 23.7),
    (38.1, 23.7),
    (38.2, 23.7),
    (38.3, 23.7),
    (37.9, 23.8),
    (38.0, 23.8),
    (38.1, 23.8),
    (38.2, 23.8),
    (38.3, 23.8),
    (37.8, 23.9),
    (37.9, 23.9),
    (38.0, 23.9),
    (38.1, 23.9),
    (38.2, 23.9)
  )"
14,C,11,Show the coordinates of the location with the lowest temperature in Celsius in Canton of Bern in 2018.,meteo_tmin,false,"InternalError_: ProvSQL: Subqueries (EXISTS, IN, scalar subquery) not supported","SELECT
  mtn.latitude AS latitude,
  mtn.longitude AS longitude,
  mtn.tmin - 273.15 AS Min_Temperature_in_celsus
FROM meteo_tmin AS mtn
WHERE
  mtn.tmin - 273.15 = (
    SELECT
      MIN(mtn1.tmin) - 273.15
    FROM meteo_tmin AS mtn1
    WHERE
      EXTRACT(YEAR FROM mtn1.time) = 2018
      AND (
        ROUND(CAST(mtn1.latitude AS DECIMAL), 1),
        ROUND(CAST(mtn1.longitude AS DECIMAL), 1)
      ) IN (
        (47.1, 6.9),
        (47.0, 7.1),
        (47.1, 7.1),
        (47.2, 7.1),
        (47.1, 7.2),
        (47.2, 7.2),
        (46.4, 7.3),
        (46.5, 7.3),
        (46.9, 7.3),
        (47.0, 7.3),
        (47.1, 7.3),
        (47.2, 7.3),
        (46.4, 7.4),
        (46.5, 7.4),
        (46.6, 7.4),
        (46.7, 7.4),
        (46.8, 7.4),
        (46.9, 7.4),
        (47.0, 7.4),
        (47.3, 7.4),
        (46.4, 7.5),
        (46.5, 7.5),
        (46.6, 7.5),
        (46.7, 7.5),
        (46.8, 7.5),
        (46.9, 7.5),
        (47.0, 7.5),
        (47.1, 7.5),
        (47.3, 7.5),
        (46.5, 7.6),
        (46.6, 7.6),
        (46.7, 7.6),
        (46.8, 7.6),
        (46.9, 7.6),
        (47.0, 7.6),
        (47.1, 7.6),
        (46.5, 7.7),
        (46.6, 7.7),
        (46.7, 7.7),
        (46.8, 7.7),
        (46.9, 7.7),
        (47.0, 7.7),
        (47.1, 7.7),
        (47.2, 7.7),
        (46.5, 7.8),
        (46.6, 7.8),
        (46.7, 7.8),
        (46.8, 7.8),
        (46.9, 7.8),
        (47.0, 7.8),
        (47.1, 7.8),
        (47.2, 7.8),
        (46.5, 7.9),
        (46.6, 7.9),
        (46.7, 7.9),
        (46.8, 7.9),
        (47.0, 7.9),
        (46.6, 8.0),
        (46.7, 8.0),
        (46.6, 8.1),
        (46.7, 8.1),
        (46.6, 8.2),
        (46.7, 8.2),
        (46.6, 8.3),
        (46.7, 8.3)
      )
  )
  AND (
    ROUND(CAST(mtn.latitude AS DECIMAL), 1),
    ROUND(CAST(mtn.longitude AS DECIMAL), 1)
  ) IN (
    (47.1, 6.9),
    (47.0, 7.1),
    (47.1, 7.1),
    (47.2, 7.1),
    (47.1, 7.2),
    (47.2, 7.2),
    (46.4, 7.3),
    (46.5, 7.3),
    (46.9, 7.3),
    (47.0, 7.3),
    (47.1, 7.3),
    (47.2, 7.3),
    (46.4, 7.4),
    (46.5, 7.4),
    (46.6, 7.4),
    (46.7, 7.4),
    (46.8, 7.4),
    (46.9, 7.4),
    (47.0, 7.4),
    (47.3, 7.4),
    (46.4, 7.5),
    (46.5, 7.5),
    (46.6, 7.5),
    (46.7, 7.5),
    (46.8, 7.5),
    (46.9, 7.5),
    (47.0, 7.5),
    (47.1, 7.5),
    (47.3, 7.5),
    (46.5, 7.6),
    (46.6, 7.6),
    (46.7, 7.6),
    (46.8, 7.6),
    (46.9, 7.6),
    (47.0, 7.6),
    (47.1, 7.6),
    (46.5, 7.7),
    (46.6, 7.7),
    (46.7, 7.7),
    (46.8, 7.7),
    (46.9, 7.7),
    (47.0, 7.7),
    (47.1, 7.7),
    (47.2, 7.7),
    (46.5, 7.8),
    (46.6, 7.8),
    (46.7, 7.8),
    (46.8, 7.8),
    (46.9, 7.8),
    (47.0, 7.8),
    (47.1, 7.8),
    (47.2, 7.8),
    (46.5, 7.9),
    (46.6, 7.9),
    (46.7, 7.9),
    (46.8, 7.9),
    (47.0, 7.9),
    (46.6, 8.0),
    (46.7, 8.0),
    (46.6, 8.1),
    (46.7, 8.1),
    (46.6, 8.2),
    (46.7, 8.2),
    (46.6, 8.3),
    (46.7, 8.3)
  )"
15,C,11,Show the coordinates of the location with the lowest temperature in Celsius in Peloponnese in 2018.,meteo_tmin,false,"InternalError_: ProvSQL: Subqueries (EXISTS, IN, scalar subquery) not supported","SELECT
  mtn.latitude AS latitude,
  mtn.longitude AS longitude,
  mtn.tmin - 273.15 AS Min_Temperature_in_celsus
FROM meteo_tmin AS mtn
WHERE
  mtn.tmin - 273.15 = (
    SELECT
      MIN(mtn1.tmin) - 273.15
    FROM meteo_tmin AS mtn1
    WHERE
      EXTRACT(YEAR FROM mtn1.time) = 2018
      AND (
        ROUND(CAST(mtn1.latitude AS DECIMAL), 1),
        ROUND(CAST(mtn1.longitude AS DECIMAL), 1)
      ) IN (
        (37.9, 21.2),
        (37.8, 21.3),
        (37.9, 21.3),
        (38.0, 21.3),
        (37.7, 21.4),
        (37.8, 21.4),
        (37.9, 21.4),
        (38.0, 21.4),
        (38.1, 21.4),
        (37.6, 21.5),
        (37.7, 21.5),
        (37.8, 21.5),
        (37.9, 21.5),
        (38.0, 21.5),
        (38.1, 21.5),
        (37.1, 21.6),
        (37.2, 21.6),
        (37.6, 21.6),
        (37.7, 21.6),
        (37.8, 21.6),
        (37.9, 21.6),
        (38.0, 21.6),
        (38.1, 21.6),
        (36.9, 21.7),
        (37.0, 21.7),
        (37.1, 21.7),
        (37.2, 21.7),
        (37.3, 21.7),
        (37.4, 21.7),
        (37.5, 21.7),
        (37.6, 21.7),
        (37.7, 21.7),
        (37.8, 21.7),
        (37.9, 21.7),
        (38.0, 21.7),
        (38.1, 21.7),
        (38.2, 21.7),
        (36.9, 21.8),
        (37.0, 21.8),
        (37.1, 21.8),
        (37.2, 21.8),
        (37.3, 21.8),
        (37.4, 21.8),
        (37.5, 21.8),
        (37.6, 21.8),
        (37.7, 21.8),
        (37.8, 21.8),
        (37.9, 21.8),
        (38.0, 21.8),
        (38.1, 21.8),
        (38.2, 21.8),
        (38.3, 21.8),
        (36.8, 21.9),
        (36.9, 21.9),
        (37.0, 21.9),
        (37.1, 21.9),
        (37.2, 21.9),
        (37.3, 21.9),
        (37.4, 21.9),
        (37.5, 21.9),
        (37.6, 21.9),
        (37.7, 21.9),
        (37.8, 21.9),
        (37.9, 21.9),
        (38.0, 21.9),
        (38.1, 21.9),
        (38.2, 21.9),
        (38.3, 21.9),
        (37.1, 22.0),
        (37.2, 22.0),
        (37.3, 22.0),
        (37.4, 22.0),
        (37.5, 22.0),
        (37.6, 22.0),
        (37.7, 22.0),
        (37.8, 22.0),
        (37.9, 22.0),
        (38.0, 22.0),
        (38.1, 22.0),
        (38.2, 22.0),
        (38.3, 22.0),
        (37.1, 22.1),
        (37.2, 22.1),
        (37.3, 22.1),
        (37.4, 22.1),
        (37.5, 22.1),
        (37.6, 22.1),
        (37.7, 22.1),
        (37.8, 22.1),
        (37.9, 22.1),
        (38.0, 22.1),
        (38.1, 22.1),
        (38.2, 22.1),
        (37.0, 22.2),
        (37.1, 22.2),
        (37.2, 22.2),
        (37.3, 22.2),
        (37.4, 22.2),
        (37.5, 22.2),
        (37.6, 22.2),
        (37.7, 22.2),
        (37.8, 22.2),
        (37.9, 22.2),
        (38.0, 22.2),
        (38.1, 22.2),
        (36.8, 22.3),
        (36.9, 22.3),
        (37.0, 22.3),
        (37.1, 22.3),
        (37.2, 22.3),
        (37.3, 22.3),
        (37.4, 22.3),
        (37.5, 22.3),
        (37.6, 22.3),
        (37.7, 22.3),
        (37.8, 22.3),
        (37.9, 22.3),
        (38.0, 22.3),
        (38.1, 22.3),
        (36.5, 22.4),
        (36.6, 22.4),
        (36.7, 22.4),
        (36.8, 22.4),
        (36.9, 22.4),
        (37.0, 22.4),
        (37.1, 22.4),
        (37.2, 22.4),
        (37.3, 22.4),
        (37.4, 22.4),
        (37.5, 22.4),
        (37.6, 22.4),
        (37.7, 22.4),
        (37.8, 22.4),
        (37.9, 22.4),
        (38.0, 22.4),
        (38.1, 22.4),
        (36.7, 22.5),
        (36.8, 22.5),
        (36.9, 22.5),
        (37.0, 22.5),
        (37.1, 22.5),
        (37.2, 22.5),
        (37.3, 22.5),
        (37.4, 22.5),
        (37.5, 22.5),
        (37.6, 22.5),
        (37.7, 22.5),
        (37.8, 22.5),
        (37.9, 22.5),
        (38.0, 22.5),
        (38.1, 22.5),
        (36.8, 22.6),
        (36.9, 22.6),
        (37.0, 22.6),
        (37.1, 22.6),
        (37.2, 22.6),
        (37.3, 22.6),
        (37.4, 22.6),
        (37.5, 22.6),
        (37.6, 22.6),
        (37.7, 22.6),
        (37.8, 22.6),
        (37.9, 22.6),
        (38.0, 22.6),
        (36.9, 22.7),
        (37.0, 22.7),
        (37.1, 22.7),
        (37.2, 22.7),
        (37.3, 22.7),
        (37.4, 22.7),
        (37.5, 22.7),
        (37.6, 22.7),
        (37.7, 22.7),
        (37.8, 22.7),
        (37.9, 22.7),
        (38.0, 22.7),
        (36.8, 22.8),
        (36.9, 22.8),
        (37.0, 22.8),
        (37.1, 22.8),
        (37.2, 22.8),
        (37.3, 22.8),
        (37.6, 22.8),
        (37.7, 22.8),
        (37.8, 22.8),
        (37.9, 22.8),
        (36.7, 22.9),
        (36.8, 22.9),
        (36.9, 22.9),
        (37.0, 22.9),
        (37.1, 22.9),
        (37.6, 22.9),
        (37.7, 22.9),
        (37.8, 22.9),
        (37.9, 22.9),
        (36.6, 23.0),
        (36.7, 23.0),
        (36.8, 23.0),
        (36.9, 23.0),
        (37.0, 23.0),
        (37.5, 23.0),
        (37.6, 23.0),
        (37.7, 23.0),
        (37.8, 23.0),
        (37.9, 23.0),
        (36.5, 23.1),
        (37.5, 23.1),
        (37.6, 23.1),
        (37.7, 23.1),
        (37.8, 23.1),
        (37.3, 23.2),
        (37.4, 23.2),
        (37.5, 23.2),
        (37.4, 23.3),
        (37.5, 23.3),
        (37.5, 23.4),
        (37.6, 23.4)
      )
  )
  AND (
    ROUND(CAST(mtn.latitude AS DECIMAL), 1),
    ROUND(CAST(mtn.longitude AS DECIMAL), 1)
  ) IN (
    (37.9, 21.2),
    (37.8, 21.3),
    (37.9, 21.3),
    (38.0, 21.3),
    (37.7, 21.4),
    (37.8, 21.4),
    (37.9, 21.4),
    (38.0, 21.4),
    (38.1, 21.4),
    (37.6, 21.5),
    (37.7, 21.5),
    (37.8, 21.5),
    (37.9, 21.5),
    (38.0, 21.5),
    (38.1, 21.5),
    (37.1, 21.6),
    (37.2, 21.6),
    (37.6, 21.6),
    (37.7, 21.6),
    (37.8, 21.6),
    (37.9, 21.6),
    (38.0, 21.6),
    (38.1, 21.6),
    (36.9, 21.7),
    (37.0, 21.7),
    (37.1, 21.7),
    (37.2, 21.7),
    (37.3, 21.7),
    (37.4, 21.7),
    (37.5, 21.7),
    (37.6, 21.7),
    (37.7, 21.7),
    (37.8, 21.7),
    (37.9, 21.7),
    (38.0, 21.7),
    (38.1, 21.7),
    (38.2, 21.7),
    (36.9, 21.8),
    (37.0, 21.8),
    (37.1, 21.8),
    (37.2, 21.8),
    (37.3, 21.8),
    (37.4, 21.8),
    (37.5, 21.8),
    (37.6, 21.8),
    (37.7, 21.8),
    (37.8, 21.8),
    (37.9, 21.8),
    (38.0, 21.8),
    (38.1, 21.8),
    (38.2, 21.8),
    (38.3, 21.8),
    (36.8, 21.9),
    (36.9, 21.9),
    (37.0, 21.9),
    (37.1, 21.9),
    (37.2, 21.9),
    (37.3, 21.9),
    (37.4, 21.9),
    (37.5, 21.9),
    (37.6, 21.9),
    (37.7, 21.9),
    (37.8, 21.9),
    (37.9, 21.9),
    (38.0, 21.9),
    (38.1, 21.9),
    (38.2, 21.9),
    (38.3, 21.9),
    (37.1, 22.0),
    (37.2, 22.0),
    (37.3, 22.0),
    (37.4, 22.0),
    (37.5, 22.0),
    (37.6, 22.0),
    (37.7, 22.0),
    (37.8, 22.0),
    (37.9, 22.0),
    (38.0, 22.0),
    (38.1, 22.0),
    (38.2, 22.0),
    (38.3, 22.0),
    (37.1, 22.1),
    (37.2, 22.1),
    (37.3, 22.1),
    (37.4, 22.1),
    (37.5, 22.1),
    (37.6, 22.1),
    (37.7, 22.1),
    (37.8, 22.1),
    (37.9, 22.1),
    (38.0, 22.1),
    (38.1, 22.1),
    (38.2, 22.1),
    (37.0, 22.2),
    (37.1, 22.2),
    (37.2, 22.2),
    (37.3, 22.2),
    (37.4, 22.2),
    (37.5, 22.2),
    (37.6, 22.2),
    (37.7, 22.2),
    (37.8, 22.2),
    (37.9, 22.2),
    (38.0, 22.2),
    (38.1, 22.2),
    (36.8, 22.3),
    (36.9, 22.3),
    (37.0, 22.3),
    (37.1, 22.3),
    (37.2, 22.3),
    (37.3, 22.3),
    (37.4, 22.3),
    (37.5, 22.3),
    (37.6, 22.3),
    (37.7, 22.3),
    (37.8, 22.3),
    (37.9, 22.3),
    (38.0, 22.3),
    (38.1, 22.3),
    (36.5, 22.4),
    (36.6, 22.4),
    (36.7, 22.4),
    (36.8, 22.4),
    (36.9, 22.4),
    (37.0, 22.4),
    (37.1, 22.4),
    (37.2, 22.4),
    (37.3, 22.4),
    (37.4, 22.4),
    (37.5, 22.4),
    (37.6, 22.4),
    (37.7, 22.4),
    (37.8, 22.4),
    (37.9, 22.4),
    (38.0, 22.4),
    (38.1, 22.4),
    (36.7, 22.5),
    (36.8, 22.5),
    (36.9, 22.5),
    (37.0, 22.5),
    (37.1, 22.5),
    (37.2, 22.5),
    (37.3, 22.5),
    (37.4, 22.5),
    (37.5, 22.5),
    (37.6, 22.5),
    (37.7, 22.5),
    (37.8, 22.5),
    (37.9, 22.5),
    (38.0, 22.5),
    (38.1, 22.5),
    (36.8, 22.6),
    (36.9, 22.6),
    (37.0, 22.6),
    (37.1, 22.6),
    (37.2, 22.6),
    (37.3, 22.6),
    (37.4, 22.6),
    (37.5, 22.6),
    (37.6, 22.6),
    (37.7, 22.6),
    (37.8, 22.6),
    (37.9, 22.6),
    (38.0, 22.6),
    (36.9, 22.7),
    (37.0, 22.7),
    (37.1, 22.7),
    (37.2, 22.7),
    (37.3, 22.7),
    (37.4, 22.7),
    (37.5, 22.7),
    (37.6, 22.7),
    (37.7, 22.7),
    (37.8, 22.7),
    (37.9, 22.7),
    (38.0, 22.7),
    (36.8, 22.8),
    (36.9, 22.8),
    (37.0, 22.8),
    (37.1, 22.8),
    (37.2, 22.8),
    (37.3, 22.8),
    (37.6, 22.8),
    (37.7, 22.8),
    (37.8, 22.8),
    (37.9, 22.8),
    (36.7, 22.9),
    (36.8, 22.9),
    (36.9, 22.9),
    (37.0, 22.9),
    (37.1, 22.9),
    (37.6, 22.9),
    (37.7, 22.9),
    (37.8, 22.9),
    (37.9, 22.9),
    (36.6, 23.0),
    (36.7, 23.0),
    (36.8, 23.0),
    (36.9, 23.0),
    (37.0, 23.0),
    (37.5, 23.0),
    (37.6, 23.0),
    (37.7, 23.0),
    (37.8, 23.0),
    (37.9, 23.0),
    (36.5, 23.1),
    (37.5, 23.1),
    (37.6, 23.1),
    (37.7, 23.1),
    (37.8, 23.1),
    (37.3, 23.2),
    (37.4, 23.2),
    (37.5, 23.2),
    (37.4, 23.3),
    (37.5, 23.3),
    (37.5, 23.4),
    (37.6, 23.4)
  )"
16,B,14,Show the highest wind speed in City of Zurich in July 2018.,meteo_windspeedmax,true,,
17,B,14,Show the highest wind speed in Attica in July 2018.,meteo_windspeedmax,true,,
18,B,14,Show the highest wind speed in Canton of Bern in July 2018.,meteo_windspeedmax,true,,
19,B,14,Show the highest wind speed in Peloponnese in July 2018.,meteo_windspeedmax,true,,
20,B,15,Show the highest wind speed in City of Zurich in 2015,meteo_windspeedmax,true,,
21,B,15,Show the highest wind speed in Attica in 2015,meteo_windspeedmax,true,,
22,B,15,Show the highest wind speed in Canton of Bern in 2015,meteo_windspeedmax,true,,
23,B,15,Show the highest wind speed in Peloponnese in 2015,meteo_windspeedmax,true,,
24,B,16,Show the highest wind speed in City of Zurich between 2015 and 2019.,meteo_windspeedmax,true,,
25,B,16,Show the highest wind speed in Attica between 2015 and 2019.,meteo_windspeedmax,true,,
26,B,16,Show the highest wind speed in Canton of Bern between 2015 and 2019.,meteo_windspeedmax,true,,
27,B,16,Show the highest wind speed in Peloponnese between 2015 and 2019.,meteo_windspeedmax,true,,
28,T,18,Show the lowest temperature in Celsius at the lowest point in City of Zurich during week 10 of 2018.,meteo_elevation;meteo_tmin,false,"InternalError_: could not find CTE ""min_elev_value""","WITH min_elev_value AS (
  SELECT
    MIN(me.elevation) AS min_elev
  FROM meteo_elevation AS me
  WHERE
    (ROUND(CAST(me.latitude AS DECIMAL), 1), ROUND(CAST(me.longitude AS DECIMAL), 1)) IN ((47.4, 8.5))
), lowest_point AS (
  SELECT
    me1.latitude AS latitude,
    me1.longitude AS longitude
  FROM meteo_elevation AS me1
  WHERE
    me1.elevation = (
      SELECT
        min_elev_value.min_elev AS min_elev
      FROM min_elev_value
    )
    AND (
      ROUND(CAST(me1.latitude AS DECIMAL), 1),
      ROUND(CAST(me1.longitude AS DECIMAL), 1)
    ) IN ((47.4, 8.5))
  LIMIT 1
)
SELECT
  MIN(mt.tmin) - 273.15 AS lowest_temp_celsius,
  lp.latitude AS latitude,
  lp.longitude AS longitude
FROM meteo_tmin AS mt
JOIN lowest_point AS lp
  ON (ROUND(CAST(mt.latitude AS DECIMAL), 1), ROUND(CAST(mt.longitude AS DECIMAL), 1)) = (ROUND(CAST(lp.latitude AS DECIMAL), 1), ROUND(CAST(lp.longitude AS DECIMAL), 1))
WHERE
  EXTRACT(WEEK FROM mt.time) = 10 AND EXTRACT(YEAR FROM mt.time) = 2018
GROUP BY
  lp.latitude,
  lp.longitude
LIMIT 1"
29,T,18,Show the lowest temperature in Celsius at the lowest point in Attica during week 10 of 2018.,meteo_elevation;meteo_tmin,false,"InternalError_: could not find CTE ""min_elev_value""","WITH min_elev_value AS (
  SELECT
    MIN(me.elevation) AS min_elev
  FROM meteo_elevation AS me
  WHERE
    (ROUND(CAST(me.latitude AS DECIMAL), 1), ROUND(CAST(me.longitude AS DECIMAL), 1)) IN (
      (38.0, 23.2),
      (38.0, 23.3),
      (38.1, 23.3),
      (38.2, 23.3),
      (38.0, 23.4),
      (38.1, 23.4),
      (38.2, 23.4),
      (38.1, 23.5),
      (38.0, 23.6),
      (38.1, 23.6),
      (38.0, 23.7),
      (38.1, 23.7),
      (38.2, 23.7),
      (38.3, 23.7),
      (37.9, 23.8),
      (38.0, 23.8),
      (38.1, 23.8),
      (38.2, 23.8),
      (38.3, 23.8),
      (37.8, 23.9),
      (37.9, 23.9),
      (38.0, 23.9),
      (38.1, 23.9),
      (38.2, 23.9)
    )
), lowest_point AS (
  SELECT
    me1.latitude AS latitude,
    me1.longitude AS longitude
  FROM meteo_elevation AS me1
  WHERE
    me1.elevation = (
      SELECT
        min_elev_value.min_elev AS min_elev
      FROM min_elev_value
    )
    AND (
      ROUND(CAST(me1.latitude AS DECIMAL), 1),
      ROUND(CAST(me1.longitude AS DECIMAL), 1)
    ) IN (
      (38.0, 23.2),
      (38.0, 23.3),
      (38.1, 23.3),
      (38.2, 23.3),
      (38.0, 23.4),
      (38.1, 23.4),
      (38.2, 23.4),
      (38.1, 23.5),
      (38.0, 23.6),
      (38.1, 23.6),
      (38.0, 23.7),
      (38.1, 23.7),
      (38.2, 23.7),
      (38.3, 23.7),
      (37.9, 23.8),
      (38.0, 23.8),
      (38.1, 23.8),
      (38.2, 23.8),
      (38.3, 23.8),
      (37.8, 23.9),
      (37.9, 23.9),
      (38.0, 23.9),
      (38.1, 23.9),
      (38.2, 23.9)
    )
  LIMIT 1
)
SELECT
  MIN(mt.tmin) - 273.15 AS lowest_temp_celsius,
  lp.latitude AS latitude,
  lp.longitude AS longitude
FROM meteo_tmin AS mt
JOIN lowest_point AS lp
  ON (ROUND(CAST(mt.latitude AS DECIMAL), 1), ROUND(CAST(mt.longitude AS DECIMAL), 1)) = (ROUND(CAST(lp.latitude AS DECIMAL), 1), ROUND(CAST(lp.longitude AS DECIMAL), 1))
WHERE
  EXTRACT(WEEK FROM mt.time) = 10 AND EXTRACT(YEAR FROM mt.time) = 2018
GROUP BY
  lp.latitude,
  lp.longitude
LIMIT 1"
30,T,18,Show the lowest temperature in Celsius at the lowest point in Canton of Bern during week 10 of 2018.,meteo_elevation;meteo_tmin,false,"InternalError_: could not find CTE ""min_elev_value""","WITH min_elev_value AS (
  SELECT
    MIN(me.elevation) AS min_elev
  FROM meteo_elevation AS me
  WHERE
    (ROUND(CAST(me.latitude AS DECIMAL), 1), ROUND(CAST(me.longitude AS DECIMAL), 1)) IN (
      (47.1, 6.9),
      (47.0, 7.1),
      (47.1, 7.1),
      (47.2, 7.1),
      (47.1, 7.2),
      (47.2, 7.2),
      (46.4, 7.3),
      (46.5, 7.3),
      (46.9, 7.3),
      (47.0, 7.3),
      (47.1, 7.3),
      (47.2, 7.3),
      (46.4, 7.4),
      (46.5, 7.4),
      (46.6, 7.4),
      (46.7, 7.4),
      (46.8, 7.4),
      (46.9, 7.4),
      (47.0, 7.4),
      (47.3, 7.4),
      (46.4, 7.5),
      (46.5, 7.5),
      (46.6, 7.5),
      (46.7, 7.5),
      (46.8, 7.5),
      (46.9, 7.5),
      (47.0, 7.5),
      (47.1, 7.5),
      (47.3, 7.5),
      (46.5, 7.6),
      (46.6, 7.6),
      (46.7, 7.6),
      (46.8, 7.6),
      (46.9, 7.6),
      (47.0, 7.6),
      (47.1, 7.6),
      (46.5, 7.7),
      (46.6, 7.7),
      (46.7, 7.7),
      (46.8, 7.7),
      (46.9, 7.7),
      (47.0, 7.7),
      (47.1, 7.7),
      (47.2, 7.7),
      (46.5, 7.8),
      (46.6, 7.8),
      (46.7, 7.8),
      (46.8, 7.8),
      (46.9, 7.8),
      (47.0, 7.8),
      (47.1, 7.8),
      (47.2, 7.8),
      (46.5, 7.9),
      (46.6, 7.9),
      (46.7, 7.9),
      (46.8, 7.9),
      (47.0, 7.9),
      (46.6, 8.0),
      (46.7, 8.0),
      (46.6, 8.1),
      (46.7, 8.1),
      (46.6, 8.2),
      (46.7, 8.2),
      (46.6, 8.3),
      (46.7, 8.3)
    )
), lowest_point AS (
  SELECT
    me1.latitude AS latitude,
    me1.longitude AS longitude
  FROM meteo_elevation AS me1
  WHERE
    me1.elevation = (
      SELECT
        min_elev_value.min_elev AS min_elev
      FROM min_elev_value
    )
    AND (
      ROUND(CAST(me1.latitude AS DECIMAL), 1),
      ROUND(CAST(me1.longitude AS DECIMAL), 1)
    ) IN (
      (47.1, 6.9),
      (47.0, 7.1),
      (47.1, 7.1),
      (47.2, 7.1),
      (47.1, 7.2),
      (47.2, 7.2),
      (46.4, 7.3),
      (46.5, 7.3),
      (46.9, 7.3),
      (47.0, 7.3),
      (47.1, 7.3),
      (47.2, 7.3),
      (46.4, 7.4),
      (46.5, 7.4),
      (46.6, 7.4),
      (46.7, 7.4),
      (46.8, 7.4),
      (46.9, 7.4),
      (47.0, 7.4),
      (47.3, 7.4),
      (46.4, 7.5),
      (46.5, 7.5),
      (46.6, 7.5),
      (46.7, 7.5),
      (46.8, 7.5),
      (46.9, 7.5),
      (47.0, 7.5),
      (47.1, 7.5),
      (47.3, 7.5),
      (46.5, 7.6),
      (46.6, 7.6),
      (46.7, 7.6),
      (46.8, 7.6),
      (46.9, 7.6),
      (47.0, 7.6),
      (47.1, 7.6),
      (46.5, 7.7),
      (46.6, 7.7),
      (46.7, 7.7),
      (46.8, 7.7),
      (46.9, 7.7),
      (47.0, 7.7),
      (47.1, 7.7),
      (47.2, 7.7),
      (46.5, 7.8),
      (46.6, 7.8),
      (46.7, 7.8),
      (46.8, 7.8),
      (46.9, 7.8),
      (47.0, 7.8),
      (47.1, 7.8),
      (47.2, 7.8),
      (46.5, 7.9),
      (46.6, 7.9),
      (46.7, 7.9),
      (46.8, 7.9),
      (47.0, 7.9),
      (46.6, 8.0),
      (46.7, 8.0),
      (46.6, 8.1),
      (46.7, 8.1),
      (46.6, 8.2),
      (46.7, 8.2),
      (46.6, 8.3),
      (46.7, 8.3)
    )
  LIMIT 1
)
SELECT
  MIN(mt.tmin) - 273.15 AS lowest_temp_celsius,
  lp.latitude AS latitude,
  lp.longitude AS longitude
FROM meteo_tmin AS mt
JOIN lowest_point AS lp
  ON (ROUND(CAST(mt.latitude AS DECIMAL), 1), ROUND(CAST(mt.longitude AS DECIMAL), 1)) = (ROUND(CAST(lp.latitude AS DECIMAL), 1), ROUND(CAST(lp.longitude AS DECIMAL), 1))
WHERE
  EXTRACT(WEEK FROM mt.time) = 10 AND EXTRACT(YEAR FROM mt.time) = 2018
GROUP BY
  lp.latitude,
  lp.longitude
LIMIT 1"
31,T,18,Show the lowest temperature in Celsius at the lowest point in Peloponnese during week 10 of 2018.,meteo_elevation;meteo_tmin,false,"InternalError_: could not find CTE ""min_elev_value""","WITH min_elev_value AS (
  SELECT
    MIN(me.elevation) AS min_elev
  FROM meteo_elevation AS me
  WHERE
    (ROUND(CAST(me.latitude AS DECIMAL), 1), ROUND(CAST(me.longitude AS DECIMAL), 1)) IN (
      (37.9, 21.2),
      (37.8, 21.3),
      (37.9, 21.3),
      (38.0, 21.3),
      (37.7, 21.4),
      (37.8, 21.4),
      (37.9, 21.4),
      (38.0, 21.4),
      (38.1, 21.4),
      (37.6, 21.5),
      (37.7, 21.5),
      (37.8, 21.5),
      (37.9, 21.5),
      (38.0, 21.5),
      (38.1, 21.5),
      (37.1, 21.6),
      (37.2, 21.6),
      (37.6, 21.6),
      (37.7, 21.6),
      (37.8, 21.6),
      (37.9, 21.6),
      (38.0, 21.6),
      (38.1, 21.6),
      (36.9, 21.7),
      (37.0, 21.7),
      (37.1, 21.7),
      (37.2, 21.7),
      (37.3, 21.7),
      (37.4, 21.7),
      (37.5, 21.7),
      (37.6, 21.7),
      (37.7, 21.7),
      (37.8, 21.7),
      (37.9, 21.7),
      (38.0, 21.7),
      (38.1, 21.7),
      (38.2, 21.7),
      (36.9, 21.8),
      (37.0, 21.8),
      (37.1, 21.8),
      (37.2, 21.8),
      (37.3, 21.8),
      (37.4, 21.8),
      (37.5, 21.8),
      (37.6, 21.8),
      (37.7, 21.8),
      (37.8, 21.8),
      (37.9, 21.8),
      (38.0, 21.8),
      (38.1, 21.8),
      (38.2, 21.8),
      (38.3, 21.8),
      (36.8, 21.9),
      (36.9, 21.9),
      (37.0, 21.9),
      (37.1, 21.9),
      (37.2, 21.9),
      (37.3, 21.9),
      (37.4, 21.9),
      (37.5, 21.9),
      (37.6, 21.9),
      (37.7, 21.9),
      (37.8, 21.9),
      (37.9, 21.9),
      (38.0, 21.9),
      (38.1, 21.9),
      (38.2, 21.9),
      (38.3, 21.9),
      (37.1, 22.0),
      (37.2, 22.0),
      (37.3, 22.0),
      (37.4, 22.0),
      (37.5, 22.0),
      (37.6, 22.0),
      (37.7, 22.0),
      (37.8, 22.0),
      (37.9, 22.0),
      (38.0, 22.0),
      (38.1, 22.0),
      (38.2, 22.0),
      (38.3, 22.0),
      (37.1, 22.1),
      (37.2, 22.1),
      (37.3, 22.1),
      (37.4, 22.1),
      (37.5, 22.1),
      (37.6, 22.1),
      (37.7, 22.1),
      (37.8, 22.1),
      (37.9, 22.1),
      (38.0, 22.1),
      (38.1, 22.1),
      (38.2, 22.1),
      (37.0, 22.2),
      (37.1, 22.2),
      (37.2, 22.2),
      (37.3, 22.2),
      (37.4, 22.2),
      (37.5, 22.2),
      (37.6, 22.2),
      (37.7, 22.2),
      (37.8, 22.2),
      (37.9, 22.2),
      (38.0, 22.2),
      (38.1, 22.2),
      (36.8, 22.3),
      (36.9, 22.3),
      (37.0, 22.3),
      (37.1, 22.3),
      (37.2, 22.3),
      (37.3, 22.3),
      (37.4, 22.3),
      (37.5, 22.3),
      (37.6, 22.3),
      (37.7, 22.3),
      (37.8, 22.3),
      (37.9, 22.3),
      (38.0, 22.3),
      (38.1, 22.3),
      (36.5, 22.4),
      (36.6, 22.4),
      (36.7, 22.4),
      (36.8, 22.4),
      (36.9, 22.4),
      (37.0, 22.4),
      (37.1, 22.4),
      (37.2, 22.4),
      (37.3, 22.4),
      (37.4, 22.4),
      (37.5, 22.4),
      (37.6, 22.4),
      (37.7, 22.4),
      (37.8, 22.4),
      (37.9, 22.4),
      (38.0, 22.4),
      (38.1, 22.4),
      (36.7, 22.5),
      (36.8, 22.5),
      (36.9, 22.5),
      (37.0, 22.5),
      (37.1, 22.5),
      (37.2, 22.5),
      (37.3, 22.5),
      (37.4, 22.5),
      (37.5, 22.5),
      (37.6, 22.5),
      (37.7, 22.5),
      (37.8, 22.5),
      (37.9, 22.5),
      (38.0, 22.5),
      (38.1, 22.5),
      (36.8, 22.6),
      (36.9, 22.6),
      (37.0, 22.6),
      (37.1, 22.6),
      (37.2, 22.6),
      (37.3, 22.6),
      (37.4, 22.6),
      (37.5, 22.6),
      (37.6, 22.6),
      (37.7, 22.6),
      (37.8, 22.6),
      (37.9, 22.6),
      (38.0, 22.6),
      (36.9, 22.7),
      (37.0, 22.7),
      (37.1, 22.7),
      (37.2, 22.7),
      (37.3, 22.7),
      (37.4, 22.7),
      (37.5, 22.7),
      (37.6, 22.7),
      (37.7, 22.7),
      (37.8, 22.7),
      (37.9, 22.7),
      (38.0, 22.7),
      (36.8, 22.8),
      (36.9, 22.8),
      (37.0, 22.8),
      (37.1, 22.8),
      (37.2, 22.8),
      (37.3, 22.8),
      (37.6, 22.8),
      (37.7, 22.8),
      (37.8, 22.8),
      (37.9, 22.8),
      (36.7, 22.9),
      (36.8, 22.9),
      (36.9, 22.9),
      (37.0, 22.9),
      (37.1, 22.9),
      (37.6, 22.9),
      (37.7, 22.9),
      (37.8, 22.9),
      (37.9, 22.9),
      (36.6, 23.0),
      (36.7, 23.0),
      (36.8, 23.0),
      (36.9, 23.0),
      (37.0, 23.0),
      (37.5, 23.0),
      (37.6, 23.0),
      (37.7, 23.0),
      (37.8, 23.0),
      (37.9, 23.0),
      (36.5, 23.1),
      (37.5, 23.1),
      (37.6, 23.1),
      (37.7, 23.1),
      (37.8, 23.1),
      (37.3, 23.2),
      (37.4, 23.2),
      (37.5, 23.2),
      (37.4, 23.3),
      (37.5, 23.3),
      (37.5, 23.4),
      (37.6, 23.4)
    )
), lowest_point AS (
  SELECT
    me1.latitude AS latitude,
    me1.longitude AS longitude
  FROM meteo_elevation AS me1
  WHERE
    me1.elevation = (
      SELECT
        min_elev_value.min_elev AS min_elev
      FROM min_elev_value
    )
    AND (
      ROUND(CAST(me1.latitude AS DECIMAL), 1),
      ROUND(CAST(me1.longitude AS DECIMAL), 1)
    ) IN (
      (37.9, 21.2),
      (37.8, 21.3),
      (37.9, 21.3),
      (38.0, 21.3),
      (37.7, 21.4),
      (37.8, 21.4),
      (37.9, 21.4),
      (38.0, 21.4),
      (38.1, 21.4),
      (37.6, 21.5),
      (37.7, 21.5),
      (37.8, 21.5),
      (37.9, 21.5),
      (38.0, 21.5),
      (38.1, 21.5),
      (37.1, 21.6),
      (37.2, 21.6),
      (37.6, 21.6),
      (37.7, 21.6),
      (37.8, 21.6),
      (37.9, 21.6),
      (38.0, 21.6),
      (38.1, 21.6),
      (36.9, 21.7),
      (37.0, 21.7),
      (37.1, 21.7),
      (37.2, 21.7),
      (37.3, 21.7),
      (37.4, 21.7),
      (37.5, 21.7),
      (37.6, 21.7),
      (37.7, 21.7),
      (37.8, 21.7),
      (37.9, 21.7),
      (38.0, 21.7),
      (38.1, 21.7),
      (38.2, 21.7),
      (36.9, 21.8),
      (37.0, 21.8),
      (37.1, 21.8),
      (37.2, 21.8),
      (37.3, 21.8),
      (37.4, 21.8),
      (37.5, 21.8),
      (37.6, 21.8),
      (37.7, 21.8),
      (37.8, 21.8),
      (37.9, 21.8),
      (38.0, 21.8),
      (38.1, 21.8),
      (38.2, 21.8),
      (38.3, 21.8),
      (36.8, 21.9),
      (36.9, 21.9),
      (37.0, 21.9),
      (37.1, 21.9),
      (37.2, 21.9),
      (37.3, 21.9),
      (37.4, 21.9),
      (37.5, 21.9),
      (37.6, 21.9),
      (37.7, 21.9),
      (37.8, 21.9),
      (37.9, 21.9),
      (38.0, 21.9),
      (38.1, 21.9),
      (38.2, 21.9),
      (38.3, 21.9),
      (37.1, 22.0),
      (37.2, 22.0),
      (37.3, 22.0),
      (37.4, 22.0),
      (37.5, 22.0),
      (37.6, 22.0),
      (37.7, 22.0),
      (37.8, 22.0),
      (37.9, 22.0),
      (38.0, 22.0),
      (38.1, 22.0),
      (38.2, 22.0),
      (38.3, 22.0),
      (37.1, 22.1),
      (37.2, 22.1),
      (37.3, 22.1),
      (37.4, 22.1),
      (37.5, 22.1),
      (37.6, 22.1),
      (37.7, 22.1),
      (37.8, 22.1),
      (37.9, 22.1),
      (38.0, 22.1),
      (38.1, 22.1),
      (38.2, 22.1),
      (37.0, 22.2),
      (37.1, 22.2),
      (37.2, 22.2),
      (37.3, 22.2),
      (37.4, 22.2),
      (37.5, 22.2),
      (37.6, 22.2),
      (37.7, 22.2),
      (37.8, 22.2),
      (37.9, 22.2),
      (38.0, 22.2),
      (38.1, 22.2),
      (36.8, 22.3),
      (36.9, 22.3),
      (37.0, 22.3),
      (37.1, 22.3),
      (37.2, 22.3),
      (37.3, 22.3),
      (37.4, 22.3),
      (37.5, 22.3),
      (37.6, 22.3),
      (37.7, 22.3),
      (37.8, 22.3),
      (37.9, 22.3),
      (38.0, 22.3),
      (38.1, 22.3),
      (36.5, 22.4),
      (36.6, 22.4),
      (36.7, 22.4),
      (36.8, 22.4),
      (36.9, 22.4),
      (37.0, 22.4),
      (37.1, 22.4),
      (37.2, 22.4),
      (37.3, 22.4),
      (37.4, 22.4),
      (37.5, 22.4),
      (37.6, 22.4),
      (37.7, 22.4),
      (37.8, 22.4),
      (37.9, 22.4),
      (38.0, 22.4),
      (38.1, 22.4),
      (36.7, 22.5),
      (36.8, 22.5),
      (36.9, 22.5),
      (37.0, 22.5),
      (37.1, 22.5),
      (37.2, 22.5),
      (37.3, 22.5),
      (37.4, 22.5),
      (37.5, 22.5),
      (37.6, 22.5),
      (37.7, 22.5),
      (37.8, 22.5),
      (37.9, 22.5),
      (38.0, 22.5),
      (38.1, 22.5),
      (36.8, 22.6),
      (36.9, 22.6),
      (37.0, 22.6),
      (37.1, 22.6),
      (37.2, 22.6),
      (37.3, 22.6),
      (37.4, 22.6),
      (37.5, 22.6),
      (37.6, 22.6),
      (37.7, 22.6),
      (37.8, 22.6),
      (37.9, 22.6),
      (38.0, 22.6),
      (36.9, 22.7),
      (37.0, 22.7),
      (37.1, 22.7),
      (37.2, 22.7),
      (37.3, 22.7),
      (37.4, 22.7),
      (37.5, 22.7),
      (37.6, 22.7),
      (37.7, 22.7),
      (37.8, 22.7),
      (37.9, 22.7),
      (38.0, 22.7),
      (36.8, 22.8),
      (36.9, 22.8),
      (37.0, 22.8),
      (37.1, 22.8),
      (37.2, 22.8),
      (37.3, 22.8),
      (37.6, 22.8),
      (37.7, 22.8),
      (37.8, 22.8),
      (37.9, 22.8),
      (36.7, 22.9),
      (36.8, 22.9),
      (36.9, 22.9),
      (37.0, 22.9),
      (37.1, 22.9),
      (37.6, 22.9),
      (37.7, 22.9),
      (37.8, 22.9),
      (37.9, 22.9),
      (36.6, 23.0),
      (36.7, 23.0),
      (36.8, 23.0),
      (36.9, 23.0),
      (37.0, 23.0),
      (37.5, 23.0),
      (37.6, 23.0),
      (37.7, 23.0),
      (37.8, 23.0),
      (37.9, 23.0),
      (36.5, 23.1),
      (37.5, 23.1),
      (37.6, 23.1),
      (37.7, 23.1),
      (37.8, 23.1),
      (37.3, 23.2),
      (37.4, 23.2),
      (37.5, 23.2),
      (37.4, 23.3),
      (37.5, 23.3),
      (37.5, 23.4),
      (37.6, 23.4)
    )
  LIMIT 1
)
SELECT
  MIN(mt.tmin) - 273.15 AS lowest_temp_celsius,
  lp.latitude AS latitude,
  lp.longitude AS longitude
FROM meteo_tmin AS mt
JOIN lowest_point AS lp
  ON (ROUND(CAST(mt.latitude AS DECIMAL), 1), ROUND(CAST(mt.longitude AS DECIMAL), 1)) = (ROUND(CAST(lp.latitude AS DECIMAL), 1), ROUND(CAST(lp.longitude AS DECIMAL), 1))
WHERE
  EXTRACT(WEEK FROM mt.time) = 10 AND EXTRACT(YEAR FROM mt.time) = 2018
GROUP BY
  lp.latitude,
  lp.longitude
LIMIT 1"
32,T,19,What was the lowest temperature in Celsius at the lowest point in City of Zurich in January 2018?,meteo_elevation;meteo_tmin,false,"InternalError_: could not find CTE ""min_elev_value""","WITH min_elev_value AS (
  SELECT
    MIN(me.elevation) AS min_elev
  FROM meteo_elevation AS me
  WHERE
    (ROUND(CAST(me.latitude AS DECIMAL), 1), ROUND(CAST(me.longitude AS DECIMAL), 1)) IN ((47.4, 8.5))
), lowest_point AS (
  SELECT
    me1.latitude AS latitude,
    me1.longitude AS longitude
  FROM meteo_elevation AS me1
  WHERE
    me1.elevation = (
      SELECT
        min_elev_value.min_elev AS min_elev
      FROM min_elev_value
    )
    AND (
      ROUND(CAST(me1.latitude AS DECIMAL), 1),
      ROUND(CAST(me1.longitude AS DECIMAL), 1)
    ) IN ((47.4, 8.5))
  LIMIT 1
)
SELECT
  MIN(mt.tmin) - 273.15 AS lowest_temp_celsius,
  lp.latitude AS latitude,
  lp.longitude AS longitude
FROM meteo_tmin AS mt
JOIN lowest_point AS lp
  ON (ROUND(CAST(mt.latitude AS DECIMAL), 1), ROUND(CAST(mt.longitude AS DECIMAL), 1)) = (ROUND(CAST(lp.latitude AS DECIMAL), 1), ROUND(CAST(lp.longitude AS DECIMAL), 1))
WHERE
  EXTRACT(MONTH FROM mt.time) = 1 AND EXTRACT(YEAR FROM mt.time) = 2018
GROUP BY
  lp.latitude,
  lp.longitude
LIMIT 1"
33,T,19,What was the lowest temperature in Celsius at the lowest point in Attica in January 2018?,meteo_elevation;meteo_tmin,false,"InternalError_: could not find CTE ""min_elev_value""","WITH min_elev_value AS (
  SELECT
    MIN(me.elevation) AS min_elev
  FROM meteo_elevation AS me
  WHERE
    (ROUND(CAST(me.latitude AS DECIMAL), 1), ROUND(CAST(me.longitude AS DECIMAL), 1)) IN (
      (38.0, 23.2),
      (38.0, 23.3),
      (38.1, 23.3),
      (38.2, 23.3),
      (38.0, 23.4),
      (38.1, 23.4),
      (38.2, 23.4),
      (38.1, 23.5),
      (38.0, 23.6),
      (38.1, 23.6),
      (38.0, 23.7),
      (38.1, 23.7),
      (38.2, 23.7),
      (38.3, 23.7),
      (37.9, 23.8),
      (38.0, 23.8),
      (38.1, 23.8),
      (38.2, 23.8),
      (38.3, 23.8),
      (37.8, 23.9),
      (37.9, 23.9),
      (38.0, 23.9),
      (38.1, 23.9),
      (38.2, 23.9)
    )
), lowest_point AS (
  SELECT
    me1.latitude AS latitude,
    me1.longitude AS longitude
  FROM meteo_elevation AS me1
  WHERE
    me1.elevation = (
      SELECT
        min_elev_value.min_elev AS min_elev
      FROM min_elev_value
    )
    AND (
      ROUND(CAST(me1.latitude AS DECIMAL), 1),
      ROUND(CAST(me1.longitude AS DECIMAL), 1)
    ) IN (
      (38.0, 23.2),
      (38.0, 23.3),
      (38.1, 23.3),
      (38.2, 23.3),
      (38.0, 23.4),
      (38.1, 23.4),
      (38.2, 23.4),
      (38.1, 23.5),
      (38.0, 23.6),
      (38.1, 23.6),
      (38.0, 23.7),
      (38.1, 23.7),
      (38.2, 23.7),
      (38.3, 23.7),
      (37.9, 23.8),
      (38.0, 23.8),
      (38.1, 23.8),
      (38.2, 23.8),
      (38.3, 23.8),
      (37.8, 23.9),
      (37.9, 23.9),
      (38.0, 23.9),
      (38.1, 23.9),
      (38.2, 23.9)
    )
  LIMIT 1
)
SELECT
  MIN(mt.tmin) - 273.15 AS lowest_temp_celsius,
  lp.latitude AS latitude,
  lp.longitude AS longitude
FROM meteo_tmin AS mt
JOIN lowest_point AS lp
  ON (ROUND(CAST(mt.latitude AS DECIMAL), 1), ROUND(CAST(mt.longitude AS DECIMAL), 1)) = (ROUND(CAST(lp.latitude AS DECIMAL), 1), ROUND(CAST(lp.longitude AS DECIMAL), 1))
WHERE
  EXTRACT(MONTH FROM mt.time) = 1 AND EXTRACT(YEAR FROM mt.time) = 2018
GROUP BY
  lp.latitude,
  lp.longitude
LIMIT 1"
34,T,19,What was the lowest temperature in Celsius at the lowest point in Canton of Bern in January 2018?,meteo_elevation;meteo_tmin,false,"InternalError_: could not find CTE ""min_elev_value""","WITH min_elev_value AS (
  SELECT
    MIN(me.elevation) AS min_elev
  FROM meteo_elevation AS me
  WHERE
    (ROUND(CAST(me.latitude AS DECIMAL), 1), ROUND(CAST(me.longitude AS DECIMAL), 1)) IN (
      (47.1, 6.9),
      (47.0, 7.1),
      (47.1, 7.1),
      (47.2, 7.1),
      (47.1, 7.2),
      (47.2, 7.2),
      (46.4, 7.3),
      (46.5, 7.3),
      (46.9, 7.3),
      (47.0, 7.3),
      (47.1, 7.3),
      (47.2, 7.3),
      (46.4, 7.4),
      (46.5, 7.4),
      (46.6, 7.4),
      (46.7, 7.4),
      (46.8, 7.4),
      (46.9, 7.4),
      (47.0, 7.4),
      (47.3, 7.4),
      (46.4, 7.5),
      (46.5, 7.5),
      (46.6, 7.5),
      (46.7, 7.5),
      (46.8, 7.5),
      (46.9, 7.5),
      (47.0, 7.5),
      (47.1, 7.5),
      (47.3, 7.5),
      (46.5, 7.6),
      (46.6, 7.6),
      (46.7, 7.6),
      (46.8, 7.6),
      (46.9, 7.6),
      (47.0, 7.6),
      (47.1, 7.6),
      (46.5, 7.7),
      (46.6, 7.7),
      (46.7, 7.7),
      (46.8, 7.7),
      (46.9, 7.7),
      (47.0, 7.7),
      (47.1, 7.7),
      (47.2, 7.7),
      (46.5, 7.8),
      (46.6, 7.8),
      (46.7, 7.8),
      (46.8, 7.8),
      (46.9, 7.8),
      (47.0, 7.8),
      (47.1, 7.8),
      (47.2, 7.8),
      (46.5, 7.9),
      (46.6, 7.9),
      (46.7, 7.9),
      (46.8, 7.9),
      (47.0, 7.9),
      (46.6, 8.0),
      (46.7, 8.0),
      (46.6, 8.1),
      (46.7, 8.1),
      (46.6, 8.2),
      (46.7, 8.2),
      (46.6, 8.3),
      (46.7, 8.3)
    )
), lowest_point AS (
  SELECT
    me1.latitude AS latitude,
    me1.longitude AS longitude
  FROM meteo_elevation AS me1
  WHERE
    me1.elevation = (
      SELECT
        min_elev_value.min_elev AS min_elev
      FROM min_elev_value
    )
    AND (
      ROUND(CAST(me1.latitude AS DECIMAL), 1),
      ROUND(CAST(me1.longitude AS DECIMAL), 1)
    ) IN (
      (47.1, 6.9),
      (47.0, 7.1),
      (47.1, 7.1),
      (47.2, 7.1),
      (47.1, 7.2),
      (47.2, 7.2),
      (46.4, 7.3),
      (46.5, 7.3),
      (46.9, 7.3),
      (47.0, 7.3),
      (47.1, 7.3),
      (47.2, 7.3),
      (46.4, 7.4),
      (46.5, 7.4),
      (46.6, 7.4),
      (46.7, 7.4),
      (46.8, 7.4),
      (46.9, 7.4),
      (47.0, 7.4),
      (47.3, 7.4),
      (46.4, 7.5),
      (46.5, 7.5),
      (46.6, 7.5),
      (46.7, 7.5),
      (46.8, 7.5),
      (46.9, 7.5),
      (47.0, 7.5),
      (47.1, 7.5),
      (47.3, 7.5),
      (46.5, 7.6),
      (46.6, 7.6),
      (46.7, 7.6),
      (46.8, 7.6),
      (46.9, 7.6),
      (47.0, 7.6),
      (47.1, 7.6),
      (46.5, 7.7),
      (46.6, 7.7),
      (46.7, 7.7),
      (46.8, 7.7),
      (46.9, 7.7),
      (47.0, 7.7),
      (47.1, 7.7),
      (47.2, 7.7),
      (46.5, 7.8),
      (46.6, 7.8),
      (46.7, 7.8),
      (46.8, 7.8),
      (46.9, 7.8),
      (47.0, 7.8),
      (47.1, 7.8),
      (47.2, 7.8),
      (46.5, 7.9),
      (46.6, 7.9),
      (46.7, 7.9),
      (46.8, 7.9),
      (47.0, 7.9),
      (46.6, 8.0),
      (46.7, 8.0),
      (46.6, 8.1),
      (46.7, 8.1),
      (46.6, 8.2),
      (46.7, 8.2),
      (46.6, 8.3),
      (46.7, 8.3)
    )
  LIMIT 1
)
SELECT
  MIN(mt.tmin) - 273.15 AS lowest_temp_celsius,
  lp.latitude AS latitude,
  lp.longitude AS longitude
FROM meteo_tmin AS mt
JOIN lowest_point AS lp
  ON (ROUND(CAST(mt.latitude AS DECIMAL), 1), ROUND(CAST(mt.longitude AS DECIMAL), 1)) = (ROUND(CAST(lp.latitude AS DECIMAL), 1), ROUND(CAST(lp.longitude AS DECIMAL), 1))
WHERE
  EXTRACT(MONTH FROM mt.time) = 1 AND EXTRACT(YEAR FROM mt.time) = 2018
GROUP BY
  lp.latitude,
  lp.longitude
LIMIT 1"
35,T,19,What was the lowest temperature in Celsius at the lowest point in Peloponnese in January 2018?,meteo_elevation;meteo_tmin,false,"InternalError_: could not find CTE ""min_elev_value""","WITH min_elev_value AS (
  SELECT
    MIN(me.elevation) AS min_elev
  FROM meteo_elevation AS me
  WHERE
    (ROUND(CAST(me.latitude AS DECIMAL), 1), ROUND(CAST(me.longitude AS DECIMAL), 1)) IN (
      (37.9, 21.2),
      (37.8, 21.3),
      (37.9, 21.3),
      (38.0, 21.3),
      (37.7, 21.4),
      (37.8, 21.4),
      (37.9, 21.4),
      (38.0, 21.4),
      (38.1, 21.4),
      (37.6, 21.5),
      (37.7, 21.5),
      (37.8, 21.5),
      (37.9, 21.5),
      (38.0, 21.5),
      (38.1, 21.5),
      (37.1, 21.6),
      (37.2, 21.6),
      (37.6, 21.6),
      (37.7, 21.6),
      (37.8, 21.6),
      (37.9, 21.6),
      (38.0, 21.6),
      (38.1, 21.6),
      (36.9, 21.7),
      (37.0, 21.7),
      (37.1, 21.7),
      (37.2, 21.7),
      (37.3, 21.7),
      (37.4, 21.7),
      (37.5, 21.7),
      (37.6, 21.7),
      (37.7, 21.7),
      (37.8, 21.7),
      (37.9, 21.7),
      (38.0, 21.7),
      (38.1, 21.7),
      (38.2, 21.7),
      (36.9, 21.8),
      (37.0, 21.8),
      (37.1, 21.8),
      (37.2, 21.8),
      (37.3, 21.8),
      (37.4, 21.8),
      (37.5, 21.8),
      (37.6, 21.8),
      (37.7, 21.8),
      (37.8, 21.8),
      (37.9, 21.8),
      (38.0, 21.8),
      (38.1, 21.8),
      (38.2, 21.8),
      (38.3, 21.8),
      (36.8, 21.9),
      (36.9, 21.9),
      (37.0, 21.9),
      (37.1, 21.9),
      (37.2, 21.9),
      (37.3, 21.9),
      (37.4, 21.9),
      (37.5, 21.9),
      (37.6, 21.9),
      (37.7, 21.9),
      (37.8, 21.9),
      (37.9, 21.9),
      (38.0, 21.9),
      (38.1, 21.9),
      (38.2, 21.9),
      (38.3, 21.9),
      (37.1, 22.0),
      (37.2, 22.0),
      (37.3, 22.0),
      (37.4, 22.0),
      (37.5, 22.0),
      (37.6, 22.0),
      (37.7, 22.0),
      (37.8, 22.0),
      (37.9, 22.0),
      (38.0, 22.0),
      (38.1, 22.0),
      (38.2, 22.0),
      (38.3, 22.0),
      (37.1, 22.1),
      (37.2, 22.1),
      (37.3, 22.1),
      (37.4, 22.1),
      (37.5, 22.1),
      (37.6, 22.1),
      (37.7, 22.1),
      (37.8, 22.1),
      (37.9, 22.1),
      (38.0, 22.1),
      (38.1, 22.1),
      (38.2, 22.1),
      (37.0, 22.2),
      (37.1, 22.2),
      (37.2, 22.2),
      (37.3, 22.2),
      (37.4, 22.2),
      (37.5, 22.2),
      (37.6, 22.2),
      (37.7, 22.2),
      (37.8, 22.2),
      (37.9, 22.2),
      (38.0, 22.2),
      (38.1, 22.2),
      (36.8, 22.3),
      (36.9, 22.3),
      (37.0, 22.3),
      (37.1, 22.3),
      (37.2, 22.3),
      (37.3, 22.3),
      (37.4, 22.3),
      (37.5, 22.3),
      (37.6, 22.3),
      (37.7, 22.3),
      (37.8, 22.3),
      (37.9, 22.3),
      (38.0, 22.3),
      (38.1, 22.3),
      (36.5, 22.4),
      (36.6, 22.4),
      (36.7, 22.4),
      (36.8, 22.4),
      (36.9, 22.4),
      (37.0, 22.4),
      (37.1, 22.4),
      (37.2, 22.4),
      (37.3, 22.4),
      (37.4, 22.4),
      (37.5, 22.4),
      (37.6, 22.4),
      (37.7, 22.4),
      (37.8, 22.4),
      (37.9, 22.4),
      (38.0, 22.4),
      (38.1, 22.4),
      (36.7, 22.5),
      (36.8, 22.5),
      (36.9, 22.5),
      (37.0, 22.5),
      (37.1, 22.5),
      (37.2, 22.5),
      (37.3, 22.5),
      (37.4, 22.5),
      (37.5, 22.5),
      (37.6, 22.5),
      (37.7, 22.5),
      (37.8, 22.5),
      (37.9, 22.5),
      (38.0, 22.5),
      (38.1, 22.5),
      (36.8, 22.6),
      (36.9, 22.6),
      (37.0, 22.6),
      (37.1, 22.6),
      (37.2, 22.6),
      (37.3, 22.6),
      (37.4, 22.6),
      (37.5, 22.6),
      (37.6, 22.6),
      (37.7, 22.6),
      (37.8, 22.6),
      (37.9, 22.6),
      (38.0, 22.6),
      (36.9, 22.7),
      (37.0, 22.7),
      (37.1, 22.7),
      (37.2, 22.7),
      (37.3, 22.7),
      (37.4, 22.7),
      (37.5, 22.7),
      (37.6, 22.7),
      (37.7, 22.7),
      (37.8, 22.7),
      (37.9, 22.7),
      (38.0, 22.7),
      (36.8, 22.8),
      (36.9, 22.8),
      (37.0, 22.8),
      (37.1, 22.8),
      (37.2, 22.8),
      (37.3, 22.8),
      (37.6, 22.8),
      (37.7, 22.8),
      (37.8, 22.8),
      (37.9, 22.8),
      (36.7, 22.9),
      (36.8, 22.9),
      (36.9, 22.9),
      (37.0, 22.9),
      (37.1, 22.9),
      (37.6, 22.9),
      (37.7, 22.9),
      (37.8, 22.9),
      (37.9, 22.9),
      (36.6, 23.0),
      (36.7, 23.0),
      (36.8, 23.0),
      (36.9, 23.0),
      (37.0, 23.0),
      (37.5, 23.0),
      (37.6, 23.0),
      (37.7, 23.0),
      (37.8, 23.0),
      (37.9, 23.0),
      (36.5, 23.1),
      (37.5, 23.1),
      (37.6, 23.1),
      (37.7, 23.1),
      (37.8, 23.1),
      (37.3, 23.2),
      (37.4, 23.2),
      (37.5, 23.2),
      (37.4, 23.3),
      (37.5, 23.3),
      (37.5, 23.4),
      (37.6, 23.4)
    )
), lowest_point AS (
  SELECT
    me1.latitude AS latitude,
    me1.longitude AS longitude
  FROM meteo_elevation AS me1
  WHERE
    me1.elevation = (
      SELECT
        min_elev_value.min_elev AS min_elev
      FROM min_elev_value
    )
    AND (
      ROUND(CAST(me1.latitude AS DECIMAL), 1),
      ROUND(CAST(me1.longitude AS DECIMAL), 1)
    ) IN (
      (37.9, 21.2),
      (37.8, 21.3),
      (37.9, 21.3),
      (38.0, 21.3),
      (37.7, 21.4),
      (37.8, 21.4),
      (37.9, 21.4),
      (38.0, 21.4),
      (38.1, 21.4),
      (37.6, 21.5),
      (37.7, 21.5),
      (37.8, 21.5),
      (37.9, 21.5),
      (38.0, 21.5),
      (38.1, 21.5),
      (37.1, 21.6),
      (37.2, 21.6),
      (37.6, 21.6),
      (37.7, 21.6),
      (37.8, 21.6),
      (37.9, 21.6),
      (38.0, 21.6),
      (38.1, 21.6),
      (36.9, 21.7),
      (37.0, 21.7),
      (37.1, 21.7),
      (37.2, 21.7),
      (37.3, 21.7),
      (37.4, 21.7),
      (37.5, 21.7),
      (37.6, 21.7),
      (37.7, 21.7),
      (37.8, 21.7),
      (37.9, 21.7),
      (38.0, 21.7),
      (38.1, 21.7),
      (38.2, 21.7),
      (36.9, 21.8),
      (37.0, 21.8),
      (37.1, 21.8),
      (37.2, 21.8),
      (37.3, 21.8),
      (37.4, 21.8),
      (37.5, 21.8),
      (37.6, 21.8),
      (37.7, 21.8),
      (37.8, 21.8),
      (37.9, 21.8),
      (38.0, 21.8),
      (38.1, 21.8),
      (38.2, 21.8),
      (38.3, 21.8),
      (36.8, 21.9),
      (36.9, 21.9),
      (37.0, 21.9),
      (37.1, 21.9),
      (37.2, 21.9),
      (37.3, 21.9),
      (37.4, 21.9),
      (37.5, 21.9),
      (37.6, 21.9),
      (37.7, 21.9),
      (37.8, 21.9),
      (37.9, 21.9),
      (38.0, 21.9),
      (38.1, 21.9),
      (38.2, 21.9),
      (38.3, 21.9),
      (37.1, 22.0),
      (37.2, 22.0),
      (37.3, 22.0),
      (37.4, 22.0),
      (37.5, 22.0),
      (37.6, 22.0),
      (37.7, 22.0),
      (37.8, 22.0),
      (37.9, 22.0),
      (38.0, 22.0),
      (38.1, 22.0),
      (38.2, 22.0),
      (38.3, 22.0),
      (37.1, 22.1),
      (37.2, 22.1),
      (37.3, 22.1),
      (37.4, 22.1),
      (37.5, 22.1),
      (37.6, 22.1),
      (37.7, 22.1),
      (37.8, 22.1),
      (37.9, 22.1),
      (38.0, 22.1),
      (38.1, 22.1),
      (38.2, 22.1),
      (37.0, 22.2),
      (37.1, 22.2),
      (37.2, 22.2),
      (37.3, 22.2),
      (37.4, 22.2),
      (37.5, 22.2),
      (37.6, 22.2),
      (37.7, 22.2),
      (37.8, 22.2),
      (37.9, 22.2),
      (38.0, 22.2),
      (38.1, 22.2),
      (36.8, 22.3),
      (36.9, 22.3),
      (37.0, 22.3),
      (37.1, 22.3),
      (37.2, 22.3),
      (37.3, 22.3),
      (37.4, 22.3),
      (37.5, 22.3),
      (37.6, 22.3),
      (37.7, 22.3),
      (37.8, 22.3),
      (37.9, 22.3),
      (38.0, 22.3),
      (38.1, 22.3),
      (36.5, 22.4),
      (36.6, 22.4),
      (36.7, 22.4),
      (36.8, 22.4),
      (36.9, 22.4),
      (37.0, 22.4),
      (37.1, 22.4),
      (37.2, 22.4),
      (37.3, 22.4),
      (37.4, 22.4),
      (37.5, 22.4),
      (37.6, 22.4),
      (37.7, 22.4),
      (37.8, 22.4),
      (37.9, 22.4),
      (38.0, 22.4),
      (38.1, 22.4),
      (36.7, 22.5),
      (36.8, 22.5),
      (36.9, 22.5),
      (37.0, 22.5),
      (37.1, 22.5),
      (37.2, 22.5),
      (37.3, 22.5),
      (37.4, 22.5),
      (37.5, 22.5),
      (37.6, 22.5),
      (37.7, 22.5),
      (37.8, 22.5),
      (37.9, 22.5),
      (38.0, 22.5),
      (38.1, 22.5),
      (36.8, 22.6),
      (36.9, 22.6),
      (37.0, 22.6),
      (37.1, 22.6),
      (37.2, 22.6),
      (37.3, 22.6),
      (37.4, 22.6),
      (37.5, 22.6),
      (37.6, 22.6),
      (37.7, 22.6),
      (37.8, 22.6),
      (37.9, 22.6),
      (38.0, 22.6),
      (36.9, 22.7),
      (37.0, 22.7),
      (37.1, 22.7),
      (37.2, 22.7),
      (37.3, 22.7),
      (37.4, 22.7),
      (37.5, 22.7),
      (37.6, 22.7),
      (37.7, 22.7),
      (37.8, 22.7),
      (37.9, 22.7),
      (38.0, 22.7),
      (36.8, 22.8),
      (36.9, 22.8),
      (37.0, 22.8),
      (37.1, 22.8),
      (37.2, 22.8),
      (37.3, 22.8),
      (37.6, 22.8),
      (37.7, 22.8),
      (37.8, 22.8),
      (37.9, 22.8),
      (36.7, 22.9),
      (36.8, 22.9),
      (36.9, 22.9),
      (37.0, 22.9),
      (37.1, 22.9),
      (37.6, 22.9),
      (37.7, 22.9),
      (37.8, 22.9),
      (37.9, 22.9),
      (36.6, 23.0),
      (36.7, 23.0),
      (36.8, 23.0),
      (36.9, 23.0),
      (37.0, 23.0),
      (37.5, 23.0),
      (37.6, 23.0),
      (37.7, 23.0),
      (37.8, 23.0),
      (37.9, 23.0),
      (36.5, 23.1),
      (37.5, 23.1),
      (37.6, 23.1),
      (37.7, 23.1),
      (37.8, 23.1),
      (37.3, 23.2),
      (37.4, 23.2),
      (37.5, 23.2),
      (37.4, 23.3),
      (37.5, 23.3),
      (37.5, 23.4),
      (37.6, 23.4)
    )
  LIMIT 1
)
SELECT
  MIN(mt.tmin) - 273.15 AS lowest_temp_celsius,
  lp.latitude AS latitude,
  lp.longitude AS longitude
FROM meteo_tmin AS mt
JOIN lowest_point AS lp
  ON (ROUND(CAST(mt.latitude AS DECIMAL), 1), ROUND(CAST(mt.longitude AS DECIMAL), 1)) = (ROUND(CAST(lp.latitude AS DECIMAL), 1), ROUND(CAST(lp.longitude AS DECIMAL), 1))
WHERE
  EXTRACT(MONTH FROM mt.time) = 1 AND EXTRACT(YEAR FROM mt.time) = 2018
GROUP BY
  lp.latitude,
  lp.longitude
LIMIT 1"
36,E,22,"What was the average maximum wind speed in the City of Zurich on June 15, 2015?",meteo_windspeedmax,true,,
37,E,22,"What was the average maximum wind speed in the Attica on June 15, 2015?",meteo_windspeedmax,true,,
38,E,22,"What was the average maximum wind speed in the Canton of Bern on June 15, 2015?",meteo_windspeedmax,true,,
39,E,22,"What was the average maximum wind speed in the Peloponnese on June 15, 2015?",meteo_windspeedmax,true,,
40,E,23,What was the average maximum wind speed in City of Zurich during week 15 of the year 2010?,meteo_windspeedmax,true,,
41,E,23,What was the average maximum wind speed in Attica during week 15 of the year 2010?,meteo_windspeedmax,true,,
42,E,23,What was the average maximum wind speed in Canton of Bern during week 15 of the year 2010?,meteo_windspeedmax,true,,
43,E,23,What was the average maximum wind speed in Peloponnese during week 15 of the year 2010?,meteo_windspeedmax,true,,
44,E,24,What was the average maximum wind speed in City of Zurich during January 2005?,meteo_windspeedmax,true,,
45,E,24,What was the average maximum wind speed in Attica during January 2005?,meteo_windspeedmax,true,,
46,E,24,What was the average maximum wind speed in Canton of Bern during January 2005?,meteo_windspeedmax,true,,
47,E,24,What was the average maximum wind speed in Peloponnese during January 2005?,meteo_windspeedmax,true,,
48,E,26,What was the average maximum wind speed in City of Zurich between 2005 and 2010?,meteo_windspeedmax,true,,
49,E,26,What was the average maximum wind speed in Attica between 2005 and 2010?,meteo_windspeedmax,true,,
50,E,26,What was the average maximum wind speed in Canton of Bern between 2005 and 2010?,meteo_windspeedmax,true,,
51,E,26,What was the average maximum wind speed in Peloponnese between 2005 and 2010?,meteo_windspeedmax,true,,
52,J,28,What was the average snow depth in City of Zurich during week 5 of 2010 at elevations below 1000 meters?,meteo_elevation;meteo_sdmax,true,,
53,J,28,What was the average snow depth in Attica during week 5 of 2010 at elevations below 1000 meters?,meteo_elevation;meteo_sdmax,true,,
54,J,28,What was the average snow depth in Canton of Bern during week 5 of 2010 at elevations below 1000 meters?,meteo_elevation;meteo_sdmax,true,,
55,J,28,What was the average snow depth in Peloponnese during week 5 of 2010 at elevations below 1000 meters?,meteo_elevation;meteo_sdmax,true,,
56,C,32,"Show the coordinates of the location with the highest wind speed in the City of Zurich on July 15, 2018.",meteo_windspeedmax,true,,
57,C,32,"Show the coordinates of the location with the highest wind speed in the Attica on July 15, 2018.",meteo_windspeedmax,true,,
58,C,32,"Show the coordinates of the location with the highest wind speed in the Canton of Bern on July 15, 2018.",meteo_windspeedmax,true,,
59,C,32,"Show the coordinates of the location with the highest wind speed in the Peloponnese on July 15, 2018.",meteo_windspeedmax,true,,
60,C,33,Show the coordinates of the location with the highest wind speed in City of Zurich during WEEK 15 of 2018.,meteo_windspeedmax,true,,
61,C,33,Show the coordinates of the location with the highest wind speed in Attica during WEEK 15 of 2018.,meteo_windspeedmax,true,,
62,C,33,Show the coordinates of the location with the highest wind speed in Canton of Bern during WEEK 15 of 2018.,meteo_windspeedmax,true,,
63,C,33,Show the coordinates of the location with the highest wind speed in Peloponnese during WEEK 15 of 2018.,meteo_windspeedmax,true,,
64,A,40,Show the total solar radiation in City of Zurich in 2015,meteo_ssrd,true,,
65,A,40,Show the total solar radiation in Attica in 2015,meteo_ssrd,true,,
66,A,40,Show the total solar radiation in Canton of Bern in 2015,meteo_ssrd,true,,
67,A,40,Show the total solar radiation in Peloponnese in 2015,meteo_ssrd,true,,
68,A,41,Show the total solar radiation in City of Zurich from 2015 through 2016.,meteo_ssrd,true,,
69,A,41,Show the total solar radiation in Attica from 2015 through 2016.,meteo_ssrd,true,,
70,A,41,Show the total solar radiation in Canton of Bern from 2015 through 2016.,meteo_ssrd,true,,
71,A,41,Show the total solar radiation in Peloponnese from 2015 through 2016.,meteo_ssrd,true,,
72,H,44,Show the average precipitation per month in City of Zurich in 2018,meteo_tp,true,,
73,H,44,Show the average precipitation per month in Attica in 2018,meteo_tp,true,,
74,H,44,Show the average precipitation per month in Canton of Bern in 2018,meteo_tp,true,,
75,H,44,Show the average precipitation per month in Peloponnese in 2018,meteo_tp,true,,
76,H,45,What was the average annual precipitation in City of Zurich in 2015?,meteo_tp,true,,
77,H,45,What was the average annual precipitation in Attica in 2015?,meteo_tp,true,,
78,H,45,What was the average annual precipitation in Canton of Bern in 2015?,meteo_tp,true,,
79,H,45,What was the average annual precipitation in Peloponnese in 2015?,meteo_tp,true,,
80,H,46,What was the average precipitation in City of Zurich from 2015 to 2016?,meteo_tp,true,,
81,H,46,What was the average precipitation in Attica from 2015 to 2016?,meteo_tp,true,,
82,H,46,What was the average precipitation in Canton of Bern from 2015 to 2016?,meteo_tp,true,,
83,H,46,What was the average precipitation in Peloponnese from 2015 to 2016?,meteo_tp,true,,
84,F,50,Show the number of highest temperature readings in Celsius above 30 degrees in the City of Zurich in 2015.,meteo_tmax,true,,
85,F,50,Show the number of highest temperature readings in Celsius above 30 degrees in the Attica in 2015.,meteo_tmax,true,,
86,F,50,Show the number of highest temperature readings in Celsius above 30 degrees in the Canton of Bern in 2015.,meteo_tmax,true,,
87,F,50,Show the number of highest temperature readings in Celsius above 30 degrees in the Peloponnese in 2015.,meteo_tmax,true,,
88,F,51,Show the number of highest temperature readings in Celsius above 30 degrees in the City of Zurich between 2015 and 2018.,meteo_tmax,true,,
89,F,51,Show the number of highest temperature readings in Celsius above 30 degrees in the Attica between 2015 and 2018.,meteo_tmax,true,,
90,F,51,Show the number of highest temperature readings in Celsius above 30 degrees in the Canton of Bern between 2015 and 2018.,meteo_tmax,true,,
91,F,51,Show the number of highest temperature readings in Celsius above 30 degrees in the Peloponnese between 2015 and 2018.,meteo_tmax,true,,
92,A,52,"What was the snow depth in the City of Zurich on January 15, 2018?",meteo_sdmax,true,,
93,A,52,"What was the snow depth in the Attica on January 15, 2018?",meteo_sdmax,true,,
94,A,52,"What was the snow depth in the Canton of Bern on January 15, 2018?",meteo_sdmax,true,,
95,A,52,"What was the snow depth in the Peloponnese on January 15, 2018?",meteo_sdmax,true,,
96,A,53,What is the average snow depth in City of Zurich during WEEK 5 of 2018?,meteo_sdmax,true,,
97,A,53,What is the average snow depth in Attica during WEEK 5 of 2018?,meteo_sdmax,true,,
98,A,53,What is the average snow depth in Canton of Bern during WEEK 5 of 2018?,meteo_sdmax,true,,
99,A,53,What is the average snow depth in Peloponnese during WEEK 5 of 2018?,meteo_sdmax,true,,
100,A,54,What is the average snow depth in City of Zurich in January 2018?,meteo_sdmax,true,,
101,A,54,What is the average snow depth in Attica in January 2018?,meteo_sdmax,true,,
102,A,54,What is the average snow depth in Canton of Bern in January 2018?,meteo_sdmax,true,,
103,A,54,What is the average snow depth in Peloponnese in January 2018?,meteo_sdmax,true,,
104,A,55,What is the average snow depth in City of Zurich in 2018?,meteo_sdmax,true,,
105,A,55,What is the average snow depth in Attica in 2018?,meteo_sdmax,true,,
106,A,55,What is the average snow depth in Canton of Bern in 2018?,meteo_sdmax,true,,
107,A,55,What is the average snow depth in Peloponnese in 2018?,meteo_sdmax,true,,
108,B,57,"Show the minimum precipitation in the City of Zurich on July 15, 2015.",meteo_tp,true,,
109,B,57,"Show the minimum precipitation in the Attica on July 15, 2015.",meteo_tp,true,,
110,B,57,"Show the minimum precipitation in the Canton of Bern on July 15, 2015.",meteo_tp,true,,
111,B,57,"Show the minimum precipitation in the Peloponnese on July 15, 2015.",meteo_tp,true,,
112,B,58,What was the minimum precipitation in City of Zurich during week 15 of 2018?,meteo_tp,true,,
113,B,58,What was the minimum precipitation in Attica during week 15 of 2018?,meteo_tp,true,,
114,B,58,What was the minimum precipitation in Canton of Bern during week 15 of 2018?,meteo_tp,true,,
115,B,58,What was the minimum precipitation in Peloponnese during week 15 of 2018?,meteo_tp,true,,
116,B,59,Show the minimum precipitation in City of Zurich in March 2015.,meteo_tp,true,,
117,B,59,Show the minimum precipitation in Attica in March 2015.,meteo_tp,true,,
118,B,59,Show the minimum precipitation in Canton of Bern in March 2015.,meteo_tp,true,,
119,B,59,Show the minimum precipitation in Peloponnese in March 2015.,meteo_tp,true,,
120,C,63,Show latitude and longitude where the maximum snow depth was recorded in City of Zurich in February 2018,meteo_sdmax,true,,
121,C,63,Show latitude and longitude where the maximum snow depth was recorded in Attica in February 2018,meteo_sdmax,true,,
122,C,63,Show latitude and longitude where the maximum snow depth was recorded in Canton of Bern in February 2018,meteo_sdmax,true,,
123,C,63,Show latitude and longitude where the maximum snow depth was recorded in Peloponnese in February 2018,meteo_sdmax,true,,
124,T,69,Show highest wind speed of the highest point in City of Zurich in 2015,meteo_elevation;meteo_windspeedmax,false,"InternalError_: could not find CTE ""max_elev_value""","WITH max_elev_value AS (
  SELECT
    MAX(me.elevation) AS max_elev
  FROM meteo_elevation AS me
  WHERE
    (ROUND(CAST(me.latitude AS DECIMAL), 1), ROUND(CAST(me.longitude AS DECIMAL), 1)) IN ((47.4, 8.5))
), highest_point AS (
  SELECT
    me1.latitude AS latitude,
    me1.longitude AS longitude
  FROM meteo_elevation AS me1
  WHERE
    me1.elevation = (
      SELECT
        max_elev_value.max_elev AS max_elev
      FROM max_elev_value
    )
    AND (
      ROUND(CAST(me1.latitude AS DECIMAL), 1),
      ROUND(CAST(me1.longitude AS DECIMAL), 1)
    ) IN ((47.4, 8.5))
  LIMIT 1
)
SELECT
  wsm.windspeedmax AS highest_wind_speed,
  wsm.time AS time_of_max_wind,
  hp.latitude AS latitude,
  hp.longitude AS longitude
FROM meteo_windspeedmax AS wsm
JOIN highest_point AS hp
  ON (
    ROUND(CAST(wsm.latitude AS DECIMAL), 1),
    ROUND(CAST(wsm.longitude AS DECIMAL), 1)
  ) = (ROUND(CAST(hp.latitude AS DECIMAL), 1), ROUND(CAST(hp.longitude AS DECIMAL), 1))
WHERE
  EXTRACT(YEAR FROM wsm.time) = 2015
ORDER BY
  wsm.windspeedmax DESC
LIMIT 1"
125,T,69,Show highest wind speed of the highest point in Attica in 2015,meteo_elevation;meteo_windspeedmax,false,"InternalError_: could not find CTE ""max_elev_value""","WITH max_elev_value AS (
  SELECT
    MAX(me.elevation) AS max_elev
  FROM meteo_elevation AS me
  WHERE
    (ROUND(CAST(me.latitude AS DECIMAL), 1), ROUND(CAST(me.longitude AS DECIMAL), 1)) IN (
      (38.0, 23.2),
      (38.0, 23.3),
      (38.1, 23.3),
      (38.2, 23.3),
      (38.0, 23.4),
      (38.1, 23.4),
      (38.2, 23.4),
      (38.1, 23.5),
      (38.0, 23.6),
      (38.1, 23.6),
      (38.0, 23.7),
      (38.1, 23.7),
      (38.2, 23.7),
      (38.3, 23.7),
      (37.9, 23.8),
      (38.0, 23.8),
      (38.1, 23.8),
      (38.2, 23.8),
      (38.3, 23.8),
      (37.8, 23.9),
      (37.9, 23.9),
      (38.0, 23.9),
      (38.1, 23.9),
      (38.2, 23.9)
    )
), highest_point AS (
  SELECT
    me1.latitude AS latitude,
    me1.longitude AS longitude
  FROM meteo_elevation AS me1
  WHERE
    me1.elevation = (
      SELECT
        max_elev_value.max_elev AS max_elev
      FROM max_elev_value
    )
    AND (
      ROUND(CAST(me1.latitude AS DECIMAL), 1),
      ROUND(CAST(me1.longitude AS DECIMAL), 1)
    ) IN (
      (38.0, 23.2),
      (38.0, 23.3),
      (38.1, 23.3),
      (38.2, 23.3),
      (38.0, 23.4),
      (38.1, 23.4),
      (38.2, 23.4),
      (38.1, 23.5),
      (38.0, 23.6),
      (38.1, 23.6),
      (38.0, 23.7),
      (38.1, 23.7),
      (38.2, 23.7),
      (38.3, 23.7),
      (37.9, 23.8),
      (38.0, 23.8),
      (38.1, 23.8),
      (38.2, 23.8),
      (38.3, 23.8),
      (37.8, 23.9),
      (37.9, 23.9),
      (38.0, 23.9),
      (38.1, 23.9),
      (38.2, 23.9)
    )
  LIMIT 1
)
SELECT
  wsm.windspeedmax AS highest_wind_speed,
  wsm.time AS time_of_max_wind,
  hp.latitude AS latitude,
  hp.longitude AS longitude
FROM meteo_windspeedmax AS wsm
JOIN highest_point AS hp
  ON (
    ROUND(CAST(wsm.latitude AS DECIMAL), 1),
    ROUND(CAST(wsm.longitude AS DECIMAL), 1)
  ) = (ROUND(CAST(hp.latitude AS DECIMAL), 1), ROUND(CAST(hp.longitude AS DECIMAL), 1))
WHERE
  EXTRACT(YEAR FROM wsm.time) = 2015
ORDER BY
  wsm.windspeedmax DESC
LIMIT 1"
126,T,69,Show highest wind speed of the highest point in Canton of Bern in 2015,meteo_elevation;meteo_windspeedmax,false,"InternalError_: could not find CTE ""max_elev_value""","WITH max_elev_value AS (
  SELECT
    MAX(me.elevation) AS max_elev
  FROM meteo_elevation AS me
  WHERE
    (ROUND(CAST(me.latitude AS DECIMAL), 1), ROUND(CAST(me.longitude AS DECIMAL), 1)) IN (
      (47.1, 6.9),
      (47.0, 7.1),
      (47.1, 7.1),
      (47.2, 7.1),
      (47.1, 7.2),
      (47.2, 7.2),
      (46.4, 7.3),
      (46.5, 7.3),
      (46.9, 7.3),
      (47.0, 7.3),
      (47.1, 7.3),
      (47.2, 7.3),
      (46.4, 7.4),
      (46.5, 7.4),
      (46.6, 7.4),
      (46.7, 7.4),
      (46.8, 7.4),
      (46.9, 7.4),
      (47.0, 7.4),
      (47.3, 7.4),
      (46.4, 7.5),
      (46.5, 7.5),
      (46.6, 7.5),
      (46.7, 7.5),
      (46.8, 7.5),
      (46.9, 7.5),
      (47.0, 7.5),
      (47.1, 7.5),
      (47.3, 7.5),
      (46.5, 7.6),
      (46.6, 7.6),
      (46.7, 7.6),
      (46.8, 7.6),
      (46.9, 7.6),
      (47.0, 7.6),
      (47.1, 7.6),
      (46.5, 7.7),
      (46.6, 7.7),
      (46.7, 7.7),
      (46.8, 7.7),
      (46.9, 7.7),
      (47.0, 7.7),
      (47.1, 7.7),
      (47.2, 7.7),
      (46.5, 7.8),
      (46.6, 7.8),
      (46.7, 7.8),
      (46.8, 7.8),
      (46.9, 7.8),
      (47.0, 7.8),
      (47.1, 7.8),
      (47.2, 7.8),
      (46.5, 7.9),
      (46.6, 7.9),
      (46.7, 7.9),
      (46.8, 7.9),
      (47.0, 7.9),
      (46.6, 8.0),
      (46.7, 8.0),
      (46.6, 8.1),
      (46.7, 8.1),
      (46.6, 8.2),
      (46.7, 8.2),
      (46.6, 8.3),
      (46.7, 8.3)
    )
), highest_point AS (
  SELECT
    me1.latitude AS latitude,
    me1.longitude AS longitude
  FROM meteo_elevation AS me1
  WHERE
    me1.elevation = (
      SELECT
        max_elev_value.max_elev AS max_elev
      FROM max_elev_value
    )
    AND (
      ROUND(CAST(me1.latitude AS DECIMAL), 1),
      ROUND(CAST(me1.longitude AS DECIMAL), 1)
    ) IN (
      (47.1, 6.9),
      (47.0, 7.1),
      (47.1, 7.1),
      (47.2, 7.1),
      (47.1, 7.2),
      (47.2, 7.2),
      (46.4, 7.3),
      (46.5, 7.3),
      (46.9, 7.3),
      (47.0, 7.3),
      (47.1, 7.3),
      (47.2, 7.3),
      (46.4, 7.4),
      (46.5, 7.4),
      (46.6, 7.4),
      (46.7, 7.4),
      (46.8, 7.4),
      (46.9, 7.4),
      (47.0, 7.4),
      (47.3, 7.4),
      (46.4, 7.5),
      (46.5, 7.5),
      (46.6, 7.5),
      (46.7, 7.5),
      (46.8, 7.5),
      (46.9, 7.5),
      (47.0, 7.5),
      (47.1, 7.5),
      (47.3, 7.5),
      (46.5, 7.6),
      (46.6, 7.6),
      (46.7, 7.6),
      (46.8, 7.6),
      (46.9, 7.6),
      (47.0, 7.6),
      (47.1, 7.6),
      (46.5, 7.7),
      (46.6, 7.7),
      (46.7, 7.7),
      (46.8, 7.7),
      (46.9, 7.7),
      (47.0, 7.7),
      (47.1, 7.7),
      (47.2, 7.7),
      (46.5, 7.8),
      (46.6, 7.8),
      (46.7, 7.8),
      (46.8, 7.8),
      (46.9, 7.8),
      (47.0, 7.8),
      (47.1, 7.8),
      (47.2, 7.8),
      (46.5, 7.9),
      (46.6, 7.9),
      (46.7, 7.9),
      (46.8, 7.9),
      (47.0, 7.9),
      (46.6, 8.0),
      (46.7, 8.0),
      (46.6, 8.1),
      (46.7, 8.1),
      (46.6, 8.2),
      (46.7, 8.2),
      (46.6, 8.3),
      (46.7, 8.3)
    )
  LIMIT 1
)
SELECT
  wsm.windspeedmax AS highest_wind_speed,
  wsm.time AS time_of_max_wind,
  hp.latitude AS latitude,
  hp.longitude AS longitude
FROM meteo_windspeedmax AS wsm
JOIN highest_point AS hp
  ON (
    ROUND(CAST(wsm.latitude AS DECIMAL), 1),
    ROUND(CAST(wsm.longitude AS DECIMAL), 1)
  ) = (ROUND(CAST(hp.latitude AS DECIMAL), 1), ROUND(CAST(hp.longitude AS DECIMAL), 1))
WHERE
  EXTRACT(YEAR FROM wsm.time) = 2015
ORDER BY
  wsm.windspeedmax DESC
LIMIT 1"
127,T,69,Show highest wind speed of the highest point in Peloponnese in 2015,meteo_elevation;meteo_windspeedmax,false,"InternalError_: could not find CTE ""max_elev_value""","WITH max_elev_value AS (
  SELECT
    MAX(me.elevation) AS max_elev
  FROM meteo_elevation AS me
  WHERE
    (ROUND(CAST(me.latitude AS DECIMAL), 1), ROUND(CAST(me.longitude AS DECIMAL), 1)) IN (
      (37.9, 21.2),
      (37.8, 21.3),
      (37.9, 21.3),
      (38.0, 21.3),
      (37.7, 21.4),
      (37.8, 21.4),
      (37.9, 21.4),
      (38.0, 21.4),
      (38.1, 21.4),
      (37.6, 21.5),
      (37.7, 21.5),
      (37.8, 21.5),
      (37.9, 21.5),
      (38.0, 21.5),
      (38.1, 21.5),
      (37.1, 21.6),
      (37.2, 21.6),
      (37.6, 21.6),
      (37.7, 21.6),
      (37.8, 21.6),
      (37.9, 21.6),
      (38.0, 21.6),
      (38.1, 21.6),
      (36.9, 21.7),
      (37.0, 21.7),
      (37.1, 21.7),
      (37.2, 21.7),
      (37.3, 21.7),
      (37.4, 21.7),
      (37.5, 21.7),
      (37.6, 21.7),
      (37.7, 21.7),
      (37.8, 21.7),
      (37.9, 21.7),
      (38.0, 21.7),
      (38.1, 21.7),
      (38.2, 21.7),
      (36.9, 21.8),
      (37.0, 21.8),
      (37.1, 21.8),
      (37.2, 21.8),
      (37.3, 21.8),
      (37.4, 21.8),
      (37.5, 21.8),
      (37.6, 21.8),
      (37.7, 21.8),
      (37.8, 21.8),
      (37.9, 21.8),
      (38.0, 21.8),
      (38.1, 21.8),
      (38.2, 21.8),
      (38.3, 21.8),
      (36.8, 21.9),
      (36.9, 21.9),
      (37.0, 21.9),
      (37.1, 21.9),
      (37.2, 21.9),
      (37.3, 21.9),
      (37.4, 21.9),
      (37.5, 21.9),
      (37.6, 21.9),
      (37.7, 21.9),
      (37.8, 21.9),
      (37.9, 21.9),
      (38.0, 21.9),
      (38.1, 21.9),
      (38.2, 21.9),
      (38.3, 21.9),
      (37.1, 22.0),
      (37.2, 22.0),
      (37.3, 22.0),
      (37.4, 22.0),
      (37.5, 22.0),
      (37.6, 22.0),
      (37.7, 22.0),
      (37.8, 22.0),
      (37.9, 22.0),
      (38.0, 22.0),
      (38.1, 22.0),
      (38.2, 22.0),
      (38.3, 22.0),
      (37.1, 22.1),
      (37.2, 22.1),
      (37.3, 22.1),
      (37.4, 22.1),
      (37.5, 22.1),
      (37.6, 22.1),
      (37.7, 22.1),
      (37.8, 22.1),
      (37.9, 22.1),
      (38.0, 22.1),
      (38.1, 22.1),
      (38.2, 22.1),
      (37.0, 22.2),
      (37.1, 22.2),
      (37.2, 22.2),
      (37.3, 22.2),
      (37.4, 22.2),
      (37.5, 22.2),
      (37.6, 22.2),
      (37.7, 22.2),
      (37.8, 22.2),
      (37.9, 22.2),
      (38.0, 22.2),
      (38.1, 22.2),
      (36.8, 22.3),
      (36.9, 22.3),
      (37.0, 22.3),
      (37.1, 22.3),
      (37.2, 22.3),
      (37.3, 22.3),
      (37.4, 22.3),
      (37.5, 22.3),
      (37.6, 22.3),
      (37.7, 22.3),
      (37.8, 22.3),
      (37.9, 22.3),
      (38.0, 22.3),
      (38.1, 22.3),
      (36.5, 22.4),
      (36.6, 22.4),
      (36.7, 22.4),
      (36.8, 22.4),
      (36.9, 22.4),
      (37.0, 22.4),
      (37.1, 22.4),
      (37.2, 22.4),
      (37.3, 22.4),
      (37.4, 22.4),
      (37.5, 22.4),
      (37.6, 22.4),
      (37.7, 22.4),
      (37.8, 22.4),
      (37.9, 22.4),
      (38.0, 22.4),
      (38.1, 22.4),
      (36.7, 22.5),
      (36.8, 22.5),
      (36.9, 22.5),
      (37.0, 22.5),
      (37.1, 22.5),
      (37.2, 22.5),
      (37.3, 22.5),
      (37.4, 22.5),
      (37.5, 22.5),
      (37.6, 22.5),
      (37.7, 22.5),
      (37.8, 22.5),
      (37.9, 22.5),
      (38.0, 22.5),
      (38.1, 22.5),
      (36.8, 22.6),
      (36.9, 22.6),
      (37.0, 22.6),
      (37.1, 22.6),
      (37.2, 22.6),
      (37.3, 22.6),
      (37.4, 22.6),
      (37.5, 22.6),
      (37.6, 22.6),
      (37.7, 22.6),
      (37.8, 22.6),
      (37.9, 22.6),
      (38.0, 22.6),
      (36.9, 22.7),
      (37.0, 22.7),
      (37.1, 22.7),
      (37.2, 22.7),
      (37.3, 22.7),
      (37.4, 22.7),
      (37.5, 22.7),
      (37.6, 22.7),
      (37.7, 22.7),
      (37.8, 22.7),
      (37.9, 22.7),
      (38.0, 22.7),
      (36.8, 22.8),
      (36.9, 22.8),
      (37.0, 22.8),
      (37.1, 22.8),
      (37.2, 22.8),
      (37.3, 22.8),
      (37.6, 22.8),
      (37.7, 22.8),
      (37.8, 22.8),
      (37.9, 22.8),
      (36.7, 22.9),
      (36.8, 22.9),
      (36.9, 22.9),
      (37.0, 22.9),
      (37.1, 22.9),
      (37.6, 22.9),
      (37.7, 22.9),
      (37.8, 22.9),
      (37.9, 22.9),
      (36.6, 23.0),
      (36.7, 23.0),
      (36.8, 23.0),
      (36.9, 23.0),
      (37.0, 23.0),
      (37.5, 23.0),
      (37.6, 23.0),
      (37.7, 23.0),
      (37.8, 23.0),
      (37.9, 23.0),
      (36.5, 23.1),
      (37.5, 23.1),
      (37.6, 23.1),
      (37.7, 23.1),
      (37.8, 23.1),
      (37.3, 23.2),
      (37.4, 23.2),
      (37.5, 23.2),
      (37.4, 23.3),
      (37.5, 23.3),
      (37.5, 23.4),
      (37.6, 23.4)
    )
), highest_point AS (
  SELECT
    me1.latitude AS latitude,
    me1.longitude AS longitude
  FROM meteo_elevation AS me1
  WHERE
    me1.elevation = (
      SELECT
        max_elev_value.max_elev AS max_elev
      FROM max_elev_value
    )
    AND (
      ROUND(CAST(me1.latitude AS DECIMAL), 1),
      ROUND(CAST(me1.longitude AS DECIMAL), 1)
    ) IN (
      (37.9, 21.2),
      (37.8, 21.3),
      (37.9, 21.3),
      (38.0, 21.3),
      (37.7, 21.4),
      (37.8, 21.4),
      (37.9, 21.4),
      (38.0, 21.4),
      (38.1, 21.4),
      (37.6, 21.5),
      (37.7, 21.5),
      (37.8, 21.5),
      (37.9, 21.5),
      (38.0, 21.5),
      (38.1, 21.5),
      (37.1, 21.6),
      (37.2, 21.6),
      (37.6, 21.6),
      (37.7, 21.6),
      (37.8, 21.6),
      (37.9, 21.6),
      (38.0, 21.6),
      (38.1, 21.6),
      (36.9, 21.7),
      (37.0, 21.7),
      (37.1, 21.7),
      (37.2, 21.7),
      (37.3, 21.7),
      (37.4, 21.7),
      (37.5, 21.7),
      (37.6, 21.7),
      (37.7, 21.7),
      (37.8, 21.7),
      (37.9, 21.7),
      (38.0, 21.7),
      (38.1, 21.7),
      (38.2, 21.7),
      (36.9, 21.8),
      (37.0, 21.8),
      (37.1, 21.8),
      (37.2, 21.8),
      (37.3, 21.8),
      (37.4, 21.8),
      (37.5, 21.8),
      (37.6, 21.8),
      (37.7, 21.8),
      (37.8, 21.8),
      (37.9, 21.8),
      (38.0, 21.8),
      (38.1, 21.8),
      (38.2, 21.8),
      (38.3, 21.8),
      (36.8, 21.9),
      (36.9, 21.9),
      (37.0, 21.9),
      (37.1, 21.9),
      (37.2, 21.9),
      (37.3, 21.9),
      (37.4, 21.9),
      (37.5, 21.9),
      (37.6, 21.9),
      (37.7, 21.9),
      (37.8, 21.9),
      (37.9, 21.9),
      (38.0, 21.9),
      (38.1, 21.9),
      (38.2, 21.9),
      (38.3, 21.9),
      (37.1, 22.0),
      (37.2, 22.0),
      (37.3, 22.0),
      (37.4, 22.0),
      (37.5, 22.0),
      (37.6, 22.0),
      (37.7, 22.0),
      (37.8, 22.0),
      (37.9, 22.0),
      (38.0, 22.0),
      (38.1, 22.0),
      (38.2, 22.0),
      (38.3, 22.0),
      (37.1, 22.1),
      (37.2, 22.1),
      (37.3, 22.1),
      (37.4, 22.1),
      (37.5, 22.1),
      (37.6, 22.1),
      (37.7, 22.1),
      (37.8, 22.1),
      (37.9, 22.1),
      (38.0, 22.1),
      (38.1, 22.1),
      (38.2, 22.1),
      (37.0, 22.2),
      (37.1, 22.2),
      (37.2, 22.2),
      (37.3, 22.2),
      (37.4, 22.2),
      (37.5, 22.2),
      (37.6, 22.2),
      (37.7, 22.2),
      (37.8, 22.2),
      (37.9, 22.2),
      (38.0, 22.2),
      (38.1, 22.2),
      (36.8, 22.3),
      (36.9, 22.3),
      (37.0, 22.3),
      (37.1, 22.3),
      (37.2, 22.3),
      (37.3, 22.3),
      (37.4, 22.3),
      (37.5, 22.3),
      (37.6, 22.3),
      (37.7, 22.3),
      (37.8, 22.3),
      (37.9, 22.3),
      (38.0, 22.3),
      (38.1, 22.3),
      (36.5, 22.4),
      (36.6, 22.4),
      (36.7, 22.4),
      (36.8, 22.4),
      (36.9, 22.4),
      (37.0, 22.4),
      (37.1, 22.4),
      (37.2, 22.4),
      (37.3, 22.4),
      (37.4, 22.4),
      (37.5, 22.4),
      (37.6, 22.4),
      (37.7, 22.4),
      (37.8, 22.4),
      (37.9, 22.4),
      (38.0, 22.4),
      (38.1, 22.4),
      (36.7, 22.5),
      (36.8, 22.5),
      (36.9, 22.5),
      (37.0, 22.5),
      (37.1, 22.5),
      (37.2, 22.5),
      (37.3, 22.5),
      (37.4, 22.5),
      (37.5, 22.5),
      (37.6, 22.5),
      (37.7, 22.5),
      (37.8, 22.5),
      (37.9, 22.5),
      (38.0, 22.5),
      (38.1, 22.5),
      (36.8, 22.6),
      (36.9, 22.6),
      (37.0, 22.6),
      (37.1, 22.6),
      (37.2, 22.6),
      (37.3, 22.6),
      (37.4, 22.6),
      (37.5, 22.6),
      (37.6, 22.6),
      (37.7, 22.6),
      (37.8, 22.6),
      (37.9, 22.6),
      (38.0, 22.6),
      (36.9, 22.7),
      (37.0, 22.7),
      (37.1, 22.7),
      (37.2, 22.7),
      (37.3, 22.7),
      (37.4, 22.7),
      (37.5, 22.7),
      (37.6, 22.7),
      (37.7, 22.7),
      (37.8, 22.7),
      (37.9, 22.7),
      (38.0, 22.7),
      (36.8, 22.8),
      (36.9, 22.8),
      (37.0, 22.8),
      (37.1, 22.8),
      (37.2, 22.8),
      (37.3, 22.8),
      (37.6, 22.8),
      (37.7, 22.8),
      (37.8, 22.8),
      (37.9, 22.8),
      (36.7, 22.9),
      (36.8, 22.9),
      (36.9, 22.9),
      (37.0, 22.9),
      (37.1, 22.9),
      (37.6, 22.9),
      (37.7, 22.9),
      (37.8, 22.9),
      (37.9, 22.9),
      (36.6, 23.0),
      (36.7, 23.0),
      (36.8, 23.0),
      (36.9, 23.0),
      (37.0, 23.0),
      (37.5, 23.0),
      (37.6, 23.0),
      (37.7, 23.0),
      (37.8, 23.0),
      (37.9, 23.0),
      (36.5, 23.1),
      (37.5, 23.1),
      (37.6, 23.1),
      (37.7, 23.1),
      (37.8, 23.1),
      (37.3, 23.2),
      (37.4, 23.2),
      (37.5, 23.2),
      (37.4, 23.3),
      (37.5, 23.3),
      (37.5, 23.4),
      (37.6, 23.4)
    )
  LIMIT 1
)
SELECT
  wsm.windspeedmax AS highest_wind_speed,
  wsm.time AS time_of_max_wind,
  hp.latitude AS latitude,
  hp.longitude AS longitude
FROM meteo_windspeedmax AS wsm
JOIN highest_point AS hp
  ON (
    ROUND(CAST(wsm.latitude AS DECIMAL), 1),
    ROUND(CAST(wsm.longitude AS DECIMAL), 1)
  ) = (ROUND(CAST(hp.latitude AS DECIMAL), 1), ROUND(CAST(hp.longitude AS DECIMAL), 1))
WHERE
  EXTRACT(YEAR FROM wsm.time) = 2015
ORDER BY
  wsm.windspeedmax DESC
LIMIT 1"
128,T,70,Show highest wind speed of the highest point in City of Zurich between 2015 and 2016,meteo_elevation;meteo_windspeedmax,false,"InternalError_: could not find CTE ""max_elev_value""","WITH max_elev_value AS (
  SELECT
    MAX(me.elevation) AS max_elev
  FROM meteo_elevation AS me
  WHERE
    (ROUND(CAST(me.latitude AS DECIMAL), 1), ROUND(CAST(me.longitude AS DECIMAL), 1)) IN ((47.4, 8.5))
), highest_point AS (
  SELECT
    me1.latitude AS latitude,
    me1.longitude AS longitude
  FROM meteo_elevation AS me1
  WHERE
    me1.elevation = (
      SELECT
        max_elev_value.max_elev AS max_elev
      FROM max_elev_value
    )
    AND (
      ROUND(CAST(me1.latitude AS DECIMAL), 1),
      ROUND(CAST(me1.longitude AS DECIMAL), 1)
    ) IN ((47.4, 8.5))
  LIMIT 1
)
SELECT
  wsm.windspeedmax AS highest_wind_speed,
  wsm.time AS time_of_max_wind,
  hp.latitude AS latitude,
  hp.longitude AS longitude
FROM meteo_windspeedmax AS wsm
JOIN highest_point AS hp
  ON (
    ROUND(CAST(wsm.latitude AS DECIMAL), 1),
    ROUND(CAST(wsm.longitude AS DECIMAL), 1)
  ) = (ROUND(CAST(hp.latitude AS DECIMAL), 1), ROUND(CAST(hp.longitude AS DECIMAL), 1))
WHERE
  EXTRACT(YEAR FROM wsm.time) BETWEEN 2015 AND 2016
ORDER BY
  wsm.windspeedmax DESC
LIMIT 1"
129,T,70,Show highest wind speed of the highest point in Attica between 2015 and 2016,meteo_elevation;meteo_windspeedmax,false,"InternalError_: could not find CTE ""max_elev_value""","WITH max_elev_value AS (
  SELECT
    MAX(me.elevation) AS max_elev
  FROM meteo_elevation AS me
  WHERE
    (ROUND(CAST(me.latitude AS DECIMAL), 1), ROUND(CAST(me.longitude AS DECIMAL), 1)) IN (
      (38.0, 23.2),
      (38.0, 23.3),
      (38.1, 23.3),
      (38.2, 23.3),
      (38.0, 23.4),
      (38.1, 23.4),
      (38.2, 23.4),
      (38.1, 23.5),
      (38.0, 23.6),
      (38.1, 23.6),
      (38.0, 23.7),
      (38.1, 23.7),
      (38.2, 23.7),
      (38.3, 23.7),
      (37.9, 23.8),
      (38.0, 23.8),
      (38.1, 23.8),
      (38.2, 23.8),
      (38.3, 23.8),
      (37.8, 23.9),
      (37.9, 23.9),
      (38.0, 23.9),
      (38.1, 23.9),
      (38.2, 23.9)
    )
), highest_point AS (
  SELECT
    me1.latitude AS latitude,
    me1.longitude AS longitude
  FROM meteo_elevation AS me1
  WHERE
    me1.elevation = (
      SELECT
        max_elev_value.max_elev AS max_elev
      FROM max_elev_value
    )
    AND (
      ROUND(CAST(me1.latitude AS DECIMAL), 1),
      ROUND(CAST(me1.longitude AS DECIMAL), 1)
    ) IN (
      (38.0, 23.2),
      (38.0, 23.3),
      (38.1, 23.3),
      (38.2, 23.3),
      (38.0, 23.4),
      (38.1, 23.4),
      (38.2, 23.4),
      (38.1, 23.5),
      (38.0, 23.6),
      (38.1, 23.6),
      (38.0, 23.7),
      (38.1, 23.7),
      (38.2, 23.7),
      (38.3, 23.7),
      (37.9, 23.8),
      (38.0, 23.8),
      (38.1, 23.8),
      (38.2, 23.8),
      (38.3, 23.8),
      (37.8, 23.9),
      (37.9, 23.9),
      (38.0, 23.9),
      (38.1, 23.9),
      (38.2, 23.9)
    )
  LIMIT 1
)
SELECT
  wsm.windspeedmax AS highest_wind_speed,
  wsm.time AS time_of_max_wind,
  hp.latitude AS latitude,
  hp.longitude AS longitude
FROM meteo_windspeedmax AS wsm
JOIN highest_point AS hp
  ON (
    ROUND(CAST(wsm.latitude AS DECIMAL), 1),
    ROUND(CAST(wsm.longitude AS DECIMAL), 1)
  ) = (ROUND(CAST(hp.latitude AS DECIMAL), 1), ROUND(CAST(hp.longitude AS DECIMAL), 1))
WHERE
  EXTRACT(YEAR FROM wsm.time) BETWEEN 2015 AND 2016
ORDER BY
  wsm.windspeedmax DESC
LIMIT 1"
130,T,70,Show highest wind speed of the highest point in Canton of Bern between 2015 and 2016,meteo_elevation;meteo_windspeedmax,false,"InternalError_: could not find CTE ""max_elev_value""","WITH max_elev_value AS (
  SELECT
    MAX(me.elevation) AS max_elev
  FROM meteo_elevation AS me
  WHERE
    (ROUND(CAST(me.latitude AS DECIMAL), 1), ROUND(CAST(me.longitude AS DECIMAL), 1)) IN (
      (47.1, 6.9),
      (47.0, 7.1),
      (47.1, 7.1),
      (47.2, 7.1),
      (47.1, 7.2),
      (47.2, 7.2),
      (46.4, 7.3),
      (46.5, 7.3),
      (46.9, 7.3),
      (47.0, 7.3),
      (47.1, 7.3),
      (47.2, 7.3),
      (46.4, 7.4),
      (46.5, 7.4),
      (46.6, 7.4),
      (46.7, 7.4),
      (46.8, 7.4),
      (46.9, 7.4),
      (47.0, 7.4),
      (47.3, 7.4),
      (46.4, 7.5),
      (46.5, 7.5),
      (46.6, 7.5),
      (46.7, 7.5),
      (46.8, 7.5),
      (46.9, 7.5),
      (47.0, 7.5),
      (47.1, 7.5),
      (47.3, 7.5),
      (46.5, 7.6),
      (46.6, 7.6),
      (46.7, 7.6),
      (46.8, 7.6),
      (46.9, 7.6),
      (47.0, 7.6),
      (47.1, 7.6),
      (46.5, 7.7),
      (46.6, 7.7),
      (46.7, 7.7),
      (46.8, 7.7),
      (46.9, 7.7),
      (47.0, 7.7),
      (47.1, 7.7),
      (47.2, 7.7),
      (46.5, 7.8),
      (46.6, 7.8),
      (46.7, 7.8),
      (46.8, 7.8),
      (46.9, 7.8),
      (47.0, 7.8),
      (47.1, 7.8),
      (47.2, 7.8),
      (46.5, 7.9),
      (46.6, 7.9),
      (46.7, 7.9),
      (46.8, 7.9),
      (47.0, 7.9),
      (46.6, 8.0),
      (46.7, 8.0),
      (46.6, 8.1),
      (46.7, 8.1),
      (46.6, 8.2),
      (46.7, 8.2),
      (46.6, 8.3),
      (46.7, 8.3)
    )
), highest_point AS (
  SELECT
    me1.latitude AS latitude,
    me1.longitude AS longitude
  FROM meteo_elevation AS me1
  WHERE
    me1.elevation = (
      SELECT
        max_elev_value.max_elev AS max_elev
      FROM max_elev_value
    )
    AND (
      ROUND(CAST(me1.latitude AS DECIMAL), 1),
      ROUND(CAST(me1.longitude AS DECIMAL), 1)
    ) IN (
      (47.1, 6.9),
      (47.0, 7.1),
      (47.1, 7.1),
      (47.2, 7.1),
      (47.1, 7.2),
      (47.2, 7.2),
      (46.4, 7.3),
      (46.5, 7.3),
      (46.9, 7.3),
      (47.0, 7.3),
      (47.1, 7.3),
      (47.2, 7.3),
      (46.4, 7.4),
      (46.5, 7.4),
      (46.6, 7.4),
      (46.7, 7.4),
      (46.8, 7.4),
      (46.9, 7.4),
      (47.0, 7.4),
      (47.3, 7.4),
      (46.4, 7.5),
      (46.5, 7.5),
      (46.6, 7.5),
      (46.7, 7.5),
      (46.8, 7.5),
      (46.9, 7.5),
      (47.0, 7.5),
      (47.1, 7.5),
      (47.3, 7.5),
      (46.5, 7.6),
      (46.6, 7.6),
      (46.7, 7.6),
      (46.8, 7.6),
      (46.9, 7.6),
      (47.0, 7.6),
      (47.1, 7.6),
      (46.5, 7.7),
      (46.6, 7.7),
      (46.7, 7.7),
      (46.8, 7.7),
      (46.9, 7.7),
      (47.0, 7.7),
      (47.1, 7.7),
      (47.2, 7.7),
      (46.5, 7.8),
      (46.6, 7.8),
      (46.7, 7.8),
      (46.8, 7.8),
      (46.9, 7.8),
      (47.0, 7.8),
      (47.1, 7.8),
      (47.2, 7.8),
      (46.5, 7.9),
      (46.6, 7.9),
      (46.7, 7.9),
      (46.8, 7.9),
      (47.0, 7.9),
      (46.6, 8.0),
      (46.7, 8.0),
      (46.6, 8.1),
      (46.7, 8.1),
      (46.6, 8.2),
      (46.7, 8.2),
      (46.6, 8.3),
      (46.7, 8.3)
    )
  LIMIT 1
)
SELECT
  wsm.windspeedmax AS highest_wind_speed,
  wsm.time AS time_of_max_wind,
  hp.latitude AS latitude,
  hp.longitude AS longitude
FROM meteo_windspeedmax AS wsm
JOIN highest_point AS hp
  ON (
    ROUND(CAST(wsm.latitude AS DECIMAL), 1),
    ROUND(CAST(wsm.longitude AS DECIMAL), 1)
  ) = (ROUND(CAST(hp.latitude AS DECIMAL), 1), ROUND(CAST(hp.longitude AS DECIMAL), 1))
WHERE
  EXTRACT(YEAR FROM wsm.time) BETWEEN 2015 AND 2016
ORDER BY
  wsm.windspeedmax DESC
LIMIT 1"
131,T,70,Show highest wind speed of the highest point in Peloponnese between 2015 and 2016,meteo_elevation;meteo_windspeedmax,false,"InternalError_: could not find CTE ""max_elev_value""","WITH max_elev_value AS (
  SELECT
    MAX(me.elevation) AS max_elev
  FROM meteo_elevation AS me
  WHERE
    (ROUND(CAST(me.latitude AS DECIMAL), 1), ROUND(CAST(me.longitude AS DECIMAL), 1)) IN (
      (37.9, 21.2),
      (37.8, 21.3),
      (37.9, 21.3),
      (38.0, 21.3),
      (37.7, 21.4),
      (37.8, 21.4),
      (37.9, 21.4),
      (38.0, 21.4),
      (38.1, 21.4),
      (37.6, 21.5),
      (37.7, 21.5),
      (37.8, 21.5),
      (37.9, 21.5),
      (38.0, 21.5),
      (38.1, 21.5),
      (37.1, 21.6),
      (37.2, 21.6),
      (37.6, 21.6),
      (37.7, 21.6),
      (37.8, 21.6),
      (37.9, 21.6),
      (38.0, 21.6),
      (38.1, 21.6),
      (36.9, 21.7),
      (37.0, 21.7),
      (37.1, 21.7),
      (37.2, 21.7),
      (37.3, 21.7),
      (37.4, 21.7),
      (37.5, 21.7),
      (37.6, 21.7),
      (37.7, 21.7),
      (37.8, 21.7),
      (37.9, 21.7),
      (38.0, 21.7),
      (38.1, 21.7),
      (38.2, 21.7),
      (36.9, 21.8),
      (37.0, 21.8),
      (37.1, 21.8),
      (37.2, 21.8),
      (37.3, 21.8),
      (37.4, 21.8),
      (37.5, 21.8),
      (37.6, 21.8),
      (37.7, 21.8),
      (37.8, 21.8),
      (37.9, 21.8),
      (38.0, 21.8),
      (38.1, 21.8),
      (38.2, 21.8),
      (38.3, 21.8),
      (36.8, 21.9),
      (36.9, 21.9),
      (37.0, 21.9),
      (37.1, 21.9),
      (37.2, 21.9),
      (37.3, 21.9),
      (37.4, 21.9),
      (37.5, 21.9),
      (37.6, 21.9),
      (37.7, 21.9),
      (37.8, 21.9),
      (37.9, 21.9),
      (38.0, 21.9),
      (38.1, 21.9),
      (38.2, 21.9),
      (38.3, 21.9),
      (37.1, 22.0),
      (37.2, 22.0),
      (37.3, 22.0),
      (37.4, 22.0),
      (37.5, 22.0),
      (37.6, 22.0),
      (37.7, 22.0),
      (37.8, 22.0),
      (37.9, 22.0),
      (38.0, 22.0),
      (38.1, 22.0),
      (38.2, 22.0),
      (38.3, 22.0),
      (37.1, 22.1),
      (37.2, 22.1),
      (37.3, 22.1),
      (37.4, 22.1),
      (37.5, 22.1),
      (37.6, 22.1),
      (37.7, 22.1),
      (37.8, 22.1),
      (37.9, 22.1),
      (38.0, 22.1),
      (38.1, 22.1),
      (38.2, 22.1),
      (37.0, 22.2),
      (37.1, 22.2),
      (37.2, 22.2),
      (37.3, 22.2),
      (37.4, 22.2),
      (37.5, 22.2),
      (37.6, 22.2),
      (37.7, 22.2),
      (37.8, 22.2),
      (37.9, 22.2),
      (38.0, 22.2),
      (38.1, 22.2),
      (36.8, 22.3),
      (36.9, 22.3),
      (37.0, 22.3),
      (37.1, 22.3),
      (37.2, 22.3),
      (37.3, 22.3),
      (37.4, 22.3),
      (37.5, 22.3),
      (37.6, 22.3),
      (37.7, 22.3),
      (37.8, 22.3),
      (37.9, 22.3),
      (38.0, 22.3),
      (38.1, 22.3),
      (36.5, 22.4),
      (36.6, 22.4),
      (36.7, 22.4),
      (36.8, 22.4),
      (36.9, 22.4),
      (37.0, 22.4),
      (37.1, 22.4),
      (37.2, 22.4),
      (37.3, 22.4),
      (37.4, 22.4),
      (37.5, 22.4),
      (37.6, 22.4),
      (37.7, 22.4),
      (37.8, 22.4),
      (37.9, 22.4),
      (38.0, 22.4),
      (38.1, 22.4),
      (36.7, 22.5),
      (36.8, 22.5),
      (36.9, 22.5),
      (37.0, 22.5),
      (37.1, 22.5),
      (37.2, 22.5),
      (37.3, 22.5),
      (37.4, 22.5),
      (37.5, 22.5),
      (37.6, 22.5),
      (37.7, 22.5),
      (37.8, 22.5),
      (37.9, 22.5),
      (38.0, 22.5),
      (38.1, 22.5),
      (36.8, 22.6),
      (36.9, 22.6),
      (37.0, 22.6),
      (37.1, 22.6),
      (37.2, 22.6),
      (37.3, 22.6),
      (37.4, 22.6),
      (37.5, 22.6),
      (37.6, 22.6),
      (37.7, 22.6),
      (37.8, 22.6),
      (37.9, 22.6),
      (38.0, 22.6),
      (36.9, 22.7),
      (37.0, 22.7),
      (37.1, 22.7),
      (37.2, 22.7),
      (37.3, 22.7),
      (37.4, 22.7),
      (37.5, 22.7),
      (37.6, 22.7),
      (37.7, 22.7),
      (37.8, 22.7),
      (37.9, 22.7),
      (38.0, 22.7),
      (36.8, 22.8),
      (36.9, 22.8),
      (37.0, 22.8),
      (37.1, 22.8),
      (37.2, 22.8),
      (37.3, 22.8),
      (37.6, 22.8),
      (37.7, 22.8),
      (37.8, 22.8),
      (37.9, 22.8),
      (36.7, 22.9),
      (36.8, 22.9),
      (36.9, 22.9),
      (37.0, 22.9),
      (37.1, 22.9),
      (37.6, 22.9),
      (37.7, 22.9),
      (37.8, 22.9),
      (37.9, 22.9),
      (36.6, 23.0),
      (36.7, 23.0),
      (36.8, 23.0),
      (36.9, 23.0),
      (37.0, 23.0),
      (37.5, 23.0),
      (37.6, 23.0),
      (37.7, 23.0),
      (37.8, 23.0),
      (37.9, 23.0),
      (36.5, 23.1),
      (37.5, 23.1),
      (37.6, 23.1),
      (37.7, 23.1),
      (37.8, 23.1),
      (37.3, 23.2),
      (37.4, 23.2),
      (37.5, 23.2),
      (37.4, 23.3),
      (37.5, 23.3),
      (37.5, 23.4),
      (37.6, 23.4)
    )
), highest_point AS (
  SELECT
    me1.latitude AS latitude,
    me1.longitude AS longitude
  FROM meteo_elevation AS me1
  WHERE
    me1.elevation = (
      SELECT
        max_elev_value.max_elev AS max_elev
      FROM max_elev_value
    )
    AND (
      ROUND(CAST(me1.latitude AS DECIMAL), 1),
      ROUND(CAST(me1.longitude AS DECIMAL), 1)
    ) IN (
      (37.9, 21.2),
      (37.8, 21.3),
      (37.9, 21.3),
      (38.0, 21.3),
      (37.7, 21.4),
      (37.8, 21.4),
      (37.9, 21.4),
      (38.0, 21.4),
      (38.1, 21.4),
      (37.6, 21.5),
      (37.7, 21.5),
      (37.8, 21.5),
      (37.9, 21.5),
      (38.0, 21.5),
      (38.1, 21.5),
      (37.1, 21.6),
      (37.2, 21.6),
      (37.6, 21.6),
      (37.7, 21.6),
      (37.8, 21.6),
      (37.9, 21.6),
      (38.0, 21.6),
      (38.1, 21.6),
      (36.9, 21.7),
      (37.0, 21.7),
      (37.1, 21.7),
      (37.2, 21.7),
      (37.3, 21.7),
      (37.4, 21.7),
      (37.5, 21.7),
      (37.6, 21.7),
      (37.7, 21.7),
      (37.8, 21.7),
      (37.9, 21.7),
      (38.0, 21.7),
      (38.1, 21.7),
      (38.2, 21.7),
      (36.9, 21.8),
      (37.0, 21.8),
      (37.1, 21.8),
      (37.2, 21.8),
      (37.3, 21.8),
      (37.4, 21.8),
      (37.5, 21.8),
      (37.6, 21.8),
      (37.7, 21.8),
      (37.8, 21.8),
      (37.9, 21.8),
      (38.0, 21.8),
      (38.1, 21.8),
      (38.2, 21.8),
      (38.3, 21.8),
      (36.8, 21.9),
      (36.9, 21.9),
      (37.0, 21.9),
      (37.1, 21.9),
      (37.2, 21.9),
      (37.3, 21.9),
      (37.4, 21.9),
      (37.5, 21.9),
      (37.6, 21.9),
      (37.7, 21.9),
      (37.8, 21.9),
      (37.9, 21.9),
      (38.0, 21.9),
      (38.1, 21.9),
      (38.2, 21.9),
      (38.3, 21.9),
      (37.1, 22.0),
      (37.2, 22.0),
      (37.3, 22.0),
      (37.4, 22.0),
      (37.5, 22.0),
      (37.6, 22.0),
      (37.7, 22.0),
      (37.8, 22.0),
      (37.9, 22.0),
      (38.0, 22.0),
      (38.1, 22.0),
      (38.2, 22.0),
      (38.3, 22.0),
      (37.1, 22.1),
      (37.2, 22.1),
      (37.3, 22.1),
      (37.4, 22.1),
      (37.5, 22.1),
      (37.6, 22.1),
      (37.7, 22.1),
      (37.8, 22.1),
      (37.9, 22.1),
      (38.0, 22.1),
      (38.1, 22.1),
      (38.2, 22.1),
      (37.0, 22.2),
      (37.1, 22.2),
      (37.2, 22.2),
      (37.3, 22.2),
      (37.4, 22.2),
      (37.5, 22.2),
      (37.6, 22.2),
      (37.7, 22.2),
      (37.8, 22.2),
      (37.9, 22.2),
      (38.0, 22.2),
      (38.1, 22.2),
      (36.8, 22.3),
      (36.9, 22.3),
      (37.0, 22.3),
      (37.1, 22.3),
      (37.2, 22.3),
      (37.3, 22.3),
      (37.4, 22.3),
      (37.5, 22.3),
      (37.6, 22.3),
      (37.7, 22.3),
      (37.8, 22.3),
      (37.9, 22.3),
      (38.0, 22.3),
      (38.1, 22.3),
      (36.5, 22.4),
      (36.6, 22.4),
      (36.7, 22.4),
      (36.8, 22.4),
      (36.9, 22.4),
      (37.0, 22.4),
      (37.1, 22.4),
      (37.2, 22.4),
      (37.3, 22.4),
      (37.4, 22.4),
      (37.5, 22.4),
      (37.6, 22.4),
      (37.7, 22.4),
      (37.8, 22.4),
      (37.9, 22.4),
      (38.0, 22.4),
      (38.1, 22.4),
      (36.7, 22.5),
      (36.8, 22.5),
      (36.9, 22.5),
      (37.0, 22.5),
      (37.1, 22.5),
      (37.2, 22.5),
      (37.3, 22.5),
      (37.4, 22.5),
      (37.5, 22.5),
      (37.6, 22.5),
      (37.7, 22.5),
      (37.8, 22.5),
      (37.9, 22.5),
      (38.0, 22.5),
      (38.1, 22.5),
      (36.8, 22.6),
      (36.9, 22.6),
      (37.0, 22.6),
      (37.1, 22.6),
      (37.2, 22.6),
      (37.3, 22.6),
      (37.4, 22.6),
      (37.5, 22.6),
      (37.6, 22.6),
      (37.7, 22.6),
      (37.8, 22.6),
      (37.9, 22.6),
      (38.0, 22.6),
      (36.9, 22.7),
      (37.0, 22.7),
      (37.1, 22.7),
      (37.2, 22.7),
      (37.3, 22.7),
      (37.4, 22.7),
      (37.5, 22.7),
      (37.6, 22.7),
      (37.7, 22.7),
      (37.8, 22.7),
      (37.9, 22.7),
      (38.0, 22.7),
      (36.8, 22.8),
      (36.9, 22.8),
      (37.0, 22.8),
      (37.1, 22.8),
      (37.2, 22.8),
      (37.3, 22.8),
      (37.6, 22.8),
      (37.7, 22.8),
      (37.8, 22.8),
      (37.9, 22.8),
      (36.7, 22.9),
      (36.8, 22.9),
      (36.9, 22.9),
      (37.0, 22.9),
      (37.1, 22.9),
      (37.6, 22.9),
      (37.7, 22.9),
      (37.8, 22.9),
      (37.9, 22.9),
      (36.6, 23.0),
      (36.7, 23.0),
      (36.8, 23.0),
      (36.9, 23.0),
      (37.0, 23.0),
      (37.5, 23.0),
      (37.6, 23.0),
      (37.7, 23.0),
      (37.8, 23.0),
      (37.9, 23.0),
      (36.5, 23.1),
      (37.5, 23.1),
      (37.6, 23.1),
      (37.7, 23.1),
      (37.8, 23.1),
      (37.3, 23.2),
      (37.4, 23.2),
      (37.5, 23.2),
      (37.4, 23.3),
      (37.5, 23.3),
      (37.5, 23.4),
      (37.6, 23.4)
    )
  LIMIT 1
)
SELECT
  wsm.windspeedmax AS highest_wind_speed,
  wsm.time AS time_of_max_wind,
  hp.latitude AS latitude,
  hp.longitude AS longitude
FROM meteo_windspeedmax AS wsm
JOIN highest_point AS hp
  ON (
    ROUND(CAST(wsm.latitude AS DECIMAL), 1),
    ROUND(CAST(wsm.longitude AS DECIMAL), 1)
  ) = (ROUND(CAST(hp.latitude AS DECIMAL), 1), ROUND(CAST(hp.longitude AS DECIMAL), 1))
WHERE
  EXTRACT(YEAR FROM wsm.time) BETWEEN 2015 AND 2016
ORDER BY
  wsm.windspeedmax DESC
LIMIT 1"
132,A,72,What was the average total precipitation in City of Zurich during week 15 of 2005?,meteo_tp,true,,
133,A,72,What was the average total precipitation in Attica during week 15 of 2005?,meteo_tp,true,,
134,A,72,What was the average total precipitation in Canton of Bern during week 15 of 2005?,meteo_tp,true,,
135,A,72,What was the average total precipitation in Peloponnese during week 15 of 2005?,meteo_tp,true,,
136,A,73,What was the average total precipitation in City of Zurich during January 1995?,meteo_tp,true,,
137,A,73,What was the average total precipitation in Attica during January 1995?,meteo_tp,true,,
138,A,73,What was the average total precipitation in Canton of Bern during January 1995?,meteo_tp,true,,
139,A,73,What was the average total precipitation in Peloponnese during January 1995?,meteo_tp,true,,
140,A,74,Show the average total precipitation in City of Zurich in 2005.,meteo_tp,true,,
141,A,74,Show the average total precipitation in Attica in 2005.,meteo_tp,true,,
142,A,74,Show the average total precipitation in Canton of Bern in 2005.,meteo_tp,true,,
143,A,74,Show the average total precipitation in Peloponnese in 2005.,meteo_tp,true,,
144,A,75,What was the average total precipitation in City of Zurich between 2005 and 2010?,meteo_tp,true,,
145,A,75,What was the average total precipitation in Attica between 2005 and 2010?,meteo_tp,true,,
146,A,75,What was the average total precipitation in Canton of Bern between 2005 and 2010?,meteo_tp,true,,
147,A,75,What was the average total precipitation in Peloponnese between 2005 and 2010?,meteo_tp,true,,
148,J,77,Show the average total precipitation (in mm) in City of Zurich during WEEK 15 of 2018 above 500m elevation.,meteo_elevation;meteo_tp,true,,
149,J,77,Show the average total precipitation (in mm) in Attica during WEEK 15 of 2018 above 500m elevation.,meteo_elevation;meteo_tp,true,,
150,J,77,Show the average total precipitation (in mm) in Canton of Bern during WEEK 15 of 2018 above 500m elevation.,meteo_elevation;meteo_tp,true,,
151,J,77,Show the average total precipitation (in mm) in Peloponnese during WEEK 15 of 2018 above 500m elevation.,meteo_elevation;meteo_tp,true,,
152,J,78,Show the average total precipitation (in mm) in City of Zurich in January 2018 above 500m,meteo_elevation;meteo_tp,true,,
153,J,78,Show the average total precipitation (in mm) in Attica in January 2018 above 500m,meteo_elevation;meteo_tp,true,,
154,J,78,Show the average total precipitation (in mm) in Canton of Bern in January 2018 above 500m,meteo_elevation;meteo_tp,true,,
155,J,78,Show the average total precipitation (in mm) in Peloponnese in January 2018 above 500m,meteo_elevation;meteo_tp,true,,
156,J,80,Show the average total precipitation (in mm) in City of Zurich above 500m between 2015 and 2016.,meteo_elevation;meteo_tp,true,,
157,J,80,Show the average total precipitation (in mm) in Attica above 500m between 2015 and 2016.,meteo_elevation;meteo_tp,true,,
158,J,80,Show the average total precipitation (in mm) in Canton of Bern above 500m between 2015 and 2016.,meteo_elevation;meteo_tp,true,,
159,J,80,Show the average total precipitation (in mm) in Peloponnese above 500m between 2015 and 2016.,meteo_elevation;meteo_tp,true,,
160,G,81,List the top 10 lowest temperature readings (in celsius) in City of Zurich in July 2015 with their coordinates.,meteo_tmin,true,,
161,G,81,List the top 10 lowest temperature readings (in celsius) in Attica in July 2015 with their coordinates.,meteo_tmin,true,,
162,G,81,List the top 10 lowest temperature readings (in celsius) in Canton of Bern in July 2015 with their coordinates.,meteo_tmin,true,,
163,G,81,List the top 10 lowest temperature readings (in celsius) in Peloponnese in July 2015 with their coordinates.,meteo_tmin,true,,
164,G,83,List the top 10 lowest temperature readings (in Celsius) in the City of Zurich between 2010 and 2011 with their coordinates.,meteo_tmin,true,,
165,G,83,List the top 10 lowest temperature readings (in Celsius) in the Attica between 2010 and 2011 with their coordinates.,meteo_tmin,true,,
166,G,83,List the top 10 lowest temperature readings (in Celsius) in the Canton of Bern between 2010 and 2011 with their coordinates.,meteo_tmin,true,,
167,G,83,List the top 10 lowest temperature readings (in Celsius) in the Peloponnese between 2010 and 2011 with their coordinates.,meteo_tmin,true,,
168,T,84,"What is the average elevation for locations with a highest temperature higher than 10 °C in the City of Zurich on July 15, 2015?",meteo_elevation;meteo_tmax,true,,
169,T,84,"What is the average elevation for locations with a highest temperature higher than 10 °C in the Attica on July 15, 2015?",meteo_elevation;meteo_tmax,true,,
170,T,84,"What is the average elevation for locations with a highest temperature higher than 10 °C in the Canton of Bern on July 15, 2015?",meteo_elevation;meteo_tmax,true,,
171,T,84,"What is the average elevation for locations with a highest temperature higher than 10 °C in the Peloponnese on July 15, 2015?",meteo_elevation;meteo_tmax,true,,
172,A,89,"Calculate the average minimum temperature in Celsius in the City of Zurich on January 15, 2015.",meteo_tmin,true,,
173,A,89,"Calculate the average minimum temperature in Celsius in the Attica on January 15, 2015.",meteo_tmin,true,,
174,A,89,"Calculate the average minimum temperature in Celsius in the Canton of Bern on January 15, 2015.",meteo_tmin,true,,
175,A,89,"Calculate the average minimum temperature in Celsius in the Peloponnese on January 15, 2015.",meteo_tmin,true,,
176,A,90,Calculate the average minimum temperature in Celsius in City of Zurich during WEEK 15 of 2010.,meteo_tmin,true,,
177,A,90,Calculate the average minimum temperature in Celsius in Attica during WEEK 15 of 2010.,meteo_tmin,true,,
178,A,90,Calculate the average minimum temperature in Celsius in Canton of Bern during WEEK 15 of 2010.,meteo_tmin,true,,
179,A,90,Calculate the average minimum temperature in Celsius in Peloponnese during WEEK 15 of 2010.,meteo_tmin,true,,
180,H,94,For which month in 2018 was the average precipitation highest in City of Zurich?,meteo_tp,false,InternalError_: ProvSQL: ORDER BY on the result of an aggregate function is not supported,"SELECT
  EXTRACT(MONTH FROM mtp.time) AS time_window_1
FROM meteo_tp AS mtp
WHERE
  EXTRACT(YEAR FROM mtp.time) = 2018
  AND (
    ROUND(CAST(mtp.latitude AS DECIMAL), 1),
    ROUND(CAST(mtp.longitude AS DECIMAL), 1)
  ) IN ((47.4, 8.5))
GROUP BY
  EXTRACT(MONTH FROM mtp.time)
ORDER BY
  AVG(mtp.tp) DESC
LIMIT 1"
181,H,94,For which month in 2018 was the average precipitation highest in Attica?,meteo_tp,false,InternalError_: ProvSQL: ORDER BY on the result of an aggregate function is not supported,"SELECT
  EXTRACT(MONTH FROM mtp.time) AS time_window_1
FROM meteo_tp AS mtp
WHERE
  EXTRACT(YEAR FROM mtp.time) = 2018
  AND (
    ROUND(CAST(mtp.latitude AS DECIMAL), 1),
    ROUND(CAST(mtp.longitude AS DECIMAL), 1)
  ) IN (
    (38.0, 23.2),
    (38.0, 23.3),
    (38.1, 23.3),
    (38.2, 23.3),
    (38.0, 23.4),
    (38.1, 23.4),
    (38.2, 23.4),
    (38.1, 23.5),
    (38.0, 23.6),
    (38.1, 23.6),
    (38.0, 23.7),
    (38.1, 23.7),
    (38.2, 23.7),
    (38.3, 23.7),
    (37.9, 23.8),
    (38.0, 23.8),
    (38.1, 23.8),
    (38.2, 23.8),
    (38.3, 23.8),
    (37.8, 23.9),
    (37.9, 23.9),
    (38.0, 23.9),
    (38.1, 23.9),
    (38.2, 23.9)
  )
GROUP BY
  EXTRACT(MONTH FROM mtp.time)
ORDER BY
  AVG(mtp.tp) DESC
LIMIT 1"
182,H,94,For which month in 2018 was the average precipitation highest in Canton of Bern?,meteo_tp,false,InternalError_: ProvSQL: ORDER BY on the result of an aggregate function is not supported,"SELECT
  EXTRACT(MONTH FROM mtp.time) AS time_window_1
FROM meteo_tp AS mtp
WHERE
  EXTRACT(YEAR FROM mtp.time) = 2018
  AND (
    ROUND(CAST(mtp.latitude AS DECIMAL), 1),
    ROUND(CAST(mtp.longitude AS DECIMAL), 1)
  ) IN (
    (47.1, 6.9),
    (47.0, 7.1),
    (47.1, 7.1),
    (47.2, 7.1),
    (47.1, 7.2),
    (47.2, 7.2),
    (46.4, 7.3),
    (46.5, 7.3),
    (46.9, 7.3),
    (47.0, 7.3),
    (47.1, 7.3),
    (47.2, 7.3),
    (46.4, 7.4),
    (46.5, 7.4),
    (46.6, 7.4),
    (46.7, 7.4),
    (46.8, 7.4),
    (46.9, 7.4),
    (47.0, 7.4),
    (47.3, 7.4),
    (46.4, 7.5),
    (46.5, 7.5),
    (46.6, 7.5),
    (46.7, 7.5),
    (46.8, 7.5),
    (46.9, 7.5),
    (47.0, 7.5),
    (47.1, 7.5),
    (47.3, 7.5),
    (46.5, 7.6),
    (46.6, 7.6),
    (46.7, 7.6),
    (46.8, 7.6),
    (46.9, 7.6),
    (47.0, 7.6),
    (47.1, 7.6),
    (46.5, 7.7),
    (46.6, 7.7),
    (46.7, 7.7),
    (46.8, 7.7),
    (46.9, 7.7),
    (47.0, 7.7),
    (47.1, 7.7),
    (47.2, 7.7),
    (46.5, 7.8),
    (46.6, 7.8),
    (46.7, 7.8),
    (46.8, 7.8),
    (46.9, 7.8),
    (47.0, 7.8),
    (47.1, 7.8),
    (47.2, 7.8),
    (46.5, 7.9),
    (46.6, 7.9),
    (46.7, 7.9),
    (46.8, 7.9),
    (47.0, 7.9),
    (46.6, 8.0),
    (46.7, 8.0),
    (46.6, 8.1),
    (46.7, 8.1),
    (46.6, 8.2),
    (46.7, 8.2),
    (46.6, 8.3),
    (46.7, 8.3)
  )
GROUP BY
  EXTRACT(MONTH FROM mtp.time)
ORDER BY
  AVG(mtp.tp) DESC
LIMIT 1"
183,H,94,For which month in 2018 was the average precipitation highest in Peloponnese?,meteo_tp,false,InternalError_: ProvSQL: ORDER BY on the result of an aggregate function is not supported,"SELECT
  EXTRACT(MONTH FROM mtp.time) AS time_window_1
FROM meteo_tp AS mtp
WHERE
  EXTRACT(YEAR FROM mtp.time) = 2018
  AND (
    ROUND(CAST(mtp.latitude AS DECIMAL), 1),
    ROUND(CAST(mtp.longitude AS DECIMAL), 1)
  ) IN (
    (37.9, 21.2),
    (37.8, 21.3),
    (37.9, 21.3),
    (38.0, 21.3),
    (37.7, 21.4),
    (37.8, 21.4),
    (37.9, 21.4),
    (38.0, 21.4),
    (38.1, 21.4),
    (37.6, 21.5),
    (37.7, 21.5),
    (37.8, 21.5),
    (37.9, 21.5),
    (38.0, 21.5),
    (38.1, 21.5),
    (37.1, 21.6),
    (37.2, 21.6),
    (37.6, 21.6),
    (37.7, 21.6),
    (37.8, 21.6),
    (37.9, 21.6),
    (38.0, 21.6),
    (38.1, 21.6),
    (36.9, 21.7),
    (37.0, 21.7),
    (37.1, 21.7),
    (37.2, 21.7),
    (37.3, 21.7),
    (37.4, 21.7),
    (37.5, 21.7),
    (37.6, 21.7),
    (37.7, 21.7),
    (37.8, 21.7),
    (37.9, 21.7),
    (38.0, 21.7),
    (38.1, 21.7),
    (38.2, 21.7),
    (36.9, 21.8),
    (37.0, 21.8),
    (37.1, 21.8),
    (37.2, 21.8),
    (37.3, 21.8),
    (37.4, 21.8),
    (37.5, 21.8),
    (37.6, 21.8),
    (37.7, 21.8),
    (37.8, 21.8),
    (37.9, 21.8),
    (38.0, 21.8),
    (38.1, 21.8),
    (38.2, 21.8),
    (38.3, 21.8),
    (36.8, 21.9),
    (36.9, 21.9),
    (37.0, 21.9),
    (37.1, 21.9),
    (37.2, 21.9),
    (37.3, 21.9),
    (37.4, 21.9),
    (37.5, 21.9),
    (37.6, 21.9),
    (37.7, 21.9),
    (37.8, 21.9),
    (37.9, 21.9),
    (38.0, 21.9),
    (38.1, 21.9),
    (38.2, 21.9),
    (38.3, 21.9),
    (37.1, 22.0),
    (37.2, 22.0),
    (37.3, 22.0),
    (37.4, 22.0),
    (37.5, 22.0),
    (37.6, 22.0),
    (37.7, 22.0),
    (37.8, 22.0),
    (37.9, 22.0),
    (38.0, 22.0),
    (38.1, 22.0),
    (38.2, 22.0),
    (38.3, 22.0),
    (37.1, 22.1),
    (37.2, 22.1),
    (37.3, 22.1),
    (37.4, 22.1),
    (37.5, 22.1),
    (37.6, 22.1),
    (37.7, 22.1),
    (37.8, 22.1),
    (37.9, 22.1),
    (38.0, 22.1),
    (38.1, 22.1),
    (38.2, 22.1),
    (37.0, 22.2),
    (37.1, 22.2),
    (37.2, 22.2),
    (37.3, 22.2),
    (37.4, 22.2),
    (37.5, 22.2),
    (37.6, 22.2),
    (37.7, 22.2),
    (37.8, 22.2),
    (37.9, 22.2),
    (38.0, 22.2),
    (38.1, 22.2),
    (36.8, 22.3),
    (36.9, 22.3),
    (37.0, 22.3),
    (37.1, 22.3),
    (37.2, 22.3),
    (37.3, 22.3),
    (37.4, 22.3),
    (37.5, 22.3),
    (37.6, 22.3),
    (37.7, 22.3),
    (37.8, 22.3),
    (37.9, 22.3),
    (38.0, 22.3),
    (38.1, 22.3),
    (36.5, 22.4),
    (36.6, 22.4),
    (36.7, 22.4),
    (36.8, 22.4),
    (36.9, 22.4),
    (37.0, 22.4),
    (37.1, 22.4),
    (37.2, 22.4),
    (37.3, 22.4),
    (37.4, 22.4),
    (37.5, 22.4),
    (37.6, 22.4),
    (37.7, 22.4),
    (37.8, 22.4),
    (37.9, 22.4),
    (38.0, 22.4),
    (38.1, 22.4),
    (36.7, 22.5),
    (36.8, 22.5),
    (36.9, 22.5),
    (37.0, 22.5),
    (37.1, 22.5),
    (37.2, 22.5),
    (37.3, 22.5),
    (37.4, 22.5),
    (37.5, 22.5),
    (37.6, 22.5),
    (37.7, 22.5),
    (37.8, 22.5),
    (37.9, 22.5),
    (38.0, 22.5),
    (38.1, 22.5),
    (36.8, 22.6),
    (36.9, 22.6),
    (37.0, 22.6),
    (37.1, 22.6),
    (37.2, 22.6),
    (37.3, 22.6),
    (37.4, 22.6),
    (37.5, 22.6),
    (37.6, 22.6),
    (37.7, 22.6),
    (37.8, 22.6),
    (37.9, 22.6),
    (38.0, 22.6),
    (36.9, 22.7),
    (37.0, 22.7),
    (37.1, 22.7),
    (37.2, 22.7),
    (37.3, 22.7),
    (37.4, 22.7),
    (37.5, 22.7),
    (37.6, 22.7),
    (37.7, 22.7),
    (37.8, 22.7),
    (37.9, 22.7),
    (38.0, 22.7),
    (36.8, 22.8),
    (36.9, 22.8),
    (37.0, 22.8),
    (37.1, 22.8),
    (37.2, 22.8),
    (37.3, 22.8),
    (37.6, 22.8),
    (37.7, 22.8),
    (37.8, 22.8),
    (37.9, 22.8),
    (36.7, 22.9),
    (36.8, 22.9),
    (36.9, 22.9),
    (37.0, 22.9),
    (37.1, 22.9),
    (37.6, 22.9),
    (37.7, 22.9),
    (37.8, 22.9),
    (37.9, 22.9),
    (36.6, 23.0),
    (36.7, 23.0),
    (36.8, 23.0),
    (36.9, 23.0),
    (37.0, 23.0),
    (37.5, 23.0),
    (37.6, 23.0),
    (37.7, 23.0),
    (37.8, 23.0),
    (37.9, 23.0),
    (36.5, 23.1),
    (37.5, 23.1),
    (37.6, 23.1),
    (37.7, 23.1),
    (37.8, 23.1),
    (37.3, 23.2),
    (37.4, 23.2),
    (37.5, 23.2),
    (37.4, 23.3),
    (37.5, 23.3),
    (37.5, 23.4),
    (37.6, 23.4)
  )
GROUP BY
  EXTRACT(MONTH FROM mtp.time)
ORDER BY
  AVG(mtp.tp) DESC
LIMIT 1"
184,H,96,During which two-year period between 2010 and 2011 was the average precipitation highest in City of Zurich?,meteo_tp,false,InternalError_: ProvSQL: ORDER BY on the result of an aggregate function is not supported,"SELECT
  EXTRACT(YEAR FROM mtp.time) AS time_window_1
FROM meteo_tp AS mtp
WHERE
  EXTRACT(YEAR FROM mtp.time) BETWEEN 2010 AND 2011
  AND (
    ROUND(CAST(mtp.latitude AS DECIMAL), 1),
    ROUND(CAST(mtp.longitude AS DECIMAL), 1)
  ) IN ((47.4, 8.5))
GROUP BY
  EXTRACT(YEAR FROM mtp.time)
ORDER BY
  AVG(mtp.tp) DESC
LIMIT 1"
185,H,96,During which two-year period between 2010 and 2011 was the average precipitation highest in Attica?,meteo_tp,false,InternalError_: ProvSQL: ORDER BY on the result of an aggregate function is not supported,"SELECT
  EXTRACT(YEAR FROM mtp.time) AS time_window_1
FROM meteo_tp AS mtp
WHERE
  EXTRACT(YEAR FROM mtp.time) BETWEEN 2010 AND 2011
  AND (
    ROUND(CAST(mtp.latitude AS DECIMAL), 1),
    ROUND(CAST(mtp.longitude AS DECIMAL), 1)
  ) IN (
    (38.0, 23.2),
    (38.0, 23.3),
    (38.1, 23.3),
    (38.2, 23.3),
    (38.0, 23.4),
    (38.1, 23.4),
    (38.2, 23.4),
    (38.1, 23.5),
    (38.0, 23.6),
    (38.1, 23.6),
    (38.0, 23.7),
    (38.1, 23.7),
    (38.2, 23.7),
    (38.3, 23.7),
    (37.9, 23.8),
    (38.0, 23.8),
    (38.1, 23.8),
    (38.2, 23.8),
    (38.3, 23.8),
    (37.8, 23.9),
    (37.9, 23.9),
    (38.0, 23.9),
    (38.1, 23.9),
    (38.2, 23.9)
  )
GROUP BY
  EXTRACT(YEAR FROM mtp.time)
ORDER BY
  AVG(mtp.tp) DESC
LIMIT 1"
186,H,96,During which two-year period between 2010 and 2011 was the average precipitation highest in Canton of Bern?,meteo_tp,false,InternalError_: ProvSQL: ORDER BY on the result of an aggregate function is not supported,"SELECT
  EXTRACT(YEAR FROM mtp.time) AS time_window_1
FROM meteo_tp AS mtp
WHERE
  EXTRACT(YEAR FROM mtp.time) BETWEEN 2010 AND 2011
  AND (
    ROUND(CAST(mtp.latitude AS DECIMAL), 1),
    ROUND(CAST(mtp.longitude AS DECIMAL), 1)
  ) IN (
    (47.1, 6.9),
    (47.0, 7.1),
    (47.1, 7.1),
    (47.2, 7.1),
    (47.1, 7.2),
    (47.2, 7.2),
    (46.4, 7.3),
    (46.5, 7.3),
    (46.9, 7.3),
    (47.0, 7.3),
    (47.1, 7.3),
    (47.2, 7.3),
    (46.4, 7.4),
    (46.5, 7.4),
    (46.6, 7.4),
    (46.7, 7.4),
    (46.8, 7.4),
    (46.9, 7.4),
    (47.0, 7.4),
    (47.3, 7.4),
    (46.4, 7.5),
    (46.5, 7.5),
    (46.6, 7.5),
    (46.7, 7.5),
    (46.8, 7.5),
    (46.9, 7.5),
    (47.0, 7.5),
    (47.1, 7.5),
    (47.3, 7.5),
    (46.5, 7.6),
    (46.6, 7.6),
    (46.7, 7.6),
    (46.8, 7.6),
    (46.9, 7.6),
    (47.0, 7.6),
    (47.1, 7.6),
    (46.5, 7.7),
    (46.6, 7.7),
    (46.7, 7.7),
    (46.8, 7.7),
    (46.9, 7.7),
    (47.0, 7.7),
    (47.1, 7.7),
    (47.2, 7.7),
    (46.5, 7.8),
    (46.6, 7.8),
    (46.7, 7.8),
    (46.8, 7.8),
    (46.9, 7.8),
    (47.0, 7.8),
    (47.1, 7.8),
    (47.2, 7.8),
    (46.5, 7.9),
    (46.6, 7.9),
    (46.7, 7.9),
    (46.8, 7.9),
    (47.0, 7.9),
    (46.6, 8.0),
    (46.7, 8.0),
    (46.6, 8.1),
    (46.7, 8.1),
    (46.6, 8.2),
    (46.7, 8.2),
    (46.6, 8.3),
    (46.7, 8.3)
  )
GROUP BY
  EXTRACT(YEAR FROM mtp.time)
ORDER BY
  AVG(mtp.tp) DESC
LIMIT 1"
187,H,96,During which two-year period between 2010 and 2011 was the average precipitation highest in Peloponnese?,meteo_tp,false,InternalError_: ProvSQL: ORDER BY on the result of an aggregate function is not supported,"SELECT
  EXTRACT(YEAR FROM mtp.time) AS time_window_1
FROM meteo_tp AS mtp
WHERE
  EXTRACT(YEAR FROM mtp.time) BETWEEN 2010 AND 2011
  AND (
    ROUND(CAST(mtp.latitude AS DECIMAL), 1),
    ROUND(CAST(mtp.longitude AS DECIMAL), 1)
  ) IN (
    (37.9, 21.2),
    (37.8, 21.3),
    (37.9, 21.3),
    (38.0, 21.3),
    (37.7, 21.4),
    (37.8, 21.4),
    (37.9, 21.4),
    (38.0, 21.4),
    (38.1, 21.4),
    (37.6, 21.5),
    (37.7, 21.5),
    (37.8, 21.5),
    (37.9, 21.5),
    (38.0, 21.5),
    (38.1, 21.5),
    (37.1, 21.6),
    (37.2, 21.6),
    (37.6, 21.6),
    (37.7, 21.6),
    (37.8, 21.6),
    (37.9, 21.6),
    (38.0, 21.6),
    (38.1, 21.6),
    (36.9, 21.7),
    (37.0, 21.7),
    (37.1, 21.7),
    (37.2, 21.7),
    (37.3, 21.7),
    (37.4, 21.7),
    (37.5, 21.7),
    (37.6, 21.7),
    (37.7, 21.7),
    (37.8, 21.7),
    (37.9, 21.7),
    (38.0, 21.7),
    (38.1, 21.7),
    (38.2, 21.7),
    (36.9, 21.8),
    (37.0, 21.8),
    (37.1, 21.8),
    (37.2, 21.8),
    (37.3, 21.8),
    (37.4, 21.8),
    (37.5, 21.8),
    (37.6, 21.8),
    (37.7, 21.8),
    (37.8, 21.8),
    (37.9, 21.8),
    (38.0, 21.8),
    (38.1, 21.8),
    (38.2, 21.8),
    (38.3, 21.8),
    (36.8, 21.9),
    (36.9, 21.9),
    (37.0, 21.9),
    (37.1, 21.9),
    (37.2, 21.9),
    (37.3, 21.9),
    (37.4, 21.9),
    (37.5, 21.9),
    (37.6, 21.9),
    (37.7, 21.9),
    (37.8, 21.9),
    (37.9, 21.9),
    (38.0, 21.9),
    (38.1, 21.9),
    (38.2, 21.9),
    (38.3, 21.9),
    (37.1, 22.0),
    (37.2, 22.0),
    (37.3, 22.0),
    (37.4, 22.0),
    (37.5, 22.0),
    (37.6, 22.0),
    (37.7, 22.0),
    (37.8, 22.0),
    (37.9, 22.0),
    (38.0, 22.0),
    (38.1, 22.0),
    (38.2, 22.0),
    (38.3, 22.0),
    (37.1, 22.1),
    (37.2, 22.1),
    (37.3, 22.1),
    (37.4, 22.1),
    (37.5, 22.1),
    (37.6, 22.1),
    (37.7, 22.1),
    (37.8, 22.1),
    (37.9, 22.1),
    (38.0, 22.1),
    (38.1, 22.1),
    (38.2, 22.1),
    (37.0, 22.2),
    (37.1, 22.2),
    (37.2, 22.2),
    (37.3, 22.2),
    (37.4, 22.2),
    (37.5, 22.2),
    (37.6, 22.2),
    (37.7, 22.2),
    (37.8, 22.2),
    (37.9, 22.2),
    (38.0, 22.2),
    (38.1, 22.2),
    (36.8, 22.3),
    (36.9, 22.3),
    (37.0, 22.3),
    (37.1, 22.3),
    (37.2, 22.3),
    (37.3, 22.3),
    (37.4, 22.3),
    (37.5, 22.3),
    (37.6, 22.3),
    (37.7, 22.3),
    (37.8, 22.3),
    (37.9, 22.3),
    (38.0, 22.3),
    (38.1, 22.3),
    (36.5, 22.4),
    (36.6, 22.4),
    (36.7, 22.4),
    (36.8, 22.4),
    (36.9, 22.4),
    (37.0, 22.4),
    (37.1, 22.4),
    (37.2, 22.4),
    (37.3, 22.4),
    (37.4, 22.4),
    (37.5, 22.4),
    (37.6, 22.4),
    (37.7, 22.4),
    (37.8, 22.4),
    (37.9, 22.4),
    (38.0, 22.4),
    (38.1, 22.4),
    (36.7, 22.5),
    (36.8, 22.5),
    (36.9, 22.5),
    (37.0, 22.5),
    (37.1, 22.5),
    (37.2, 22.5),
    (37.3, 22.5),
    (37.4, 22.5),
    (37.5, 22.5),
    (37.6, 22.5),
    (37.7, 22.5),
    (37.8, 22.5),
    (37.9, 22.5),
    (38.0, 22.5),
    (38.1, 22.5),
    (36.8, 22.6),
    (36.9, 22.6),
    (37.0, 22.6),
    (37.1, 22.6),
    (37.2, 22.6),
    (37.3, 22.6),
    (37.4, 22.6),
    (37.5, 22.6),
    (37.6, 22.6),
    (37.7, 22.6),
    (37.8, 22.6),
    (37.9, 22.6),
    (38.0, 22.6),
    (36.9, 22.7),
    (37.0, 22.7),
    (37.1, 22.7),
    (37.2, 22.7),
    (37.3, 22.7),
    (37.4, 22.7),
    (37.5, 22.7),
    (37.6, 22.7),
    (37.7, 22.7),
    (37.8, 22.7),
    (37.9, 22.7),
    (38.0, 22.7),
    (36.8, 22.8),
    (36.9, 22.8),
    (37.0, 22.8),
    (37.1, 22.8),
    (37.2, 22.8),
    (37.3, 22.8),
    (37.6, 22.8),
    (37.7, 22.8),
    (37.8, 22.8),
    (37.9, 22.8),
    (36.7, 22.9),
    (36.8, 22.9),
    (36.9, 22.9),
    (37.0, 22.9),
    (37.1, 22.9),
    (37.6, 22.9),
    (37.7, 22.9),
    (37.8, 22.9),
    (37.9, 22.9),
    (36.6, 23.0),
    (36.7, 23.0),
    (36.8, 23.0),
    (36.9, 23.0),
    (37.0, 23.0),
    (37.5, 23.0),
    (37.6, 23.0),
    (37.7, 23.0),
    (37.8, 23.0),
    (37.9, 23.0),
    (36.5, 23.1),
    (37.5, 23.1),
    (37.6, 23.1),
    (37.7, 23.1),
    (37.8, 23.1),
    (37.3, 23.2),
    (37.4, 23.2),
    (37.5, 23.2),
    (37.4, 23.3),
    (37.5, 23.3),
    (37.5, 23.4),
    (37.6, 23.4)
  )
GROUP BY
  EXTRACT(YEAR FROM mtp.time)
ORDER BY
  AVG(mtp.tp) DESC
LIMIT 1"
188,F,98,Show the number of days between 2010 and 2015 where the maximum temperature in City of Zurich exceeded 30 Celsius.,meteo_tmax,false,"InvalidTextRepresentation: invalid input syntax for type uuid: ""(null)""","SELECT
  COUNT(DISTINCT DATE(mtx.time))
FROM meteo_tmax AS mtx
WHERE
  (
    ROUND(CAST(mtx.latitude AS DECIMAL), 1),
    ROUND(CAST(mtx.longitude AS DECIMAL), 1)
  ) IN ((47.4, 8.5))
  AND EXTRACT(YEAR FROM mtx.time) BETWEEN 2010 AND 2015
  AND mtx.tmax > 273.15 + 30"
189,F,98,Show the number of days between 2010 and 2015 where the maximum temperature in Attica exceeded 30 Celsius.,meteo_tmax,false,"InvalidTextRepresentation: invalid input syntax for type uuid: ""(null)""","SELECT
  COUNT(DISTINCT DATE(mtx.time))
FROM meteo_tmax AS mtx
WHERE
  (
    ROUND(CAST(mtx.latitude AS DECIMAL), 1),
    ROUND(CAST(mtx.longitude AS DECIMAL), 1)
  ) IN (
    (38.0, 23.2),
    (38.0, 23.3),
    (38.1, 23.3),
    (38.2, 23.3),
    (38.0, 23.4),
    (38.1, 23.4),
    (38.2, 23.4),
    (38.1, 23.5),
    (38.0, 23.6),
    (38.1, 23.6),
    (38.0, 23.7),
    (38.1, 23.7),
    (38.2, 23.7),
    (38.3, 23.7),
    (37.9, 23.8),
    (38.0, 23.8),
    (38.1, 23.8),
    (38.2, 23.8),
    (38.3, 23.8),
    (37.8, 23.9),
    (37.9, 23.9),
    (38.0, 23.9),
    (38.1, 23.9),
    (38.2, 23.9)
  )
  AND EXTRACT(YEAR FROM mtx.time) BETWEEN 2010 AND 2015
  AND mtx.tmax > 273.15 + 30"
190,F,98,Show the number of days between 2010 and 2015 where the maximum temperature in Canton of Bern exceeded 30 Celsius.,meteo_tmax,false,"InvalidTextRepresentation: invalid input syntax for type uuid: ""(null)""","SELECT
  COUNT(DISTINCT DATE(mtx.time))
FROM meteo_tmax AS mtx
WHERE
  (
    ROUND(CAST(mtx.latitude AS DECIMAL), 1),
    ROUND(CAST(mtx.longitude AS DECIMAL), 1)
  ) IN (
    (47.1, 6.9),
    (47.0, 7.1),
    (47.1, 7.1),
    (47.2, 7.1),
    (47.1, 7.2),
    (47.2, 7.2),
    (46.4, 7.3),
    (46.5, 7.3),
    (46.9, 7.3),
    (47.0, 7.3),
    (47.1, 7.3),
    (47.2, 7.3),
    (46.4, 7.4),
    (46.5, 7.4),
    (46.6, 7.4),
    (46.7, 7.4),
    (46.8, 7.4),
    (46.9, 7.4),
    (47.0, 7.4),
    (47.3, 7.4),
    (46.4, 7.5),
    (46.5, 7.5),
    (46.6, 7.5),
    (46.7, 7.5),
    (46.8, 7.5),
    (46.9, 7.5),
    (47.0, 7.5),
    (47.1, 7.5),
    (47.3, 7.5),
    (46.5, 7.6),
    (46.6, 7.6),
    (46.7, 7.6),
    (46.8, 7.6),
    (46.9, 7.6),
    (47.0, 7.6),
    (47.1, 7.6),
    (46.5, 7.7),
    (46.6, 7.7),
    (46.7, 7.7),
    (46.8, 7.7),
    (46.9, 7.7),
    (47.0, 7.7),
    (47.1, 7.7),
    (47.2, 7.7),
    (46.5, 7.8),
    (46.6, 7.8),
    (46.7, 7.8),
    (46.8, 7.8),
    (46.9, 7.8),
    (47.0, 7.8),
    (47.1, 7.8),
    (47.2, 7.8),
    (46.5, 7.9),
    (46.6, 7.9),
    (46.7, 7.9),
    (46.8, 7.9),
    (47.0, 7.9),
    (46.6, 8.0),
    (46.7, 8.0),
    (46.6, 8.1),
    (46.7, 8.1),
    (46.6, 8.2),
    (46.7, 8.2),
    (46.6, 8.3),
    (46.7, 8.3)
  )
  AND EXTRACT(YEAR FROM mtx.time) BETWEEN 2010 AND 2015
  AND mtx.tmax > 273.15 + 30"
191,F,98,Show the number of days between 2010 and 2015 where the maximum temperature in Peloponnese exceeded 30 Celsius.,meteo_tmax,false,"InvalidTextRepresentation: invalid input syntax for type uuid: ""(null)""","SELECT
  COUNT(DISTINCT DATE(mtx.time))
FROM meteo_tmax AS mtx
WHERE
  (
    ROUND(CAST(mtx.latitude AS DECIMAL), 1),
    ROUND(CAST(mtx.longitude AS DECIMAL), 1)
  ) IN (
    (37.9, 21.2),
    (37.8, 21.3),
    (37.9, 21.3),
    (38.0, 21.3),
    (37.7, 21.4),
    (37.8, 21.4),
    (37.9, 21.4),
    (38.0, 21.4),
    (38.1, 21.4),
    (37.6, 21.5),
    (37.7, 21.5),
    (37.8, 21.5),
    (37.9, 21.5),
    (38.0, 21.5),
    (38.1, 21.5),
    (37.1, 21.6),
    (37.2, 21.6),
    (37.6, 21.6),
    (37.7, 21.6),
    (37.8, 21.6),
    (37.9, 21.6),
    (38.0, 21.6),
    (38.1, 21.6),
    (36.9, 21.7),
    (37.0, 21.7),
    (37.1, 21.7),
    (37.2, 21.7),
    (37.3, 21.7),
    (37.4, 21.7),
    (37.5, 21.7),
    (37.6, 21.7),
    (37.7, 21.7),
    (37.8, 21.7),
    (37.9, 21.7),
    (38.0, 21.7),
    (38.1, 21.7),
    (38.2, 21.7),
    (36.9, 21.8),
    (37.0, 21.8),
    (37.1, 21.8),
    (37.2, 21.8),
    (37.3, 21.8),
    (37.4, 21.8),
    (37.5, 21.8),
    (37.6, 21.8),
    (37.7, 21.8),
    (37.8, 21.8),
    (37.9, 21.8),
    (38.0, 21.8),
    (38.1, 21.8),
    (38.2, 21.8),
    (38.3, 21.8),
    (36.8, 21.9),
    (36.9, 21.9),
    (37.0, 21.9),
    (37.1, 21.9),
    (37.2, 21.9),
    (37.3, 21.9),
    (37.4, 21.9),
    (37.5, 21.9),
    (37.6, 21.9),
    (37.7, 21.9),
    (37.8, 21.9),
    (37.9, 21.9),
    (38.0, 21.9),
    (38.1, 21.9),
    (38.2, 21.9),
    (38.3, 21.9),
    (37.1, 22.0),
    (37.2, 22.0),
    (37.3, 22.0),
    (37.4, 22.0),
    (37.5, 22.0),
    (37.6, 22.0),
    (37.7, 22.0),
    (37.8, 22.0),
    (37.9, 22.0),
    (38.0, 22.0),
    (38.1, 22.0),
    (38.2, 22.0),
    (38.3, 22.0),
    (37.1, 22.1),
    (37.2, 22.1),
    (37.3, 22.1),
    (37.4, 22.1),
    (37.5, 22.1),
    (37.6, 22.1),
    (37.7, 22.1),
    (37.8, 22.1),
    (37.9, 22.1),
    (38.0, 22.1),
    (38.1, 22.1),
    (38.2, 22.1),
    (37.0, 22.2),
    (37.1, 22.2),
    (37.2, 22.2),
    (37.3, 22.2),
    (37.4, 22.2),
    (37.5, 22.2),
    (37.6, 22.2),
    (37.7, 22.2),
    (37.8, 22.2),
    (37.9, 22.2),
    (38.0, 22.2),
    (38.1, 22.2),
    (36.8, 22.3),
    (36.9, 22.3),
    (37.0, 22.3),
    (37.1, 22.3),
    (37.2, 22.3),
    (37.3, 22.3),
    (37.4, 22.3),
    (37.5, 22.3),
    (37.6, 22.3),
    (37.7, 22.3),
    (37.8, 22.3),
    (37.9, 22.3),
    (38.0, 22.3),
    (38.1, 22.3),
    (36.5, 22.4),
    (36.6, 22.4),
    (36.7, 22.4),
    (36.8, 22.4),
    (36.9, 22.4),
    (37.0, 22.4),
    (37.1, 22.4),
    (37.2, 22.4),
    (37.3, 22.4),
    (37.4, 22.4),
    (37.5, 22.4),
    (37.6, 22.4),
    (37.7, 22.4),
    (37.8, 22.4),
    (37.9, 22.4),
    (38.0, 22.4),
    (38.1, 22.4),
    (36.7, 22.5),
    (36.8, 22.5),
    (36.9, 22.5),
    (37.0, 22.5),
    (37.1, 22.5),
    (37.2, 22.5),
    (37.3, 22.5),
    (37.4, 22.5),
    (37.5, 22.5),
    (37.6, 22.5),
    (37.7, 22.5),
    (37.8, 22.5),
    (37.9, 22.5),
    (38.0, 22.5),
    (38.1, 22.5),
    (36.8, 22.6),
    (36.9, 22.6),
    (37.0, 22.6),
    (37.1, 22.6),
    (37.2, 22.6),
    (37.3, 22.6),
    (37.4, 22.6),
    (37.5, 22.6),
    (37.6, 22.6),
    (37.7, 22.6),
    (37.8, 22.6),
    (37.9, 22.6),
    (38.0, 22.6),
    (36.9, 22.7),
    (37.0, 22.7),
    (37.1, 22.7),
    (37.2, 22.7),
    (37.3, 22.7),
    (37.4, 22.7),
    (37.5, 22.7),
    (37.6, 22.7),
    (37.7, 22.7),
    (37.8, 22.7),
    (37.9, 22.7),
    (38.0, 22.7),
    (36.8, 22.8),
    (36.9, 22.8),
    (37.0, 22.8),
    (37.1, 22.8),
    (37.2, 22.8),
    (37.3, 22.8),
    (37.6, 22.8),
    (37.7, 22.8),
    (37.8, 22.8),
    (37.9, 22.8),
    (36.7, 22.9),
    (36.8, 22.9),
    (36.9, 22.9),
    (37.0, 22.9),
    (37.1, 22.9),
    (37.6, 22.9),
    (37.7, 22.9),
    (37.8, 22.9),
    (37.9, 22.9),
    (36.6, 23.0),
    (36.7, 23.0),
    (36.8, 23.0),
    (36.9, 23.0),
    (37.0, 23.0),
    (37.5, 23.0),
    (37.6, 23.0),
    (37.7, 23.0),
    (37.8, 23.0),
    (37.9, 23.0),
    (36.5, 23.1),
    (37.5, 23.1),
    (37.6, 23.1),
    (37.7, 23.1),
    (37.8, 23.1),
    (37.3, 23.2),
    (37.4, 23.2),
    (37.5, 23.2),
    (37.4, 23.3),
    (37.5, 23.3),
    (37.5, 23.4),
    (37.6, 23.4)
  )
  AND EXTRACT(YEAR FROM mtx.time) BETWEEN 2010 AND 2015
  AND mtx.tmax > 273.15 + 30"
192,H,99,"In 2015, which month had the highest average maximum temperature in °C in City of Zurich?",meteo_tmax,false,InternalError_: ProvSQL: ORDER BY on the result of an aggregate function is not supported,"SELECT
  EXTRACT(MONTH FROM mtx.time) AS time_window_1
FROM meteo_tmax AS mtx
WHERE
  EXTRACT(YEAR FROM mtx.time) = 2015
  AND (
    ROUND(CAST(mtx.latitude AS DECIMAL), 1),
    ROUND(CAST(mtx.longitude AS DECIMAL), 1)
  ) IN ((47.4, 8.5))
GROUP BY
  EXTRACT(MONTH FROM mtx.time)
ORDER BY
  AVG(mtx.tmax - 273.15) DESC
LIMIT 1"
193,H,99,"In 2015, which month had the highest average maximum temperature in °C in Attica?",meteo_tmax,false,InternalError_: ProvSQL: ORDER BY on the result of an aggregate function is not supported,"SELECT
  EXTRACT(MONTH FROM mtx.time) AS time_window_1
FROM meteo_tmax AS mtx
WHERE
  EXTRACT(YEAR FROM mtx.time) = 2015
  AND (
    ROUND(CAST(mtx.latitude AS DECIMAL), 1),
    ROUND(CAST(mtx.longitude AS DECIMAL), 1)
  ) IN (
    (38.0, 23.2),
    (38.0, 23.3),
    (38.1, 23.3),
    (38.2, 23.3),
    (38.0, 23.4),
    (38.1, 23.4),
    (38.2, 23.4),
    (38.1, 23.5),
    (38.0, 23.6),
    (38.1, 23.6),
    (38.0, 23.7),
    (38.1, 23.7),
    (38.2, 23.7),
    (38.3, 23.7),
    (37.9, 23.8),
    (38.0, 23.8),
    (38.1, 23.8),
    (38.2, 23.8),
    (38.3, 23.8),
    (37.8, 23.9),
    (37.9, 23.9),
    (38.0, 23.9),
    (38.1, 23.9),
    (38.2, 23.9)
  )
GROUP BY
  EXTRACT(MONTH FROM mtx.time)
ORDER BY
  AVG(mtx.tmax - 273.15) DESC
LIMIT 1"
194,H,99,"In 2015, which month had the highest average maximum temperature in °C in Canton of Bern?",meteo_tmax,false,InternalError_: ProvSQL: ORDER BY on the result of an aggregate function is not supported,"SELECT
  EXTRACT(MONTH FROM mtx.time) AS time_window_1
FROM meteo_tmax AS mtx
WHERE
  EXTRACT(YEAR FROM mtx.time) = 2015
  AND (
    ROUND(CAST(mtx.latitude AS DECIMAL), 1),
    ROUND(CAST(mtx.longitude AS DECIMAL), 1)
  ) IN (
    (47.1, 6.9),
    (47.0, 7.1),
    (47.1, 7.1),
    (47.2, 7.1),
    (47.1, 7.2),
    (47.2, 7.2),
    (46.4, 7.3),
    (46.5, 7.3),
    (46.9, 7.3),
    (47.0, 7.3),
    (47.1, 7.3),
    (47.2, 7.3),
    (46.4, 7.4),
    (46.5, 7.4),
    (46.6, 7.4),
    (46.7, 7.4),
    (46.8, 7.4),
    (46.9, 7.4),
    (47.0, 7.4),
    (47.3, 7.4),
    (46.4, 7.5),
    (46.5, 7.5),
    (46.6, 7.5),
    (46.7, 7.5),
    (46.8, 7.5),
    (46.9, 7.5),
    (47.0, 7.5),
    (47.1, 7.5),
    (47.3, 7.5),
    (46.5, 7.6),
    (46.6, 7.6),
    (46.7, 7.6),
    (46.8, 7.6),
    (46.9, 7.6),
    (47.0, 7.6),
    (47.1, 7.6),
    (46.5, 7.7),
    (46.6, 7.7),
    (46.7, 7.7),
    (46.8, 7.7),
    (46.9, 7.7),
    (47.0, 7.7),
    (47.1, 7.7),
    (47.2, 7.7),
    (46.5, 7.8),
    (46.6, 7.8),
    (46.7, 7.8),
    (46.8, 7.8),
    (46.9, 7.8),
    (47.0, 7.8),
    (47.1, 7.8),
    (47.2, 7.8),
    (46.5, 7.9),
    (46.6, 7.9),
    (46.7, 7.9),
    (46.8, 7.9),
    (47.0, 7.9),
    (46.6, 8.0),
    (46.7, 8.0),
    (46.6, 8.1),
    (46.7, 8.1),
    (46.6, 8.2),
    (46.7, 8.2),
    (46.6, 8.3),
    (46.7, 8.3)
  )
GROUP BY
  EXTRACT(MONTH FROM mtx.time)
ORDER BY
  AVG(mtx.tmax - 273.15) DESC
LIMIT 1"
195,H,99,"In 2015, which month had the highest average maximum temperature in °C in Peloponnese?",meteo_tmax,false,InternalError_: ProvSQL: ORDER BY on the result of an aggregate function is not supported,"SELECT
  EXTRACT(MONTH FROM mtx.time) AS time_window_1
FROM meteo_tmax AS mtx
WHERE
  EXTRACT(YEAR FROM mtx.time) = 2015
  AND (
    ROUND(CAST(mtx.latitude AS DECIMAL), 1),
    ROUND(CAST(mtx.longitude AS DECIMAL), 1)
  ) IN (
    (37.9, 21.2),
    (37.8, 21.3),
    (37.9, 21.3),
    (38.0, 21.3),
    (37.7, 21.4),
    (37.8, 21.4),
    (37.9, 21.4),
    (38.0, 21.4),
    (38.1, 21.4),
    (37.6, 21.5),
    (37.7, 21.5),
    (37.8, 21.5),
    (37.9, 21.5),
    (38.0, 21.5),
    (38.1, 21.5),
    (37.1, 21.6),
    (37.2, 21.6),
    (37.6, 21.6),
    (37.7, 21.6),
    (37.8, 21.6),
    (37.9, 21.6),
    (38.0, 21.6),
    (38.1, 21.6),
    (36.9, 21.7),
    (37.0, 21.7),
    (37.1, 21.7),
    (37.2, 21.7),
    (37.3, 21.7),
    (37.4, 21.7),
    (37.5, 21.7),
    (37.6, 21.7),
    (37.7, 21.7),
    (37.8, 21.7),
    (37.9, 21.7),
    (38.0, 21.7),
    (38.1, 21.7),
    (38.2, 21.7),
    (36.9, 21.8),
    (37.0, 21.8),
    (37.1, 21.8),
    (37.2, 21.8),
    (37.3, 21.8),
    (37.4, 21.8),
    (37.5, 21.8),
    (37.6, 21.8),
    (37.7, 21.8),
    (37.8, 21.8),
    (37.9, 21.8),
    (38.0, 21.8),
    (38.1, 21.8),
    (38.2, 21.8),
    (38.3, 21.8),
    (36.8, 21.9),
    (36.9, 21.9),
    (37.0, 21.9),
    (37.1, 21.9),
    (37.2, 21.9),
    (37.3, 21.9),
    (37.4, 21.9),
    (37.5, 21.9),
    (37.6, 21.9),
    (37.7, 21.9),
    (37.8, 21.9),
    (37.9, 21.9),
    (38.0, 21.9),
    (38.1, 21.9),
    (38.2, 21.9),
    (38.3, 21.9),
    (37.1, 22.0),
    (37.2, 22.0),
    (37.3, 22.0),
    (37.4, 22.0),
    (37.5, 22.0),
    (37.6, 22.0),
    (37.7, 22.0),
    (37.8, 22.0),
    (37.9, 22.0),
    (38.0, 22.0),
    (38.1, 22.0),
    (38.2, 22.0),
    (38.3, 22.0),
    (37.1, 22.1),
    (37.2, 22.1),
    (37.3, 22.1),
    (37.4, 22.1),
    (37.5, 22.1),
    (37.6, 22.1),
    (37.7, 22.1),
    (37.8, 22.1),
    (37.9, 22.1),
    (38.0, 22.1),
    (38.1, 22.1),
    (38.2, 22.1),
    (37.0, 22.2),
    (37.1, 22.2),
    (37.2, 22.2),
    (37.3, 22.2),
    (37.4, 22.2),
    (37.5, 22.2),
    (37.6, 22.2),
    (37.7, 22.2),
    (37.8, 22.2),
    (37.9, 22.2),
    (38.0, 22.2),
    (38.1, 22.2),
    (36.8, 22.3),
    (36.9, 22.3),
    (37.0, 22.3),
    (37.1, 22.3),
    (37.2, 22.3),
    (37.3, 22.3),
    (37.4, 22.3),
    (37.5, 22.3),
    (37.6, 22.3),
    (37.7, 22.3),
    (37.8, 22.3),
    (37.9, 22.3),
    (38.0, 22.3),
    (38.1, 22.3),
    (36.5, 22.4),
    (36.6, 22.4),
    (36.7, 22.4),
    (36.8, 22.4),
    (36.9, 22.4),
    (37.0, 22.4),
    (37.1, 22.4),
    (37.2, 22.4),
    (37.3, 22.4),
    (37.4, 22.4),
    (37.5, 22.4),
    (37.6, 22.4),
    (37.7, 22.4),
    (37.8, 22.4),
    (37.9, 22.4),
    (38.0, 22.4),
    (38.1, 22.4),
    (36.7, 22.5),
    (36.8, 22.5),
    (36.9, 22.5),
    (37.0, 22.5),
    (37.1, 22.5),
    (37.2, 22.5),
    (37.3, 22.5),
    (37.4, 22.5),
    (37.5, 22.5),
    (37.6, 22.5),
    (37.7, 22.5),
    (37.8, 22.5),
    (37.9, 22.5),
    (38.0, 22.5),
    (38.1, 22.5),
    (36.8, 22.6),
    (36.9, 22.6),
    (37.0, 22.6),
    (37.1, 22.6),
    (37.2, 22.6),
    (37.3, 22.6),
    (37.4, 22.6),
    (37.5, 22.6),
    (37.6, 22.6),
    (37.7, 22.6),
    (37.8, 22.6),
    (37.9, 22.6),
    (38.0, 22.6),
    (36.9, 22.7),
    (37.0, 22.7),
    (37.1, 22.7),
    (37.2, 22.7),
    (37.3, 22.7),
    (37.4, 22.7),
    (37.5, 22.7),
    (37.6, 22.7),
    (37.7, 22.7),
    (37.8, 22.7),
    (37.9, 22.7),
    (38.0, 22.7),
    (36.8, 22.8),
    (36.9, 22.8),
    (37.0, 22.8),
    (37.1, 22.8),
    (37.2, 22.8),
    (37.3, 22.8),
    (37.6, 22.8),
    (37.7, 22.8),
    (37.8, 22.8),
    (37.9, 22.8),
    (36.7, 22.9),
    (36.8, 22.9),
    (36.9, 22.9),
    (37.0, 22.9),
    (37.1, 22.9),
    (37.6, 22.9),
    (37.7, 22.9),
    (37.8, 22.9),
    (37.9, 22.9),
    (36.6, 23.0),
    (36.7, 23.0),
    (36.8, 23.0),
    (36.9, 23.0),
    (37.0, 23.0),
    (37.5, 23.0),
    (37.6, 23.0),
    (37.7, 23.0),
    (37.8, 23.0),
    (37.9, 23.0),
    (36.5, 23.1),
    (37.5, 23.1),
    (37.6, 23.1),
    (37.7, 23.1),
    (37.8, 23.1),
    (37.3, 23.2),
    (37.4, 23.2),
    (37.5, 23.2),
    (37.4, 23.3),
    (37.5, 23.3),
    (37.5, 23.4),
    (37.6, 23.4)
  )
GROUP BY
  EXTRACT(MONTH FROM mtx.time)
ORDER BY
  AVG(mtx.tmax - 273.15) DESC
LIMIT 1"
196,F,101,"List the coordinates of locations where the minimum temperature dropped below -10 °C in the City of Zurich on January 15, 2015.",meteo_tmin,true,,
197,F,101,"List the coordinates of locations where the minimum temperature dropped below -10 °C in the Attica on January 15, 2015.",meteo_tmin,true,,
198,F,101,"List the coordinates of locations where the minimum temperature dropped below -10 °C in the Canton of Bern on January 15, 2015.",meteo_tmin,true,,
199,F,101,"List the coordinates of locations where the minimum temperature dropped below -10 °C in the Peloponnese on January 15, 2015.",meteo_tmin,true,,
200,F,102,List the coordinates of locations where the minimum temperature dropped below 10 °C in City of Zurich during WEEK 10 of 2019,meteo_tmin,true,,
201,F,102,List the coordinates of locations where the minimum temperature dropped below 10 °C in Attica during WEEK 10 of 2019,meteo_tmin,true,,
202,F,102,List the coordinates of locations where the minimum temperature dropped below 10 °C in Canton of Bern during WEEK 10 of 2019,meteo_tmin,true,,
203,F,102,List the coordinates of locations where the minimum temperature dropped below 10 °C in Peloponnese during WEEK 10 of 2019,meteo_tmin,true,,
204,F,103,List the coordinates of locations where the minimum temperature dropped below 10 °C in City of Zurich in January 2019.,meteo_tmin,true,,
205,F,103,List the coordinates of locations where the minimum temperature dropped below 10 °C in Attica in January 2019.,meteo_tmin,true,,
206,F,103,List the coordinates of locations where the minimum temperature dropped below 10 °C in Canton of Bern in January 2019.,meteo_tmin,true,,
207,F,103,List the coordinates of locations where the minimum temperature dropped below 10 °C in Peloponnese in January 2019.,meteo_tmin,true,,
208,B,108,What was the lowest snow depth in City of Zurich in February 2018?,meteo_sdmax,true,,
209,B,108,What was the lowest snow depth in Attica in February 2018?,meteo_sdmax,true,,
210,B,108,What was the lowest snow depth in Canton of Bern in February 2018?,meteo_sdmax,true,,
211,B,108,What was the lowest snow depth in Peloponnese in February 2018?,meteo_sdmax,true,,
212,B,110,Show the lowest snow depth in City of Zurich between 2018 and 2019.,meteo_sdmax,true,,
213,B,110,Show the lowest snow depth in Attica between 2018 and 2019.,meteo_sdmax,true,,
214,B,110,Show the lowest snow depth in Canton of Bern between 2018 and 2019.,meteo_sdmax,true,,
215,B,110,Show the lowest snow depth in Peloponnese between 2018 and 2019.,meteo_sdmax,true,,
216,C,112,Show latitude and longitude of the lowest snow depth in City of Zurich during WEEK 5 of 2019,meteo_sdmax,true,,
217,C,112,Show latitude and longitude of the lowest snow depth in Attica during WEEK 5 of 2019,meteo_sdmax,true,,
218,C,112,Show latitude and longitude of the lowest snow depth in Canton of Bern during WEEK 5 of 2019,meteo_sdmax,true,,
219,C,112,Show latitude and longitude of the lowest snow depth in Peloponnese during WEEK 5 of 2019,meteo_sdmax,true,,
220,C,115,Show latitude and longitude of the lowest snow depth in City of Zurich between 2018 and 2019,meteo_sdmax,true,,
221,C,115,Show latitude and longitude of the lowest snow depth in Attica between 2018 and 2019,meteo_sdmax,true,,
222,C,115,Show latitude and longitude of the lowest snow depth in Canton of Bern between 2018 and 2019,meteo_sdmax,true,,
223,C,115,Show latitude and longitude of the lowest snow depth in Peloponnese between 2018 and 2019,meteo_sdmax,true,,
224,T,116,"Show lowest wind speed of the lowest point in City of Zurich on January 15, 2015",meteo_elevation;meteo_windspeedmax,false,"InternalError_: could not find CTE ""min_elev_value""","WITH min_elev_value AS (
  SELECT
    MIN(me.elevation) AS min_elev
  FROM meteo_elevation AS me
  WHERE
    (ROUND(CAST(me.latitude AS DECIMAL), 1), ROUND(CAST(me.longitude AS DECIMAL), 1)) IN ((47.4, 8.5))
), lowest_point AS (
  SELECT
    me1.latitude AS latitude,
    me1.longitude AS longitude
  FROM meteo_elevation AS me1
  WHERE
    me1.elevation = (
      SELECT
        min_elev_value.min_elev AS min_elev
      FROM min_elev_value
    )
    AND (
      ROUND(CAST(me1.latitude AS DECIMAL), 1),
      ROUND(CAST(me1.longitude AS DECIMAL), 1)
    ) IN ((47.4, 8.5))
  LIMIT 1
)
SELECT
  wsm.windspeedmax AS lowest_wind_speed,
  wsm.time AS time_of_lowest_wind,
  lp.latitude AS latitude,
  lp.longitude AS longitude
FROM meteo_windspeedmax AS wsm
JOIN lowest_point AS lp
  ON (
    ROUND(CAST(wsm.latitude AS DECIMAL), 1),
    ROUND(CAST(wsm.longitude AS DECIMAL), 1)
  ) = (ROUND(CAST(lp.latitude AS DECIMAL), 1), ROUND(CAST(lp.longitude AS DECIMAL), 1))
WHERE
  EXTRACT(YEAR FROM wsm.time) = 2015
  AND EXTRACT(MONTH FROM wsm.time) = 1
  AND EXTRACT(DAY FROM wsm.time) = 15
ORDER BY
  wsm.windspeedmax
LIMIT 1"
225,T,116,"Show lowest wind speed of the lowest point in Attica on January 15, 2015",meteo_elevation;meteo_windspeedmax,false,"InternalError_: could not find CTE ""min_elev_value""","WITH min_elev_value AS (
  SELECT
    MIN(me.elevation) AS min_elev
  FROM meteo_elevation AS me
  WHERE
    (ROUND(CAST(me.latitude AS DECIMAL), 1), ROUND(CAST(me.longitude AS DECIMAL), 1)) IN (
      (38.0, 23.2),
      (38.0, 23.3),
      (38.1, 23.3),
      (38.2, 23.3),
      (38.0, 23.4),
      (38.1, 23.4),
      (38.2, 23.4),
      (38.1, 23.5),
      (38.0, 23.6),
      (38.1, 23.6),
      (38.0, 23.7),
      (38.1, 23.7),
      (38.2, 23.7),
      (38.3, 23.7),
      (37.9, 23.8),
      (38.0, 23.8),
      (38.1, 23.8),
      (38.2, 23.8),
      (38.3, 23.8),
      (37.8, 23.9),
      (37.9, 23.9),
      (38.0, 23.9),
      (38.1, 23.9),
      (38.2, 23.9)
    )
), lowest_point AS (
  SELECT
    me1.latitude AS latitude,
    me1.longitude AS longitude
  FROM meteo_elevation AS me1
  WHERE
    me1.elevation = (
      SELECT
        min_elev_value.min_elev AS min_elev
      FROM min_elev_value
    )
    AND (
      ROUND(CAST(me1.latitude AS DECIMAL), 1),
      ROUND(CAST(me1.longitude AS DECIMAL), 1)
    ) IN (
      (38.0, 23.2),
      (38.0, 23.3),
      (38.1, 23.3),
      (38.2, 23.3),
      (38.0, 23.4),
      (38.1, 23.4),
      (38.2, 23.4),
      (38.1, 23.5),
      (38.0, 23.6),
      (38.1, 23.6),
      (38.0, 23.7),
      (38.1, 23.7),
      (38.2, 23.7),
      (38.3, 23.7),
      (37.9, 23.8),
      (38.0, 23.8),
      (38.1, 23.8),
      (38.2, 23.8),
      (38.3, 23.8),
      (37.8, 23.9),
      (37.9, 23.9),
      (38.0, 23.9),
      (38.1, 23.9),
      (38.2, 23.9)
    )
  LIMIT 1
)
SELECT
  wsm.windspeedmax AS lowest_wind_speed,
  wsm.time AS time_of_lowest_wind,
  lp.latitude AS latitude,
  lp.longitude AS longitude
FROM meteo_windspeedmax AS wsm
JOIN lowest_point AS lp
  ON (
    ROUND(CAST(wsm.latitude AS DECIMAL), 1),
    ROUND(CAST(wsm.longitude AS DECIMAL), 1)
  ) = (ROUND(CAST(lp.latitude AS DECIMAL), 1), ROUND(CAST(lp.longitude AS DECIMAL), 1))
WHERE
  EXTRACT(YEAR FROM wsm.time) = 2015
  AND EXTRACT(MONTH FROM wsm.time) = 1
  AND EXTRACT(DAY FROM wsm.time) = 15
ORDER BY
  wsm.windspeedmax
LIMIT 1"
226,T,116,"Show lowest wind speed of the lowest point in Canton of Bern on January 15, 2015",meteo_elevation;meteo_windspeedmax,false,"InternalError_: could not find CTE ""min_elev_value""","WITH min_elev_value AS (
  SELECT
    MIN(me.elevation) AS min_elev
  FROM meteo_elevation AS me
  WHERE
    (ROUND(CAST(me.latitude AS DECIMAL), 1), ROUND(CAST(me.longitude AS DECIMAL), 1)) IN (
      (47.1, 6.9),
      (47.0, 7.1),
      (47.1, 7.1),
      (47.2, 7.1),
      (47.1, 7.2),
      (47.2, 7.2),
      (46.4, 7.3),
      (46.5, 7.3),
      (46.9, 7.3),
      (47.0, 7.3),
      (47.1, 7.3),
      (47.2, 7.3),
      (46.4, 7.4),
      (46.5, 7.4),
      (46.6, 7.4),
      (46.7, 7.4),
      (46.8, 7.4),
      (46.9, 7.4),
      (47.0, 7.4),
      (47.3, 7.4),
      (46.4, 7.5),
      (46.5, 7.5),
      (46.6, 7.5),
      (46.7, 7.5),
      (46.8, 7.5),
      (46.9, 7.5),
      (47.0, 7.5),
      (47.1, 7.5),
      (47.3, 7.5),
      (46.5, 7.6),
      (46.6, 7.6),
      (46.7, 7.6),
      (46.8, 7.6),
      (46.9, 7.6),
      (47.0, 7.6),
      (47.1, 7.6),
      (46.5, 7.7),
      (46.6, 7.7),
      (46.7, 7.7),
      (46.8, 7.7),
      (46.9, 7.7),
      (47.0, 7.7),
      (47.1, 7.7),
      (47.2, 7.7),
      (46.5, 7.8),
      (46.6, 7.8),
      (46.7, 7.8),
      (46.8, 7.8),
      (46.9, 7.8),
      (47.0, 7.8),
      (47.1, 7.8),
      (47.2, 7.8),
      (46.5, 7.9),
      (46.6, 7.9),
      (46.7, 7.9),
      (46.8, 7.9),
      (47.0, 7.9),
      (46.6, 8.0),
      (46.7, 8.0),
      (46.6, 8.1),
      (46.7, 8.1),
      (46.6, 8.2),
      (46.7, 8.2),
      (46.6, 8.3),
      (46.7, 8.3)
    )
), lowest_point AS (
  SELECT
    me1.latitude AS latitude,
    me1.longitude AS longitude
  FROM meteo_elevation AS me1
  WHERE
    me1.elevation = (
      SELECT
        min_elev_value.min_elev AS min_elev
      FROM min_elev_value
    )
    AND (
      ROUND(CAST(me1.latitude AS DECIMAL), 1),
      ROUND(CAST(me1.longitude AS DECIMAL), 1)
    ) IN (
      (47.1, 6.9),
      (47.0, 7.1),
      (47.1, 7.1),
      (47.2, 7.1),
      (47.1, 7.2),
      (47.2, 7.2),
      (46.4, 7.3),
      (46.5, 7.3),
      (46.9, 7.3),
      (47.0, 7.3),
      (47.1, 7.3),
      (47.2, 7.3),
      (46.4, 7.4),
      (46.5, 7.4),
      (46.6, 7.4),
      (46.7, 7.4),
      (46.8, 7.4),
      (46.9, 7.4),
      (47.0, 7.4),
      (47.3, 7.4),
      (46.4, 7.5),
      (46.5, 7.5),
      (46.6, 7.5),
      (46.7, 7.5),
      (46.8, 7.5),
      (46.9, 7.5),
      (47.0, 7.5),
      (47.1, 7.5),
      (47.3, 7.5),
      (46.5, 7.6),
      (46.6, 7.6),
      (46.7, 7.6),
      (46.8, 7.6),
      (46.9, 7.6),
      (47.0, 7.6),
      (47.1, 7.6),
      (46.5, 7.7),
      (46.6, 7.7),
      (46.7, 7.7),
      (46.8, 7.7),
      (46.9, 7.7),
      (47.0, 7.7),
      (47.1, 7.7),
      (47.2, 7.7),
      (46.5, 7.8),
      (46.6, 7.8),
      (46.7, 7.8),
      (46.8, 7.8),
      (46.9, 7.8),
      (47.0, 7.8),
      (47.1, 7.8),
      (47.2, 7.8),
      (46.5, 7.9),
      (46.6, 7.9),
      (46.7, 7.9),
      (46.8, 7.9),
      (47.0, 7.9),
      (46.6, 8.0),
      (46.7, 8.0),
      (46.6, 8.1),
      (46.7, 8.1),
      (46.6, 8.2),
      (46.7, 8.2),
      (46.6, 8.3),
      (46.7, 8.3)
    )
  LIMIT 1
)
SELECT
  wsm.windspeedmax AS lowest_wind_speed,
  wsm.time AS time_of_lowest_wind,
  lp.latitude AS latitude,
  lp.longitude AS longitude
FROM meteo_windspeedmax AS wsm
JOIN lowest_point AS lp
  ON (
    ROUND(CAST(wsm.latitude AS DECIMAL), 1),
    ROUND(CAST(wsm.longitude AS DECIMAL), 1)
  ) = (ROUND(CAST(lp.latitude AS DECIMAL), 1), ROUND(CAST(lp.longitude AS DECIMAL), 1))
WHERE
  EXTRACT(YEAR FROM wsm.time) = 2015
  AND EXTRACT(MONTH FROM wsm.time) = 1
  AND EXTRACT(DAY FROM wsm.time) = 15
ORDER BY
  wsm.windspeedmax
LIMIT 1"
227,T,116,"Show lowest wind speed of the lowest point in Peloponnese on January 15, 2015",meteo_elevation;meteo_windspeedmax,false,"InternalError_: could not find CTE ""min_elev_value""","WITH min_elev_value AS (
  SELECT
    MIN(me.elevation) AS min_elev
  FROM meteo_elevation AS me
  WHERE
    (ROUND(CAST(me.latitude AS DECIMAL), 1), ROUND(CAST(me.longitude AS DECIMAL), 1)) IN (
      (37.9, 21.2),
      (37.8, 21.3),
      (37.9, 21.3),
      (38.0, 21.3),
      (37.7, 21.4),
      (37.8, 21.4),
      (37.9, 21.4),
      (38.0, 21.4),
      (38.1, 21.4),
      (37.6, 21.5),
      (37.7, 21.5),
      (37.8, 21.5),
      (37.9, 21.5),
      (38.0, 21.5),
      (38.1, 21.5),
      (37.1, 21.6),
      (37.2, 21.6),
      (37.6, 21.6),
      (37.7, 21.6),
      (37.8, 21.6),
      (37.9, 21.6),
      (38.0, 21.6),
      (38.1, 21.6),
      (36.9, 21.7),
      (37.0, 21.7),
      (37.1, 21.7),
      (37.2, 21.7),
      (37.3, 21.7),
      (37.4, 21.7),
      (37.5, 21.7),
      (37.6, 21.7),
      (37.7, 21.7),
      (37.8, 21.7),
      (37.9, 21.7),
      (38.0, 21.7),
      (38.1, 21.7),
      (38.2, 21.7),
      (36.9, 21.8),
      (37.0, 21.8),
      (37.1, 21.8),
      (37.2, 21.8),
      (37.3, 21.8),
      (37.4, 21.8),
      (37.5, 21.8),
      (37.6, 21.8),
      (37.7, 21.8),
      (37.8, 21.8),
      (37.9, 21.8),
      (38.0, 21.8),
      (38.1, 21.8),
      (38.2, 21.8),
      (38.3, 21.8),
      (36.8, 21.9),
      (36.9, 21.9),
      (37.0, 21.9),
      (37.1, 21.9),
      (37.2, 21.9),
      (37.3, 21.9),
      (37.4, 21.9),
      (37.5, 21.9),
      (37.6, 21.9),
      (37.7, 21.9),
      (37.8, 21.9),
      (37.9, 21.9),
      (38.0, 21.9),
      (38.1, 21.9),
      (38.2, 21.9),
      (38.3, 21.9),
      (37.1, 22.0),
      (37.2, 22.0),
      (37.3, 22.0),
      (37.4, 22.0),
      (37.5, 22.0),
      (37.6, 22.0),
      (37.7, 22.0),
      (37.8, 22.0),
      (37.9, 22.0),
      (38.0, 22.0),
      (38.1, 22.0),
      (38.2, 22.0),
      (38.3, 22.0),
      (37.1, 22.1),
      (37.2, 22.1),
      (37.3, 22.1),
      (37.4, 22.1),
      (37.5, 22.1),
      (37.6, 22.1),
      (37.7, 22.1),
      (37.8, 22.1),
      (37.9, 22.1),
      (38.0, 22.1),
      (38.1, 22.1),
      (38.2, 22.1),
      (37.0, 22.2),
      (37.1, 22.2),
      (37.2, 22.2),
      (37.3, 22.2),
      (37.4, 22.2),
      (37.5, 22.2),
      (37.6, 22.2),
      (37.7, 22.2),
      (37.8, 22.2),
      (37.9, 22.2),
      (38.0, 22.2),
      (38.1, 22.2),
      (36.8, 22.3),
      (36.9, 22.3),
      (37.0, 22.3),
      (37.1, 22.3),
      (37.2, 22.3),
      (37.3, 22.3),
      (37.4, 22.3),
      (37.5, 22.3),
      (37.6, 22.3),
      (37.7, 22.3),
      (37.8, 22.3),
      (37.9, 22.3),
      (38.0, 22.3),
      (38.1, 22.3),
      (36.5, 22.4),
      (36.6, 22.4),
      (36.7, 22.4),
      (36.8, 22.4),
      (36.9, 22.4),
      (37.0, 22.4),
      (37.1, 22.4),
      (37.2, 22.4),
      (37.3, 22.4),
      (37.4, 22.4),
      (37.5, 22.4),
      (37.6, 22.4),
      (37.7, 22.4),
      (37.8, 22.4),
      (37.9, 22.4),
      (38.0, 22.4),
      (38.1, 22.4),
      (36.7, 22.5),
      (36.8, 22.5),
      (36.9, 22.5),
      (37.0, 22.5),
      (37.1, 22.5),
      (37.2, 22.5),
      (37.3, 22.5),
      (37.4, 22.5),
      (37.5, 22.5),
      (37.6, 22.5),
      (37.7, 22.5),
      (37.8, 22.5),
      (37.9, 22.5),
      (38.0, 22.5),
      (38.1, 22.5),
      (36.8, 22.6),
      (36.9, 22.6),
      (37.0, 22.6),
      (37.1, 22.6),
      (37.2, 22.6),
      (37.3, 22.6),
      (37.4, 22.6),
      (37.5, 22.6),
      (37.6, 22.6),
      (37.7, 22.6),
      (37.8, 22.6),
      (37.9, 22.6),
      (38.0, 22.6),
      (36.9, 22.7),
      (37.0, 22.7),
      (37.1, 22.7),
      (37.2, 22.7),
      (37.3, 22.7),
      (37.4, 22.7),
      (37.5, 22.7),
      (37.6, 22.7),
      (37.7, 22.7),
      (37.8, 22.7),
      (37.9, 22.7),
      (38.0, 22.7),
      (36.8, 22.8),
      (36.9, 22.8),
      (37.0, 22.8),
      (37.1, 22.8),
      (37.2, 22.8),
      (37.3, 22.8),
      (37.6, 22.8),
      (37.7, 22.8),
      (37.8, 22.8),
      (37.9, 22.8),
      (36.7, 22.9),
      (36.8, 22.9),
      (36.9, 22.9),
      (37.0, 22.9),
      (37.1, 22.9),
      (37.6, 22.9),
      (37.7, 22.9),
      (37.8, 22.9),
      (37.9, 22.9),
      (36.6, 23.0),
      (36.7, 23.0),
      (36.8, 23.0),
      (36.9, 23.0),
      (37.0, 23.0),
      (37.5, 23.0),
      (37.6, 23.0),
      (37.7, 23.0),
      (37.8, 23.0),
      (37.9, 23.0),
      (36.5, 23.1),
      (37.5, 23.1),
      (37.6, 23.1),
      (37.7, 23.1),
      (37.8, 23.1),
      (37.3, 23.2),
      (37.4, 23.2),
      (37.5, 23.2),
      (37.4, 23.3),
      (37.5, 23.3),
      (37.5, 23.4),
      (37.6, 23.4)
    )
), lowest_point AS (
  SELECT
    me1.latitude AS latitude,
    me1.longitude AS longitude
  FROM meteo_elevation AS me1
  WHERE
    me1.elevation = (
      SELECT
        min_elev_value.min_elev AS min_elev
      FROM min_elev_value
    )
    AND (
      ROUND(CAST(me1.latitude AS DECIMAL), 1),
      ROUND(CAST(me1.longitude AS DECIMAL), 1)
    ) IN (
      (37.9, 21.2),
      (37.8, 21.3),
      (37.9, 21.3),
      (38.0, 21.3),
      (37.7, 21.4),
      (37.8, 21.4),
      (37.9, 21.4),
      (38.0, 21.4),
      (38.1, 21.4),
      (37.6, 21.5),
      (37.7, 21.5),
      (37.8, 21.5),
      (37.9, 21.5),
      (38.0, 21.5),
      (38.1, 21.5),
      (37.1, 21.6),
      (37.2, 21.6),
      (37.6, 21.6),
      (37.7, 21.6),
      (37.8, 21.6),
      (37.9, 21.6),
      (38.0, 21.6),
      (38.1, 21.6),
      (36.9, 21.7),
      (37.0, 21.7),
      (37.1, 21.7),
      (37.2, 21.7),
      (37.3, 21.7),
      (37.4, 21.7),
      (37.5, 21.7),
      (37.6, 21.7),
      (37.7, 21.7),
      (37.8, 21.7),
      (37.9, 21.7),
      (38.0, 21.7),
      (38.1, 21.7),
      (38.2, 21.7),
      (36.9, 21.8),
      (37.0, 21.8),
      (37.1, 21.8),
      (37.2, 21.8),
      (37.3, 21.8),
      (37.4, 21.8),
      (37.5, 21.8),
      (37.6, 21.8),
      (37.7, 21.8),
      (37.8, 21.8),
      (37.9, 21.8),
      (38.0, 21.8),
      (38.1, 21.8),
      (38.2, 21.8),
      (38.3, 21.8),
      (36.8, 21.9),
      (36.9, 21.9),
      (37.0, 21.9),
      (37.1, 21.9),
      (37.2, 21.9),
      (37.3, 21.9),
      (37.4, 21.9),
      (37.5, 21.9),
      (37.6, 21.9),
      (37.7, 21.9),
      (37.8, 21.9),
      (37.9, 21.9),
      (38.0, 21.9),
      (38.1, 21.9),
      (38.2, 21.9),
      (38.3, 21.9),
      (37.1, 22.0),
      (37.2, 22.0),
      (37.3, 22.0),
      (37.4, 22.0),
      (37.5, 22.0),
      (37.6, 22.0),
      (37.7, 22.0),
      (37.8, 22.0),
      (37.9, 22.0),
      (38.0, 22.0),
      (38.1, 22.0),
      (38.2, 22.0),
      (38.3, 22.0),
      (37.1, 22.1),
      (37.2, 22.1),
      (37.3, 22.1),
      (37.4, 22.1),
      (37.5, 22.1),
      (37.6, 22.1),
      (37.7, 22.1),
      (37.8, 22.1),
      (37.9, 22.1),
      (38.0, 22.1),
      (38.1, 22.1),
      (38.2, 22.1),
      (37.0, 22.2),
      (37.1, 22.2),
      (37.2, 22.2),
      (37.3, 22.2),
      (37.4, 22.2),
      (37.5, 22.2),
      (37.6, 22.2),
      (37.7, 22.2),
      (37.8, 22.2),
      (37.9, 22.2),
      (38.0, 22.2),
      (38.1, 22.2),
      (36.8, 22.3),
      (36.9, 22.3),
      (37.0, 22.3),
      (37.1, 22.3),
      (37.2, 22.3),
      (37.3, 22.3),
      (37.4, 22.3),
      (37.5, 22.3),
      (37.6, 22.3),
      (37.7, 22.3),
      (37.8, 22.3),
      (37.9, 22.3),
      (38.0, 22.3),
      (38.1, 22.3),
      (36.5, 22.4),
      (36.6, 22.4),
      (36.7, 22.4),
      (36.8, 22.4),
      (36.9, 22.4),
      (37.0, 22.4),
      (37.1, 22.4),
      (37.2, 22.4),
      (37.3, 22.4),
      (37.4, 22.4),
      (37.5, 22.4),
      (37.6, 22.4),
      (37.7, 22.4),
      (37.8, 22.4),
      (37.9, 22.4),
      (38.0, 22.4),
      (38.1, 22.4),
      (36.7, 22.5),
      (36.8, 22.5),
      (36.9, 22.5),
      (37.0, 22.5),
      (37.1, 22.5),
      (37.2, 22.5),
      (37.3, 22.5),
      (37.4, 22.5),
      (37.5, 22.5),
      (37.6, 22.5),
      (37.7, 22.5),
      (37.8, 22.5),
      (37.9, 22.5),
      (38.0, 22.5),
      (38.1, 22.5),
      (36.8, 22.6),
      (36.9, 22.6),
      (37.0, 22.6),
      (37.1, 22.6),
      (37.2, 22.6),
      (37.3, 22.6),
      (37.4, 22.6),
      (37.5, 22.6),
      (37.6, 22.6),
      (37.7, 22.6),
      (37.8, 22.6),
      (37.9, 22.6),
      (38.0, 22.6),
      (36.9, 22.7),
      (37.0, 22.7),
      (37.1, 22.7),
      (37.2, 22.7),
      (37.3, 22.7),
      (37.4, 22.7),
      (37.5, 22.7),
      (37.6, 22.7),
      (37.7, 22.7),
      (37.8, 22.7),
      (37.9, 22.7),
      (38.0, 22.7),
      (36.8, 22.8),
      (36.9, 22.8),
      (37.0, 22.8),
      (37.1, 22.8),
      (37.2, 22.8),
      (37.3, 22.8),
      (37.6, 22.8),
      (37.7, 22.8),
      (37.8, 22.8),
      (37.9, 22.8),
      (36.7, 22.9),
      (36.8, 22.9),
      (36.9, 22.9),
      (37.0, 22.9),
      (37.1, 22.9),
      (37.6, 22.9),
      (37.7, 22.9),
      (37.8, 22.9),
      (37.9, 22.9),
      (36.6, 23.0),
      (36.7, 23.0),
      (36.8, 23.0),
      (36.9, 23.0),
      (37.0, 23.0),
      (37.5, 23.0),
      (37.6, 23.0),
      (37.7, 23.0),
      (37.8, 23.0),
      (37.9, 23.0),
      (36.5, 23.1),
      (37.5, 23.1),
      (37.6, 23.1),
      (37.7, 23.1),
      (37.8, 23.1),
      (37.3, 23.2),
      (37.4, 23.2),
      (37.5, 23.2),
      (37.4, 23.3),
      (37.5, 23.3),
      (37.5, 23.4),
      (37.6, 23.4)
    )
  LIMIT 1
)
SELECT
  wsm.windspeedmax AS lowest_wind_speed,
  wsm.time AS time_of_lowest_wind,
  lp.latitude AS latitude,
  lp.longitude AS longitude
FROM meteo_windspeedmax AS wsm
JOIN lowest_point AS lp
  ON (
    ROUND(CAST(wsm.latitude AS DECIMAL), 1),
    ROUND(CAST(wsm.longitude AS DECIMAL), 1)
  ) = (ROUND(CAST(lp.latitude AS DECIMAL), 1), ROUND(CAST(lp.longitude AS DECIMAL), 1))
WHERE
  EXTRACT(YEAR FROM wsm.time) = 2015
  AND EXTRACT(MONTH FROM wsm.time) = 1
  AND EXTRACT(DAY FROM wsm.time) = 15
ORDER BY
  wsm.windspeedmax
LIMIT 1"
228,T,117,Show lowest wind speed of the lowest point in City of Zurich during the first week of 2018,meteo_elevation;meteo_windspeedmax,false,"InternalError_: could not find CTE ""min_elev_value""","WITH min_elev_value AS (
  SELECT
    MIN(me.elevation) AS min_elev
  FROM meteo_elevation AS me
  WHERE
    (ROUND(CAST(me.latitude AS DECIMAL), 1), ROUND(CAST(me.longitude AS DECIMAL), 1)) IN ((47.4, 8.5))
), lowest_point AS (
  SELECT
    me1.latitude AS latitude,
    me1.longitude AS longitude
  FROM meteo_elevation AS me1
  WHERE
    me1.elevation = (
      SELECT
        min_elev_value.min_elev AS min_elev
      FROM min_elev_value
    )
    AND (
      ROUND(CAST(me1.latitude AS DECIMAL), 1),
      ROUND(CAST(me1.longitude AS DECIMAL), 1)
    ) IN ((47.4, 8.5))
  LIMIT 1
)
SELECT
  wsm.windspeedmax AS lowest_wind_speed,
  wsm.time AS time_of_lowest_wind,
  lp.latitude AS latitude,
  lp.longitude AS longitude
FROM meteo_windspeedmax AS wsm
JOIN lowest_point AS lp
  ON (
    ROUND(CAST(wsm.latitude AS DECIMAL), 1),
    ROUND(CAST(wsm.longitude AS DECIMAL), 1)
  ) = (ROUND(CAST(lp.latitude AS DECIMAL), 1), ROUND(CAST(lp.longitude AS DECIMAL), 1))
WHERE
  EXTRACT(WEEK FROM wsm.time) = 1 AND EXTRACT(YEAR FROM wsm.time) = 2018
ORDER BY
  wsm.windspeedmax
LIMIT 1"
229,T,117,Show lowest wind speed of the lowest point in Attica during the first week of 2018,meteo_elevation;meteo_windspeedmax,false,"InternalError_: could not find CTE ""min_elev_value""","WITH min_elev_value AS (
  SELECT
    MIN(me.elevation) AS min_elev
  FROM meteo_elevation AS me
  WHERE
    (ROUND(CAST(me.latitude AS DECIMAL), 1), ROUND(CAST(me.longitude AS DECIMAL), 1)) IN (
      (38.0, 23.2),
      (38.0, 23.3),
      (38.1, 23.3),
      (38.2, 23.3),
      (38.0, 23.4),
      (38.1, 23.4),
      (38.2, 23.4),
      (38.1, 23.5),
      (38.0, 23.6),
      (38.1, 23.6),
      (38.0, 23.7),
      (38.1, 23.7),
      (38.2, 23.7),
      (38.3, 23.7),
      (37.9, 23.8),
      (38.0, 23.8),
      (38.1, 23.8),
      (38.2, 23.8),
      (38.3, 23.8),
      (37.8, 23.9),
      (37.9, 23.9),
      (38.0, 23.9),
      (38.1, 23.9),
      (38.2, 23.9)
    )
), lowest_point AS (
  SELECT
    me1.latitude AS latitude,
    me1.longitude AS longitude
  FROM meteo_elevation AS me1
  WHERE
    me1.elevation = (
      SELECT
        min_elev_value.min_elev AS min_elev
      FROM min_elev_value
    )
    AND (
      ROUND(CAST(me1.latitude AS DECIMAL), 1),
      ROUND(CAST(me1.longitude AS DECIMAL), 1)
    ) IN (
      (38.0, 23.2),
      (38.0, 23.3),
      (38.1, 23.3),
      (38.2, 23.3),
      (38.0, 23.4),
      (38.1, 23.4),
      (38.2, 23.4),
      (38.1, 23.5),
      (38.0, 23.6),
      (38.1, 23.6),
      (38.0, 23.7),
      (38.1, 23.7),
      (38.2, 23.7),
      (38.3, 23.7),
      (37.9, 23.8),
      (38.0, 23.8),
      (38.1, 23.8),
      (38.2, 23.8),
      (38.3, 23.8),
      (37.8, 23.9),
      (37.9, 23.9),
      (38.0, 23.9),
      (38.1, 23.9),
      (38.2, 23.9)
    )
  LIMIT 1
)
SELECT
  wsm.windspeedmax AS lowest_wind_speed,
  wsm.time AS time_of_lowest_wind,
  lp.latitude AS latitude,
  lp.longitude AS longitude
FROM meteo_windspeedmax AS wsm
JOIN lowest_point AS lp
  ON (
    ROUND(CAST(wsm.latitude AS DECIMAL), 1),
    ROUND(CAST(wsm.longitude AS DECIMAL), 1)
  ) = (ROUND(CAST(lp.latitude AS DECIMAL), 1), ROUND(CAST(lp.longitude AS DECIMAL), 1))
WHERE
  EXTRACT(WEEK FROM wsm.time) = 1 AND EXTRACT(YEAR FROM wsm.time) = 2018
ORDER BY
  wsm.windspeedmax
LIMIT 1"
230,T,117,Show lowest wind speed of the lowest point in Canton of Bern during the first week of 2018,meteo_elevation;meteo_windspeedmax,false,"InternalError_: could not find CTE ""min_elev_value""","WITH min_elev_value AS (
  SELECT
    MIN(me.elevation) AS min_elev
  FROM meteo_elevation AS me
  WHERE
    (ROUND(CAST(me.latitude AS DECIMAL), 1), ROUND(CAST(me.longitude AS DECIMAL), 1)) IN (
      (47.1, 6.9),
      (47.0, 7.1),
      (47.1, 7.1),
      (47.2, 7.1),
      (47.1, 7.2),
      (47.2, 7.2),
      (46.4, 7.3),
      (46.5, 7.3),
      (46.9, 7.3),
      (47.0, 7.3),
      (47.1, 7.3),
      (47.2, 7.3),
      (46.4, 7.4),
      (46.5, 7.4),
      (46.6, 7.4),
      (46.7, 7.4),
      (46.8, 7.4),
      (46.9, 7.4),
      (47.0, 7.4),
      (47.3, 7.4),
      (46.4, 7.5),
      (46.5, 7.5),
      (46.6, 7.5),
      (46.7, 7.5),
      (46.8, 7.5),
      (46.9, 7.5),
      (47.0, 7.5),
      (47.1, 7.5),
      (47.3, 7.5),
      (46.5, 7.6),
      (46.6, 7.6),
      (46.7, 7.6),
      (46.8, 7.6),
      (46.9, 7.6),
      (47.0, 7.6),
      (47.1, 7.6),
      (46.5, 7.7),
      (46.6, 7.7),
      (46.7, 7.7),
      (46.8, 7.7),
      (46.9, 7.7),
      (47.0, 7.7),
      (47.1, 7.7),
      (47.2, 7.7),
      (46.5, 7.8),
      (46.6, 7.8),
      (46.7, 7.8),
      (46.8, 7.8),
      (46.9, 7.8),
      (47.0, 7.8),
      (47.1, 7.8),
      (47.2, 7.8),
      (46.5, 7.9),
      (46.6, 7.9),
      (46.7, 7.9),
      (46.8, 7.9),
      (47.0, 7.9),
      (46.6, 8.0),
      (46.7, 8.0),
      (46.6, 8.1),
      (46.7, 8.1),
      (46.6, 8.2),
      (46.7, 8.2),
      (46.6, 8.3),
      (46.7, 8.3)
    )
), lowest_point AS (
  SELECT
    me1.latitude AS latitude,
    me1.longitude AS longitude
  FROM meteo_elevation AS me1
  WHERE
    me1.elevation = (
      SELECT
        min_elev_value.min_elev AS min_elev
      FROM min_elev_value
    )
    AND (
      ROUND(CAST(me1.latitude AS DECIMAL), 1),
      ROUND(CAST(me1.longitude AS DECIMAL), 1)
    ) IN (
      (47.1, 6.9),
      (47.0, 7.1),
      (47.1, 7.1),
      (47.2, 7.1),
      (47.1, 7.2),
      (47.2, 7.2),
      (46.4, 7.3),
      (46.5, 7.3),
      (46.9, 7.3),
      (47.0, 7.3),
      (47.1, 7.3),
      (47.2, 7.3),
      (46.4, 7.4),
      (46.5, 7.4),
      (46.6, 7.4),
      (46.7, 7.4),
      (46.8, 7.4),
      (46.9, 7.4),
      (47.0, 7.4),
      (47.3, 7.4),
      (46.4, 7.5),
      (46.5, 7.5),
      (46.6, 7.5),
      (46.7, 7.5),
      (46.8, 7.5),
      (46.9, 7.5),
      (47.0, 7.5),
      (47.1, 7.5),
      (47.3, 7.5),
      (46.5, 7.6),
      (46.6, 7.6),
      (46.7, 7.6),
      (46.8, 7.6),
      (46.9, 7.6),
      (47.0, 7.6),
      (47.1, 7.6),
      (46.5, 7.7),
      (46.6, 7.7),
      (46.7, 7.7),
      (46.8, 7.7),
      (46.9, 7.7),
      (47.0, 7.7),
      (47.1, 7.7),
      (47.2, 7.7),
      (46.5, 7.8),
      (46.6, 7.8),
      (46.7, 7.8),
      (46.8, 7.8),
      (46.9, 7.8),
      (47.0, 7.8),
      (47.1, 7.8),
      (47.2, 7.8),
      (46.5, 7.9),
      (46.6, 7.9),
      (46.7, 7.9),
      (46.8, 7.9),
      (47.0, 7.9),
      (46.6, 8.0),
      (46.7, 8.0),
      (46.6, 8.1),
      (46.7, 8.1),
      (46.6, 8.2),
      (46.7, 8.2),
      (46.6, 8.3),
      (46.7, 8.3)
    )
  LIMIT 1
)
SELECT
  wsm.windspeedmax AS lowest_wind_speed,
  wsm.time AS time_of_lowest_wind,
  lp.latitude AS latitude,
  lp.longitude AS longitude
FROM meteo_windspeedmax AS wsm
JOIN lowest_point AS lp
  ON (
    ROUND(CAST(wsm.latitude AS DECIMAL), 1),
    ROUND(CAST(wsm.longitude AS DECIMAL), 1)
  ) = (ROUND(CAST(lp.latitude AS DECIMAL), 1), ROUND(CAST(lp.longitude AS DECIMAL), 1))
WHERE
  EXTRACT(WEEK FROM wsm.time) = 1 AND EXTRACT(YEAR FROM wsm.time) = 2018
ORDER BY
  wsm.windspeedmax
LIMIT 1"
231,T,117,Show lowest wind speed of the lowest point in Peloponnese during the first week of 2018,meteo_elevation;meteo_windspeedmax,false,"InternalError_: could not find CTE ""min_elev_value""","WITH min_elev_value AS (
  SELECT
    MIN(me.elevation) AS min_elev
  FROM meteo_elevation AS me
  WHERE
    (ROUND(CAST(me.latitude AS DECIMAL), 1), ROUND(CAST(me.longitude AS DECIMAL), 1)) IN (
      (37.9, 21.2),
      (37.8, 21.3),
      (37.9, 21.3),
      (38.0, 21.3),
      (37.7, 21.4),
      (37.8, 21.4),
      (37.9, 21.4),
      (38.0, 21.4),
      (38.1, 21.4),
      (37.6, 21.5),
      (37.7, 21.5),
      (37.8, 21.5),
      (37.9, 21.5),
      (38.0, 21.5),
      (38.1, 21.5),
      (37.1, 21.6),
      (37.2, 21.6),
      (37.6, 21.6),
      (37.7, 21.6),
      (37.8, 21.6),
      (37.9, 21.6),
      (38.0, 21.6),
      (38.1, 21.6),
      (36.9, 21.7),
      (37.0, 21.7),
      (37.1, 21.7),
      (37.2, 21.7),
      (37.3, 21.7),
      (37.4, 21.7),
      (37.5, 21.7),
      (37.6, 21.7),
      (37.7, 21.7),
      (37.8, 21.7),
      (37.9, 21.7),
      (38.0, 21.7),
      (38.1, 21.7),
      (38.2, 21.7),
      (36.9, 21.8),
      (37.0, 21.8),
      (37.1, 21.8),
      (37.2, 21.8),
      (37.3, 21.8),
      (37.4, 21.8),
      (37.5, 21.8),
      (37.6, 21.8),
      (37.7, 21.8),
      (37.8, 21.8),
      (37.9, 21.8),
      (38.0, 21.8),
      (38.1, 21.8),
      (38.2, 21.8),
      (38.3, 21.8),
      (36.8, 21.9),
      (36.9, 21.9),
      (37.0, 21.9),
      (37.1, 21.9),
      (37.2, 21.9),
      (37.3, 21.9),
      (37.4, 21.9),
      (37.5, 21.9),
      (37.6, 21.9),
      (37.7, 21.9),
      (37.8, 21.9),
      (37.9, 21.9),
      (38.0, 21.9),
      (38.1, 21.9),
      (38.2, 21.9),
      (38.3, 21.9),
      (37.1, 22.0),
      (37.2, 22.0),
      (37.3, 22.0),
      (37.4, 22.0),
      (37.5, 22.0),
      (37.6, 22.0),
      (37.7, 22.0),
      (37.8, 22.0),
      (37.9, 22.0),
      (38.0, 22.0),
      (38.1, 22.0),
      (38.2, 22.0),
      (38.3, 22.0),
      (37.1, 22.1),
      (37.2, 22.1),
      (37.3, 22.1),
      (37.4, 22.1),
      (37.5, 22.1),
      (37.6, 22.1),
      (37.7, 22.1),
      (37.8, 22.1),
      (37.9, 22.1),
      (38.0, 22.1),
      (38.1, 22.1),
      (38.2, 22.1),
      (37.0, 22.2),
      (37.1, 22.2),
      (37.2, 22.2),
      (37.3, 22.2),
      (37.4, 22.2),
      (37.5, 22.2),
      (37.6, 22.2),
      (37.7, 22.2),
      (37.8, 22.2),
      (37.9, 22.2),
      (38.0, 22.2),
      (38.1, 22.2),
      (36.8, 22.3),
      (36.9, 22.3),
      (37.0, 22.3),
      (37.1, 22.3),
      (37.2, 22.3),
      (37.3, 22.3),
      (37.4, 22.3),
      (37.5, 22.3),
      (37.6, 22.3),
      (37.7, 22.3),
      (37.8, 22.3),
      (37.9, 22.3),
      (38.0, 22.3),
      (38.1, 22.3),
      (36.5, 22.4),
      (36.6, 22.4),
      (36.7, 22.4),
      (36.8, 22.4),
      (36.9, 22.4),
      (37.0, 22.4),
      (37.1, 22.4),
      (37.2, 22.4),
      (37.3, 22.4),
      (37.4, 22.4),
      (37.5, 22.4),
      (37.6, 22.4),
      (37.7, 22.4),
      (37.8, 22.4),
      (37.9, 22.4),
      (38.0, 22.4),
      (38.1, 22.4),
      (36.7, 22.5),
      (36.8, 22.5),
      (36.9, 22.5),
      (37.0, 22.5),
      (37.1, 22.5),
      (37.2, 22.5),
      (37.3, 22.5),
      (37.4, 22.5),
      (37.5, 22.5),
      (37.6, 22.5),
      (37.7, 22.5),
      (37.8, 22.5),
      (37.9, 22.5),
      (38.0, 22.5),
      (38.1, 22.5),
      (36.8, 22.6),
      (36.9, 22.6),
      (37.0, 22.6),
      (37.1, 22.6),
      (37.2, 22.6),
      (37.3, 22.6),
      (37.4, 22.6),
      (37.5, 22.6),
      (37.6, 22.6),
      (37.7, 22.6),
      (37.8, 22.6),
      (37.9, 22.6),
      (38.0, 22.6),
      (36.9, 22.7),
      (37.0, 22.7),
      (37.1, 22.7),
      (37.2, 22.7),
      (37.3, 22.7),
      (37.4, 22.7),
      (37.5, 22.7),
      (37.6, 22.7),
      (37.7, 22.7),
      (37.8, 22.7),
      (37.9, 22.7),
      (38.0, 22.7),
      (36.8, 22.8),
      (36.9, 22.8),
      (37.0, 22.8),
      (37.1, 22.8),
      (37.2, 22.8),
      (37.3, 22.8),
      (37.6, 22.8),
      (37.7, 22.8),
      (37.8, 22.8),
      (37.9, 22.8),
      (36.7, 22.9),
      (36.8, 22.9),
      (36.9, 22.9),
      (37.0, 22.9),
      (37.1, 22.9),
      (37.6, 22.9),
      (37.7, 22.9),
      (37.8, 22.9),
      (37.9, 22.9),
      (36.6, 23.0),
      (36.7, 23.0),
      (36.8, 23.0),
      (36.9, 23.0),
      (37.0, 23.0),
      (37.5, 23.0),
      (37.6, 23.0),
      (37.7, 23.0),
      (37.8, 23.0),
      (37.9, 23.0),
      (36.5, 23.1),
      (37.5, 23.1),
      (37.6, 23.1),
      (37.7, 23.1),
      (37.8, 23.1),
      (37.3, 23.2),
      (37.4, 23.2),
      (37.5, 23.2),
      (37.4, 23.3),
      (37.5, 23.3),
      (37.5, 23.4),
      (37.6, 23.4)
    )
), lowest_point AS (
  SELECT
    me1.latitude AS latitude,
    me1.longitude AS longitude
  FROM meteo_elevation AS me1
  WHERE
    me1.elevation = (
      SELECT
        min_elev_value.min_elev AS min_elev
      FROM min_elev_value
    )
    AND (
      ROUND(CAST(me1.latitude AS DECIMAL), 1),
      ROUND(CAST(me1.longitude AS DECIMAL), 1)
    ) IN (
      (37.9, 21.2),
      (37.8, 21.3),
      (37.9, 21.3),
      (38.0, 21.3),
      (37.7, 21.4),
      (37.8, 21.4),
      (37.9, 21.4),
      (38.0, 21.4),
      (38.1, 21.4),
      (37.6, 21.5),
      (37.7, 21.5),
      (37.8, 21.5),
      (37.9, 21.5),
      (38.0, 21.5),
      (38.1, 21.5),
      (37.1, 21.6),
      (37.2, 21.6),
      (37.6, 21.6),
      (37.7, 21.6),
      (37.8, 21.6),
      (37.9, 21.6),
      (38.0, 21.6),
      (38.1, 21.6),
      (36.9, 21.7),
      (37.0, 21.7),
      (37.1, 21.7),
      (37.2, 21.7),
      (37.3, 21.7),
      (37.4, 21.7),
      (37.5, 21.7),
      (37.6, 21.7),
      (37.7, 21.7),
      (37.8, 21.7),
      (37.9, 21.7),
      (38.0, 21.7),
      (38.1, 21.7),
      (38.2, 21.7),
      (36.9, 21.8),
      (37.0, 21.8),
      (37.1, 21.8),
      (37.2, 21.8),
      (37.3, 21.8),
      (37.4, 21.8),
      (37.5, 21.8),
      (37.6, 21.8),
      (37.7, 21.8),
      (37.8, 21.8),
      (37.9, 21.8),
      (38.0, 21.8),
      (38.1, 21.8),
      (38.2, 21.8),
      (38.3, 21.8),
      (36.8, 21.9),
      (36.9, 21.9),
      (37.0, 21.9),
      (37.1, 21.9),
      (37.2, 21.9),
      (37.3, 21.9),
      (37.4, 21.9),
      (37.5, 21.9),
      (37.6, 21.9),
      (37.7, 21.9),
      (37.8, 21.9),
      (37.9, 21.9),
      (38.0, 21.9),
      (38.1, 21.9),
      (38.2, 21.9),
      (38.3, 21.9),
      (37.1, 22.0),
      (37.2, 22.0),
      (37.3, 22.0),
      (37.4, 22.0),
      (37.5, 22.0),
      (37.6, 22.0),
      (37.7, 22.0),
      (37.8, 22.0),
      (37.9, 22.0),
      (38.0, 22.0),
      (38.1, 22.0),
      (38.2, 22.0),
      (38.3, 22.0),
      (37.1, 22.1),
      (37.2, 22.1),
      (37.3, 22.1),
      (37.4, 22.1),
      (37.5, 22.1),
      (37.6, 22.1),
      (37.7, 22.1),
      (37.8, 22.1),
      (37.9, 22.1),
      (38.0, 22.1),
      (38.1, 22.1),
      (38.2, 22.1),
      (37.0, 22.2),
      (37.1, 22.2),
      (37.2, 22.2),
      (37.3, 22.2),
      (37.4, 22.2),
      (37.5, 22.2),
      (37.6, 22.2),
      (37.7, 22.2),
      (37.8, 22.2),
      (37.9, 22.2),
      (38.0, 22.2),
      (38.1, 22.2),
      (36.8, 22.3),
      (36.9, 22.3),
      (37.0, 22.3),
      (37.1, 22.3),
      (37.2, 22.3),
      (37.3, 22.3),
      (37.4, 22.3),
      (37.5, 22.3),
      (37.6, 22.3),
      (37.7, 22.3),
      (37.8, 22.3),
      (37.9, 22.3),
      (38.0, 22.3),
      (38.1, 22.3),
      (36.5, 22.4),
      (36.6, 22.4),
      (36.7, 22.4),
      (36.8, 22.4),
      (36.9, 22.4),
      (37.0, 22.4),
      (37.1, 22.4),
      (37.2, 22.4),
      (37.3, 22.4),
      (37.4, 22.4),
      (37.5, 22.4),
      (37.6, 22.4),
      (37.7, 22.4),
      (37.8, 22.4),
      (37.9, 22.4),
      (38.0, 22.4),
      (38.1, 22.4),
      (36.7, 22.5),
      (36.8, 22.5),
      (36.9, 22.5),
      (37.0, 22.5),
      (37.1, 22.5),
      (37.2, 22.5),
      (37.3, 22.5),
      (37.4, 22.5),
      (37.5, 22.5),
      (37.6, 22.5),
      (37.7, 22.5),
      (37.8, 22.5),
      (37.9, 22.5),
      (38.0, 22.5),
      (38.1, 22.5),
      (36.8, 22.6),
      (36.9, 22.6),
      (37.0, 22.6),
      (37.1, 22.6),
      (37.2, 22.6),
      (37.3, 22.6),
      (37.4, 22.6),
      (37.5, 22.6),
      (37.6, 22.6),
      (37.7, 22.6),
      (37.8, 22.6),
      (37.9, 22.6),
      (38.0, 22.6),
      (36.9, 22.7),
      (37.0, 22.7),
      (37.1, 22.7),
      (37.2, 22.7),
      (37.3, 22.7),
      (37.4, 22.7),
      (37.5, 22.7),
      (37.6, 22.7),
      (37.7, 22.7),
      (37.8, 22.7),
      (37.9, 22.7),
      (38.0, 22.7),
      (36.8, 22.8),
      (36.9, 22.8),
      (37.0, 22.8),
      (37.1, 22.8),
      (37.2, 22.8),
      (37.3, 22.8),
      (37.6, 22.8),
      (37.7, 22.8),
      (37.8, 22.8),
      (37.9, 22.8),
      (36.7, 22.9),
      (36.8, 22.9),
      (36.9, 22.9),
      (37.0, 22.9),
      (37.1, 22.9),
      (37.6, 22.9),
      (37.7, 22.9),
      (37.8, 22.9),
      (37.9, 22.9),
      (36.6, 23.0),
      (36.7, 23.0),
      (36.8, 23.0),
      (36.9, 23.0),
      (37.0, 23.0),
      (37.5, 23.0),
      (37.6, 23.0),
      (37.7, 23.0),
      (37.8, 23.0),
      (37.9, 23.0),
      (36.5, 23.1),
      (37.5, 23.1),
      (37.6, 23.1),
      (37.7, 23.1),
      (37.8, 23.1),
      (37.3, 23.2),
      (37.4, 23.2),
      (37.5, 23.2),
      (37.4, 23.3),
      (37.5, 23.3),
      (37.5, 23.4),
      (37.6, 23.4)
    )
  LIMIT 1
)
SELECT
  wsm.windspeedmax AS lowest_wind_speed,
  wsm.time AS time_of_lowest_wind,
  lp.latitude AS latitude,
  lp.longitude AS longitude
FROM meteo_windspeedmax AS wsm
JOIN lowest_point AS lp
  ON (
    ROUND(CAST(wsm.latitude AS DECIMAL), 1),
    ROUND(CAST(wsm.longitude AS DECIMAL), 1)
  ) = (ROUND(CAST(lp.latitude AS DECIMAL), 1), ROUND(CAST(lp.longitude AS DECIMAL), 1))
WHERE
  EXTRACT(WEEK FROM wsm.time) = 1 AND EXTRACT(YEAR FROM wsm.time) = 2018
ORDER BY
  wsm.windspeedmax
LIMIT 1"
232,T,119,Show lowest wind speed of the lowest point in City of Zurich in 2015,meteo_elevation;meteo_windspeedmax,false,"InternalError_: could not find CTE ""min_elev_value""","WITH min_elev_value AS (
  SELECT
    MIN(me.elevation) AS min_elev
  FROM meteo_elevation AS me
  WHERE
    (ROUND(CAST(me.latitude AS DECIMAL), 1), ROUND(CAST(me.longitude AS DECIMAL), 1)) IN ((47.4, 8.5))
), lowest_point AS (
  SELECT
    me1.latitude AS latitude,
    me1.longitude AS longitude
  FROM meteo_elevation AS me1
  WHERE
    me1.elevation = (
      SELECT
        min_elev_value.min_elev AS min_elev
      FROM min_elev_value
    )
    AND (
      ROUND(CAST(me1.latitude AS DECIMAL), 1),
      ROUND(CAST(me1.longitude AS DECIMAL), 1)
    ) IN ((47.4, 8.5))
  LIMIT 1
)
SELECT
  wsm.windspeedmax AS lowest_wind_speed,
  wsm.time AS time_of_lowest_wind,
  lp.latitude AS latitude,
  lp.longitude AS longitude
FROM meteo_windspeedmax AS wsm
JOIN lowest_point AS lp
  ON (
    ROUND(CAST(wsm.latitude AS DECIMAL), 1),
    ROUND(CAST(wsm.longitude AS DECIMAL), 1)
  ) = (ROUND(CAST(lp.latitude AS DECIMAL), 1), ROUND(CAST(lp.longitude AS DECIMAL), 1))
WHERE
  EXTRACT(YEAR FROM wsm.time) = 2015
ORDER BY
  wsm.windspeedmax
LIMIT 1"
233,T,119,Show lowest wind speed of the lowest point in Attica in 2015,meteo_elevation;meteo_windspeedmax,false,"InternalError_: could not find CTE ""min_elev_value""","WITH min_elev_value AS (
  SELECT
    MIN(me.elevation) AS min_elev
  FROM meteo_elevation AS me
  WHERE
    (ROUND(CAST(me.latitude AS DECIMAL), 1), ROUND(CAST(me.longitude AS DECIMAL), 1)) IN (
      (38.0, 23.2),
      (38.0, 23.3),
      (38.1, 23.3),
      (38.2, 23.3),
      (38.0, 23.4),
      (38.1, 23.4),
      (38.2, 23.4),
      (38.1, 23.5),
      (38.0, 23.6),
      (38.1, 23.6),
      (38.0, 23.7),
      (38.1, 23.7),
      (38.2, 23.7),
      (38.3, 23.7),
      (37.9, 23.8),
      (38.0, 23.8),
      (38.1, 23.8),
      (38.2, 23.8),
      (38.3, 23.8),
      (37.8, 23.9),
      (37.9, 23.9),
      (38.0, 23.9),
      (38.1, 23.9),
      (38.2, 23.9)
    )
), lowest_point AS (
  SELECT
    me1.latitude AS latitude,
    me1.longitude AS longitude
  FROM meteo_elevation AS me1
  WHERE
    me1.elevation = (
      SELECT
        min_elev_value.min_elev AS min_elev
      FROM min_elev_value
    )
    AND (
      ROUND(CAST(me1.latitude AS DECIMAL), 1),
      ROUND(CAST(me1.longitude AS DECIMAL), 1)
    ) IN (
      (38.0, 23.2),
      (38.0, 23.3),
      (38.1, 23.3),
      (38.2, 23.3),
      (38.0, 23.4),
      (38.1, 23.4),
      (38.2, 23.4),
      (38.1, 23.5),
      (38.0, 23.6),
      (38.1, 23.6),
      (38.0, 23.7),
      (38.1, 23.7),
      (38.2, 23.7),
      (38.3, 23.7),
      (37.9, 23.8),
      (38.0, 23.8),
      (38.1, 23.8),
      (38.2, 23.8),
      (38.3, 23.8),
      (37.8, 23.9),
      (37.9, 23.9),
      (38.0, 23.9),
      (38.1, 23.9),
      (38.2, 23.9)
    )
  LIMIT 1
)
SELECT
  wsm.windspeedmax AS lowest_wind_speed,
  wsm.time AS time_of_lowest_wind,
  lp.latitude AS latitude,
  lp.longitude AS longitude
FROM meteo_windspeedmax AS wsm
JOIN lowest_point AS lp
  ON (
    ROUND(CAST(wsm.latitude AS DECIMAL), 1),
    ROUND(CAST(wsm.longitude AS DECIMAL), 1)
  ) = (ROUND(CAST(lp.latitude AS DECIMAL), 1), ROUND(CAST(lp.longitude AS DECIMAL), 1))
WHERE
  EXTRACT(YEAR FROM wsm.time) = 2015
ORDER BY
  wsm.windspeedmax
LIMIT 1"
234,T,119,Show lowest wind speed of the lowest point in Canton of Bern in 2015,meteo_elevation;meteo_windspeedmax,false,"InternalError_: could not find CTE ""min_elev_value""","WITH min_elev_value AS (
  SELECT
    MIN(me.elevation) AS min_elev
  FROM meteo_elevation AS me
  WHERE
    (ROUND(CAST(me.latitude AS DECIMAL), 1), ROUND(CAST(me.longitude AS DECIMAL), 1)) IN (
      (47.1, 6.9),
      (47.0, 7.1),
      (47.1, 7.1),
      (47.2, 7.1),
      (47.1, 7.2),
      (47.2, 7.2),
      (46.4, 7.3),
      (46.5, 7.3),
      (46.9, 7.3),
      (47.0, 7.3),
      (47.1, 7.3),
      (47.2, 7.3),
      (46.4, 7.4),
      (46.5, 7.4),
      (46.6, 7.4),
      (46.7, 7.4),
      (46.8, 7.4),
      (46.9, 7.4),
      (47.0, 7.4),
      (47.3, 7.4),
      (46.4, 7.5),
      (46.5, 7.5),
      (46.6, 7.5),
      (46.7, 7.5),
      (46.8, 7.5),
      (46.9, 7.5),
      (47.0, 7.5),
      (47.1, 7.5),
      (47.3, 7.5),
      (46.5, 7.6),
      (46.6, 7.6),
      (46.7, 7.6),
      (46.8, 7.6),
      (46.9, 7.6),
      (47.0, 7.6),
      (47.1, 7.6),
      (46.5, 7.7),
      (46.6, 7.7),
      (46.7, 7.7),
      (46.8, 7.7),
      (46.9, 7.7),
      (47.0, 7.7),
      (47.1, 7.7),
      (47.2, 7.7),
      (46.5, 7.8),
      (46.6, 7.8),
      (46.7, 7.8),
      (46.8, 7.8),
      (46.9, 7.8),
      (47.0, 7.8),
      (47.1, 7.8),
      (47.2, 7.8),
      (46.5, 7.9),
      (46.6, 7.9),
      (46.7, 7.9),
      (46.8, 7.9),
      (47.0, 7.9),
      (46.6, 8.0),
      (46.7, 8.0),
      (46.6, 8.1),
      (46.7, 8.1),
      (46.6, 8.2),
      (46.7, 8.2),
      (46.6, 8.3),
      (46.7, 8.3)
    )
), lowest_point AS (
  SELECT
    me1.latitude AS latitude,
    me1.longitude AS longitude
  FROM meteo_elevation AS me1
  WHERE
    me1.elevation = (
      SELECT
        min_elev_value.min_elev AS min_elev
      FROM min_elev_value
    )
    AND (
      ROUND(CAST(me1.latitude AS DECIMAL), 1),
      ROUND(CAST(me1.longitude AS DECIMAL), 1)
    ) IN (
      (47.1, 6.9),
      (47.0, 7.1),
      (47.1, 7.1),
      (47.2, 7.1),
      (47.1, 7.2),
      (47.2, 7.2),
      (46.4, 7.3),
      (46.5, 7.3),
      (46.9, 7.3),
      (47.0, 7.3),
      (47.1, 7.3),
      (47.2, 7.3),
      (46.4, 7.4),
      (46.5, 7.4),
      (46.6, 7.4),
      (46.7, 7.4),
      (46.8, 7.4),
      (46.9, 7.4),
      (47.0, 7.4),
      (47.3, 7.4),
      (46.4, 7.5),
      (46.5, 7.5),
      (46.6, 7.5),
      (46.7, 7.5),
      (46.8, 7.5),
      (46.9, 7.5),
      (47.0, 7.5),
      (47.1, 7.5),
      (47.3, 7.5),
      (46.5, 7.6),
      (46.6, 7.6),
      (46.7, 7.6),
      (46.8, 7.6),
      (46.9, 7.6),
      (47.0, 7.6),
      (47.1, 7.6),
      (46.5, 7.7),
      (46.6, 7.7),
      (46.7, 7.7),
      (46.8, 7.7),
      (46.9, 7.7),
      (47.0, 7.7),
      (47.1, 7.7),
      (47.2, 7.7),
      (46.5, 7.8),
      (46.6, 7.8),
      (46.7, 7.8),
      (46.8, 7.8),
      (46.9, 7.8),
      (47.0, 7.8),
      (47.1, 7.8),
      (47.2, 7.8),
      (46.5, 7.9),
      (46.6, 7.9),
      (46.7, 7.9),
      (46.8, 7.9),
      (47.0, 7.9),
      (46.6, 8.0),
      (46.7, 8.0),
      (46.6, 8.1),
      (46.7, 8.1),
      (46.6, 8.2),
      (46.7, 8.2),
      (46.6, 8.3),
      (46.7, 8.3)
    )
  LIMIT 1
)
SELECT
  wsm.windspeedmax AS lowest_wind_speed,
  wsm.time AS time_of_lowest_wind,
  lp.latitude AS latitude,
  lp.longitude AS longitude
FROM meteo_windspeedmax AS wsm
JOIN lowest_point AS lp
  ON (
    ROUND(CAST(wsm.latitude AS DECIMAL), 1),
    ROUND(CAST(wsm.longitude AS DECIMAL), 1)
  ) = (ROUND(CAST(lp.latitude AS DECIMAL), 1), ROUND(CAST(lp.longitude AS DECIMAL), 1))
WHERE
  EXTRACT(YEAR FROM wsm.time) = 2015
ORDER BY
  wsm.windspeedmax
LIMIT 1"
235,T,119,Show lowest wind speed of the lowest point in Peloponnese in 2015,meteo_elevation;meteo_windspeedmax,false,"InternalError_: could not find CTE ""min_elev_value""","WITH min_elev_value AS (
  SELECT
    MIN(me.elevation) AS min_elev
  FROM meteo_elevation AS me
  WHERE
    (ROUND(CAST(me.latitude AS DECIMAL), 1), ROUND(CAST(me.longitude AS DECIMAL), 1)) IN (
      (37.9, 21.2),
      (37.8, 21.3),
      (37.9, 21.3),
      (38.0, 21.3),
      (37.7, 21.4),
      (37.8, 21.4),
      (37.9, 21.4),
      (38.0, 21.4),
      (38.1, 21.4),
      (37.6, 21.5),
      (37.7, 21.5),
      (37.8, 21.5),
      (37.9, 21.5),
      (38.0, 21.5),
      (38.1, 21.5),
      (37.1, 21.6),
      (37.2, 21.6),
      (37.6, 21.6),
      (37.7, 21.6),
      (37.8, 21.6),
      (37.9, 21.6),
      (38.0, 21.6),
      (38.1, 21.6),
      (36.9, 21.7),
      (37.0, 21.7),
      (37.1, 21.7),
      (37.2, 21.7),
      (37.3, 21.7),
      (37.4, 21.7),
      (37.5, 21.7),
      (37.6, 21.7),
      (37.7, 21.7),
      (37.8, 21.7),
      (37.9, 21.7),
      (38.0, 21.7),
      (38.1, 21.7),
      (38.2, 21.7),
      (36.9, 21.8),
      (37.0, 21.8),
      (37.1, 21.8),
      (37.2, 21.8),
      (37.3, 21.8),
      (37.4, 21.8),
      (37.5, 21.8),
      (37.6, 21.8),
      (37.7, 21.8),
      (37.8, 21.8),
      (37.9, 21.8),
      (38.0, 21.8),
      (38.1, 21.8),
      (38.2, 21.8),
      (38.3, 21.8),
      (36.8, 21.9),
      (36.9, 21.9),
      (37.0, 21.9),
      (37.1, 21.9),
      (37.2, 21.9),
      (37.3, 21.9),
      (37.4, 21.9),
      (37.5, 21.9),
      (37.6, 21.9),
      (37.7, 21.9),
      (37.8, 21.9),
      (37.9, 21.9),
      (38.0, 21.9),
      (38.1, 21.9),
      (38.2, 21.9),
      (38.3, 21.9),
      (37.1, 22.0),
      (37.2, 22.0),
      (37.3, 22.0),
      (37.4, 22.0),
      (37.5, 22.0),
      (37.6, 22.0),
      (37.7, 22.0),
      (37.8, 22.0),
      (37.9, 22.0),
      (38.0, 22.0),
      (38.1, 22.0),
      (38.2, 22.0),
      (38.3, 22.0),
      (37.1, 22.1),
      (37.2, 22.1),
      (37.3, 22.1),
      (37.4, 22.1),
      (37.5, 22.1),
      (37.6, 22.1),
      (37.7, 22.1),
      (37.8, 22.1),
      (37.9, 22.1),
      (38.0, 22.1),
      (38.1, 22.1),
      (38.2, 22.1),
      (37.0, 22.2),
      (37.1, 22.2),
      (37.2, 22.2),
      (37.3, 22.2),
      (37.4, 22.2),
      (37.5, 22.2),
      (37.6, 22.2),
      (37.7, 22.2),
      (37.8, 22.2),
      (37.9, 22.2),
      (38.0, 22.2),
      (38.1, 22.2),
      (36.8, 22.3),
      (36.9, 22.3),
      (37.0, 22.3),
      (37.1, 22.3),
      (37.2, 22.3),
      (37.3, 22.3),
      (37.4, 22.3),
      (37.5, 22.3),
      (37.6, 22.3),
      (37.7, 22.3),
      (37.8, 22.3),
      (37.9, 22.3),
      (38.0, 22.3),
      (38.1, 22.3),
      (36.5, 22.4),
      (36.6, 22.4),
      (36.7, 22.4),
      (36.8, 22.4),
      (36.9, 22.4),
      (37.0, 22.4),
      (37.1, 22.4),
      (37.2, 22.4),
      (37.3, 22.4),
      (37.4, 22.4),
      (37.5, 22.4),
      (37.6, 22.4),
      (37.7, 22.4),
      (37.8, 22.4),
      (37.9, 22.4),
      (38.0, 22.4),
      (38.1, 22.4),
      (36.7, 22.5),
      (36.8, 22.5),
      (36.9, 22.5),
      (37.0, 22.5),
      (37.1, 22.5),
      (37.2, 22.5),
      (37.3, 22.5),
      (37.4, 22.5),
      (37.5, 22.5),
      (37.6, 22.5),
      (37.7, 22.5),
      (37.8, 22.5),
      (37.9, 22.5),
      (38.0, 22.5),
      (38.1, 22.5),
      (36.8, 22.6),
      (36.9, 22.6),
      (37.0, 22.6),
      (37.1, 22.6),
      (37.2, 22.6),
      (37.3, 22.6),
      (37.4, 22.6),
      (37.5, 22.6),
      (37.6, 22.6),
      (37.7, 22.6),
      (37.8, 22.6),
      (37.9, 22.6),
      (38.0, 22.6),
      (36.9, 22.7),
      (37.0, 22.7),
      (37.1, 22.7),
      (37.2, 22.7),
      (37.3, 22.7),
      (37.4, 22.7),
      (37.5, 22.7),
      (37.6, 22.7),
      (37.7, 22.7),
      (37.8, 22.7),
      (37.9, 22.7),
      (38.0, 22.7),
      (36.8, 22.8),
      (36.9, 22.8),
      (37.0, 22.8),
      (37.1, 22.8),
      (37.2, 22.8),
      (37.3, 22.8),
      (37.6, 22.8),
      (37.7, 22.8),
      (37.8, 22.8),
      (37.9, 22.8),
      (36.7, 22.9),
      (36.8, 22.9),
      (36.9, 22.9),
      (37.0, 22.9),
      (37.1, 22.9),
      (37.6, 22.9),
      (37.7, 22.9),
      (37.8, 22.9),
      (37.9, 22.9),
      (36.6, 23.0),
      (36.7, 23.0),
      (36.8, 23.0),
      (36.9, 23.0),
      (37.0, 23.0),
      (37.5, 23.0),
      (37.6, 23.0),
      (37.7, 23.0),
      (37.8, 23.0),
      (37.9, 23.0),
      (36.5, 23.1),
      (37.5, 23.1),
      (37.6, 23.1),
      (37.7, 23.1),
      (37.8, 23.1),
      (37.3, 23.2),
      (37.4, 23.2),
      (37.5, 23.2),
      (37.4, 23.3),
      (37.5, 23.3),
      (37.5, 23.4),
      (37.6, 23.4)
    )
), lowest_point AS (
  SELECT
    me1.latitude AS latitude,
    me1.longitude AS longitude
  FROM meteo_elevation AS me1
  WHERE
    me1.elevation = (
      SELECT
        min_elev_value.min_elev AS min_elev
      FROM min_elev_value
    )
    AND (
      ROUND(CAST(me1.latitude AS DECIMAL), 1),
      ROUND(CAST(me1.longitude AS DECIMAL), 1)
    ) IN (
      (37.9, 21.2),
      (37.8, 21.3),
      (37.9, 21.3),
      (38.0, 21.3),
      (37.7, 21.4),
      (37.8, 21.4),
      (37.9, 21.4),
      (38.0, 21.4),
      (38.1, 21.4),
      (37.6, 21.5),
      (37.7, 21.5),
      (37.8, 21.5),
      (37.9, 21.5),
      (38.0, 21.5),
      (38.1, 21.5),
      (37.1, 21.6),
      (37.2, 21.6),
      (37.6, 21.6),
      (37.7, 21.6),
      (37.8, 21.6),
      (37.9, 21.6),
      (38.0, 21.6),
      (38.1, 21.6),
      (36.9, 21.7),
      (37.0, 21.7),
      (37.1, 21.7),
      (37.2, 21.7),
      (37.3, 21.7),
      (37.4, 21.7),
      (37.5, 21.7),
      (37.6, 21.7),
      (37.7, 21.7),
      (37.8, 21.7),
      (37.9, 21.7),
      (38.0, 21.7),
      (38.1, 21.7),
      (38.2, 21.7),
      (36.9, 21.8),
      (37.0, 21.8),
      (37.1, 21.8),
      (37.2, 21.8),
      (37.3, 21.8),
      (37.4, 21.8),
      (37.5, 21.8),
      (37.6, 21.8),
      (37.7, 21.8),
      (37.8, 21.8),
      (37.9, 21.8),
      (38.0, 21.8),
      (38.1, 21.8),
      (38.2, 21.8),
      (38.3, 21.8),
      (36.8, 21.9),
      (36.9, 21.9),
      (37.0, 21.9),
      (37.1, 21.9),
      (37.2, 21.9),
      (37.3, 21.9),
      (37.4, 21.9),
      (37.5, 21.9),
      (37.6, 21.9),
      (37.7, 21.9),
      (37.8, 21.9),
      (37.9, 21.9),
      (38.0, 21.9),
      (38.1, 21.9),
      (38.2, 21.9),
      (38.3, 21.9),
      (37.1, 22.0),
      (37.2, 22.0),
      (37.3, 22.0),
      (37.4, 22.0),
      (37.5, 22.0),
      (37.6, 22.0),
      (37.7, 22.0),
      (37.8, 22.0),
      (37.9, 22.0),
      (38.0, 22.0),
      (38.1, 22.0),
      (38.2, 22.0),
      (38.3, 22.0),
      (37.1, 22.1),
      (37.2, 22.1),
      (37.3, 22.1),
      (37.4, 22.1),
      (37.5, 22.1),
      (37.6, 22.1),
      (37.7, 22.1),
      (37.8, 22.1),
      (37.9, 22.1),
      (38.0, 22.1),
      (38.1, 22.1),
      (38.2, 22.1),
      (37.0, 22.2),
      (37.1, 22.2),
      (37.2, 22.2),
      (37.3, 22.2),
      (37.4, 22.2),
      (37.5, 22.2),
      (37.6, 22.2),
      (37.7, 22.2),
      (37.8, 22.2),
      (37.9, 22.2),
      (38.0, 22.2),
      (38.1, 22.2),
      (36.8, 22.3),
      (36.9, 22.3),
      (37.0, 22.3),
      (37.1, 22.3),
      (37.2, 22.3),
      (37.3, 22.3),
      (37.4, 22.3),
      (37.5, 22.3),
      (37.6, 22.3),
      (37.7, 22.3),
      (37.8, 22.3),
      (37.9, 22.3),
      (38.0, 22.3),
      (38.1, 22.3),
      (36.5, 22.4),
      (36.6, 22.4),
      (36.7, 22.4),
      (36.8, 22.4),
      (36.9, 22.4),
      (37.0, 22.4),
      (37.1, 22.4),
      (37.2, 22.4),
      (37.3, 22.4),
      (37.4, 22.4),
      (37.5, 22.4),
      (37.6, 22.4),
      (37.7, 22.4),
      (37.8, 22.4),
      (37.9, 22.4),
      (38.0, 22.4),
      (38.1, 22.4),
      (36.7, 22.5),
      (36.8, 22.5),
      (36.9, 22.5),
      (37.0, 22.5),
      (37.1, 22.5),
      (37.2, 22.5),
      (37.3, 22.5),
      (37.4, 22.5),
      (37.5, 22.5),
      (37.6, 22.5),
      (37.7, 22.5),
      (37.8, 22.5),
      (37.9, 22.5),
      (38.0, 22.5),
      (38.1, 22.5),
      (36.8, 22.6),
      (36.9, 22.6),
      (37.0, 22.6),
      (37.1, 22.6),
      (37.2, 22.6),
      (37.3, 22.6),
      (37.4, 22.6),
      (37.5, 22.6),
      (37.6, 22.6),
      (37.7, 22.6),
      (37.8, 22.6),
      (37.9, 22.6),
      (38.0, 22.6),
      (36.9, 22.7),
      (37.0, 22.7),
      (37.1, 22.7),
      (37.2, 22.7),
      (37.3, 22.7),
      (37.4, 22.7),
      (37.5, 22.7),
      (37.6, 22.7),
      (37.7, 22.7),
      (37.8, 22.7),
      (37.9, 22.7),
      (38.0, 22.7),
      (36.8, 22.8),
      (36.9, 22.8),
      (37.0, 22.8),
      (37.1, 22.8),
      (37.2, 22.8),
      (37.3, 22.8),
      (37.6, 22.8),
      (37.7, 22.8),
      (37.8, 22.8),
      (37.9, 22.8),
      (36.7, 22.9),
      (36.8, 22.9),
      (36.9, 22.9),
      (37.0, 22.9),
      (37.1, 22.9),
      (37.6, 22.9),
      (37.7, 22.9),
      (37.8, 22.9),
      (37.9, 22.9),
      (36.6, 23.0),
      (36.7, 23.0),
      (36.8, 23.0),
      (36.9, 23.0),
      (37.0, 23.0),
      (37.5, 23.0),
      (37.6, 23.0),
      (37.7, 23.0),
      (37.8, 23.0),
      (37.9, 23.0),
      (36.5, 23.1),
      (37.5, 23.1),
      (37.6, 23.1),
      (37.7, 23.1),
      (37.8, 23.1),
      (37.3, 23.2),
      (37.4, 23.2),
      (37.5, 23.2),
      (37.4, 23.3),
      (37.5, 23.3),
      (37.5, 23.4),
      (37.6, 23.4)
    )
  LIMIT 1
)
SELECT
  wsm.windspeedmax AS lowest_wind_speed,
  wsm.time AS time_of_lowest_wind,
  lp.latitude AS latitude,
  lp.longitude AS longitude
FROM meteo_windspeedmax AS wsm
JOIN lowest_point AS lp
  ON (
    ROUND(CAST(wsm.latitude AS DECIMAL), 1),
    ROUND(CAST(wsm.longitude AS DECIMAL), 1)
  ) = (ROUND(CAST(lp.latitude AS DECIMAL), 1), ROUND(CAST(lp.longitude AS DECIMAL), 1))
WHERE
  EXTRACT(YEAR FROM wsm.time) = 2015
ORDER BY
  wsm.windspeedmax
LIMIT 1"
236,A,123,What was the average solar radiation in City of Zurich in July 1998?,meteo_ssrd,true,,
237,A,123,What was the average solar radiation in Attica in July 1998?,meteo_ssrd,true,,
238,A,123,What was the average solar radiation in Canton of Bern in July 1998?,meteo_ssrd,true,,
239,A,123,What was the average solar radiation in Peloponnese in July 1998?,meteo_ssrd,true,,
240,E,127,How many precipitation measurements do we have in City of Zurich during WEEK 15 of 2018?,meteo_tp,true,,
241,E,127,How many precipitation measurements do we have in Attica during WEEK 15 of 2018?,meteo_tp,true,,
242,E,127,How many precipitation measurements do we have in Canton of Bern during WEEK 15 of 2018?,meteo_tp,true,,
243,E,127,How many precipitation measurements do we have in Peloponnese during WEEK 15 of 2018?,meteo_tp,true,,
244,E,129,How many precipitation measurements do we have in City of Zurich in 2015?,meteo_tp,true,,
245,E,129,How many precipitation measurements do we have in Attica in 2015?,meteo_tp,true,,
246,E,129,How many precipitation measurements do we have in Canton of Bern in 2015?,meteo_tp,true,,
247,E,129,How many precipitation measurements do we have in Peloponnese in 2015?,meteo_tp,true,,
248,B,132,What was the minimum solar radiation in City of Zurich during week 52 of 2015?,meteo_ssrd,true,,
249,B,132,What was the minimum solar radiation in Attica during week 52 of 2015?,meteo_ssrd,true,,
250,B,132,What was the minimum solar radiation in Canton of Bern during week 52 of 2015?,meteo_ssrd,true,,
251,B,132,What was the minimum solar radiation in Peloponnese during week 52 of 2015?,meteo_ssrd,true,,
252,B,133,What was the minimum solar radiation in City of Zurich in February 2010?,meteo_ssrd,true,,
253,B,133,What was the minimum solar radiation in Attica in February 2010?,meteo_ssrd,true,,
254,B,133,What was the minimum solar radiation in Canton of Bern in February 2010?,meteo_ssrd,true,,
255,B,133,What was the minimum solar radiation in Peloponnese in February 2010?,meteo_ssrd,true,,
256,B,135,What is the minimum solar radiation in City of Zurich between 2005 and 2010?,meteo_ssrd,true,,
257,B,135,What is the minimum solar radiation in Attica between 2005 and 2010?,meteo_ssrd,true,,
258,B,135,What is the minimum solar radiation in Canton of Bern between 2005 and 2010?,meteo_ssrd,true,,
259,B,135,What is the minimum solar radiation in Peloponnese between 2005 and 2010?,meteo_ssrd,true,,
260,B,139,What is the minimum precipitation in City of Zurich in 2015?,meteo_tp,true,,
261,B,139,What is the minimum precipitation in Attica in 2015?,meteo_tp,true,,
262,B,139,What is the minimum precipitation in Canton of Bern in 2015?,meteo_tp,true,,
263,B,139,What is the minimum precipitation in Peloponnese in 2015?,meteo_tp,true,,
264,B,140,What is the minimum precipitation in City of Zurich between 2015 and 2016?,meteo_tp,true,,
265,B,140,What is the minimum precipitation in Attica between 2015 and 2016?,meteo_tp,true,,
266,B,140,What is the minimum precipitation in Canton of Bern between 2015 and 2016?,meteo_tp,true,,
267,B,140,What is the minimum precipitation in Peloponnese between 2015 and 2016?,meteo_tp,true,,
268,C,141,"Show the coordinates of the location with the highest precipitation in the City of Zurich on July 15, 2018.",meteo_tp,true,,
269,C,141,"Show the coordinates of the location with the highest precipitation in the Attica on July 15, 2018.",meteo_tp,true,,
270,C,141,"Show the coordinates of the location with the highest precipitation in the Canton of Bern on July 15, 2018.",meteo_tp,true,,
271,C,141,"Show the coordinates of the location with the highest precipitation in the Peloponnese on July 15, 2018.",meteo_tp,true,,
272,C,143,Show the coordinates of the location with the highest precipitation in City of Zurich in July 2018.,meteo_tp,true,,
273,C,143,Show the coordinates of the location with the highest precipitation in Attica in July 2018.,meteo_tp,true,,
274,C,143,Show the coordinates of the location with the highest precipitation in Canton of Bern in July 2018.,meteo_tp,true,,
275,C,143,Show the coordinates of the location with the highest precipitation in Peloponnese in July 2018.,meteo_tp,true,,
276,C,144,Show the coordinates of the location with the highest precipitation in City of Zurich in 2018.,meteo_tp,true,,
277,C,144,Show the coordinates of the location with the highest precipitation in Attica in 2018.,meteo_tp,true,,
278,C,144,Show the coordinates of the location with the highest precipitation in Canton of Bern in 2018.,meteo_tp,true,,
279,C,144,Show the coordinates of the location with the highest precipitation in Peloponnese in 2018.,meteo_tp,true,,
280,B,146,"Show the highest solar radiation in the City of Zurich on July 15, 2015.",meteo_ssrd,true,,
281,B,146,"Show the highest solar radiation in the Attica on July 15, 2015.",meteo_ssrd,true,,
282,B,146,"Show the highest solar radiation in the Canton of Bern on July 15, 2015.",meteo_ssrd,true,,
283,B,146,"Show the highest solar radiation in the Peloponnese on July 15, 2015.",meteo_ssrd,true,,
284,B,147,What was the highest weekly solar radiation in City of Zurich in week 15 of 2018?,meteo_ssrd,true,,
285,B,147,What was the highest weekly solar radiation in Attica in week 15 of 2018?,meteo_ssrd,true,,
286,B,147,What was the highest weekly solar radiation in Canton of Bern in week 15 of 2018?,meteo_ssrd,true,,
287,B,147,What was the highest weekly solar radiation in Peloponnese in week 15 of 2018?,meteo_ssrd,true,,
288,B,149,Show the highest solar radiation in City of Zurich in 2015,meteo_ssrd,true,,
289,B,149,Show the highest solar radiation in Attica in 2015,meteo_ssrd,true,,
290,B,149,Show the highest solar radiation in Canton of Bern in 2015,meteo_ssrd,true,,
291,B,149,Show the highest solar radiation in Peloponnese in 2015,meteo_ssrd,true,,
292,C,152,Show latitude and longitude of the highest wind speed in City of Zurich during WEEK 15 of 2018,meteo_elevation;meteo_windspeedmax,true,,
293,C,152,Show latitude and longitude of the highest wind speed in Attica during WEEK 15 of 2018,meteo_elevation;meteo_windspeedmax,true,,
294,C,152,Show latitude and longitude of the highest wind speed in Canton of Bern during WEEK 15 of 2018,meteo_elevation;meteo_windspeedmax,true,,
295,C,152,Show latitude and longitude of the highest wind speed in Peloponnese during WEEK 15 of 2018,meteo_elevation;meteo_windspeedmax,true,,
296,C,155,Show latitude and longitude of the highest wind speed in City of Zurich between 2018 and 2019,meteo_elevation;meteo_windspeedmax,true,,
297,C,155,Show latitude and longitude of the highest wind speed in Attica between 2018 and 2019,meteo_elevation;meteo_windspeedmax,true,,
298,C,155,Show latitude and longitude of the highest wind speed in Canton of Bern between 2018 and 2019,meteo_elevation;meteo_windspeedmax,true,,
299,C,155,Show latitude and longitude of the highest wind speed in Peloponnese between 2018 and 2019,meteo_elevation;meteo_windspeedmax,true,,
300,J,163,Show the average of snow depth in cm in City of Zurich in January 2018 above 2500m,meteo_elevation;meteo_sdmax,true,,
301,J,163,Show the average of snow depth in cm in Attica in January 2018 above 2500m,meteo_elevation;meteo_sdmax,true,,
302,J,163,Show the average of snow depth in cm in Canton of Bern in January 2018 above 2500m,meteo_elevation;meteo_sdmax,true,,
303,J,163,Show the average of snow depth in cm in Peloponnese in January 2018 above 2500m,meteo_elevation;meteo_sdmax,true,,
304,G,167,List the top 5 lowest wind speed readings in City of Zurich in June 2018 with their coordinates.,meteo_windspeedmax,true,,
305,G,167,List the top 5 lowest wind speed readings in Attica in June 2018 with their coordinates.,meteo_windspeedmax,true,,
306,G,167,List the top 5 lowest wind speed readings in Canton of Bern in June 2018 with their coordinates.,meteo_windspeedmax,true,,
307,G,167,List the top 5 lowest wind speed readings in Peloponnese in June 2018 with their coordinates.,meteo_windspeedmax,true,,
308,G,168,List the top 5 lowest wind speed readings in the City of Zurich in 2018 with their coordinates.,meteo_windspeedmax,true,,
309,G,168,List the top 5 lowest wind speed readings in the Attica in 2018 with their coordinates.,meteo_windspeedmax,true,,
310,G,168,List the top 5 lowest wind speed readings in the Canton of Bern in 2018 with their coordinates.,meteo_windspeedmax,true,,
311,G,168,List the top 5 lowest wind speed readings in the Peloponnese in 2018 with their coordinates.,meteo_windspeedmax,true,,
312,F,181,List the coordinates of locations where the mean temperature exceeded 30 °C in the City of Zurich in 2015.,meteo_tmean,true,,
313,F,181,List the coordinates of locations where the mean temperature exceeded 30 °C in the Attica in 2015.,meteo_tmean,true,,
314,F,181,List the coordinates of locations where the mean temperature exceeded 30 °C in the Canton of Bern in 2015.,meteo_tmean,true,,
315,F,181,List the coordinates of locations where the mean temperature exceeded 30 °C in the Peloponnese in 2015.,meteo_tmean,true,,
316,F,182,List the coordinates of locations where the mean temperature exceeded 30 °C in City of Zurich between 2015 and 2016.,meteo_tmean,true,,
317,F,182,List the coordinates of locations where the mean temperature exceeded 30 °C in Attica between 2015 and 2016.,meteo_tmean,true,,
318,F,182,List the coordinates of locations where the mean temperature exceeded 30 °C in Canton of Bern between 2015 and 2016.,meteo_tmean,true,,
319,F,182,List the coordinates of locations where the mean temperature exceeded 30 °C in Peloponnese between 2015 and 2016.,meteo_tmean,true,,
320,A,184,What is the average wind speed in City of Zurich in each month of 2015?,meteo_windspeedmax,true,,
321,A,184,What is the average wind speed in Attica in each month of 2015?,meteo_windspeedmax,true,,
322,A,184,What is the average wind speed in Canton of Bern in each month of 2015?,meteo_windspeedmax,true,,
323,A,184,What is the average wind speed in Peloponnese in each month of 2015?,meteo_windspeedmax,true,,
324,A,185,What is the average wind speed in City of Zurich in 2015?,meteo_windspeedmax,true,,
325,A,185,What is the average wind speed in Attica in 2015?,meteo_windspeedmax,true,,
326,A,185,What is the average wind speed in Canton of Bern in 2015?,meteo_windspeedmax,true,,
327,A,185,What is the average wind speed in Peloponnese in 2015?,meteo_windspeedmax,true,,
328,A,186,What is the average wind speed in City of Zurich between 2015 and 2019?,meteo_windspeedmax,true,,
329,A,186,What is the average wind speed in Attica between 2015 and 2019?,meteo_windspeedmax,true,,
330,A,186,What is the average wind speed in Canton of Bern between 2015 and 2019?,meteo_windspeedmax,true,,
331,A,186,What is the average wind speed in Peloponnese between 2015 and 2019?,meteo_windspeedmax,true,,
332,C,187,"Show the coordinates of the location with the lowest precipitation in the City of Zurich on January 15, 2015.",meteo_tp,true,,
333,C,187,"Show the coordinates of the location with the lowest precipitation in the Attica on January 15, 2015.",meteo_tp,true,,
334,C,187,"Show the coordinates of the location with the lowest precipitation in the Canton of Bern on January 15, 2015.",meteo_tp,true,,
335,C,187,"Show the coordinates of the location with the lowest precipitation in the Peloponnese on January 15, 2015.",meteo_tp,true,,
336,C,190,Show the coordinates of the location with the lowest precipitation in City of Zurich in 2015.,meteo_tp,true,,
337,C,190,Show the coordinates of the location with the lowest precipitation in Attica in 2015.,meteo_tp,true,,
338,C,190,Show the coordinates of the location with the lowest precipitation in Canton of Bern in 2015.,meteo_tp,true,,
339,C,190,Show the coordinates of the location with the lowest precipitation in Peloponnese in 2015.,meteo_tp,true,,
340,B,193,Show the lowest wind speed in City of Zurich during week 15 of 2018.,meteo_windspeedmax,true,,
341,B,193,Show the lowest wind speed in Attica during week 15 of 2018.,meteo_windspeedmax,true,,
342,B,193,Show the lowest wind speed in Canton of Bern during week 15 of 2018.,meteo_windspeedmax,true,,
343,B,193,Show the lowest wind speed in Peloponnese during week 15 of 2018.,meteo_windspeedmax,true,,
344,B,196,Show the lowest wind speed in City of Zurich between 2018 and 2019.,meteo_windspeedmax,true,,
345,B,196,Show the lowest wind speed in Attica between 2018 and 2019.,meteo_windspeedmax,true,,
346,B,196,Show the lowest wind speed in Canton of Bern between 2018 and 2019.,meteo_windspeedmax,true,,
347,B,196,Show the lowest wind speed in Peloponnese between 2018 and 2019.,meteo_windspeedmax,true,,
348,C,199,Show latitude and longitude of the lowest wind speed in City of Zurich in July 2018.,meteo_windspeedmax,true,,
349,C,199,Show latitude and longitude of the lowest wind speed in Attica in July 2018.,meteo_windspeedmax,true,,
350,C,199,Show latitude and longitude of the lowest wind speed in Canton of Bern in July 2018.,meteo_windspeedmax,true,,
351,C,199,Show latitude and longitude of the lowest wind speed in Peloponnese in July 2018.,meteo_windspeedmax,true,,
352,T,204,Show lowest precipitation (in mm) of the lowest point in City of Zurich in February 2018,meteo_elevation;meteo_tp,false,"InternalError_: could not find CTE ""precip_data""","WITH lowest_point AS (
  SELECT
    me.latitude AS latitude,
    me.longitude AS longitude,
    me.elevation AS elevation
  FROM meteo_elevation AS me
  WHERE
    (ROUND(CAST(me.latitude AS DECIMAL), 1), ROUND(CAST(me.longitude AS DECIMAL), 1)) IN ((47.4, 8.5))
  ORDER BY
    elevation
  LIMIT 1
), precip_data AS (
  SELECT
    tp.tp AS tp,
    tp.time AS time
  FROM meteo_tp AS tp
  JOIN lowest_point AS lp
    ON (ROUND(CAST(tp.latitude AS DECIMAL), 1), ROUND(CAST(tp.longitude AS DECIMAL), 1)) = (ROUND(CAST(lp.latitude AS DECIMAL), 1), ROUND(CAST(lp.longitude AS DECIMAL), 1))
  WHERE
    EXTRACT(MONTH FROM tp.time) = 2 AND EXTRACT(YEAR FROM tp.time) = 2018
)
SELECT
  lp.latitude AS latitude,
  lp.longitude AS longitude,
  lp.elevation AS lowest_point_elevation_m,
  (
    SELECT
      MIN(precip_data.tp) * 1000
    FROM precip_data
  ) AS time_window_2,
  (
    SELECT
      precip_data.time AS time
    FROM precip_data
    WHERE
      precip_data.tp = (
        SELECT
          MIN(precip_data.tp)
        FROM precip_data
      )
    ORDER BY
      time
    LIMIT 1
  ) AS time_window_3
FROM lowest_point AS lp"
353,T,204,Show lowest precipitation (in mm) of the lowest point in Attica in February 2018,meteo_elevation;meteo_tp,false,"InternalError_: could not find CTE ""precip_data""","WITH lowest_point AS (
  SELECT
    me.latitude AS latitude,
    me.longitude AS longitude,
    me.elevation AS elevation
  FROM meteo_elevation AS me
  WHERE
    (ROUND(CAST(me.latitude AS DECIMAL), 1), ROUND(CAST(me.longitude AS DECIMAL), 1)) IN (
      (38.0, 23.2),
      (38.0, 23.3),
      (38.1, 23.3),
      (38.2, 23.3),
      (38.0, 23.4),
      (38.1, 23.4),
      (38.2, 23.4),
      (38.1, 23.5),
      (38.0, 23.6),
      (38.1, 23.6),
      (38.0, 23.7),
      (38.1, 23.7),
      (38.2, 23.7),
      (38.3, 23.7),
      (37.9, 23.8),
      (38.0, 23.8),
      (38.1, 23.8),
      (38.2, 23.8),
      (38.3, 23.8),
      (37.8, 23.9),
      (37.9, 23.9),
      (38.0, 23.9),
      (38.1, 23.9),
      (38.2, 23.9)
    )
  ORDER BY
    elevation
  LIMIT 1
), precip_data AS (
  SELECT
    tp.tp AS tp,
    tp.time AS time
  FROM meteo_tp AS tp
  JOIN lowest_point AS lp
    ON (ROUND(CAST(tp.latitude AS DECIMAL), 1), ROUND(CAST(tp.longitude AS DECIMAL), 1)) = (ROUND(CAST(lp.latitude AS DECIMAL), 1), ROUND(CAST(lp.longitude AS DECIMAL), 1))
  WHERE
    EXTRACT(MONTH FROM tp.time) = 2 AND EXTRACT(YEAR FROM tp.time) = 2018
)
SELECT
  lp.latitude AS latitude,
  lp.longitude AS longitude,
  lp.elevation AS lowest_point_elevation_m,
  (
    SELECT
      MIN(precip_data.tp) * 1000
    FROM precip_data
  ) AS time_window_2,
  (
    SELECT
      precip_data.time AS time
    FROM precip_data
    WHERE
      precip_data.tp = (
        SELECT
          MIN(precip_data.tp)
        FROM precip_data
      )
    ORDER BY
      time
    LIMIT 1
  ) AS time_window_3
FROM lowest_point AS lp"
354,T,204,Show lowest precipitation (in mm) of the lowest point in Canton of Bern in February 2018,meteo_elevation;meteo_tp,false,"InternalError_: could not find CTE ""precip_data""","WITH lowest_point AS (
  SELECT
    me.latitude AS latitude,
    me.longitude AS longitude,
    me.elevation AS elevation
  FROM meteo_elevation AS me
  WHERE
    (ROUND(CAST(me.latitude AS DECIMAL), 1), ROUND(CAST(me.longitude AS DECIMAL), 1)) IN (
      (47.1, 6.9),
      (47.0, 7.1),
      (47.1, 7.1),
      (47.2, 7.1),
      (47.1, 7.2),
      (47.2, 7.2),
      (46.4, 7.3),
      (46.5, 7.3),
      (46.9, 7.3),
      (47.0, 7.3),
      (47.1, 7.3),
      (47.2, 7.3),
      (46.4, 7.4),
      (46.5, 7.4),
      (46.6, 7.4),
      (46.7, 7.4),
      (46.8, 7.4),
      (46.9, 7.4),
      (47.0, 7.4),
      (47.3, 7.4),
      (46.4, 7.5),
      (46.5, 7.5),
      (46.6, 7.5),
      (46.7, 7.5),
      (46.8, 7.5),
      (46.9, 7.5),
      (47.0, 7.5),
      (47.1, 7.5),
      (47.3, 7.5),
      (46.5, 7.6),
      (46.6, 7.6),
      (46.7, 7.6),
      (46.8, 7.6),
      (46.9, 7.6),
      (47.0, 7.6),
      (47.1, 7.6),
      (46.5, 7.7),
      (46.6, 7.7),
      (46.7, 7.7),
      (46.8, 7.7),
      (46.9, 7.7),
      (47.0, 7.7),
      (47.1, 7.7),
      (47.2, 7.7),
      (46.5, 7.8),
      (46.6, 7.8),
      (46.7, 7.8),
      (46.8, 7.8),
      (46.9, 7.8),
      (47.0, 7.8),
      (47.1, 7.8),
      (47.2, 7.8),
      (46.5, 7.9),
      (46.6, 7.9),
      (46.7, 7.9),
      (46.8, 7.9),
      (47.0, 7.9),
      (46.6, 8.0),
      (46.7, 8.0),
      (46.6, 8.1),
      (46.7, 8.1),
      (46.6, 8.2),
      (46.7, 8.2),
      (46.6, 8.3),
      (46.7, 8.3)
    )
  ORDER BY
    elevation
  LIMIT 1
), precip_data AS (
  SELECT
    tp.tp AS tp,
    tp.time AS time
  FROM meteo_tp AS tp
  JOIN lowest_point AS lp
    ON (ROUND(CAST(tp.latitude AS DECIMAL), 1), ROUND(CAST(tp.longitude AS DECIMAL), 1)) = (ROUND(CAST(lp.latitude AS DECIMAL), 1), ROUND(CAST(lp.longitude AS DECIMAL), 1))
  WHERE
    EXTRACT(MONTH FROM tp.time) = 2 AND EXTRACT(YEAR FROM tp.time) = 2018
)
SELECT
  lp.latitude AS latitude,
  lp.longitude AS longitude,
  lp.elevation AS lowest_point_elevation_m,
  (
    SELECT
      MIN(precip_data.tp) * 1000
    FROM precip_data
  ) AS time_window_2,
  (
    SELECT
      precip_data.time AS time
    FROM precip_data
    WHERE
      precip_data.tp = (
        SELECT
          MIN(precip_data.tp)
        FROM precip_data
      )
    ORDER BY
      time
    LIMIT 1
  ) AS time_window_3
FROM lowest_point AS lp"
355,T,204,Show lowest precipitation (in mm) of the lowest point in Peloponnese in February 2018,meteo_elevation;meteo_tp,false,"InternalError_: could not find CTE ""precip_data""","WITH lowest_point AS (
  SELECT
    me.latitude AS latitude,
    me.longitude AS longitude,
    me.elevation AS elevation
  FROM meteo_elevation AS me
  WHERE
    (ROUND(CAST(me.latitude AS DECIMAL), 1), ROUND(CAST(me.longitude AS DECIMAL), 1)) IN (
      (37.9, 21.2),
      (37.8, 21.3),
      (37.9, 21.3),
      (38.0, 21.3),
      (37.7, 21.4),
      (37.8, 21.4),
      (37.9, 21.4),
      (38.0, 21.4),
      (38.1, 21.4),
      (37.6, 21.5),
      (37.7, 21.5),
      (37.8, 21.5),
      (37.9, 21.5),
      (38.0, 21.5),
      (38.1, 21.5),
      (37.1, 21.6),
      (37.2, 21.6),
      (37.6, 21.6),
      (37.7, 21.6),
      (37.8, 21.6),
      (37.9, 21.6),
      (38.0, 21.6),
      (38.1, 21.6),
      (36.9, 21.7),
      (37.0, 21.7),
      (37.1, 21.7),
      (37.2, 21.7),
      (37.3, 21.7),
      (37.4, 21.7),
      (37.5, 21.7),
      (37.6, 21.7),
      (37.7, 21.7),
      (37.8, 21.7),
      (37.9, 21.7),
      (38.0, 21.7),
      (38.1, 21.7),
      (38.2, 21.7),
      (36.9, 21.8),
      (37.0, 21.8),
      (37.1, 21.8),
      (37.2, 21.8),
      (37.3, 21.8),
      (37.4, 21.8),
      (37.5, 21.8),
      (37.6, 21.8),
      (37.7, 21.8),
      (37.8, 21.8),
      (37.9, 21.8),
      (38.0, 21.8),
      (38.1, 21.8),
      (38.2, 21.8),
      (38.3, 21.8),
      (36.8, 21.9),
      (36.9, 21.9),
      (37.0, 21.9),
      (37.1, 21.9),
      (37.2, 21.9),
      (37.3, 21.9),
      (37.4, 21.9),
      (37.5, 21.9),
      (37.6, 21.9),
      (37.7, 21.9),
      (37.8, 21.9),
      (37.9, 21.9),
      (38.0, 21.9),
      (38.1, 21.9),
      (38.2, 21.9),
      (38.3, 21.9),
      (37.1, 22.0),
      (37.2, 22.0),
      (37.3, 22.0),
      (37.4, 22.0),
      (37.5, 22.0),
      (37.6, 22.0),
      (37.7, 22.0),
      (37.8, 22.0),
      (37.9, 22.0),
      (38.0, 22.0),
      (38.1, 22.0),
      (38.2, 22.0),
      (38.3, 22.0),
      (37.1, 22.1),
      (37.2, 22.1),
      (37.3, 22.1),
      (37.4, 22.1),
      (37.5, 22.1),
      (37.6, 22.1),
      (37.7, 22.1),
      (37.8, 22.1),
      (37.9, 22.1),
      (38.0, 22.1),
      (38.1, 22.1),
      (38.2, 22.1),
      (37.0, 22.2),
      (37.1, 22.2),
      (37.2, 22.2),
      (37.3, 22.2),
      (37.4, 22.2),
      (37.5, 22.2),
      (37.6, 22.2),
      (37.7, 22.2),
      (37.8, 22.2),
      (37.9, 22.2),
      (38.0, 22.2),
      (38.1, 22.2),
      (36.8, 22.3),
      (36.9, 22.3),
      (37.0, 22.3),
      (37.1, 22.3),
      (37.2, 22.3),
      (37.3, 22.3),
      (37.4, 22.3),
      (37.5, 22.3),
      (37.6, 22.3),
      (37.7, 22.3),
      (37.8, 22.3),
      (37.9, 22.3),
      (38.0, 22.3),
      (38.1, 22.3),
      (36.5, 22.4),
      (36.6, 22.4),
      (36.7, 22.4),
      (36.8, 22.4),
      (36.9, 22.4),
      (37.0, 22.4),
      (37.1, 22.4),
      (37.2, 22.4),
      (37.3, 22.4),
      (37.4, 22.4),
      (37.5, 22.4),
      (37.6, 22.4),
      (37.7, 22.4),
      (37.8, 22.4),
      (37.9, 22.4),
      (38.0, 22.4),
      (38.1, 22.4),
      (36.7, 22.5),
      (36.8, 22.5),
      (36.9, 22.5),
      (37.0, 22.5),
      (37.1, 22.5),
      (37.2, 22.5),
      (37.3, 22.5),
      (37.4, 22.5),
      (37.5, 22.5),
      (37.6, 22.5),
      (37.7, 22.5),
      (37.8, 22.5),
      (37.9, 22.5),
      (38.0, 22.5),
      (38.1, 22.5),
      (36.8, 22.6),
      (36.9, 22.6),
      (37.0, 22.6),
      (37.1, 22.6),
      (37.2, 22.6),
      (37.3, 22.6),
      (37.4, 22.6),
      (37.5, 22.6),
      (37.6, 22.6),
      (37.7, 22.6),
      (37.8, 22.6),
      (37.9, 22.6),
      (38.0, 22.6),
      (36.9, 22.7),
      (37.0, 22.7),
      (37.1, 22.7),
      (37.2, 22.7),
      (37.3, 22.7),
      (37.4, 22.7),
      (37.5, 22.7),
      (37.6, 22.7),
      (37.7, 22.7),
      (37.8, 22.7),
      (37.9, 22.7),
      (38.0, 22.7),
      (36.8, 22.8),
      (36.9, 22.8),
      (37.0, 22.8),
      (37.1, 22.8),
      (37.2, 22.8),
      (37.3, 22.8),
      (37.6, 22.8),
      (37.7, 22.8),
      (37.8, 22.8),
      (37.9, 22.8),
      (36.7, 22.9),
      (36.8, 22.9),
      (36.9, 22.9),
      (37.0, 22.9),
      (37.1, 22.9),
      (37.6, 22.9),
      (37.7, 22.9),
      (37.8, 22.9),
      (37.9, 22.9),
      (36.6, 23.0),
      (36.7, 23.0),
      (36.8, 23.0),
      (36.9, 23.0),
      (37.0, 23.0),
      (37.5, 23.0),
      (37.6, 23.0),
      (37.7, 23.0),
      (37.8, 23.0),
      (37.9, 23.0),
      (36.5, 23.1),
      (37.5, 23.1),
      (37.6, 23.1),
      (37.7, 23.1),
      (37.8, 23.1),
      (37.3, 23.2),
      (37.4, 23.2),
      (37.5, 23.2),
      (37.4, 23.3),
      (37.5, 23.3),
      (37.5, 23.4),
      (37.6, 23.4)
    )
  ORDER BY
    elevation
  LIMIT 1
), precip_data AS (
  SELECT
    tp.tp AS tp,
    tp.time AS time
  FROM meteo_tp AS tp
  JOIN lowest_point AS lp
    ON (ROUND(CAST(tp.latitude AS DECIMAL), 1), ROUND(CAST(tp.longitude AS DECIMAL), 1)) = (ROUND(CAST(lp.latitude AS DECIMAL), 1), ROUND(CAST(lp.longitude AS DECIMAL), 1))
  WHERE
    EXTRACT(MONTH FROM tp.time) = 2 AND EXTRACT(YEAR FROM tp.time) = 2018
)
SELECT
  lp.latitude AS latitude,
  lp.longitude AS longitude,
  lp.elevation AS lowest_point_elevation_m,
  (
    SELECT
      MIN(precip_data.tp) * 1000
    FROM precip_data
  ) AS time_window_2,
  (
    SELECT
      precip_data.time AS time
    FROM precip_data
    WHERE
      precip_data.tp = (
        SELECT
          MIN(precip_data.tp)
        FROM precip_data
      )
    ORDER BY
      time
    LIMIT 1
  ) AS time_window_3
FROM lowest_point AS lp"
356,T,206,Show lowest precipitation (in mm) of the lowest point in City of Zurich between 2018 and 2019.,meteo_elevation;meteo_tp,false,"InternalError_: could not find CTE ""precip_data""","WITH lowest_point AS (
  SELECT
    me.latitude AS latitude,
    me.longitude AS longitude,
    me.elevation AS elevation
  FROM meteo_elevation AS me
  WHERE
    (ROUND(CAST(me.latitude AS DECIMAL), 1), ROUND(CAST(me.longitude AS DECIMAL), 1)) IN ((47.4, 8.5))
  ORDER BY
    elevation
  LIMIT 1
), precip_data AS (
  SELECT
    tp.tp AS tp,
    tp.time AS time
  FROM meteo_tp AS tp
  JOIN lowest_point AS lp
    ON (ROUND(CAST(tp.latitude AS DECIMAL), 1), ROUND(CAST(tp.longitude AS DECIMAL), 1)) = (ROUND(CAST(lp.latitude AS DECIMAL), 1), ROUND(CAST(lp.longitude AS DECIMAL), 1))
  WHERE
    EXTRACT(YEAR FROM tp.time) BETWEEN 2018 AND 2019
)
SELECT
  lp.latitude AS latitude,
  lp.longitude AS longitude,
  lp.elevation AS lowest_point_elevation_m,
  (
    SELECT
      MIN(precip_data.tp) * 1000
    FROM precip_data
  ) AS time_window_2,
  (
    SELECT
      precip_data.time AS time
    FROM precip_data
    WHERE
      precip_data.tp = (
        SELECT
          MIN(precip_data.tp)
        FROM precip_data
      )
    ORDER BY
      time
    LIMIT 1
  ) AS time_window_3
FROM lowest_point AS lp"
357,T,206,Show lowest precipitation (in mm) of the lowest point in Attica between 2018 and 2019.,meteo_elevation;meteo_tp,false,"InternalError_: could not find CTE ""precip_data""","WITH lowest_point AS (
  SELECT
    me.latitude AS latitude,
    me.longitude AS longitude,
    me.elevation AS elevation
  FROM meteo_elevation AS me
  WHERE
    (ROUND(CAST(me.latitude AS DECIMAL), 1), ROUND(CAST(me.longitude AS DECIMAL), 1)) IN (
      (38.0, 23.2),
      (38.0, 23.3),
      (38.1, 23.3),
      (38.2, 23.3),
      (38.0, 23.4),
      (38.1, 23.4),
      (38.2, 23.4),
      (38.1, 23.5),
      (38.0, 23.6),
      (38.1, 23.6),
      (38.0, 23.7),
      (38.1, 23.7),
      (38.2, 23.7),
      (38.3, 23.7),
      (37.9, 23.8),
      (38.0, 23.8),
      (38.1, 23.8),
      (38.2, 23.8),
      (38.3, 23.8),
      (37.8, 23.9),
      (37.9, 23.9),
      (38.0, 23.9),
      (38.1, 23.9),
      (38.2, 23.9)
    )
  ORDER BY
    elevation
  LIMIT 1
), precip_data AS (
  SELECT
    tp.tp AS tp,
    tp.time AS time
  FROM meteo_tp AS tp
  JOIN lowest_point AS lp
    ON (ROUND(CAST(tp.latitude AS DECIMAL), 1), ROUND(CAST(tp.longitude AS DECIMAL), 1)) = (ROUND(CAST(lp.latitude AS DECIMAL), 1), ROUND(CAST(lp.longitude AS DECIMAL), 1))
  WHERE
    EXTRACT(YEAR FROM tp.time) BETWEEN 2018 AND 2019
)
SELECT
  lp.latitude AS latitude,
  lp.longitude AS longitude,
  lp.elevation AS lowest_point_elevation_m,
  (
    SELECT
      MIN(precip_data.tp) * 1000
    FROM precip_data
  ) AS time_window_2,
  (
    SELECT
      precip_data.time AS time
    FROM precip_data
    WHERE
      precip_data.tp = (
        SELECT
          MIN(precip_data.tp)
        FROM precip_data
      )
    ORDER BY
      time
    LIMIT 1
  ) AS time_window_3
FROM lowest_point AS lp"
358,T,206,Show lowest precipitation (in mm) of the lowest point in Canton of Bern between 2018 and 2019.,meteo_elevation;meteo_tp,false,"InternalError_: could not find CTE ""precip_data""","WITH lowest_point AS (
  SELECT
    me.latitude AS latitude,
    me.longitude AS longitude,
    me.elevation AS elevation
  FROM meteo_elevation AS me
  WHERE
    (ROUND(CAST(me.latitude AS DECIMAL), 1), ROUND(CAST(me.longitude AS DECIMAL), 1)) IN (
      (47.1, 6.9),
      (47.0, 7.1),
      (47.1, 7.1),
      (47.2, 7.1),
      (47.1, 7.2),
      (47.2, 7.2),
      (46.4, 7.3),
      (46.5, 7.3),
      (46.9, 7.3),
      (47.0, 7.3),
      (47.1, 7.3),
      (47.2, 7.3),
      (46.4, 7.4),
      (46.5, 7.4),
      (46.6, 7.4),
      (46.7, 7.4),
      (46.8, 7.4),
      (46.9, 7.4),
      (47.0, 7.4),
      (47.3, 7.4),
      (46.4, 7.5),
      (46.5, 7.5),
      (46.6, 7.5),
      (46.7, 7.5),
      (46.8, 7.5),
      (46.9, 7.5),
      (47.0, 7.5),
      (47.1, 7.5),
      (47.3, 7.5),
      (46.5, 7.6),
      (46.6, 7.6),
      (46.7, 7.6),
      (46.8, 7.6),
      (46.9, 7.6),
      (47.0, 7.6),
      (47.1, 7.6),
      (46.5, 7.7),
      (46.6, 7.7),
      (46.7, 7.7),
      (46.8, 7.7),
      (46.9, 7.7),
      (47.0, 7.7),
      (47.1, 7.7),
      (47.2, 7.7),
      (46.5, 7.8),
      (46.6, 7.8),
      (46.7, 7.8),
      (46.8, 7.8),
      (46.9, 7.8),
      (47.0, 7.8),
      (47.1, 7.8),
      (47.2, 7.8),
      (46.5, 7.9),
      (46.6, 7.9),
      (46.7, 7.9),
      (46.8, 7.9),
      (47.0, 7.9),
      (46.6, 8.0),
      (46.7, 8.0),
      (46.6, 8.1),
      (46.7, 8.1),
      (46.6, 8.2),
      (46.7, 8.2),
      (46.6, 8.3),
      (46.7, 8.3)
    )
  ORDER BY
    elevation
  LIMIT 1
), precip_data AS (
  SELECT
    tp.tp AS tp,
    tp.time AS time
  FROM meteo_tp AS tp
  JOIN lowest_point AS lp
    ON (ROUND(CAST(tp.latitude AS DECIMAL), 1), ROUND(CAST(tp.longitude AS DECIMAL), 1)) = (ROUND(CAST(lp.latitude AS DECIMAL), 1), ROUND(CAST(lp.longitude AS DECIMAL), 1))
  WHERE
    EXTRACT(YEAR FROM tp.time) BETWEEN 2018 AND 2019
)
SELECT
  lp.latitude AS latitude,
  lp.longitude AS longitude,
  lp.elevation AS lowest_point_elevation_m,
  (
    SELECT
      MIN(precip_data.tp) * 1000
    FROM precip_data
  ) AS time_window_2,
  (
    SELECT
      precip_data.time AS time
    FROM precip_data
    WHERE
      precip_data.tp = (
        SELECT
          MIN(precip_data.tp)
        FROM precip_data
      )
    ORDER BY
      time
    LIMIT 1
  ) AS time_window_3
FROM lowest_point AS lp"
359,T,206,Show lowest precipitation (in mm) of the lowest point in Peloponnese between 2018 and 2019.,meteo_elevation;meteo_tp,false,"InternalError_: could not find CTE ""precip_data""","WITH lowest_point AS (
  SELECT
    me.latitude AS latitude,
    me.longitude AS longitude,
    me.elevation AS elevation
  FROM meteo_elevation AS me
  WHERE
    (ROUND(CAST(me.latitude AS DECIMAL), 1), ROUND(CAST(me.longitude AS DECIMAL), 1)) IN (
      (37.9, 21.2),
      (37.8, 21.3),
      (37.9, 21.3),
      (38.0, 21.3),
      (37.7, 21.4),
      (37.8, 21.4),
      (37.9, 21.4),
      (38.0, 21.4),
      (38.1, 21.4),
      (37.6, 21.5),
      (37.7, 21.5),
      (37.8, 21.5),
      (37.9, 21.5),
      (38.0, 21.5),
      (38.1, 21.5),
      (37.1, 21.6),
      (37.2, 21.6),
      (37.6, 21.6),
      (37.7, 21.6),
      (37.8, 21.6),
      (37.9, 21.6),
      (38.0, 21.6),
      (38.1, 21.6),
      (36.9, 21.7),
      (37.0, 21.7),
      (37.1, 21.7),
      (37.2, 21.7),
      (37.3, 21.7),
      (37.4, 21.7),
      (37.5, 21.7),
      (37.6, 21.7),
      (37.7, 21.7),
      (37.8, 21.7),
      (37.9, 21.7),
      (38.0, 21.7),
      (38.1, 21.7),
      (38.2, 21.7),
      (36.9, 21.8),
      (37.0, 21.8),
      (37.1, 21.8),
      (37.2, 21.8),
      (37.3, 21.8),
      (37.4, 21.8),
      (37.5, 21.8),
      (37.6, 21.8),
      (37.7, 21.8),
      (37.8, 21.8),
      (37.9, 21.8),
      (38.0, 21.8),
      (38.1, 21.8),
      (38.2, 21.8),
      (38.3, 21.8),
      (36.8, 21.9),
      (36.9, 21.9),
      (37.0, 21.9),
      (37.1, 21.9),
      (37.2, 21.9),
      (37.3, 21.9),
      (37.4, 21.9),
      (37.5, 21.9),
      (37.6, 21.9),
      (37.7, 21.9),
      (37.8, 21.9),
      (37.9, 21.9),
      (38.0, 21.9),
      (38.1, 21.9),
      (38.2, 21.9),
      (38.3, 21.9),
      (37.1, 22.0),
      (37.2, 22.0),
      (37.3, 22.0),
      (37.4, 22.0),
      (37.5, 22.0),
      (37.6, 22.0),
      (37.7, 22.0),
      (37.8, 22.0),
      (37.9, 22.0),
      (38.0, 22.0),
      (38.1, 22.0),
      (38.2, 22.0),
      (38.3, 22.0),
      (37.1, 22.1),
      (37.2, 22.1),
      (37.3, 22.1),
      (37.4, 22.1),
      (37.5, 22.1),
      (37.6, 22.1),
      (37.7, 22.1),
      (37.8, 22.1),
      (37.9, 22.1),
      (38.0, 22.1),
      (38.1, 22.1),
      (38.2, 22.1),
      (37.0, 22.2),
      (37.1, 22.2),
      (37.2, 22.2),
      (37.3, 22.2),
      (37.4, 22.2),
      (37.5, 22.2),
      (37.6, 22.2),
      (37.7, 22.2),
      (37.8, 22.2),
      (37.9, 22.2),
      (38.0, 22.2),
      (38.1, 22.2),
      (36.8, 22.3),
      (36.9, 22.3),
      (37.0, 22.3),
      (37.1, 22.3),
      (37.2, 22.3),
      (37.3, 22.3),
      (37.4, 22.3),
      (37.5, 22.3),
      (37.6, 22.3),
      (37.7, 22.3),
      (37.8, 22.3),
      (37.9, 22.3),
      (38.0, 22.3),
      (38.1, 22.3),
      (36.5, 22.4),
      (36.6, 22.4),
      (36.7, 22.4),
      (36.8, 22.4),
      (36.9, 22.4),
      (37.0, 22.4),
      (37.1, 22.4),
      (37.2, 22.4),
      (37.3, 22.4),
      (37.4, 22.4),
      (37.5, 22.4),
      (37.6, 22.4),
      (37.7, 22.4),
      (37.8, 22.4),
      (37.9, 22.4),
      (38.0, 22.4),
      (38.1, 22.4),
      (36.7, 22.5),
      (36.8, 22.5),
      (36.9, 22.5),
      (37.0, 22.5),
      (37.1, 22.5),
      (37.2, 22.5),
      (37.3, 22.5),
      (37.4, 22.5),
      (37.5, 22.5),
      (37.6, 22.5),
      (37.7, 22.5),
      (37.8, 22.5),
      (37.9, 22.5),
      (38.0, 22.5),
      (38.1, 22.5),
      (36.8, 22.6),
      (36.9, 22.6),
      (37.0, 22.6),
      (37.1, 22.6),
      (37.2, 22.6),
      (37.3, 22.6),
      (37.4, 22.6),
      (37.5, 22.6),
      (37.6, 22.6),
      (37.7, 22.6),
      (37.8, 22.6),
      (37.9, 22.6),
      (38.0, 22.6),
      (36.9, 22.7),
      (37.0, 22.7),
      (37.1, 22.7),
      (37.2, 22.7),
      (37.3, 22.7),
      (37.4, 22.7),
      (37.5, 22.7),
      (37.6, 22.7),
      (37.7, 22.7),
      (37.8, 22.7),
      (37.9, 22.7),
      (38.0, 22.7),
      (36.8, 22.8),
      (36.9, 22.8),
      (37.0, 22.8),
      (37.1, 22.8),
      (37.2, 22.8),
      (37.3, 22.8),
      (37.6, 22.8),
      (37.7, 22.8),
      (37.8, 22.8),
      (37.9, 22.8),
      (36.7, 22.9),
      (36.8, 22.9),
      (36.9, 22.9),
      (37.0, 22.9),
      (37.1, 22.9),
      (37.6, 22.9),
      (37.7, 22.9),
      (37.8, 22.9),
      (37.9, 22.9),
      (36.6, 23.0),
      (36.7, 23.0),
      (36.8, 23.0),
      (36.9, 23.0),
      (37.0, 23.0),
      (37.5, 23.0),
      (37.6, 23.0),
      (37.7, 23.0),
      (37.8, 23.0),
      (37.9, 23.0),
      (36.5, 23.1),
      (37.5, 23.1),
      (37.6, 23.1),
      (37.7, 23.1),
      (37.8, 23.1),
      (37.3, 23.2),
      (37.4, 23.2),
      (37.5, 23.2),
      (37.4, 23.3),
      (37.5, 23.3),
      (37.5, 23.4),
      (37.6, 23.4)
    )
  ORDER BY
    elevation
  LIMIT 1
), precip_data AS (
  SELECT
    tp.tp AS tp,
    tp.time AS time
  FROM meteo_tp AS tp
  JOIN lowest_point AS lp
    ON (ROUND(CAST(tp.latitude AS DECIMAL), 1), ROUND(CAST(tp.longitude AS DECIMAL), 1)) = (ROUND(CAST(lp.latitude AS DECIMAL), 1), ROUND(CAST(lp.longitude AS DECIMAL), 1))
  WHERE
    EXTRACT(YEAR FROM tp.time) BETWEEN 2018 AND 2019
)
SELECT
  lp.latitude AS latitude,
  lp.longitude AS longitude,
  lp.elevation AS lowest_point_elevation_m,
  (
    SELECT
      MIN(precip_data.tp) * 1000
    FROM precip_data
  ) AS time_window_2,
  (
    SELECT
      precip_data.time AS time
    FROM precip_data
    WHERE
      precip_data.tp = (
        SELECT
          MIN(precip_data.tp)
        FROM precip_data
      )
    ORDER BY
      time
    LIMIT 1
  ) AS time_window_3
FROM lowest_point AS lp"
360,G,207,"Show solar radiation in the City of Zurich on July 15, 2018 in descending order.",meteo_ssrd,true,,
361,G,207,"Show solar radiation in the Attica on July 15, 2018 in descending order.",meteo_ssrd,true,,
362,G,207,"Show solar radiation in the Canton of Bern on July 15, 2018 in descending order.",meteo_ssrd,true,,
363,G,207,"Show solar radiation in the Peloponnese on July 15, 2018 in descending order.",meteo_ssrd,true,,
364,G,209,Show monthly solar radiation in City of Zurich in 2015 in descending order.,meteo_ssrd,false,InternalError_: ProvSQL: ORDER BY on the result of an aggregate function is not supported,"SELECT
  EXTRACT(MONTH FROM msr.time) AS time_window_0,
  SUM(msr.ssrd) AS ssrd
FROM meteo_ssrd AS msr
WHERE
  (
    ROUND(CAST(msr.latitude AS DECIMAL), 1),
    ROUND(CAST(msr.longitude AS DECIMAL), 1)
  ) IN ((47.4, 8.5))
  AND EXTRACT(YEAR FROM msr.time) = 2015
GROUP BY
  EXTRACT(MONTH FROM msr.time)
ORDER BY
  ssrd DESC"
365,G,209,Show monthly solar radiation in Attica in 2015 in descending order.,meteo_ssrd,false,InternalError_: ProvSQL: ORDER BY on the result of an aggregate function is not supported,"SELECT
  EXTRACT(MONTH FROM msr.time) AS time_window_0,
  SUM(msr.ssrd) AS ssrd
FROM meteo_ssrd AS msr
WHERE
  (
    ROUND(CAST(msr.latitude AS DECIMAL), 1),
    ROUND(CAST(msr.longitude AS DECIMAL), 1)
  ) IN (
    (38.0, 23.2),
    (38.0, 23.3),
    (38.1, 23.3),
    (38.2, 23.3),
    (38.0, 23.4),
    (38.1, 23.4),
    (38.2, 23.4),
    (38.1, 23.5),
    (38.0, 23.6),
    (38.1, 23.6),
    (38.0, 23.7),
    (38.1, 23.7),
    (38.2, 23.7),
    (38.3, 23.7),
    (37.9, 23.8),
    (38.0, 23.8),
    (38.1, 23.8),
    (38.2, 23.8),
    (38.3, 23.8),
    (37.8, 23.9),
    (37.9, 23.9),
    (38.0, 23.9),
    (38.1, 23.9),
    (38.2, 23.9)
  )
  AND EXTRACT(YEAR FROM msr.time) = 2015
GROUP BY
  EXTRACT(MONTH FROM msr.time)
ORDER BY
  ssrd DESC"
366,G,209,Show monthly solar radiation in Canton of Bern in 2015 in descending order.,meteo_ssrd,false,InternalError_: ProvSQL: ORDER BY on the result of an aggregate function is not supported,"SELECT
  EXTRACT(MONTH FROM msr.time) AS time_window_0,
  SUM(msr.ssrd) AS ssrd
FROM meteo_ssrd AS msr
WHERE
  (
    ROUND(CAST(msr.latitude AS DECIMAL), 1),
    ROUND(CAST(msr.longitude AS DECIMAL), 1)
  ) IN (
    (47.1, 6.9),
    (47.0, 7.1),
    (47.1, 7.1),
    (47.2, 7.1),
    (47.1, 7.2),
    (47.2, 7.2),
    (46.4, 7.3),
    (46.5, 7.3),
    (46.9, 7.3),
    (47.0, 7.3),
    (47.1, 7.3),
    (47.2, 7.3),
    (46.4, 7.4),
    (46.5, 7.4),
    (46.6, 7.4),
    (46.7, 7.4),
    (46.8, 7.4),
    (46.9, 7.4),
    (47.0, 7.4),
    (47.3, 7.4),
    (46.4, 7.5),
    (46.5, 7.5),
    (46.6, 7.5),
    (46.7, 7.5),
    (46.8, 7.5),
    (46.9, 7.5),
    (47.0, 7.5),
    (47.1, 7.5),
    (47.3, 7.5),
    (46.5, 7.6),
    (46.6, 7.6),
    (46.7, 7.6),
    (46.8, 7.6),
    (46.9, 7.6),
    (47.0, 7.6),
    (47.1, 7.6),
    (46.5, 7.7),
    (46.6, 7.7),
    (46.7, 7.7),
    (46.8, 7.7),
    (46.9, 7.7),
    (47.0, 7.7),
    (47.1, 7.7),
    (47.2, 7.7),
    (46.5, 7.8),
    (46.6, 7.8),
    (46.7, 7.8),
    (46.8, 7.8),
    (46.9, 7.8),
    (47.0, 7.8),
    (47.1, 7.8),
    (47.2, 7.8),
    (46.5, 7.9),
    (46.6, 7.9),
    (46.7, 7.9),
    (46.8, 7.9),
    (47.0, 7.9),
    (46.6, 8.0),
    (46.7, 8.0),
    (46.6, 8.1),
    (46.7, 8.1),
    (46.6, 8.2),
    (46.7, 8.2),
    (46.6, 8.3),
    (46.7, 8.3)
  )
  AND EXTRACT(YEAR FROM msr.time) = 2015
GROUP BY
  EXTRACT(MONTH FROM msr.time)
ORDER BY
  ssrd DESC"
367,G,209,Show monthly solar radiation in Peloponnese in 2015 in descending order.,meteo_ssrd,false,InternalError_: ProvSQL: ORDER BY on the result of an aggregate function is not supported,"SELECT
  EXTRACT(MONTH FROM msr.time) AS time_window_0,
  SUM(msr.ssrd) AS ssrd
FROM meteo_ssrd AS msr
WHERE
  (
    ROUND(CAST(msr.latitude AS DECIMAL), 1),
    ROUND(CAST(msr.longitude AS DECIMAL), 1)
  ) IN (
    (37.9, 21.2),
    (37.8, 21.3),
    (37.9, 21.3),
    (38.0, 21.3),
    (37.7, 21.4),
    (37.8, 21.4),
    (37.9, 21.4),
    (38.0, 21.4),
    (38.1, 21.4),
    (37.6, 21.5),
    (37.7, 21.5),
    (37.8, 21.5),
    (37.9, 21.5),
    (38.0, 21.5),
    (38.1, 21.5),
    (37.1, 21.6),
    (37.2, 21.6),
    (37.6, 21.6),
    (37.7, 21.6),
    (37.8, 21.6),
    (37.9, 21.6),
    (38.0, 21.6),
    (38.1, 21.6),
    (36.9, 21.7),
    (37.0, 21.7),
    (37.1, 21.7),
    (37.2, 21.7),
    (37.3, 21.7),
    (37.4, 21.7),
    (37.5, 21.7),
    (37.6, 21.7),
    (37.7, 21.7),
    (37.8, 21.7),
    (37.9, 21.7),
    (38.0, 21.7),
    (38.1, 21.7),
    (38.2, 21.7),
    (36.9, 21.8),
    (37.0, 21.8),
    (37.1, 21.8),
    (37.2, 21.8),
    (37.3, 21.8),
    (37.4, 21.8),
    (37.5, 21.8),
    (37.6, 21.8),
    (37.7, 21.8),
    (37.8, 21.8),
    (37.9, 21.8),
    (38.0, 21.8),
    (38.1, 21.8),
    (38.2, 21.8),
    (38.3, 21.8),
    (36.8, 21.9),
    (36.9, 21.9),
    (37.0, 21.9),
    (37.1, 21.9),
    (37.2, 21.9),
    (37.3, 21.9),
    (37.4, 21.9),
    (37.5, 21.9),
    (37.6, 21.9),
    (37.7, 21.9),
    (37.8, 21.9),
    (37.9, 21.9),
    (38.0, 21.9),
    (38.1, 21.9),
    (38.2, 21.9),
    (38.3, 21.9),
    (37.1, 22.0),
    (37.2, 22.0),
    (37.3, 22.0),
    (37.4, 22.0),
    (37.5, 22.0),
    (37.6, 22.0),
    (37.7, 22.0),
    (37.8, 22.0),
    (37.9, 22.0),
    (38.0, 22.0),
    (38.1, 22.0),
    (38.2, 22.0),
    (38.3, 22.0),
    (37.1, 22.1),
    (37.2, 22.1),
    (37.3, 22.1),
    (37.4, 22.1),
    (37.5, 22.1),
    (37.6, 22.1),
    (37.7, 22.1),
    (37.8, 22.1),
    (37.9, 22.1),
    (38.0, 22.1),
    (38.1, 22.1),
    (38.2, 22.1),
    (37.0, 22.2),
    (37.1, 22.2),
    (37.2, 22.2),
    (37.3, 22.2),
    (37.4, 22.2),
    (37.5, 22.2),
    (37.6, 22.2),
    (37.7, 22.2),
    (37.8, 22.2),
    (37.9, 22.2),
    (38.0, 22.2),
    (38.1, 22.2),
    (36.8, 22.3),
    (36.9, 22.3),
    (37.0, 22.3),
    (37.1, 22.3),
    (37.2, 22.3),
    (37.3, 22.3),
    (37.4, 22.3),
    (37.5, 22.3),
    (37.6, 22.3),
    (37.7, 22.3),
    (37.8, 22.3),
    (37.9, 22.3),
    (38.0, 22.3),
    (38.1, 22.3),
    (36.5, 22.4),
    (36.6, 22.4),
    (36.7, 22.4),
    (36.8, 22.4),
    (36.9, 22.4),
    (37.0, 22.4),
    (37.1, 22.4),
    (37.2, 22.4),
    (37.3, 22.4),
    (37.4, 22.4),
    (37.5, 22.4),
    (37.6, 22.4),
    (37.7, 22.4),
    (37.8, 22.4),
    (37.9, 22.4),
    (38.0, 22.4),
    (38.1, 22.4),
    (36.7, 22.5),
    (36.8, 22.5),
    (36.9, 22.5),
    (37.0, 22.5),
    (37.1, 22.5),
    (37.2, 22.5),
    (37.3, 22.5),
    (37.4, 22.5),
    (37.5, 22.5),
    (37.6, 22.5),
    (37.7, 22.5),
    (37.8, 22.5),
    (37.9, 22.5),
    (38.0, 22.5),
    (38.1, 22.5),
    (36.8, 22.6),
    (36.9, 22.6),
    (37.0, 22.6),
    (37.1, 22.6),
    (37.2, 22.6),
    (37.3, 22.6),
    (37.4, 22.6),
    (37.5, 22.6),
    (37.6, 22.6),
    (37.7, 22.6),
    (37.8, 22.6),
    (37.9, 22.6),
    (38.0, 22.6),
    (36.9, 22.7),
    (37.0, 22.7),
    (37.1, 22.7),
    (37.2, 22.7),
    (37.3, 22.7),
    (37.4, 22.7),
    (37.5, 22.7),
    (37.6, 22.7),
    (37.7, 22.7),
    (37.8, 22.7),
    (37.9, 22.7),
    (38.0, 22.7),
    (36.8, 22.8),
    (36.9, 22.8),
    (37.0, 22.8),
    (37.1, 22.8),
    (37.2, 22.8),
    (37.3, 22.8),
    (37.6, 22.8),
    (37.7, 22.8),
    (37.8, 22.8),
    (37.9, 22.8),
    (36.7, 22.9),
    (36.8, 22.9),
    (36.9, 22.9),
    (37.0, 22.9),
    (37.1, 22.9),
    (37.6, 22.9),
    (37.7, 22.9),
    (37.8, 22.9),
    (37.9, 22.9),
    (36.6, 23.0),
    (36.7, 23.0),
    (36.8, 23.0),
    (36.9, 23.0),
    (37.0, 23.0),
    (37.5, 23.0),
    (37.6, 23.0),
    (37.7, 23.0),
    (37.8, 23.0),
    (37.9, 23.0),
    (36.5, 23.1),
    (37.5, 23.1),
    (37.6, 23.1),
    (37.7, 23.1),
    (37.8, 23.1),
    (37.3, 23.2),
    (37.4, 23.2),
    (37.5, 23.2),
    (37.4, 23.3),
    (37.5, 23.3),
    (37.5, 23.4),
    (37.6, 23.4)
  )
  AND EXTRACT(YEAR FROM msr.time) = 2015
GROUP BY
  EXTRACT(MONTH FROM msr.time)
ORDER BY
  ssrd DESC"
368,G,210,Show solar radiation in City of Zurich in 2015 in descending order,meteo_ssrd,true,,
369,G,210,Show solar radiation in Attica in 2015 in descending order,meteo_ssrd,true,,
370,G,210,Show solar radiation in Canton of Bern in 2015 in descending order,meteo_ssrd,true,,
371,G,210,Show solar radiation in Peloponnese in 2015 in descending order,meteo_ssrd,true,,
372,B,212,"What was the maximum precipitation in City of Zurich on July 15, 2018?",meteo_tp,true,,
373,B,212,"What was the maximum precipitation in Attica on July 15, 2018?",meteo_tp,true,,
374,B,212,"What was the maximum precipitation in Canton of Bern on July 15, 2018?",meteo_tp,true,,
375,B,212,"What was the maximum precipitation in Peloponnese on July 15, 2018?",meteo_tp,true,,
376,B,213,What was the maximum precipitation in City of Zurich during week 12 of 2018?,meteo_tp,true,,
377,B,213,What was the maximum precipitation in Attica during week 12 of 2018?,meteo_tp,true,,
378,B,213,What was the maximum precipitation in Canton of Bern during week 12 of 2018?,meteo_tp,true,,
379,B,213,What was the maximum precipitation in Peloponnese during week 12 of 2018?,meteo_tp,true,,
380,B,214,What was the maximum precipitation in City of Zurich in February 2018?,meteo_tp,true,,
381,B,214,What was the maximum precipitation in Attica in February 2018?,meteo_tp,true,,
382,B,214,What was the maximum precipitation in Canton of Bern in February 2018?,meteo_tp,true,,
383,B,214,What was the maximum precipitation in Peloponnese in February 2018?,meteo_tp,true,,
384,J,218,What was the greatest wind speed in City of Zurich during week 10 of 2018 at elevations below 1500m?,meteo_elevation;meteo_windspeedmax,false,"InternalError_: could not find CTE ""wind_data_2018_w10""","WITH place_0 AS (
  SELECT
    me.latitude AS latitude,
    me.longitude AS longitude
  FROM meteo_elevation AS me
  WHERE
    (ROUND(CAST(me.latitude AS DECIMAL), 1), ROUND(CAST(me.longitude AS DECIMAL), 1)) IN ((47.4, 8.5))
    AND me.elevation < 1500
), wind_data_2018_w10 AS (
  SELECT
    wsm.time AS time,
    wsm.windspeedmax AS windspeedmax,
    wsm.latitude AS latitude,
    wsm.longitude AS longitude
  FROM meteo_windspeedmax AS wsm
  INNER JOIN place_0 AS z
    ON (
      ROUND(CAST(wsm.latitude AS DECIMAL), 1),
      ROUND(CAST(wsm.longitude AS DECIMAL), 1)
    ) = (ROUND(CAST(z.latitude AS DECIMAL), 1), ROUND(CAST(z.longitude AS DECIMAL), 1))
  WHERE
    EXTRACT(WEEK FROM wsm.time) = 10 AND EXTRACT(YEAR FROM wsm.time) = 2018
)
SELECT
  MAX(wind_data_2018_w10.windspeedmax) AS greatest_wind_speed_2018_w10,
  wind_data_2018_w10.latitude AS latitude,
  wind_data_2018_w10.longitude AS longitude
FROM wind_data_2018_w10
WHERE
  wind_data_2018_w10.windspeedmax = (
    SELECT
      MAX(wind_data_2018_w10.windspeedmax)
    FROM wind_data_2018_w10
  )
GROUP BY
  (wind_data_2018_w10.longitude, wind_data_2018_w10.latitude)
LIMIT 1"
385,J,218,What was the greatest wind speed in Attica during week 10 of 2018 at elevations below 1500m?,meteo_elevation;meteo_windspeedmax,false,"InternalError_: could not find CTE ""wind_data_2018_w10""","WITH place_0 AS (
  SELECT
    me.latitude AS latitude,
    me.longitude AS longitude
  FROM meteo_elevation AS me
  WHERE
    (ROUND(CAST(me.latitude AS DECIMAL), 1), ROUND(CAST(me.longitude AS DECIMAL), 1)) IN (
      (38.0, 23.2),
      (38.0, 23.3),
      (38.1, 23.3),
      (38.2, 23.3),
      (38.0, 23.4),
      (38.1, 23.4),
      (38.2, 23.4),
      (38.1, 23.5),
      (38.0, 23.6),
      (38.1, 23.6),
      (38.0, 23.7),
      (38.1, 23.7),
      (38.2, 23.7),
      (38.3, 23.7),
      (37.9, 23.8),
      (38.0, 23.8),
      (38.1, 23.8),
      (38.2, 23.8),
      (38.3, 23.8),
      (37.8, 23.9),
      (37.9, 23.9),
      (38.0, 23.9),
      (38.1, 23.9),
      (38.2, 23.9)
    )
    AND me.elevation < 1500
), wind_data_2018_w10 AS (
  SELECT
    wsm.time AS time,
    wsm.windspeedmax AS windspeedmax,
    wsm.latitude AS latitude,
    wsm.longitude AS longitude
  FROM meteo_windspeedmax AS wsm
  INNER JOIN place_0 AS z
    ON (
      ROUND(CAST(wsm.latitude AS DECIMAL), 1),
      ROUND(CAST(wsm.longitude AS DECIMAL), 1)
    ) = (ROUND(CAST(z.latitude AS DECIMAL), 1), ROUND(CAST(z.longitude AS DECIMAL), 1))
  WHERE
    EXTRACT(WEEK FROM wsm.time) = 10 AND EXTRACT(YEAR FROM wsm.time) = 2018
)
SELECT
  MAX(wind_data_2018_w10.windspeedmax) AS greatest_wind_speed_2018_w10,
  wind_data_2018_w10.latitude AS latitude,
  wind_data_2018_w10.longitude AS longitude
FROM wind_data_2018_w10
WHERE
  wind_data_2018_w10.windspeedmax = (
    SELECT
      MAX(wind_data_2018_w10.windspeedmax)
    FROM wind_data_2018_w10
  )
GROUP BY
  (wind_data_2018_w10.longitude, wind_data_2018_w10.latitude)
LIMIT 1"
386,J,218,What was the greatest wind speed in Canton of Bern during week 10 of 2018 at elevations below 1500m?,meteo_elevation;meteo_windspeedmax,false,"InternalError_: could not find CTE ""wind_data_2018_w10""","WITH place_0 AS (
  SELECT
    me.latitude AS latitude,
    me.longitude AS longitude
  FROM meteo_elevation AS me
  WHERE
    (ROUND(CAST(me.latitude AS DECIMAL), 1), ROUND(CAST(me.longitude AS DECIMAL), 1)) IN (
      (47.1, 6.9),
      (47.0, 7.1),
      (47.1, 7.1),
      (47.2, 7.1),
      (47.1, 7.2),
      (47.2, 7.2),
      (46.4, 7.3),
      (46.5, 7.3),
      (46.9, 7.3),
      (47.0, 7.3),
      (47.1, 7.3),
      (47.2, 7.3),
      (46.4, 7.4),
      (46.5, 7.4),
      (46.6, 7.4),
      (46.7, 7.4),
      (46.8, 7.4),
      (46.9, 7.4),
      (47.0, 7.4),
      (47.3, 7.4),
      (46.4, 7.5),
      (46.5, 7.5),
      (46.6, 7.5),
      (46.7, 7.5),
      (46.8, 7.5),
      (46.9, 7.5),
      (47.0, 7.5),
      (47.1, 7.5),
      (47.3, 7.5),
      (46.5, 7.6),
      (46.6, 7.6),
      (46.7, 7.6),
      (46.8, 7.6),
      (46.9, 7.6),
      (47.0, 7.6),
      (47.1, 7.6),
      (46.5, 7.7),
      (46.6, 7.7),
      (46.7, 7.7),
      (46.8, 7.7),
      (46.9, 7.7),
      (47.0, 7.7),
      (47.1, 7.7),
      (47.2, 7.7),
      (46.5, 7.8),
      (46.6, 7.8),
      (46.7, 7.8),
      (46.8, 7.8),
      (46.9, 7.8),
      (47.0, 7.8),
      (47.1, 7.8),
      (47.2, 7.8),
      (46.5, 7.9),
      (46.6, 7.9),
      (46.7, 7.9),
      (46.8, 7.9),
      (47.0, 7.9),
      (46.6, 8.0),
      (46.7, 8.0),
      (46.6, 8.1),
      (46.7, 8.1),
      (46.6, 8.2),
      (46.7, 8.2),
      (46.6, 8.3),
      (46.7, 8.3)
    )
    AND me.elevation < 1500
), wind_data_2018_w10 AS (
  SELECT
    wsm.time AS time,
    wsm.windspeedmax AS windspeedmax,
    wsm.latitude AS latitude,
    wsm.longitude AS longitude
  FROM meteo_windspeedmax AS wsm
  INNER JOIN place_0 AS z
    ON (
      ROUND(CAST(wsm.latitude AS DECIMAL), 1),
      ROUND(CAST(wsm.longitude AS DECIMAL), 1)
    ) = (ROUND(CAST(z.latitude AS DECIMAL), 1), ROUND(CAST(z.longitude AS DECIMAL), 1))
  WHERE
    EXTRACT(WEEK FROM wsm.time) = 10 AND EXTRACT(YEAR FROM wsm.time) = 2018
)
SELECT
  MAX(wind_data_2018_w10.windspeedmax) AS greatest_wind_speed_2018_w10,
  wind_data_2018_w10.latitude AS latitude,
  wind_data_2018_w10.longitude AS longitude
FROM wind_data_2018_w10
WHERE
  wind_data_2018_w10.windspeedmax = (
    SELECT
      MAX(wind_data_2018_w10.windspeedmax)
    FROM wind_data_2018_w10
  )
GROUP BY
  (wind_data_2018_w10.longitude, wind_data_2018_w10.latitude)
LIMIT 1"
387,J,218,What was the greatest wind speed in Peloponnese during week 10 of 2018 at elevations below 1500m?,meteo_elevation;meteo_windspeedmax,false,"InternalError_: could not find CTE ""wind_data_2018_w10""","WITH place_0 AS (
  SELECT
    me.latitude AS latitude,
    me.longitude AS longitude
  FROM meteo_elevation AS me
  WHERE
    (ROUND(CAST(me.latitude AS DECIMAL), 1), ROUND(CAST(me.longitude AS DECIMAL), 1)) IN (
      (37.9, 21.2),
      (37.8, 21.3),
      (37.9, 21.3),
      (38.0, 21.3),
      (37.7, 21.4),
      (37.8, 21.4),
      (37.9, 21.4),
      (38.0, 21.4),
      (38.1, 21.4),
      (37.6, 21.5),
      (37.7, 21.5),
      (37.8, 21.5),
      (37.9, 21.5),
      (38.0, 21.5),
      (38.1, 21.5),
      (37.1, 21.6),
      (37.2, 21.6),
      (37.6, 21.6),
      (37.7, 21.6),
      (37.8, 21.6),
      (37.9, 21.6),
      (38.0, 21.6),
      (38.1, 21.6),
      (36.9, 21.7),
      (37.0, 21.7),
      (37.1, 21.7),
      (37.2, 21.7),
      (37.3, 21.7),
      (37.4, 21.7),
      (37.5, 21.7),
      (37.6, 21.7),
      (37.7, 21.7),
      (37.8, 21.7),
      (37.9, 21.7),
      (38.0, 21.7),
      (38.1, 21.7),
      (38.2, 21.7),
      (36.9, 21.8),
      (37.0, 21.8),
      (37.1, 21.8),
      (37.2, 21.8),
      (37.3, 21.8),
      (37.4, 21.8),
      (37.5, 21.8),
      (37.6, 21.8),
      (37.7, 21.8),
      (37.8, 21.8),
      (37.9, 21.8),
      (38.0, 21.8),
      (38.1, 21.8),
      (38.2, 21.8),
      (38.3, 21.8),
      (36.8, 21.9),
      (36.9, 21.9),
      (37.0, 21.9),
      (37.1, 21.9),
      (37.2, 21.9),
      (37.3, 21.9),
      (37.4, 21.9),
      (37.5, 21.9),
      (37.6, 21.9),
      (37.7, 21.9),
      (37.8, 21.9),
      (37.9, 21.9),
      (38.0, 21.9),
      (38.1, 21.9),
      (38.2, 21.9),
      (38.3, 21.9),
      (37.1, 22.0),
      (37.2, 22.0),
      (37.3, 22.0),
      (37.4, 22.0),
      (37.5, 22.0),
      (37.6, 22.0),
      (37.7, 22.0),
      (37.8, 22.0),
      (37.9, 22.0),
      (38.0, 22.0),
      (38.1, 22.0),
      (38.2, 22.0),
      (38.3, 22.0),
      (37.1, 22.1),
      (37.2, 22.1),
      (37.3, 22.1),
      (37.4, 22.1),
      (37.5, 22.1),
      (37.6, 22.1),
      (37.7, 22.1),
      (37.8, 22.1),
      (37.9, 22.1),
      (38.0, 22.1),
      (38.1, 22.1),
      (38.2, 22.1),
      (37.0, 22.2),
      (37.1, 22.2),
      (37.2, 22.2),
      (37.3, 22.2),
      (37.4, 22.2),
      (37.5, 22.2),
      (37.6, 22.2),
      (37.7, 22.2),
      (37.8, 22.2),
      (37.9, 22.2),
      (38.0, 22.2),
      (38.1, 22.2),
      (36.8, 22.3),
      (36.9, 22.3),
      (37.0, 22.3),
      (37.1, 22.3),
      (37.2, 22.3),
      (37.3, 22.3),
      (37.4, 22.3),
      (37.5, 22.3),
      (37.6, 22.3),
      (37.7, 22.3),
      (37.8, 22.3),
      (37.9, 22.3),
      (38.0, 22.3),
      (38.1, 22.3),
      (36.5, 22.4),
      (36.6, 22.4),
      (36.7, 22.4),
      (36.8, 22.4),
      (36.9, 22.4),
      (37.0, 22.4),
      (37.1, 22.4),
      (37.2, 22.4),
      (37.3, 22.4),
      (37.4, 22.4),
      (37.5, 22.4),
      (37.6, 22.4),
      (37.7, 22.4),
      (37.8, 22.4),
      (37.9, 22.4),
      (38.0, 22.4),
      (38.1, 22.4),
      (36.7, 22.5),
      (36.8, 22.5),
      (36.9, 22.5),
      (37.0, 22.5),
      (37.1, 22.5),
      (37.2, 22.5),
      (37.3, 22.5),
      (37.4, 22.5),
      (37.5, 22.5),
      (37.6, 22.5),
      (37.7, 22.5),
      (37.8, 22.5),
      (37.9, 22.5),
      (38.0, 22.5),
      (38.1, 22.5),
      (36.8, 22.6),
      (36.9, 22.6),
      (37.0, 22.6),
      (37.1, 22.6),
      (37.2, 22.6),
      (37.3, 22.6),
      (37.4, 22.6),
      (37.5, 22.6),
      (37.6, 22.6),
      (37.7, 22.6),
      (37.8, 22.6),
      (37.9, 22.6),
      (38.0, 22.6),
      (36.9, 22.7),
      (37.0, 22.7),
      (37.1, 22.7),
      (37.2, 22.7),
      (37.3, 22.7),
      (37.4, 22.7),
      (37.5, 22.7),
      (37.6, 22.7),
      (37.7, 22.7),
      (37.8, 22.7),
      (37.9, 22.7),
      (38.0, 22.7),
      (36.8, 22.8),
      (36.9, 22.8),
      (37.0, 22.8),
      (37.1, 22.8),
      (37.2, 22.8),
      (37.3, 22.8),
      (37.6, 22.8),
      (37.7, 22.8),
      (37.8, 22.8),
      (37.9, 22.8),
      (36.7, 22.9),
      (36.8, 22.9),
      (36.9, 22.9),
      (37.0, 22.9),
      (37.1, 22.9),
      (37.6, 22.9),
      (37.7, 22.9),
      (37.8, 22.9),
      (37.9, 22.9),
      (36.6, 23.0),
      (36.7, 23.0),
      (36.8, 23.0),
      (36.9, 23.0),
      (37.0, 23.0),
      (37.5, 23.0),
      (37.6, 23.0),
      (37.7, 23.0),
      (37.8, 23.0),
      (37.9, 23.0),
      (36.5, 23.1),
      (37.5, 23.1),
      (37.6, 23.1),
      (37.7, 23.1),
      (37.8, 23.1),
      (37.3, 23.2),
      (37.4, 23.2),
      (37.5, 23.2),
      (37.4, 23.3),
      (37.5, 23.3),
      (37.5, 23.4),
      (37.6, 23.4)
    )
    AND me.elevation < 1500
), wind_data_2018_w10 AS (
  SELECT
    wsm.time AS time,
    wsm.windspeedmax AS windspeedmax,
    wsm.latitude AS latitude,
    wsm.longitude AS longitude
  FROM meteo_windspeedmax AS wsm
  INNER JOIN place_0 AS z
    ON (
      ROUND(CAST(wsm.latitude AS DECIMAL), 1),
      ROUND(CAST(wsm.longitude AS DECIMAL), 1)
    ) = (ROUND(CAST(z.latitude AS DECIMAL), 1), ROUND(CAST(z.longitude AS DECIMAL), 1))
  WHERE
    EXTRACT(WEEK FROM wsm.time) = 10 AND EXTRACT(YEAR FROM wsm.time) = 2018
)
SELECT
  MAX(wind_data_2018_w10.windspeedmax) AS greatest_wind_speed_2018_w10,
  wind_data_2018_w10.latitude AS latitude,
  wind_data_2018_w10.longitude AS longitude
FROM wind_data_2018_w10
WHERE
  wind_data_2018_w10.windspeedmax = (
    SELECT
      MAX(wind_data_2018_w10.windspeedmax)
    FROM wind_data_2018_w10
  )
GROUP BY
  (wind_data_2018_w10.longitude, wind_data_2018_w10.latitude)
LIMIT 1"
388,J,219,What was the greatest wind speed in City of Zurich in each month of 2018 below 1500m elevation?,meteo_elevation;meteo_windspeedmax,true,,
389,J,219,What was the greatest wind speed in Attica in each month of 2018 below 1500m elevation?,meteo_elevation;meteo_windspeedmax,true,,
390,J,219,What was the greatest wind speed in Canton of Bern in each month of 2018 below 1500m elevation?,meteo_elevation;meteo_windspeedmax,true,,
391,J,219,What was the greatest wind speed in Peloponnese in each month of 2018 below 1500m elevation?,meteo_elevation;meteo_windspeedmax,true,,
392,J,220,Show the greatest wind speed in City of Zurich in 2015 below 1500m,meteo_elevation;meteo_windspeedmax,false,"InternalError_: could not find CTE ""wind_data_2015""","WITH place_0 AS (
  SELECT
    me.latitude AS latitude,
    me.longitude AS longitude
  FROM meteo_elevation AS me
  WHERE
    (ROUND(CAST(me.latitude AS DECIMAL), 1), ROUND(CAST(me.longitude AS DECIMAL), 1)) IN ((47.4, 8.5))
    AND me.elevation < 1500
), wind_data_2015 AS (
  SELECT
    wsm.time AS time,
    wsm.windspeedmax AS windspeedmax,
    wsm.latitude AS latitude,
    wsm.longitude AS longitude
  FROM meteo_windspeedmax AS wsm
  INNER JOIN place_0 AS z
    ON (
      ROUND(CAST(wsm.latitude AS DECIMAL), 1),
      ROUND(CAST(wsm.longitude AS DECIMAL), 1)
    ) = (ROUND(CAST(z.latitude AS DECIMAL), 1), ROUND(CAST(z.longitude AS DECIMAL), 1))
  WHERE
    EXTRACT(YEAR FROM wsm.time) = 2015
)
SELECT
  MAX(wind_data_2015.windspeedmax) AS greatest_wind_speed_2015,
  wind_data_2015.latitude AS latitude,
  wind_data_2015.longitude AS longitude
FROM wind_data_2015
WHERE
  wind_data_2015.windspeedmax = (
    SELECT
      MAX(wind_data_2015.windspeedmax)
    FROM wind_data_2015
  )
GROUP BY
  (wind_data_2015.longitude, wind_data_2015.latitude)
LIMIT 1"
393,J,220,Show the greatest wind speed in Attica in 2015 below 1500m,meteo_elevation;meteo_windspeedmax,false,"InternalError_: could not find CTE ""wind_data_2015""","WITH place_0 AS (
  SELECT
    me.latitude AS latitude,
    me.longitude AS longitude
  FROM meteo_elevation AS me
  WHERE
    (ROUND(CAST(me.latitude AS DECIMAL), 1), ROUND(CAST(me.longitude AS DECIMAL), 1)) IN (
      (38.0, 23.2),
      (38.0, 23.3),
      (38.1, 23.3),
      (38.2, 23.3),
      (38.0, 23.4),
      (38.1, 23.4),
      (38.2, 23.4),
      (38.1, 23.5),
      (38.0, 23.6),
      (38.1, 23.6),
      (38.0, 23.7),
      (38.1, 23.7),
      (38.2, 23.7),
      (38.3, 23.7),
      (37.9, 23.8),
      (38.0, 23.8),
      (38.1, 23.8),
      (38.2, 23.8),
      (38.3, 23.8),
      (37.8, 23.9),
      (37.9, 23.9),
      (38.0, 23.9),
      (38.1, 23.9),
      (38.2, 23.9)
    )
    AND me.elevation < 1500
), wind_data_2015 AS (
  SELECT
    wsm.time AS time,
    wsm.windspeedmax AS windspeedmax,
    wsm.latitude AS latitude,
    wsm.longitude AS longitude
  FROM meteo_windspeedmax AS wsm
  INNER JOIN place_0 AS z
    ON (
      ROUND(CAST(wsm.latitude AS DECIMAL), 1),
      ROUND(CAST(wsm.longitude AS DECIMAL), 1)
    ) = (ROUND(CAST(z.latitude AS DECIMAL), 1), ROUND(CAST(z.longitude AS DECIMAL), 1))
  WHERE
    EXTRACT(YEAR FROM wsm.time) = 2015
)
SELECT
  MAX(wind_data_2015.windspeedmax) AS greatest_wind_speed_2015,
  wind_data_2015.latitude AS latitude,
  wind_data_2015.longitude AS longitude
FROM wind_data_2015
WHERE
  wind_data_2015.windspeedmax = (
    SELECT
      MAX(wind_data_2015.windspeedmax)
    FROM wind_data_2015
  )
GROUP BY
  (wind_data_2015.longitude, wind_data_2015.latitude)
LIMIT 1"
394,J,220,Show the greatest wind speed in Canton of Bern in 2015 below 1500m,meteo_elevation;meteo_windspeedmax,false,"InternalError_: could not find CTE ""wind_data_2015""","WITH place_0 AS (
  SELECT
    me.latitude AS latitude,
    me.longitude AS longitude
  FROM meteo_elevation AS me
  WHERE
    (ROUND(CAST(me.latitude AS DECIMAL), 1), ROUND(CAST(me.longitude AS DECIMAL), 1)) IN (
      (47.1, 6.9),
      (47.0, 7.1),
      (47.1, 7.1),
      (47.2, 7.1),
      (47.1, 7.2),
      (47.2, 7.2),
      (46.4, 7.3),
      (46.5, 7.3),
      (46.9, 7.3),
      (47.0, 7.3),
      (47.1, 7.3),
      (47.2, 7.3),
      (46.4, 7.4),
      (46.5, 7.4),
      (46.6, 7.4),
      (46.7, 7.4),
      (46.8, 7.4),
      (46.9, 7.4),
      (47.0, 7.4),
      (47.3, 7.4),
      (46.4, 7.5),
      (46.5, 7.5),
      (46.6, 7.5),
      (46.7, 7.5),
      (46.8, 7.5),
      (46.9, 7.5),
      (47.0, 7.5),
      (47.1, 7.5),
      (47.3, 7.5),
      (46.5, 7.6),
      (46.6, 7.6),
      (46.7, 7.6),
      (46.8, 7.6),
      (46.9, 7.6),
      (47.0, 7.6),
      (47.1, 7.6),
      (46.5, 7.7),
      (46.6, 7.7),
      (46.7, 7.7),
      (46.8, 7.7),
      (46.9, 7.7),
      (47.0, 7.7),
      (47.1, 7.7),
      (47.2, 7.7),
      (46.5, 7.8),
      (46.6, 7.8),
      (46.7, 7.8),
      (46.8, 7.8),
      (46.9, 7.8),
      (47.0, 7.8),
      (47.1, 7.8),
      (47.2, 7.8),
      (46.5, 7.9),
      (46.6, 7.9),
      (46.7, 7.9),
      (46.8, 7.9),
      (47.0, 7.9),
      (46.6, 8.0),
      (46.7, 8.0),
      (46.6, 8.1),
      (46.7, 8.1),
      (46.6, 8.2),
      (46.7, 8.2),
      (46.6, 8.3),
      (46.7, 8.3)
    )
    AND me.elevation < 1500
), wind_data_2015 AS (
  SELECT
    wsm.time AS time,
    wsm.windspeedmax AS windspeedmax,
    wsm.latitude AS latitude,
    wsm.longitude AS longitude
  FROM meteo_windspeedmax AS wsm
  INNER JOIN place_0 AS z
    ON (
      ROUND(CAST(wsm.latitude AS DECIMAL), 1),
      ROUND(CAST(wsm.longitude AS DECIMAL), 1)
    ) = (ROUND(CAST(z.latitude AS DECIMAL), 1), ROUND(CAST(z.longitude AS DECIMAL), 1))
  WHERE
    EXTRACT(YEAR FROM wsm.time) = 2015
)
SELECT
  MAX(wind_data_2015.windspeedmax) AS greatest_wind_speed_2015,
  wind_data_2015.latitude AS latitude,
  wind_data_2015.longitude AS longitude
FROM wind_data_2015
WHERE
  wind_data_2015.windspeedmax = (
    SELECT
      MAX(wind_data_2015.windspeedmax)
    FROM wind_data_2015
  )
GROUP BY
  (wind_data_2015.longitude, wind_data_2015.latitude)
LIMIT 1"
395,J,220,Show the greatest wind speed in Peloponnese in 2015 below 1500m,meteo_elevation;meteo_windspeedmax,false,"InternalError_: could not find CTE ""wind_data_2015""","WITH place_0 AS (
  SELECT
    me.latitude AS latitude,
    me.longitude AS longitude
  FROM meteo_elevation AS me
  WHERE
    (ROUND(CAST(me.latitude AS DECIMAL), 1), ROUND(CAST(me.longitude AS DECIMAL), 1)) IN (
      (37.9, 21.2),
      (37.8, 21.3),
      (37.9, 21.3),
      (38.0, 21.3),
      (37.7, 21.4),
      (37.8, 21.4),
      (37.9, 21.4),
      (38.0, 21.4),
      (38.1, 21.4),
      (37.6, 21.5),
      (37.7, 21.5),
      (37.8, 21.5),
      (37.9, 21.5),
      (38.0, 21.5),
      (38.1, 21.5),
      (37.1, 21.6),
      (37.2, 21.6),
      (37.6, 21.6),
      (37.7, 21.6),
      (37.8, 21.6),
      (37.9, 21.6),
      (38.0, 21.6),
      (38.1, 21.6),
      (36.9, 21.7),
      (37.0, 21.7),
      (37.1, 21.7),
      (37.2, 21.7),
      (37.3, 21.7),
      (37.4, 21.7),
      (37.5, 21.7),
      (37.6, 21.7),
      (37.7, 21.7),
      (37.8, 21.7),
      (37.9, 21.7),
      (38.0, 21.7),
      (38.1, 21.7),
      (38.2, 21.7),
      (36.9, 21.8),
      (37.0, 21.8),
      (37.1, 21.8),
      (37.2, 21.8),
      (37.3, 21.8),
      (37.4, 21.8),
      (37.5, 21.8),
      (37.6, 21.8),
      (37.7, 21.8),
      (37.8, 21.8),
      (37.9, 21.8),
      (38.0, 21.8),
      (38.1, 21.8),
      (38.2, 21.8),
      (38.3, 21.8),
      (36.8, 21.9),
      (36.9, 21.9),
      (37.0, 21.9),
      (37.1, 21.9),
      (37.2, 21.9),
      (37.3, 21.9),
      (37.4, 21.9),
      (37.5, 21.9),
      (37.6, 21.9),
      (37.7, 21.9),
      (37.8, 21.9),
      (37.9, 21.9),
      (38.0, 21.9),
      (38.1, 21.9),
      (38.2, 21.9),
      (38.3, 21.9),
      (37.1, 22.0),
      (37.2, 22.0),
      (37.3, 22.0),
      (37.4, 22.0),
      (37.5, 22.0),
      (37.6, 22.0),
      (37.7, 22.0),
      (37.8, 22.0),
      (37.9, 22.0),
      (38.0, 22.0),
      (38.1, 22.0),
      (38.2, 22.0),
      (38.3, 22.0),
      (37.1, 22.1),
      (37.2, 22.1),
      (37.3, 22.1),
      (37.4, 22.1),
      (37.5, 22.1),
      (37.6, 22.1),
      (37.7, 22.1),
      (37.8, 22.1),
      (37.9, 22.1),
      (38.0, 22.1),
      (38.1, 22.1),
      (38.2, 22.1),
      (37.0, 22.2),
      (37.1, 22.2),
      (37.2, 22.2),
      (37.3, 22.2),
      (37.4, 22.2),
      (37.5, 22.2),
      (37.6, 22.2),
      (37.7, 22.2),
      (37.8, 22.2),
      (37.9, 22.2),
      (38.0, 22.2),
      (38.1, 22.2),
      (36.8, 22.3),
      (36.9, 22.3),
      (37.0, 22.3),
      (37.1, 22.3),
      (37.2, 22.3),
      (37.3, 22.3),
      (37.4, 22.3),
      (37.5, 22.3),
      (37.6, 22.3),
      (37.7, 22.3),
      (37.8, 22.3),
      (37.9, 22.3),
      (38.0, 22.3),
      (38.1, 22.3),
      (36.5, 22.4),
      (36.6, 22.4),
      (36.7, 22.4),
      (36.8, 22.4),
      (36.9, 22.4),
      (37.0, 22.4),
      (37.1, 22.4),
      (37.2, 22.4),
      (37.3, 22.4),
      (37.4, 22.4),
      (37.5, 22.4),
      (37.6, 22.4),
      (37.7, 22.4),
      (37.8, 22.4),
      (37.9, 22.4),
      (38.0, 22.4),
      (38.1, 22.4),
      (36.7, 22.5),
      (36.8, 22.5),
      (36.9, 22.5),
      (37.0, 22.5),
      (37.1, 22.5),
      (37.2, 22.5),
      (37.3, 22.5),
      (37.4, 22.5),
      (37.5, 22.5),
      (37.6, 22.5),
      (37.7, 22.5),
      (37.8, 22.5),
      (37.9, 22.5),
      (38.0, 22.5),
      (38.1, 22.5),
      (36.8, 22.6),
      (36.9, 22.6),
      (37.0, 22.6),
      (37.1, 22.6),
      (37.2, 22.6),
      (37.3, 22.6),
      (37.4, 22.6),
      (37.5, 22.6),
      (37.6, 22.6),
      (37.7, 22.6),
      (37.8, 22.6),
      (37.9, 22.6),
      (38.0, 22.6),
      (36.9, 22.7),
      (37.0, 22.7),
      (37.1, 22.7),
      (37.2, 22.7),
      (37.3, 22.7),
      (37.4, 22.7),
      (37.5, 22.7),
      (37.6, 22.7),
      (37.7, 22.7),
      (37.8, 22.7),
      (37.9, 22.7),
      (38.0, 22.7),
      (36.8, 22.8),
      (36.9, 22.8),
      (37.0, 22.8),
      (37.1, 22.8),
      (37.2, 22.8),
      (37.3, 22.8),
      (37.6, 22.8),
      (37.7, 22.8),
      (37.8, 22.8),
      (37.9, 22.8),
      (36.7, 22.9),
      (36.8, 22.9),
      (36.9, 22.9),
      (37.0, 22.9),
      (37.1, 22.9),
      (37.6, 22.9),
      (37.7, 22.9),
      (37.8, 22.9),
      (37.9, 22.9),
      (36.6, 23.0),
      (36.7, 23.0),
      (36.8, 23.0),
      (36.9, 23.0),
      (37.0, 23.0),
      (37.5, 23.0),
      (37.6, 23.0),
      (37.7, 23.0),
      (37.8, 23.0),
      (37.9, 23.0),
      (36.5, 23.1),
      (37.5, 23.1),
      (37.6, 23.1),
      (37.7, 23.1),
      (37.8, 23.1),
      (37.3, 23.2),
      (37.4, 23.2),
      (37.5, 23.2),
      (37.4, 23.3),
      (37.5, 23.3),
      (37.5, 23.4),
      (37.6, 23.4)
    )
    AND me.elevation < 1500
), wind_data_2015 AS (
  SELECT
    wsm.time AS time,
    wsm.windspeedmax AS windspeedmax,
    wsm.latitude AS latitude,
    wsm.longitude AS longitude
  FROM meteo_windspeedmax AS wsm
  INNER JOIN place_0 AS z
    ON (
      ROUND(CAST(wsm.latitude AS DECIMAL), 1),
      ROUND(CAST(wsm.longitude AS DECIMAL), 1)
    ) = (ROUND(CAST(z.latitude AS DECIMAL), 1), ROUND(CAST(z.longitude AS DECIMAL), 1))
  WHERE
    EXTRACT(YEAR FROM wsm.time) = 2015
)
SELECT
  MAX(wind_data_2015.windspeedmax) AS greatest_wind_speed_2015,
  wind_data_2015.latitude AS latitude,
  wind_data_2015.longitude AS longitude
FROM wind_data_2015
WHERE
  wind_data_2015.windspeedmax = (
    SELECT
      MAX(wind_data_2015.windspeedmax)
    FROM wind_data_2015
  )
GROUP BY
  (wind_data_2015.longitude, wind_data_2015.latitude)
LIMIT 1"
396,G,222,List the top 10 highest precipitation readings in City of Zurich on any day in 2015 with their coordinates,meteo_tp,true,,
397,G,222,List the top 10 highest precipitation readings in Attica on any day in 2015 with their coordinates,meteo_tp,true,,
398,G,222,List the top 10 highest precipitation readings in Canton of Bern on any day in 2015 with their coordinates,meteo_tp,true,,
399,G,222,List the top 10 highest precipitation readings in Peloponnese on any day in 2015 with their coordinates,meteo_tp,true,,
400,G,224,List the top 10 highest precipitation readings in City of Zurich in May 2015 with their coordinates.,meteo_tp,true,,
401,G,224,List the top 10 highest precipitation readings in Attica in May 2015 with their coordinates.,meteo_tp,true,,
402,G,224,List the top 10 highest precipitation readings in Canton of Bern in May 2015 with their coordinates.,meteo_tp,true,,
403,G,224,List the top 10 highest precipitation readings in Peloponnese in May 2015 with their coordinates.,meteo_tp,true,,
404,G,225,List the top 10 highest precipitation readings in the City of Zurich in 2015 with their coordinates.,meteo_tp,true,,
405,G,225,List the top 10 highest precipitation readings in the Attica in 2015 with their coordinates.,meteo_tp,true,,
406,G,225,List the top 10 highest precipitation readings in the Canton of Bern in 2015 with their coordinates.,meteo_tp,true,,
407,G,225,List the top 10 highest precipitation readings in the Peloponnese in 2015 with their coordinates.,meteo_tp,true,,
408,H,233,"In the first week of January 2019, which week had the highest average solar radiation in City of Zurich?",meteo_ssrd,false,InternalError_: ProvSQL: ORDER BY on the result of an aggregate function is not supported,"SELECT
  EXTRACT(WEEK FROM msr.time) AS time_window_2,
  EXTRACT(YEAR FROM msr.time) AS time_window_3
FROM meteo_ssrd AS msr
WHERE
  EXTRACT(YEAR FROM msr.time) = 2019
  AND EXTRACT(WEEK FROM msr.time) = 1
  AND (
    ROUND(CAST(msr.latitude AS DECIMAL), 1),
    ROUND(CAST(msr.longitude AS DECIMAL), 1)
  ) IN ((47.4, 8.5))
GROUP BY
  EXTRACT(WEEK FROM msr.time),
  EXTRACT(YEAR FROM msr.time)
ORDER BY
  AVG(msr.ssrd) DESC
LIMIT 1"
409,H,233,"In the first week of January 2019, which week had the highest average solar radiation in Attica?",meteo_ssrd,false,InternalError_: ProvSQL: ORDER BY on the result of an aggregate function is not supported,"SELECT
  EXTRACT(WEEK FROM msr.time) AS time_window_2,
  EXTRACT(YEAR FROM msr.time) AS time_window_3
FROM meteo_ssrd AS msr
WHERE
  EXTRACT(YEAR FROM msr.time) = 2019
  AND EXTRACT(WEEK FROM msr.time) = 1
  AND (
    ROUND(CAST(msr.latitude AS DECIMAL), 1),
    ROUND(CAST(msr.longitude AS DECIMAL), 1)
  ) IN (
    (38.0, 23.2),
    (38.0, 23.3),
    (38.1, 23.3),
    (38.2, 23.3),
    (38.0, 23.4),
    (38.1, 23.4),
    (38.2, 23.4),
    (38.1, 23.5),
    (38.0, 23.6),
    (38.1, 23.6),
    (38.0, 23.7),
    (38.1, 23.7),
    (38.2, 23.7),
    (38.3, 23.7),
    (37.9, 23.8),
    (38.0, 23.8),
    (38.1, 23.8),
    (38.2, 23.8),
    (38.3, 23.8),
    (37.8, 23.9),
    (37.9, 23.9),
    (38.0, 23.9),
    (38.1, 23.9),
    (38.2, 23.9)
  )
GROUP BY
  EXTRACT(WEEK FROM msr.time),
  EXTRACT(YEAR FROM msr.time)
ORDER BY
  AVG(msr.ssrd) DESC
LIMIT 1"
410,H,233,"In the first week of January 2019, which week had the highest average solar radiation in Canton of Bern?",meteo_ssrd,false,InternalError_: ProvSQL: ORDER BY on the result of an aggregate function is not supported,"SELECT
  EXTRACT(WEEK FROM msr.time) AS time_window_2,
  EXTRACT(YEAR FROM msr.time) AS time_window_3
FROM meteo_ssrd AS msr
WHERE
  EXTRACT(YEAR FROM msr.time) = 2019
  AND EXTRACT(WEEK FROM msr.time) = 1
  AND (
    ROUND(CAST(msr.latitude AS DECIMAL), 1),
    ROUND(CAST(msr.longitude AS DECIMAL), 1)
  ) IN (
    (47.1, 6.9),
    (47.0, 7.1),
    (47.1, 7.1),
    (47.2, 7.1),
    (47.1, 7.2),
    (47.2, 7.2),
    (46.4, 7.3),
    (46.5, 7.3),
    (46.9, 7.3),
    (47.0, 7.3),
    (47.1, 7.3),
    (47.2, 7.3),
    (46.4, 7.4),
    (46.5, 7.4),
    (46.6, 7.4),
    (46.7, 7.4),
    (46.8, 7.4),
    (46.9, 7.4),
    (47.0, 7.4),
    (47.3, 7.4),
    (46.4, 7.5),
    (46.5, 7.5),
    (46.6, 7.5),
    (46.7, 7.5),
    (46.8, 7.5),
    (46.9, 7.5),
    (47.0, 7.5),
    (47.1, 7.5),
    (47.3, 7.5),
    (46.5, 7.6),
    (46.6, 7.6),
    (46.7, 7.6),
    (46.8, 7.6),
    (46.9, 7.6),
    (47.0, 7.6),
    (47.1, 7.6),
    (46.5, 7.7),
    (46.6, 7.7),
    (46.7, 7.7),
    (46.8, 7.7),
    (46.9, 7.7),
    (47.0, 7.7),
    (47.1, 7.7),
    (47.2, 7.7),
    (46.5, 7.8),
    (46.6, 7.8),
    (46.7, 7.8),
    (46.8, 7.8),
    (46.9, 7.8),
    (47.0, 7.8),
    (47.1, 7.8),
    (47.2, 7.8),
    (46.5, 7.9),
    (46.6, 7.9),
    (46.7, 7.9),
    (46.8, 7.9),
    (47.0, 7.9),
    (46.6, 8.0),
    (46.7, 8.0),
    (46.6, 8.1),
    (46.7, 8.1),
    (46.6, 8.2),
    (46.7, 8.2),
    (46.6, 8.3),
    (46.7, 8.3)
  )
GROUP BY
  EXTRACT(WEEK FROM msr.time),
  EXTRACT(YEAR FROM msr.time)
ORDER BY
  AVG(msr.ssrd) DESC
LIMIT 1"
411,H,233,"In the first week of January 2019, which week had the highest average solar radiation in Peloponnese?",meteo_ssrd,false,InternalError_: ProvSQL: ORDER BY on the result of an aggregate function is not supported,"SELECT
  EXTRACT(WEEK FROM msr.time) AS time_window_2,
  EXTRACT(YEAR FROM msr.time) AS time_window_3
FROM meteo_ssrd AS msr
WHERE
  EXTRACT(YEAR FROM msr.time) = 2019
  AND EXTRACT(WEEK FROM msr.time) = 1
  AND (
    ROUND(CAST(msr.latitude AS DECIMAL), 1),
    ROUND(CAST(msr.longitude AS DECIMAL), 1)
  ) IN (
    (37.9, 21.2),
    (37.8, 21.3),
    (37.9, 21.3),
    (38.0, 21.3),
    (37.7, 21.4),
    (37.8, 21.4),
    (37.9, 21.4),
    (38.0, 21.4),
    (38.1, 21.4),
    (37.6, 21.5),
    (37.7, 21.5),
    (37.8, 21.5),
    (37.9, 21.5),
    (38.0, 21.5),
    (38.1, 21.5),
    (37.1, 21.6),
    (37.2, 21.6),
    (37.6, 21.6),
    (37.7, 21.6),
    (37.8, 21.6),
    (37.9, 21.6),
    (38.0, 21.6),
    (38.1, 21.6),
    (36.9, 21.7),
    (37.0, 21.7),
    (37.1, 21.7),
    (37.2, 21.7),
    (37.3, 21.7),
    (37.4, 21.7),
    (37.5, 21.7),
    (37.6, 21.7),
    (37.7, 21.7),
    (37.8, 21.7),
    (37.9, 21.7),
    (38.0, 21.7),
    (38.1, 21.7),
    (38.2, 21.7),
    (36.9, 21.8),
    (37.0, 21.8),
    (37.1, 21.8),
    (37.2, 21.8),
    (37.3, 21.8),
    (37.4, 21.8),
    (37.5, 21.8),
    (37.6, 21.8),
    (37.7, 21.8),
    (37.8, 21.8),
    (37.9, 21.8),
    (38.0, 21.8),
    (38.1, 21.8),
    (38.2, 21.8),
    (38.3, 21.8),
    (36.8, 21.9),
    (36.9, 21.9),
    (37.0, 21.9),
    (37.1, 21.9),
    (37.2, 21.9),
    (37.3, 21.9),
    (37.4, 21.9),
    (37.5, 21.9),
    (37.6, 21.9),
    (37.7, 21.9),
    (37.8, 21.9),
    (37.9, 21.9),
    (38.0, 21.9),
    (38.1, 21.9),
    (38.2, 21.9),
    (38.3, 21.9),
    (37.1, 22.0),
    (37.2, 22.0),
    (37.3, 22.0),
    (37.4, 22.0),
    (37.5, 22.0),
    (37.6, 22.0),
    (37.7, 22.0),
    (37.8, 22.0),
    (37.9, 22.0),
    (38.0, 22.0),
    (38.1, 22.0),
    (38.2, 22.0),
    (38.3, 22.0),
    (37.1, 22.1),
    (37.2, 22.1),
    (37.3, 22.1),
    (37.4, 22.1),
    (37.5, 22.1),
    (37.6, 22.1),
    (37.7, 22.1),
    (37.8, 22.1),
    (37.9, 22.1),
    (38.0, 22.1),
    (38.1, 22.1),
    (38.2, 22.1),
    (37.0, 22.2),
    (37.1, 22.2),
    (37.2, 22.2),
    (37.3, 22.2),
    (37.4, 22.2),
    (37.5, 22.2),
    (37.6, 22.2),
    (37.7, 22.2),
    (37.8, 22.2),
    (37.9, 22.2),
    (38.0, 22.2),
    (38.1, 22.2),
    (36.8, 22.3),
    (36.9, 22.3),
    (37.0, 22.3),
    (37.1, 22.3),
    (37.2, 22.3),
    (37.3, 22.3),
    (37.4, 22.3),
    (37.5, 22.3),
    (37.6, 22.3),
    (37.7, 22.3),
    (37.8, 22.3),
    (37.9, 22.3),
    (38.0, 22.3),
    (38.1, 22.3),
    (36.5, 22.4),
    (36.6, 22.4),
    (36.7, 22.4),
    (36.8, 22.4),
    (36.9, 22.4),
    (37.0, 22.4),
    (37.1, 22.4),
    (37.2, 22.4),
    (37.3, 22.4),
    (37.4, 22.4),
    (37.5, 22.4),
    (37.6, 22.4),
    (37.7, 22.4),
    (37.8, 22.4),
    (37.9, 22.4),
    (38.0, 22.4),
    (38.1, 22.4),
    (36.7, 22.5),
    (36.8, 22.5),
    (36.9, 22.5),
    (37.0, 22.5),
    (37.1, 22.5),
    (37.2, 22.5),
    (37.3, 22.5),
    (37.4, 22.5),
    (37.5, 22.5),
    (37.6, 22.5),
    (37.7, 22.5),
    (37.8, 22.5),
    (37.9, 22.5),
    (38.0, 22.5),
    (38.1, 22.5),
    (36.8, 22.6),
    (36.9, 22.6),
    (37.0, 22.6),
    (37.1, 22.6),
    (37.2, 22.6),
    (37.3, 22.6),
    (37.4, 22.6),
    (37.5, 22.6),
    (37.6, 22.6),
    (37.7, 22.6),
    (37.8, 22.6),
    (37.9, 22.6),
    (38.0, 22.6),
    (36.9, 22.7),
    (37.0, 22.7),
    (37.1, 22.7),
    (37.2, 22.7),
    (37.3, 22.7),
    (37.4, 22.7),
    (37.5, 22.7),
    (37.6, 22.7),
    (37.7, 22.7),
    (37.8, 22.7),
    (37.9, 22.7),
    (38.0, 22.7),
    (36.8, 22.8),
    (36.9, 22.8),
    (37.0, 22.8),
    (37.1, 22.8),
    (37.2, 22.8),
    (37.3, 22.8),
    (37.6, 22.8),
    (37.7, 22.8),
    (37.8, 22.8),
    (37.9, 22.8),
    (36.7, 22.9),
    (36.8, 22.9),
    (36.9, 22.9),
    (37.0, 22.9),
    (37.1, 22.9),
    (37.6, 22.9),
    (37.7, 22.9),
    (37.8, 22.9),
    (37.9, 22.9),
    (36.6, 23.0),
    (36.7, 23.0),
    (36.8, 23.0),
    (36.9, 23.0),
    (37.0, 23.0),
    (37.5, 23.0),
    (37.6, 23.0),
    (37.7, 23.0),
    (37.8, 23.0),
    (37.9, 23.0),
    (36.5, 23.1),
    (37.5, 23.1),
    (37.6, 23.1),
    (37.7, 23.1),
    (37.8, 23.1),
    (37.3, 23.2),
    (37.4, 23.2),
    (37.5, 23.2),
    (37.4, 23.3),
    (37.5, 23.3),
    (37.5, 23.4),
    (37.6, 23.4)
  )
GROUP BY
  EXTRACT(WEEK FROM msr.time),
  EXTRACT(YEAR FROM msr.time)
ORDER BY
  AVG(msr.ssrd) DESC
LIMIT 1"
412,H,235,In which year between 1990 and 2020 was the average solar radiation highest in City of Zurich?,meteo_ssrd,false,InternalError_: ProvSQL: ORDER BY on the result of an aggregate function is not supported,"SELECT
  EXTRACT(YEAR FROM msr.time) AS time_window_1
FROM meteo_ssrd AS msr
WHERE
  (
    ROUND(CAST(msr.latitude AS DECIMAL), 1),
    ROUND(CAST(msr.longitude AS DECIMAL), 1)
  ) IN ((47.4, 8.5))
GROUP BY
  EXTRACT(YEAR FROM msr.time)
ORDER BY
  AVG(msr.ssrd) DESC
LIMIT 1"
413,H,235,In which year between 1990 and 2020 was the average solar radiation highest in Attica?,meteo_ssrd,false,InternalError_: ProvSQL: ORDER BY on the result of an aggregate function is not supported,"SELECT
  EXTRACT(YEAR FROM msr.time) AS time_window_1
FROM meteo_ssrd AS msr
WHERE
  (
    ROUND(CAST(msr.latitude AS DECIMAL), 1),
    ROUND(CAST(msr.longitude AS DECIMAL), 1)
  ) IN (
    (38.0, 23.2),
    (38.0, 23.3),
    (38.1, 23.3),
    (38.2, 23.3),
    (38.0, 23.4),
    (38.1, 23.4),
    (38.2, 23.4),
    (38.1, 23.5),
    (38.0, 23.6),
    (38.1, 23.6),
    (38.0, 23.7),
    (38.1, 23.7),
    (38.2, 23.7),
    (38.3, 23.7),
    (37.9, 23.8),
    (38.0, 23.8),
    (38.1, 23.8),
    (38.2, 23.8),
    (38.3, 23.8),
    (37.8, 23.9),
    (37.9, 23.9),
    (38.0, 23.9),
    (38.1, 23.9),
    (38.2, 23.9)
  )
GROUP BY
  EXTRACT(YEAR FROM msr.time)
ORDER BY
  AVG(msr.ssrd) DESC
LIMIT 1"
414,H,235,In which year between 1990 and 2020 was the average solar radiation highest in Canton of Bern?,meteo_ssrd,false,InternalError_: ProvSQL: ORDER BY on the result of an aggregate function is not supported,"SELECT
  EXTRACT(YEAR FROM msr.time) AS time_window_1
FROM meteo_ssrd AS msr
WHERE
  (
    ROUND(CAST(msr.latitude AS DECIMAL), 1),
    ROUND(CAST(msr.longitude AS DECIMAL), 1)
  ) IN (
    (47.1, 6.9),
    (47.0, 7.1),
    (47.1, 7.1),
    (47.2, 7.1),
    (47.1, 7.2),
    (47.2, 7.2),
    (46.4, 7.3),
    (46.5, 7.3),
    (46.9, 7.3),
    (47.0, 7.3),
    (47.1, 7.3),
    (47.2, 7.3),
    (46.4, 7.4),
    (46.5, 7.4),
    (46.6, 7.4),
    (46.7, 7.4),
    (46.8, 7.4),
    (46.9, 7.4),
    (47.0, 7.4),
    (47.3, 7.4),
    (46.4, 7.5),
    (46.5, 7.5),
    (46.6, 7.5),
    (46.7, 7.5),
    (46.8, 7.5),
    (46.9, 7.5),
    (47.0, 7.5),
    (47.1, 7.5),
    (47.3, 7.5),
    (46.5, 7.6),
    (46.6, 7.6),
    (46.7, 7.6),
    (46.8, 7.6),
    (46.9, 7.6),
    (47.0, 7.6),
    (47.1, 7.6),
    (46.5, 7.7),
    (46.6, 7.7),
    (46.7, 7.7),
    (46.8, 7.7),
    (46.9, 7.7),
    (47.0, 7.7),
    (47.1, 7.7),
    (47.2, 7.7),
    (46.5, 7.8),
    (46.6, 7.8),
    (46.7, 7.8),
    (46.8, 7.8),
    (46.9, 7.8),
    (47.0, 7.8),
    (47.1, 7.8),
    (47.2, 7.8),
    (46.5, 7.9),
    (46.6, 7.9),
    (46.7, 7.9),
    (46.8, 7.9),
    (47.0, 7.9),
    (46.6, 8.0),
    (46.7, 8.0),
    (46.6, 8.1),
    (46.7, 8.1),
    (46.6, 8.2),
    (46.7, 8.2),
    (46.6, 8.3),
    (46.7, 8.3)
  )
GROUP BY
  EXTRACT(YEAR FROM msr.time)
ORDER BY
  AVG(msr.ssrd) DESC
LIMIT 1"
415,H,235,In which year between 1990 and 2020 was the average solar radiation highest in Peloponnese?,meteo_ssrd,false,InternalError_: ProvSQL: ORDER BY on the result of an aggregate function is not supported,"SELECT
  EXTRACT(YEAR FROM msr.time) AS time_window_1
FROM meteo_ssrd AS msr
WHERE
  (
    ROUND(CAST(msr.latitude AS DECIMAL), 1),
    ROUND(CAST(msr.longitude AS DECIMAL), 1)
  ) IN (
    (37.9, 21.2),
    (37.8, 21.3),
    (37.9, 21.3),
    (38.0, 21.3),
    (37.7, 21.4),
    (37.8, 21.4),
    (37.9, 21.4),
    (38.0, 21.4),
    (38.1, 21.4),
    (37.6, 21.5),
    (37.7, 21.5),
    (37.8, 21.5),
    (37.9, 21.5),
    (38.0, 21.5),
    (38.1, 21.5),
    (37.1, 21.6),
    (37.2, 21.6),
    (37.6, 21.6),
    (37.7, 21.6),
    (37.8, 21.6),
    (37.9, 21.6),
    (38.0, 21.6),
    (38.1, 21.6),
    (36.9, 21.7),
    (37.0, 21.7),
    (37.1, 21.7),
    (37.2, 21.7),
    (37.3, 21.7),
    (37.4, 21.7),
    (37.5, 21.7),
    (37.6, 21.7),
    (37.7, 21.7),
    (37.8, 21.7),
    (37.9, 21.7),
    (38.0, 21.7),
    (38.1, 21.7),
    (38.2, 21.7),
    (36.9, 21.8),
    (37.0, 21.8),
    (37.1, 21.8),
    (37.2, 21.8),
    (37.3, 21.8),
    (37.4, 21.8),
    (37.5, 21.8),
    (37.6, 21.8),
    (37.7, 21.8),
    (37.8, 21.8),
    (37.9, 21.8),
    (38.0, 21.8),
    (38.1, 21.8),
    (38.2, 21.8),
    (38.3, 21.8),
    (36.8, 21.9),
    (36.9, 21.9),
    (37.0, 21.9),
    (37.1, 21.9),
    (37.2, 21.9),
    (37.3, 21.9),
    (37.4, 21.9),
    (37.5, 21.9),
    (37.6, 21.9),
    (37.7, 21.9),
    (37.8, 21.9),
    (37.9, 21.9),
    (38.0, 21.9),
    (38.1, 21.9),
    (38.2, 21.9),
    (38.3, 21.9),
    (37.1, 22.0),
    (37.2, 22.0),
    (37.3, 22.0),
    (37.4, 22.0),
    (37.5, 22.0),
    (37.6, 22.0),
    (37.7, 22.0),
    (37.8, 22.0),
    (37.9, 22.0),
    (38.0, 22.0),
    (38.1, 22.0),
    (38.2, 22.0),
    (38.3, 22.0),
    (37.1, 22.1),
    (37.2, 22.1),
    (37.3, 22.1),
    (37.4, 22.1),
    (37.5, 22.1),
    (37.6, 22.1),
    (37.7, 22.1),
    (37.8, 22.1),
    (37.9, 22.1),
    (38.0, 22.1),
    (38.1, 22.1),
    (38.2, 22.1),
    (37.0, 22.2),
    (37.1, 22.2),
    (37.2, 22.2),
    (37.3, 22.2),
    (37.4, 22.2),
    (37.5, 22.2),
    (37.6, 22.2),
    (37.7, 22.2),
    (37.8, 22.2),
    (37.9, 22.2),
    (38.0, 22.2),
    (38.1, 22.2),
    (36.8, 22.3),
    (36.9, 22.3),
    (37.0, 22.3),
    (37.1, 22.3),
    (37.2, 22.3),
    (37.3, 22.3),
    (37.4, 22.3),
    (37.5, 22.3),
    (37.6, 22.3),
    (37.7, 22.3),
    (37.8, 22.3),
    (37.9, 22.3),
    (38.0, 22.3),
    (38.1, 22.3),
    (36.5, 22.4),
    (36.6, 22.4),
    (36.7, 22.4),
    (36.8, 22.4),
    (36.9, 22.4),
    (37.0, 22.4),
    (37.1, 22.4),
    (37.2, 22.4),
    (37.3, 22.4),
    (37.4, 22.4),
    (37.5, 22.4),
    (37.6, 22.4),
    (37.7, 22.4),
    (37.8, 22.4),
    (37.9, 22.4),
    (38.0, 22.4),
    (38.1, 22.4),
    (36.7, 22.5),
    (36.8, 22.5),
    (36.9, 22.5),
    (37.0, 22.5),
    (37.1, 22.5),
    (37.2, 22.5),
    (37.3, 22.5),
    (37.4, 22.5),
    (37.5, 22.5),
    (37.6, 22.5),
    (37.7, 22.5),
    (37.8, 22.5),
    (37.9, 22.5),
    (38.0, 22.5),
    (38.1, 22.5),
    (36.8, 22.6),
    (36.9, 22.6),
    (37.0, 22.6),
    (37.1, 22.6),
    (37.2, 22.6),
    (37.3, 22.6),
    (37.4, 22.6),
    (37.5, 22.6),
    (37.6, 22.6),
    (37.7, 22.6),
    (37.8, 22.6),
    (37.9, 22.6),
    (38.0, 22.6),
    (36.9, 22.7),
    (37.0, 22.7),
    (37.1, 22.7),
    (37.2, 22.7),
    (37.3, 22.7),
    (37.4, 22.7),
    (37.5, 22.7),
    (37.6, 22.7),
    (37.7, 22.7),
    (37.8, 22.7),
    (37.9, 22.7),
    (38.0, 22.7),
    (36.8, 22.8),
    (36.9, 22.8),
    (37.0, 22.8),
    (37.1, 22.8),
    (37.2, 22.8),
    (37.3, 22.8),
    (37.6, 22.8),
    (37.7, 22.8),
    (37.8, 22.8),
    (37.9, 22.8),
    (36.7, 22.9),
    (36.8, 22.9),
    (36.9, 22.9),
    (37.0, 22.9),
    (37.1, 22.9),
    (37.6, 22.9),
    (37.7, 22.9),
    (37.8, 22.9),
    (37.9, 22.9),
    (36.6, 23.0),
    (36.7, 23.0),
    (36.8, 23.0),
    (36.9, 23.0),
    (37.0, 23.0),
    (37.5, 23.0),
    (37.6, 23.0),
    (37.7, 23.0),
    (37.8, 23.0),
    (37.9, 23.0),
    (36.5, 23.1),
    (37.5, 23.1),
    (37.6, 23.1),
    (37.7, 23.1),
    (37.8, 23.1),
    (37.3, 23.2),
    (37.4, 23.2),
    (37.5, 23.2),
    (37.4, 23.3),
    (37.5, 23.3),
    (37.5, 23.4),
    (37.6, 23.4)
  )
GROUP BY
  EXTRACT(YEAR FROM msr.time)
ORDER BY
  AVG(msr.ssrd) DESC
LIMIT 1"
416,H,236,"Between 2015 and 2016, in which year was the average solar radiation highest in City of Zurich?",meteo_ssrd,false,InternalError_: ProvSQL: ORDER BY on the result of an aggregate function is not supported,"SELECT
  EXTRACT(YEAR FROM msr.time) AS time_window_1
FROM meteo_ssrd AS msr
WHERE
  EXTRACT(YEAR FROM msr.time) BETWEEN 2015 AND 2016
  AND (
    ROUND(CAST(msr.latitude AS DECIMAL), 1),
    ROUND(CAST(msr.longitude AS DECIMAL), 1)
  ) IN ((47.4, 8.5))
GROUP BY
  EXTRACT(YEAR FROM msr.time)
ORDER BY
  AVG(msr.ssrd) DESC
LIMIT 1"
417,H,236,"Between 2015 and 2016, in which year was the average solar radiation highest in Attica?",meteo_ssrd,false,InternalError_: ProvSQL: ORDER BY on the result of an aggregate function is not supported,"SELECT
  EXTRACT(YEAR FROM msr.time) AS time_window_1
FROM meteo_ssrd AS msr
WHERE
  EXTRACT(YEAR FROM msr.time) BETWEEN 2015 AND 2016
  AND (
    ROUND(CAST(msr.latitude AS DECIMAL), 1),
    ROUND(CAST(msr.longitude AS DECIMAL), 1)
  ) IN (
    (38.0, 23.2),
    (38.0, 23.3),
    (38.1, 23.3),
    (38.2, 23.3),
    (38.0, 23.4),
    (38.1, 23.4),
    (38.2, 23.4),
    (38.1, 23.5),
    (38.0, 23.6),
    (38.1, 23.6),
    (38.0, 23.7),
    (38.1, 23.7),
    (38.2, 23.7),
    (38.3, 23.7),
    (37.9, 23.8),
    (38.0, 23.8),
    (38.1, 23.8),
    (38.2, 23.8),
    (38.3, 23.8),
    (37.8, 23.9),
    (37.9, 23.9),
    (38.0, 23.9),
    (38.1, 23.9),
    (38.2, 23.9)
  )
GROUP BY
  EXTRACT(YEAR FROM msr.time)
ORDER BY
  AVG(msr.ssrd) DESC
LIMIT 1"
418,H,236,"Between 2015 and 2016, in which year was the average solar radiation highest in Canton of Bern?",meteo_ssrd,false,InternalError_: ProvSQL: ORDER BY on the result of an aggregate function is not supported,"SELECT
  EXTRACT(YEAR FROM msr.time) AS time_window_1
FROM meteo_ssrd AS msr
WHERE
  EXTRACT(YEAR FROM msr.time) BETWEEN 2015 AND 2016
  AND (
    ROUND(CAST(msr.latitude AS DECIMAL), 1),
    ROUND(CAST(msr.longitude AS DECIMAL), 1)
  ) IN (
    (47.1, 6.9),
    (47.0, 7.1),
    (47.1, 7.1),
    (47.2, 7.1),
    (47.1, 7.2),
    (47.2, 7.2),
    (46.4, 7.3),
    (46.5, 7.3),
    (46.9, 7.3),
    (47.0, 7.3),
    (47.1, 7.3),
    (47.2, 7.3),
    (46.4, 7.4),
    (46.5, 7.4),
    (46.6, 7.4),
    (46.7, 7.4),
    (46.8, 7.4),
    (46.9, 7.4),
    (47.0, 7.4),
    (47.3, 7.4),
    (46.4, 7.5),
    (46.5, 7.5),
    (46.6, 7.5),
    (46.7, 7.5),
    (46.8, 7.5),
    (46.9, 7.5),
    (47.0, 7.5),
    (47.1, 7.5),
    (47.3, 7.5),
    (46.5, 7.6),
    (46.6, 7.6),
    (46.7, 7.6),
    (46.8, 7.6),
    (46.9, 7.6),
    (47.0, 7.6),
    (47.1, 7.6),
    (46.5, 7.7),
    (46.6, 7.7),
    (46.7, 7.7),
    (46.8, 7.7),
    (46.9, 7.7),
    (47.0, 7.7),
    (47.1, 7.7),
    (47.2, 7.7),
    (46.5, 7.8),
    (46.6, 7.8),
    (46.7, 7.8),
    (46.8, 7.8),
    (46.9, 7.8),
    (47.0, 7.8),
    (47.1, 7.8),
    (47.2, 7.8),
    (46.5, 7.9),
    (46.6, 7.9),
    (46.7, 7.9),
    (46.8, 7.9),
    (47.0, 7.9),
    (46.6, 8.0),
    (46.7, 8.0),
    (46.6, 8.1),
    (46.7, 8.1),
    (46.6, 8.2),
    (46.7, 8.2),
    (46.6, 8.3),
    (46.7, 8.3)
  )
GROUP BY
  EXTRACT(YEAR FROM msr.time)
ORDER BY
  AVG(msr.ssrd) DESC
LIMIT 1"
419,H,236,"Between 2015 and 2016, in which year was the average solar radiation highest in Peloponnese?",meteo_ssrd,false,InternalError_: ProvSQL: ORDER BY on the result of an aggregate function is not supported,"SELECT
  EXTRACT(YEAR FROM msr.time) AS time_window_1
FROM meteo_ssrd AS msr
WHERE
  EXTRACT(YEAR FROM msr.time) BETWEEN 2015 AND 2016
  AND (
    ROUND(CAST(msr.latitude AS DECIMAL), 1),
    ROUND(CAST(msr.longitude AS DECIMAL), 1)
  ) IN (
    (37.9, 21.2),
    (37.8, 21.3),
    (37.9, 21.3),
    (38.0, 21.3),
    (37.7, 21.4),
    (37.8, 21.4),
    (37.9, 21.4),
    (38.0, 21.4),
    (38.1, 21.4),
    (37.6, 21.5),
    (37.7, 21.5),
    (37.8, 21.5),
    (37.9, 21.5),
    (38.0, 21.5),
    (38.1, 21.5),
    (37.1, 21.6),
    (37.2, 21.6),
    (37.6, 21.6),
    (37.7, 21.6),
    (37.8, 21.6),
    (37.9, 21.6),
    (38.0, 21.6),
    (38.1, 21.6),
    (36.9, 21.7),
    (37.0, 21.7),
    (37.1, 21.7),
    (37.2, 21.7),
    (37.3, 21.7),
    (37.4, 21.7),
    (37.5, 21.7),
    (37.6, 21.7),
    (37.7, 21.7),
    (37.8, 21.7),
    (37.9, 21.7),
    (38.0, 21.7),
    (38.1, 21.7),
    (38.2, 21.7),
    (36.9, 21.8),
    (37.0, 21.8),
    (37.1, 21.8),
    (37.2, 21.8),
    (37.3, 21.8),
    (37.4, 21.8),
    (37.5, 21.8),
    (37.6, 21.8),
    (37.7, 21.8),
    (37.8, 21.8),
    (37.9, 21.8),
    (38.0, 21.8),
    (38.1, 21.8),
    (38.2, 21.8),
    (38.3, 21.8),
    (36.8, 21.9),
    (36.9, 21.9),
    (37.0, 21.9),
    (37.1, 21.9),
    (37.2, 21.9),
    (37.3, 21.9),
    (37.4, 21.9),
    (37.5, 21.9),
    (37.6, 21.9),
    (37.7, 21.9),
    (37.8, 21.9),
    (37.9, 21.9),
    (38.0, 21.9),
    (38.1, 21.9),
    (38.2, 21.9),
    (38.3, 21.9),
    (37.1, 22.0),
    (37.2, 22.0),
    (37.3, 22.0),
    (37.4, 22.0),
    (37.5, 22.0),
    (37.6, 22.0),
    (37.7, 22.0),
    (37.8, 22.0),
    (37.9, 22.0),
    (38.0, 22.0),
    (38.1, 22.0),
    (38.2, 22.0),
    (38.3, 22.0),
    (37.1, 22.1),
    (37.2, 22.1),
    (37.3, 22.1),
    (37.4, 22.1),
    (37.5, 22.1),
    (37.6, 22.1),
    (37.7, 22.1),
    (37.8, 22.1),
    (37.9, 22.1),
    (38.0, 22.1),
    (38.1, 22.1),
    (38.2, 22.1),
    (37.0, 22.2),
    (37.1, 22.2),
    (37.2, 22.2),
    (37.3, 22.2),
    (37.4, 22.2),
    (37.5, 22.2),
    (37.6, 22.2),
    (37.7, 22.2),
    (37.8, 22.2),
    (37.9, 22.2),
    (38.0, 22.2),
    (38.1, 22.2),
    (36.8, 22.3),
    (36.9, 22.3),
    (37.0, 22.3),
    (37.1, 22.3),
    (37.2, 22.3),
    (37.3, 22.3),
    (37.4, 22.3),
    (37.5, 22.3),
    (37.6, 22.3),
    (37.7, 22.3),
    (37.8, 22.3),
    (37.9, 22.3),
    (38.0, 22.3),
    (38.1, 22.3),
    (36.5, 22.4),
    (36.6, 22.4),
    (36.7, 22.4),
    (36.8, 22.4),
    (36.9, 22.4),
    (37.0, 22.4),
    (37.1, 22.4),
    (37.2, 22.4),
    (37.3, 22.4),
    (37.4, 22.4),
    (37.5, 22.4),
    (37.6, 22.4),
    (37.7, 22.4),
    (37.8, 22.4),
    (37.9, 22.4),
    (38.0, 22.4),
    (38.1, 22.4),
    (36.7, 22.5),
    (36.8, 22.5),
    (36.9, 22.5),
    (37.0, 22.5),
    (37.1, 22.5),
    (37.2, 22.5),
    (37.3, 22.5),
    (37.4, 22.5),
    (37.5, 22.5),
    (37.6, 22.5),
    (37.7, 22.5),
    (37.8, 22.5),
    (37.9, 22.5),
    (38.0, 22.5),
    (38.1, 22.5),
    (36.8, 22.6),
    (36.9, 22.6),
    (37.0, 22.6),
    (37.1, 22.6),
    (37.2, 22.6),
    (37.3, 22.6),
    (37.4, 22.6),
    (37.5, 22.6),
    (37.6, 22.6),
    (37.7, 22.6),
    (37.8, 22.6),
    (37.9, 22.6),
    (38.0, 22.6),
    (36.9, 22.7),
    (37.0, 22.7),
    (37.1, 22.7),
    (37.2, 22.7),
    (37.3, 22.7),
    (37.4, 22.7),
    (37.5, 22.7),
    (37.6, 22.7),
    (37.7, 22.7),
    (37.8, 22.7),
    (37.9, 22.7),
    (38.0, 22.7),
    (36.8, 22.8),
    (36.9, 22.8),
    (37.0, 22.8),
    (37.1, 22.8),
    (37.2, 22.8),
    (37.3, 22.8),
    (37.6, 22.8),
    (37.7, 22.8),
    (37.8, 22.8),
    (37.9, 22.8),
    (36.7, 22.9),
    (36.8, 22.9),
    (36.9, 22.9),
    (37.0, 22.9),
    (37.1, 22.9),
    (37.6, 22.9),
    (37.7, 22.9),
    (37.8, 22.9),
    (37.9, 22.9),
    (36.6, 23.0),
    (36.7, 23.0),
    (36.8, 23.0),
    (36.9, 23.0),
    (37.0, 23.0),
    (37.5, 23.0),
    (37.6, 23.0),
    (37.7, 23.0),
    (37.8, 23.0),
    (37.9, 23.0),
    (36.5, 23.1),
    (37.5, 23.1),
    (37.6, 23.1),
    (37.7, 23.1),
    (37.8, 23.1),
    (37.3, 23.2),
    (37.4, 23.2),
    (37.5, 23.2),
    (37.4, 23.3),
    (37.5, 23.3),
    (37.5, 23.4),
    (37.6, 23.4)
  )
GROUP BY
  EXTRACT(YEAR FROM msr.time)
ORDER BY
  AVG(msr.ssrd) DESC
LIMIT 1"
420,F,237,List the coordinates of locations where the mean temperature exceeded 30 °C at least once during week 25 of 2018 in the City of Zurich.,meteo_tmean,true,,
421,F,237,List the coordinates of locations where the mean temperature exceeded 30 °C at least once during week 25 of 2018 in the Attica.,meteo_tmean,true,,
422,F,237,List the coordinates of locations where the mean temperature exceeded 30 °C at least once during week 25 of 2018 in the Canton of Bern.,meteo_tmean,true,,
423,F,237,List the coordinates of locations where the mean temperature exceeded 30 °C at least once during week 25 of 2018 in the Peloponnese.,meteo_tmean,true,,
424,F,240,List the coordinates of locations where the mean temperature exceeded 30 °C at least once in City of Zurich between 2015 and 2016.,meteo_tmean,true,,
425,F,240,List the coordinates of locations where the mean temperature exceeded 30 °C at least once in Attica between 2015 and 2016.,meteo_tmean,true,,
426,F,240,List the coordinates of locations where the mean temperature exceeded 30 °C at least once in Canton of Bern between 2015 and 2016.,meteo_tmean,true,,
427,F,240,List the coordinates of locations where the mean temperature exceeded 30 °C at least once in Peloponnese between 2015 and 2016.,meteo_tmean,true,,
428,K,242,How many heat waves were there in City of Zurich in 2015?,meteo_tmax,false,"NotImplementedError: HAVING queries are not supported yet, rewrite your SQL with nested SELECTs.","WITH filtered AS (
  SELECT
    mtx.time AS time,
    mtx.tmax AS tmax,
    DATE(mtx.time) AS time_window_3
  FROM meteo_tmax AS mtx
  WHERE
    EXTRACT(YEAR FROM mtx.time) = 2015
    AND (
      ROUND(CAST(mtx.latitude AS DECIMAL), 1),
      ROUND(CAST(mtx.longitude AS DECIMAL), 1)
    ) IN ((47.4, 8.5))
    AND NOT mtx.tmax IS NULL
), time_window_2 AS (
  SELECT
    filtered.time_window_3 AS time_window_3,
    filtered.tmax AS tmax,
    CASE WHEN filtered.tmax - 273.15 >= 35.0 THEN 1 ELSE 0 END AS is_hot
  FROM filtered
), streaks AS (
  SELECT
    time_window_2.time_window_3 AS time_window_3,
    time_window_2.is_hot AS is_hot,
    time_window_2.time_window_3 - (
      ROW_NUMBER() OVER (ORDER BY time_window_2.time_window_3) * INTERVAL '1 DAY'
    ) AS group_id
  FROM time_window_2
  WHERE
    time_window_2.is_hot = 1
), streak_lengths AS (
  SELECT
    streaks.group_id AS group_id,
    COUNT(*) AS streak_length
  FROM streaks
  GROUP BY
    streaks.group_id
  HAVING
    COUNT(*) >= 3
)
SELECT
  COUNT(*) AS heat_wave_count
FROM streak_lengths"
429,K,242,How many heat waves were there in Attica in 2015?,meteo_tmax,false,"NotImplementedError: HAVING queries are not supported yet, rewrite your SQL with nested SELECTs.","WITH filtered AS (
  SELECT
    mtx.time AS time,
    mtx.tmax AS tmax,
    DATE(mtx.time) AS time_window_3
  FROM meteo_tmax AS mtx
  WHERE
    EXTRACT(YEAR FROM mtx.time) = 2015
    AND (
      ROUND(CAST(mtx.latitude AS DECIMAL), 1),
      ROUND(CAST(mtx.longitude AS DECIMAL), 1)
    ) IN (
      (38.0, 23.2),
      (38.0, 23.3),
      (38.1, 23.3),
      (38.2, 23.3),
      (38.0, 23.4),
      (38.1, 23.4),
      (38.2, 23.4),
      (38.1, 23.5),
      (38.0, 23.6),
      (38.1, 23.6),
      (38.0, 23.7),
      (38.1, 23.7),
      (38.2, 23.7),
      (38.3, 23.7),
      (37.9, 23.8),
      (38.0, 23.8),
      (38.1, 23.8),
      (38.2, 23.8),
      (38.3, 23.8),
      (37.8, 23.9),
      (37.9, 23.9),
      (38.0, 23.9),
      (38.1, 23.9),
      (38.2, 23.9)
    )
    AND NOT mtx.tmax IS NULL
), time_window_2 AS (
  SELECT
    filtered.time_window_3 AS time_window_3,
    filtered.tmax AS tmax,
    CASE WHEN filtered.tmax - 273.15 >= 35.0 THEN 1 ELSE 0 END AS is_hot
  FROM filtered
), streaks AS (
  SELECT
    time_window_2.time_window_3 AS time_window_3,
    time_window_2.is_hot AS is_hot,
    time_window_2.time_window_3 - (
      ROW_NUMBER() OVER (ORDER BY time_window_2.time_window_3) * INTERVAL '1 DAY'
    ) AS group_id
  FROM time_window_2
  WHERE
    time_window_2.is_hot = 1
), streak_lengths AS (
  SELECT
    streaks.group_id AS group_id,
    COUNT(*) AS streak_length
  FROM streaks
  GROUP BY
    streaks.group_id
  HAVING
    COUNT(*) >= 3
)
SELECT
  COUNT(*) AS heat_wave_count
FROM streak_lengths"
430,K,242,How many heat waves were there in Canton of Bern in 2015?,meteo_tmax,false,"NotImplementedError: HAVING queries are not supported yet, rewrite your SQL with nested SELECTs.","WITH filtered AS (
  SELECT
    mtx.time AS time,
    mtx.tmax AS tmax,
    DATE(mtx.time) AS time_window_3
  FROM meteo_tmax AS mtx
  WHERE
    EXTRACT(YEAR FROM mtx.time) = 2015
    AND (
      ROUND(CAST(mtx.latitude AS DECIMAL), 1),
      ROUND(CAST(mtx.longitude AS DECIMAL), 1)
    ) IN (
      (47.1, 6.9),
      (47.0, 7.1),
      (47.1, 7.1),
      (47.2, 7.1),
      (47.1, 7.2),
      (47.2, 7.2),
      (46.4, 7.3),
      (46.5, 7.3),
      (46.9, 7.3),
      (47.0, 7.3),
      (47.1, 7.3),
      (47.2, 7.3),
      (46.4, 7.4),
      (46.5, 7.4),
      (46.6, 7.4),
      (46.7, 7.4),
      (46.8, 7.4),
      (46.9, 7.4),
      (47.0, 7.4),
      (47.3, 7.4),
      (46.4, 7.5),
      (46.5, 7.5),
      (46.6, 7.5),
      (46.7, 7.5),
      (46.8, 7.5),
      (46.9, 7.5),
      (47.0, 7.5),
      (47.1, 7.5),
      (47.3, 7.5),
      (46.5, 7.6),
      (46.6, 7.6),
      (46.7, 7.6),
      (46.8, 7.6),
      (46.9, 7.6),
      (47.0, 7.6),
      (47.1, 7.6),
      (46.5, 7.7),
      (46.6, 7.7),
      (46.7, 7.7),
      (46.8, 7.7),
      (46.9, 7.7),
      (47.0, 7.7),
      (47.1, 7.7),
      (47.2, 7.7),
      (46.5, 7.8),
      (46.6, 7.8),
      (46.7, 7.8),
      (46.8, 7.8),
      (46.9, 7.8),
      (47.0, 7.8),
      (47.1, 7.8),
      (47.2, 7.8),
      (46.5, 7.9),
      (46.6, 7.9),
      (46.7, 7.9),
      (46.8, 7.9),
      (47.0, 7.9),
      (46.6, 8.0),
      (46.7, 8.0),
      (46.6, 8.1),
      (46.7, 8.1),
      (46.6, 8.2),
      (46.7, 8.2),
      (46.6, 8.3),
      (46.7, 8.3)
    )
    AND NOT mtx.tmax IS NULL
), time_window_2 AS (
  SELECT
    filtered.time_window_3 AS time_window_3,
    filtered.tmax AS tmax,
    CASE WHEN filtered.tmax - 273.15 >= 35.0 THEN 1 ELSE 0 END AS is_hot
  FROM filtered
), streaks AS (
  SELECT
    time_window_2.time_window_3 AS time_window_3,
    time_window_2.is_hot AS is_hot,
    time_window_2.time_window_3 - (
      ROW_NUMBER() OVER (ORDER BY time_window_2.time_window_3) * INTERVAL '1 DAY'
    ) AS group_id
  FROM time_window_2
  WHERE
    time_window_2.is_hot = 1
), streak_lengths AS (
  SELECT
    streaks.group_id AS group_id,
    COUNT(*) AS streak_length
  FROM streaks
  GROUP BY
    streaks.group_id
  HAVING
    COUNT(*) >= 3
)
SELECT
  COUNT(*) AS heat_wave_count
FROM streak_lengths"
431,K,242,How many heat waves were there in Peloponnese in 2015?,meteo_tmax,false,"NotImplementedError: HAVING queries are not supported yet, rewrite your SQL with nested SELECTs.","WITH filtered AS (
  SELECT
    mtx.time AS time,
    mtx.tmax AS tmax,
    DATE(mtx.time) AS time_window_3
  FROM meteo_tmax AS mtx
  WHERE
    EXTRACT(YEAR FROM mtx.time) = 2015
    AND (
      ROUND(CAST(mtx.latitude AS DECIMAL), 1),
      ROUND(CAST(mtx.longitude AS DECIMAL), 1)
    ) IN (
      (37.9, 21.2),
      (37.8, 21.3),
      (37.9, 21.3),
      (38.0, 21.3),
      (37.7, 21.4),
      (37.8, 21.4),
      (37.9, 21.4),
      (38.0, 21.4),
      (38.1, 21.4),
      (37.6, 21.5),
      (37.7, 21.5),
      (37.8, 21.5),
      (37.9, 21.5),
      (38.0, 21.5),
      (38.1, 21.5),
      (37.1, 21.6),
      (37.2, 21.6),
      (37.6, 21.6),
      (37.7, 21.6),
      (37.8, 21.6),
      (37.9, 21.6),
      (38.0, 21.6),
      (38.1, 21.6),
      (36.9, 21.7),
      (37.0, 21.7),
      (37.1, 21.7),
      (37.2, 21.7),
      (37.3, 21.7),
      (37.4, 21.7),
      (37.5, 21.7),
      (37.6, 21.7),
      (37.7, 21.7),
      (37.8, 21.7),
      (37.9, 21.7),
      (38.0, 21.7),
      (38.1, 21.7),
      (38.2, 21.7),
      (36.9, 21.8),
      (37.0, 21.8),
      (37.1, 21.8),
      (37.2, 21.8),
      (37.3, 21.8),
      (37.4, 21.8),
      (37.5, 21.8),
      (37.6, 21.8),
      (37.7, 21.8),
      (37.8, 21.8),
      (37.9, 21.8),
      (38.0, 21.8),
      (38.1, 21.8),
      (38.2, 21.8),
      (38.3, 21.8),
      (36.8, 21.9),
      (36.9, 21.9),
      (37.0, 21.9),
      (37.1, 21.9),
      (37.2, 21.9),
      (37.3, 21.9),
      (37.4, 21.9),
      (37.5, 21.9),
      (37.6, 21.9),
      (37.7, 21.9),
      (37.8, 21.9),
      (37.9, 21.9),
      (38.0, 21.9),
      (38.1, 21.9),
      (38.2, 21.9),
      (38.3, 21.9),
      (37.1, 22.0),
      (37.2, 22.0),
      (37.3, 22.0),
      (37.4, 22.0),
      (37.5, 22.0),
      (37.6, 22.0),
      (37.7, 22.0),
      (37.8, 22.0),
      (37.9, 22.0),
      (38.0, 22.0),
      (38.1, 22.0),
      (38.2, 22.0),
      (38.3, 22.0),
      (37.1, 22.1),
      (37.2, 22.1),
      (37.3, 22.1),
      (37.4, 22.1),
      (37.5, 22.1),
      (37.6, 22.1),
      (37.7, 22.1),
      (37.8, 22.1),
      (37.9, 22.1),
      (38.0, 22.1),
      (38.1, 22.1),
      (38.2, 22.1),
      (37.0, 22.2),
      (37.1, 22.2),
      (37.2, 22.2),
      (37.3, 22.2),
      (37.4, 22.2),
      (37.5, 22.2),
      (37.6, 22.2),
      (37.7, 22.2),
      (37.8, 22.2),
      (37.9, 22.2),
      (38.0, 22.2),
      (38.1, 22.2),
      (36.8, 22.3),
      (36.9, 22.3),
      (37.0, 22.3),
      (37.1, 22.3),
      (37.2, 22.3),
      (37.3, 22.3),
      (37.4, 22.3),
      (37.5, 22.3),
      (37.6, 22.3),
      (37.7, 22.3),
      (37.8, 22.3),
      (37.9, 22.3),
      (38.0, 22.3),
      (38.1, 22.3),
      (36.5, 22.4),
      (36.6, 22.4),
      (36.7, 22.4),
      (36.8, 22.4),
      (36.9, 22.4),
      (37.0, 22.4),
      (37.1, 22.4),
      (37.2, 22.4),
      (37.3, 22.4),
      (37.4, 22.4),
      (37.5, 22.4),
      (37.6, 22.4),
      (37.7, 22.4),
      (37.8, 22.4),
      (37.9, 22.4),
      (38.0, 22.4),
      (38.1, 22.4),
      (36.7, 22.5),
      (36.8, 22.5),
      (36.9, 22.5),
      (37.0, 22.5),
      (37.1, 22.5),
      (37.2, 22.5),
      (37.3, 22.5),
      (37.4, 22.5),
      (37.5, 22.5),
      (37.6, 22.5),
      (37.7, 22.5),
      (37.8, 22.5),
      (37.9, 22.5),
      (38.0, 22.5),
      (38.1, 22.5),
      (36.8, 22.6),
      (36.9, 22.6),
      (37.0, 22.6),
      (37.1, 22.6),
      (37.2, 22.6),
      (37.3, 22.6),
      (37.4, 22.6),
      (37.5, 22.6),
      (37.6, 22.6),
      (37.7, 22.6),
      (37.8, 22.6),
      (37.9, 22.6),
      (38.0, 22.6),
      (36.9, 22.7),
      (37.0, 22.7),
      (37.1, 22.7),
      (37.2, 22.7),
      (37.3, 22.7),
      (37.4, 22.7),
      (37.5, 22.7),
      (37.6, 22.7),
      (37.7, 22.7),
      (37.8, 22.7),
      (37.9, 22.7),
      (38.0, 22.7),
      (36.8, 22.8),
      (36.9, 22.8),
      (37.0, 22.8),
      (37.1, 22.8),
      (37.2, 22.8),
      (37.3, 22.8),
      (37.6, 22.8),
      (37.7, 22.8),
      (37.8, 22.8),
      (37.9, 22.8),
      (36.7, 22.9),
      (36.8, 22.9),
      (36.9, 22.9),
      (37.0, 22.9),
      (37.1, 22.9),
      (37.6, 22.9),
      (37.7, 22.9),
      (37.8, 22.9),
      (37.9, 22.9),
      (36.6, 23.0),
      (36.7, 23.0),
      (36.8, 23.0),
      (36.9, 23.0),
      (37.0, 23.0),
      (37.5, 23.0),
      (37.6, 23.0),
      (37.7, 23.0),
      (37.8, 23.0),
      (37.9, 23.0),
      (36.5, 23.1),
      (37.5, 23.1),
      (37.6, 23.1),
      (37.7, 23.1),
      (37.8, 23.1),
      (37.3, 23.2),
      (37.4, 23.2),
      (37.5, 23.2),
      (37.4, 23.3),
      (37.5, 23.3),
      (37.5, 23.4),
      (37.6, 23.4)
    )
    AND NOT mtx.tmax IS NULL
), time_window_2 AS (
  SELECT
    filtered.time_window_3 AS time_window_3,
    filtered.tmax AS tmax,
    CASE WHEN filtered.tmax - 273.15 >= 35.0 THEN 1 ELSE 0 END AS is_hot
  FROM filtered
), streaks AS (
  SELECT
    time_window_2.time_window_3 AS time_window_3,
    time_window_2.is_hot AS is_hot,
    time_window_2.time_window_3 - (
      ROW_NUMBER() OVER (ORDER BY time_window_2.time_window_3) * INTERVAL '1 DAY'
    ) AS group_id
  FROM time_window_2
  WHERE
    time_window_2.is_hot = 1
), streak_lengths AS (
  SELECT
    streaks.group_id AS group_id,
    COUNT(*) AS streak_length
  FROM streaks
  GROUP BY
    streaks.group_id
  HAVING
    COUNT(*) >= 3
)
SELECT
  COUNT(*) AS heat_wave_count
FROM streak_lengths"
432,K,245,Return me the heat wave in 2015 in the City of Zurich,meteo_tmax,false,"NotImplementedError: HAVING queries are not supported yet, rewrite your SQL with nested SELECTs.","WITH params AS (
  SELECT
    2015 AS time_window_5,
    CAST(35.0 AS DOUBLE PRECISION) AS hot_threshold
), filtered AS (
  SELECT
    DATE(m.time) AS day,
    m.tmax AS tmax
  FROM meteo_tmax AS m
  CROSS JOIN params AS p
  WHERE
    EXTRACT(YEAR FROM m.time) = p.time_window_5
    AND (ROUND(CAST(m.latitude AS DECIMAL), 1), ROUND(CAST(m.longitude AS DECIMAL), 1)) IN ((47.4, 8.5))
    AND NOT m.tmax IS NULL
), hot AS (
  SELECT
    filtered.day AS day,
    filtered.tmax AS tmax,
    CASE
      WHEN filtered.tmax - 273.15 > (
        SELECT
          params.hot_threshold AS hot_threshold
        FROM params
      )
      THEN 1
      ELSE 0
    END AS is_hot
  FROM filtered
), streaks AS (
  SELECT
    hot.day AS day,
    hot.tmax AS tmax,
    hot.day - (
      ROW_NUMBER() OVER (ORDER BY hot.day) * INTERVAL '1 DAY'
    ) AS streak_id
  FROM hot
  WHERE
    hot.is_hot = 1
), long_streaks AS (
  SELECT
    streaks.streak_id AS streak_id
  FROM streaks
  GROUP BY
    streaks.streak_id
  HAVING
    COUNT(*) >= 3
), time_window_3 AS (
  SELECT
    s.day AS day,
    s.tmax AS tmax,
    s.streak_id AS streak_id
  FROM streaks AS s
  JOIN long_streaks AS ls
    ON s.streak_id = ls.streak_id
)
SELECT
  hw.day AS day,
  ROUND(CAST(hw.tmax AS DECIMAL), 2) - 273.15 AS tmax,
  MIN(hw.day) OVER (PARTITION BY hw.streak_id) AS heat_wave_start,
  MAX(hw.day) OVER (PARTITION BY hw.streak_id) AS heat_wave_end,
  COUNT(*) OVER (PARTITION BY hw.streak_id) AS time_window_4
FROM time_window_3 AS hw
ORDER BY
  heat_wave_start,
  hw.day"
433,K,245,Return me the heat wave in 2015 in the Attica,meteo_tmax,false,"NotImplementedError: HAVING queries are not supported yet, rewrite your SQL with nested SELECTs.","WITH params AS (
  SELECT
    2015 AS time_window_5,
    CAST(35.0 AS DOUBLE PRECISION) AS hot_threshold
), filtered AS (
  SELECT
    DATE(m.time) AS day,
    m.tmax AS tmax
  FROM meteo_tmax AS m
  CROSS JOIN params AS p
  WHERE
    EXTRACT(YEAR FROM m.time) = p.time_window_5
    AND (ROUND(CAST(m.latitude AS DECIMAL), 1), ROUND(CAST(m.longitude AS DECIMAL), 1)) IN (
      (38.0, 23.2),
      (38.0, 23.3),
      (38.1, 23.3),
      (38.2, 23.3),
      (38.0, 23.4),
      (38.1, 23.4),
      (38.2, 23.4),
      (38.1, 23.5),
      (38.0, 23.6),
      (38.1, 23.6),
      (38.0, 23.7),
      (38.1, 23.7),
      (38.2, 23.7),
      (38.3, 23.7),
      (37.9, 23.8),
      (38.0, 23.8),
      (38.1, 23.8),
      (38.2, 23.8),
      (38.3, 23.8),
      (37.8, 23.9),
      (37.9, 23.9),
      (38.0, 23.9),
      (38.1, 23.9),
      (38.2, 23.9)
    )
    AND NOT m.tmax IS NULL
), hot AS (
  SELECT
    filtered.day AS day,
    filtered.tmax AS tmax,
    CASE
      WHEN filtered.tmax - 273.15 > (
        SELECT
          params.hot_threshold AS hot_threshold
        FROM params
      )
      THEN 1
      ELSE 0
    END AS is_hot
  FROM filtered
), streaks AS (
  SELECT
    hot.day AS day,
    hot.tmax AS tmax,
    hot.day - (
      ROW_NUMBER() OVER (ORDER BY hot.day) * INTERVAL '1 DAY'
    ) AS streak_id
  FROM hot
  WHERE
    hot.is_hot = 1
), long_streaks AS (
  SELECT
    streaks.streak_id AS streak_id
  FROM streaks
  GROUP BY
    streaks.streak_id
  HAVING
    COUNT(*) >= 3
), time_window_3 AS (
  SELECT
    s.day AS day,
    s.tmax AS tmax,
    s.streak_id AS streak_id
  FROM streaks AS s
  JOIN long_streaks AS ls
    ON s.streak_id = ls.streak_id
)
SELECT
  hw.day AS day,
  ROUND(CAST(hw.tmax AS DECIMAL), 2) - 273.15 AS tmax,
  MIN(hw.day) OVER (PARTITION BY hw.streak_id) AS heat_wave_start,
  MAX(hw.day) OVER (PARTITION BY hw.streak_id) AS heat_wave_end,
  COUNT(*) OVER (PARTITION BY hw.streak_id) AS time_window_4
FROM time_window_3 AS hw
ORDER BY
  heat_wave_start,
  hw.day"
434,K,245,Return me the heat wave in 2015 in the Canton of Bern,meteo_tmax,false,"NotImplementedError: HAVING queries are not supported yet, rewrite your SQL with nested SELECTs.","WITH params AS (
  SELECT
    2015 AS time_window_5,
    CAST(35.0 AS DOUBLE PRECISION) AS hot_threshold
), filtered AS (
  SELECT
    DATE(m.time) AS day,
    m.tmax AS tmax
  FROM meteo_tmax AS m
  CROSS JOIN params AS p
  WHERE
    EXTRACT(YEAR FROM m.time) = p.time_window_5
    AND (ROUND(CAST(m.latitude AS DECIMAL), 1), ROUND(CAST(m.longitude AS DECIMAL), 1)) IN (
      (47.1, 6.9),
      (47.0, 7.1),
      (47.1, 7.1),
      (47.2, 7.1),
      (47.1, 7.2),
      (47.2, 7.2),
      (46.4, 7.3),
      (46.5, 7.3),
      (46.9, 7.3),
      (47.0, 7.3),
      (47.1, 7.3),
      (47.2, 7.3),
      (46.4, 7.4),
      (46.5, 7.4),
      (46.6, 7.4),
      (46.7, 7.4),
      (46.8, 7.4),
      (46.9, 7.4),
      (47.0, 7.4),
      (47.3, 7.4),
      (46.4, 7.5),
      (46.5, 7.5),
      (46.6, 7.5),
      (46.7, 7.5),
      (46.8, 7.5),
      (46.9, 7.5),
      (47.0, 7.5),
      (47.1, 7.5),
      (47.3, 7.5),
      (46.5, 7.6),
      (46.6, 7.6),
      (46.7, 7.6),
      (46.8, 7.6),
      (46.9, 7.6),
      (47.0, 7.6),
      (47.1, 7.6),
      (46.5, 7.7),
      (46.6, 7.7),
      (46.7, 7.7),
      (46.8, 7.7),
      (46.9, 7.7),
      (47.0, 7.7),
      (47.1, 7.7),
      (47.2, 7.7),
      (46.5, 7.8),
      (46.6, 7.8),
      (46.7, 7.8),
      (46.8, 7.8),
      (46.9, 7.8),
      (47.0, 7.8),
      (47.1, 7.8),
      (47.2, 7.8),
      (46.5, 7.9),
      (46.6, 7.9),
      (46.7, 7.9),
      (46.8, 7.9),
      (47.0, 7.9),
      (46.6, 8.0),
      (46.7, 8.0),
      (46.6, 8.1),
      (46.7, 8.1),
      (46.6, 8.2),
      (46.7, 8.2),
      (46.6, 8.3),
      (46.7, 8.3)
    )
    AND NOT m.tmax IS NULL
), hot AS (
  SELECT
    filtered.day AS day,
    filtered.tmax AS tmax,
    CASE
      WHEN filtered.tmax - 273.15 > (
        SELECT
          params.hot_threshold AS hot_threshold
        FROM params
      )
      THEN 1
      ELSE 0
    END AS is_hot
  FROM filtered
), streaks AS (
  SELECT
    hot.day AS day,
    hot.tmax AS tmax,
    hot.day - (
      ROW_NUMBER() OVER (ORDER BY hot.day) * INTERVAL '1 DAY'
    ) AS streak_id
  FROM hot
  WHERE
    hot.is_hot = 1
), long_streaks AS (
  SELECT
    streaks.streak_id AS streak_id
  FROM streaks
  GROUP BY
    streaks.streak_id
  HAVING
    COUNT(*) >= 3
), time_window_3 AS (
  SELECT
    s.day AS day,
    s.tmax AS tmax,
    s.streak_id AS streak_id
  FROM streaks AS s
  JOIN long_streaks AS ls
    ON s.streak_id = ls.streak_id
)
SELECT
  hw.day AS day,
  ROUND(CAST(hw.tmax AS DECIMAL), 2) - 273.15 AS tmax,
  MIN(hw.day) OVER (PARTITION BY hw.streak_id) AS heat_wave_start,
  MAX(hw.day) OVER (PARTITION BY hw.streak_id) AS heat_wave_end,
  COUNT(*) OVER (PARTITION BY hw.streak_id) AS time_window_4
FROM time_window_3 AS hw
ORDER BY
  heat_wave_start,
  hw.day"
435,K,245,Return me the heat wave in 2015 in the Peloponnese,meteo_tmax,false,"NotImplementedError: HAVING queries are not supported yet, rewrite your SQL with nested SELECTs.","WITH params AS (
  SELECT
    2015 AS time_window_5,
    CAST(35.0 AS DOUBLE PRECISION) AS hot_threshold
), filtered AS (
  SELECT
    DATE(m.time) AS day,
    m.tmax AS tmax
  FROM meteo_tmax AS m
  CROSS JOIN params AS p
  WHERE
    EXTRACT(YEAR FROM m.time) = p.time_window_5
    AND (ROUND(CAST(m.latitude AS DECIMAL), 1), ROUND(CAST(m.longitude AS DECIMAL), 1)) IN (
      (37.9, 21.2),
      (37.8, 21.3),
      (37.9, 21.3),
      (38.0, 21.3),
      (37.7, 21.4),
      (37.8, 21.4),
      (37.9, 21.4),
      (38.0, 21.4),
      (38.1, 21.4),
      (37.6, 21.5),
      (37.7, 21.5),
      (37.8, 21.5),
      (37.9, 21.5),
      (38.0, 21.5),
      (38.1, 21.5),
      (37.1, 21.6),
      (37.2, 21.6),
      (37.6, 21.6),
      (37.7, 21.6),
      (37.8, 21.6),
      (37.9, 21.6),
      (38.0, 21.6),
      (38.1, 21.6),
      (36.9, 21.7),
      (37.0, 21.7),
      (37.1, 21.7),
      (37.2, 21.7),
      (37.3, 21.7),
      (37.4, 21.7),
      (37.5, 21.7),
      (37.6, 21.7),
      (37.7, 21.7),
      (37.8, 21.7),
      (37.9, 21.7),
      (38.0, 21.7),
      (38.1, 21.7),
      (38.2, 21.7),
      (36.9, 21.8),
      (37.0, 21.8),
      (37.1, 21.8),
      (37.2, 21.8),
      (37.3, 21.8),
      (37.4, 21.8),
      (37.5, 21.8),
      (37.6, 21.8),
      (37.7, 21.8),
      (37.8, 21.8),
      (37.9, 21.8),
      (38.0, 21.8),
      (38.1, 21.8),
      (38.2, 21.8),
      (38.3, 21.8),
      (36.8, 21.9),
      (36.9, 21.9),
      (37.0, 21.9),
      (37.1, 21.9),
      (37.2, 21.9),
      (37.3, 21.9),
      (37.4, 21.9),
      (37.5, 21.9),
      (37.6, 21.9),
      (37.7, 21.9),
      (37.8, 21.9),
      (37.9, 21.9),
      (38.0, 21.9),
      (38.1, 21.9),
      (38.2, 21.9),
      (38.3, 21.9),
      (37.1, 22.0),
      (37.2, 22.0),
      (37.3, 22.0),
      (37.4, 22.0),
      (37.5, 22.0),
      (37.6, 22.0),
      (37.7, 22.0),
      (37.8, 22.0),
      (37.9, 22.0),
      (38.0, 22.0),
      (38.1, 22.0),
      (38.2, 22.0),
      (38.3, 22.0),
      (37.1, 22.1),
      (37.2, 22.1),
      (37.3, 22.1),
      (37.4, 22.1),
      (37.5, 22.1),
      (37.6, 22.1),
      (37.7, 22.1),
      (37.8, 22.1),
      (37.9, 22.1),
      (38.0, 22.1),
      (38.1, 22.1),
      (38.2, 22.1),
      (37.0, 22.2),
      (37.1, 22.2),
      (37.2, 22.2),
      (37.3, 22.2),
      (37.4, 22.2),
      (37.5, 22.2),
      (37.6, 22.2),
      (37.7, 22.2),
      (37.8, 22.2),
      (37.9, 22.2),
      (38.0, 22.2),
      (38.1, 22.2),
      (36.8, 22.3),
      (36.9, 22.3),
      (37.0, 22.3),
      (37.1, 22.3),
      (37.2, 22.3),
      (37.3, 22.3),
      (37.4, 22.3),
      (37.5, 22.3),
      (37.6, 22.3),
      (37.7, 22.3),
      (37.8, 22.3),
      (37.9, 22.3),
      (38.0, 22.3),
      (38.1, 22.3),
      (36.5, 22.4),
      (36.6, 22.4),
      (36.7, 22.4),
      (36.8, 22.4),
      (36.9, 22.4),
      (37.0, 22.4),
      (37.1, 22.4),
      (37.2, 22.4),
      (37.3, 22.4),
      (37.4, 22.4),
      (37.5, 22.4),
      (37.6, 22.4),
      (37.7, 22.4),
      (37.8, 22.4),
      (37.9, 22.4),
      (38.0, 22.4),
      (38.1, 22.4),
      (36.7, 22.5),
      (36.8, 22.5),
      (36.9, 22.5),
      (37.0, 22.5),
      (37.1, 22.5),
      (37.2, 22.5),
      (37.3, 22.5),
      (37.4, 22.5),
      (37.5, 22.5),
      (37.6, 22.5),
      (37.7, 22.5),
      (37.8, 22.5),
      (37.9, 22.5),
      (38.0, 22.5),
      (38.1, 22.5),
      (36.8, 22.6),
      (36.9, 22.6),
      (37.0, 22.6),
      (37.1, 22.6),
      (37.2, 22.6),
      (37.3, 22.6),
      (37.4, 22.6),
      (37.5, 22.6),
      (37.6, 22.6),
      (37.7, 22.6),
      (37.8, 22.6),
      (37.9, 22.6),
      (38.0, 22.6),
      (36.9, 22.7),
      (37.0, 22.7),
      (37.1, 22.7),
      (37.2, 22.7),
      (37.3, 22.7),
      (37.4, 22.7),
      (37.5, 22.7),
      (37.6, 22.7),
      (37.7, 22.7),
      (37.8, 22.7),
      (37.9, 22.7),
      (38.0, 22.7),
      (36.8, 22.8),
      (36.9, 22.8),
      (37.0, 22.8),
      (37.1, 22.8),
      (37.2, 22.8),
      (37.3, 22.8),
      (37.6, 22.8),
      (37.7, 22.8),
      (37.8, 22.8),
      (37.9, 22.8),
      (36.7, 22.9),
      (36.8, 22.9),
      (36.9, 22.9),
      (37.0, 22.9),
      (37.1, 22.9),
      (37.6, 22.9),
      (37.7, 22.9),
      (37.8, 22.9),
      (37.9, 22.9),
      (36.6, 23.0),
      (36.7, 23.0),
      (36.8, 23.0),
      (36.9, 23.0),
      (37.0, 23.0),
      (37.5, 23.0),
      (37.6, 23.0),
      (37.7, 23.0),
      (37.8, 23.0),
      (37.9, 23.0),
      (36.5, 23.1),
      (37.5, 23.1),
      (37.6, 23.1),
      (37.7, 23.1),
      (37.8, 23.1),
      (37.3, 23.2),
      (37.4, 23.2),
      (37.5, 23.2),
      (37.4, 23.3),
      (37.5, 23.3),
      (37.5, 23.4),
      (37.6, 23.4)
    )
    AND NOT m.tmax IS NULL
), hot AS (
  SELECT
    filtered.day AS day,
    filtered.tmax AS tmax,
    CASE
      WHEN filtered.tmax - 273.15 > (
        SELECT
          params.hot_threshold AS hot_threshold
        FROM params
      )
      THEN 1
      ELSE 0
    END AS is_hot
  FROM filtered
), streaks AS (
  SELECT
    hot.day AS day,
    hot.tmax AS tmax,
    hot.day - (
      ROW_NUMBER() OVER (ORDER BY hot.day) * INTERVAL '1 DAY'
    ) AS streak_id
  FROM hot
  WHERE
    hot.is_hot = 1
), long_streaks AS (
  SELECT
    streaks.streak_id AS streak_id
  FROM streaks
  GROUP BY
    streaks.streak_id
  HAVING
    COUNT(*) >= 3
), time_window_3 AS (
  SELECT
    s.day AS day,
    s.tmax AS tmax,
    s.streak_id AS streak_id
  FROM streaks AS s
  JOIN long_streaks AS ls
    ON s.streak_id = ls.streak_id
)
SELECT
  hw.day AS day,
  ROUND(CAST(hw.tmax AS DECIMAL), 2) - 273.15 AS tmax,
  MIN(hw.day) OVER (PARTITION BY hw.streak_id) AS heat_wave_start,
  MAX(hw.day) OVER (PARTITION BY hw.streak_id) AS heat_wave_end,
  COUNT(*) OVER (PARTITION BY hw.streak_id) AS time_window_4
FROM time_window_3 AS hw
ORDER BY
  heat_wave_start,
  hw.day"
436,K,247,What are the counts of Frost Days (FD) in City of Zurich for each January between 2005 and 2015?,meteo_tmin,true,,
437,K,247,What are the counts of Frost Days (FD) in Attica for each January between 2005 and 2015?,meteo_tmin,true,,
438,K,247,What are the counts of Frost Days (FD) in Canton of Bern for each January between 2005 and 2015?,meteo_tmin,true,,
439,K,247,What are the counts of Frost Days (FD) in Peloponnese for each January between 2005 and 2015?,meteo_tmin,true,,
440,K,248,What are the counts of Frost Days (FD) in City of Zurich for each July between 2005 and 2015?,meteo_tmin,true,,
441,K,248,What are the counts of Frost Days (FD) in Attica for each July between 2005 and 2015?,meteo_tmin,true,,
442,K,248,What are the counts of Frost Days (FD) in Canton of Bern for each July between 2005 and 2015?,meteo_tmin,true,,
443,K,248,What are the counts of Frost Days (FD) in Peloponnese for each July between 2005 and 2015?,meteo_tmin,true,,
444,K,251,What are the counts of Ice Days (ID) in City of Zurich for each year from 2000 to 2010?,meteo_tmax,true,,
445,K,251,What are the counts of Ice Days (ID) in Attica for each year from 2000 to 2010?,meteo_tmax,true,,
446,K,251,What are the counts of Ice Days (ID) in Canton of Bern for each year from 2000 to 2010?,meteo_tmax,true,,
447,K,251,What are the counts of Ice Days (ID) in Peloponnese for each year from 2000 to 2010?,meteo_tmax,true,,
448,K,254,How often do TN below -10°C events occur in City of Zurich over each year from 1995 to 2005?,meteo_tmin,true,,
449,K,254,How often do TN below -10°C events occur in Attica over each year from 1995 to 2005?,meteo_tmin,true,,
450,K,254,How often do TN below -10°C events occur in Canton of Bern over each year from 1995 to 2005?,meteo_tmin,true,,
451,K,254,How often do TN below -10°C events occur in Peloponnese over each year from 1995 to 2005?,meteo_tmin,true,,
452,N,255,How has the number of Tropical Nights evolved in City of Zurich from 2000 to 2010?,meteo_tmin,false,"ProvSQL warning: ProvSQL: window functions are not supported; provenance is tracked per input row only, and the windowed computation is treated as an opaque scalar","WITH time_window_3 AS (
  SELECT
    EXTRACT(YEAR FROM mtn.time) AS time_window_4,
    COUNT(*) AS TN_above_20
  FROM meteo_tmin AS mtn
  WHERE
    EXTRACT(YEAR FROM mtn.time) BETWEEN 2000 AND 2010
    AND (
      ROUND(CAST(mtn.latitude AS DECIMAL), 1),
      ROUND(CAST(mtn.longitude AS DECIMAL), 1)
    ) IN ((47.4, 8.5))
    AND mtn.tmin - 273.15 > 20
  GROUP BY
    EXTRACT(YEAR FROM mtn.time)
)
SELECT
  time_window_3.time_window_4 AS time_window_4,
  time_window_3.TN_above_20 AS TN_above_20,
  time_window_3.TN_above_20 - LAG(time_window_3.TN_above_20, 1) OVER (ORDER BY time_window_3.time_window_4) AS time_window_5
FROM time_window_3
ORDER BY
  time_window_4"
453,N,255,How has the number of Tropical Nights evolved in Attica from 2000 to 2010?,meteo_tmin,false,"ProvSQL warning: ProvSQL: window functions are not supported; provenance is tracked per input row only, and the windowed computation is treated as an opaque scalar","WITH time_window_3 AS (
  SELECT
    EXTRACT(YEAR FROM mtn.time) AS time_window_4,
    COUNT(*) AS TN_above_20
  FROM meteo_tmin AS mtn
  WHERE
    EXTRACT(YEAR FROM mtn.time) BETWEEN 2000 AND 2010
    AND (
      ROUND(CAST(mtn.latitude AS DECIMAL), 1),
      ROUND(CAST(mtn.longitude AS DECIMAL), 1)
    ) IN (
      (38.0, 23.2),
      (38.0, 23.3),
      (38.1, 23.3),
      (38.2, 23.3),
      (38.0, 23.4),
      (38.1, 23.4),
      (38.2, 23.4),
      (38.1, 23.5),
      (38.0, 23.6),
      (38.1, 23.6),
      (38.0, 23.7),
      (38.1, 23.7),
      (38.2, 23.7),
      (38.3, 23.7),
      (37.9, 23.8),
      (38.0, 23.8),
      (38.1, 23.8),
      (38.2, 23.8),
      (38.3, 23.8),
      (37.8, 23.9),
      (37.9, 23.9),
      (38.0, 23.9),
      (38.1, 23.9),
      (38.2, 23.9)
    )
    AND mtn.tmin - 273.15 > 20
  GROUP BY
    EXTRACT(YEAR FROM mtn.time)
)
SELECT
  time_window_3.time_window_4 AS time_window_4,
  time_window_3.TN_above_20 AS TN_above_20,
  time_window_3.TN_above_20 - LAG(time_window_3.TN_above_20, 1) OVER (ORDER BY time_window_3.time_window_4) AS time_window_5
FROM time_window_3
ORDER BY
  time_window_4"
454,N,255,How has the number of Tropical Nights evolved in Canton of Bern from 2000 to 2010?,meteo_tmin,false,"ProvSQL warning: ProvSQL: window functions are not supported; provenance is tracked per input row only, and the windowed computation is treated as an opaque scalar","WITH time_window_3 AS (
  SELECT
    EXTRACT(YEAR FROM mtn.time) AS time_window_4,
    COUNT(*) AS TN_above_20
  FROM meteo_tmin AS mtn
  WHERE
    EXTRACT(YEAR FROM mtn.time) BETWEEN 2000 AND 2010
    AND (
      ROUND(CAST(mtn.latitude AS DECIMAL), 1),
      ROUND(CAST(mtn.longitude AS DECIMAL), 1)
    ) IN (
      (47.1, 6.9),
      (47.0, 7.1),
      (47.1, 7.1),
      (47.2, 7.1),
      (47.1, 7.2),
      (47.2, 7.2),
      (46.4, 7.3),
      (46.5, 7.3),
      (46.9, 7.3),
      (47.0, 7.3),
      (47.1, 7.3),
      (47.2, 7.3),
      (46.4, 7.4),
      (46.5, 7.4),
      (46.6, 7.4),
      (46.7, 7.4),
      (46.8, 7.4),
      (46.9, 7.4),
      (47.0, 7.4),
      (47.3, 7.4),
      (46.4, 7.5),
      (46.5, 7.5),
      (46.6, 7.5),
      (46.7, 7.5),
      (46.8, 7.5),
      (46.9, 7.5),
      (47.0, 7.5),
      (47.1, 7.5),
      (47.3, 7.5),
      (46.5, 7.6),
      (46.6, 7.6),
      (46.7, 7.6),
      (46.8, 7.6),
      (46.9, 7.6),
      (47.0, 7.6),
      (47.1, 7.6),
      (46.5, 7.7),
      (46.6, 7.7),
      (46.7, 7.7),
      (46.8, 7.7),
      (46.9, 7.7),
      (47.0, 7.7),
      (47.1, 7.7),
      (47.2, 7.7),
      (46.5, 7.8),
      (46.6, 7.8),
      (46.7, 7.8),
      (46.8, 7.8),
      (46.9, 7.8),
      (47.0, 7.8),
      (47.1, 7.8),
      (47.2, 7.8),
      (46.5, 7.9),
      (46.6, 7.9),
      (46.7, 7.9),
      (46.8, 7.9),
      (47.0, 7.9),
      (46.6, 8.0),
      (46.7, 8.0),
      (46.6, 8.1),
      (46.7, 8.1),
      (46.6, 8.2),
      (46.7, 8.2),
      (46.6, 8.3),
      (46.7, 8.3)
    )
    AND mtn.tmin - 273.15 > 20
  GROUP BY
    EXTRACT(YEAR FROM mtn.time)
)
SELECT
  time_window_3.time_window_4 AS time_window_4,
  time_window_3.TN_above_20 AS TN_above_20,
  time_window_3.TN_above_20 - LAG(time_window_3.TN_above_20, 1) OVER (ORDER BY time_window_3.time_window_4) AS time_window_5
FROM time_window_3
ORDER BY
  time_window_4"
455,N,255,How has the number of Tropical Nights evolved in Peloponnese from 2000 to 2010?,meteo_tmin,false,"ProvSQL warning: ProvSQL: window functions are not supported; provenance is tracked per input row only, and the windowed computation is treated as an opaque scalar","WITH time_window_3 AS (
  SELECT
    EXTRACT(YEAR FROM mtn.time) AS time_window_4,
    COUNT(*) AS TN_above_20
  FROM meteo_tmin AS mtn
  WHERE
    EXTRACT(YEAR FROM mtn.time) BETWEEN 2000 AND 2010
    AND (
      ROUND(CAST(mtn.latitude AS DECIMAL), 1),
      ROUND(CAST(mtn.longitude AS DECIMAL), 1)
    ) IN (
      (37.9, 21.2),
      (37.8, 21.3),
      (37.9, 21.3),
      (38.0, 21.3),
      (37.7, 21.4),
      (37.8, 21.4),
      (37.9, 21.4),
      (38.0, 21.4),
      (38.1, 21.4),
      (37.6, 21.5),
      (37.7, 21.5),
      (37.8, 21.5),
      (37.9, 21.5),
      (38.0, 21.5),
      (38.1, 21.5),
      (37.1, 21.6),
      (37.2, 21.6),
      (37.6, 21.6),
      (37.7, 21.6),
      (37.8, 21.6),
      (37.9, 21.6),
      (38.0, 21.6),
      (38.1, 21.6),
      (36.9, 21.7),
      (37.0, 21.7),
      (37.1, 21.7),
      (37.2, 21.7),
      (37.3, 21.7),
      (37.4, 21.7),
      (37.5, 21.7),
      (37.6, 21.7),
      (37.7, 21.7),
      (37.8, 21.7),
      (37.9, 21.7),
      (38.0, 21.7),
      (38.1, 21.7),
      (38.2, 21.7),
      (36.9, 21.8),
      (37.0, 21.8),
      (37.1, 21.8),
      (37.2, 21.8),
      (37.3, 21.8),
      (37.4, 21.8),
      (37.5, 21.8),
      (37.6, 21.8),
      (37.7, 21.8),
      (37.8, 21.8),
      (37.9, 21.8),
      (38.0, 21.8),
      (38.1, 21.8),
      (38.2, 21.8),
      (38.3, 21.8),
      (36.8, 21.9),
      (36.9, 21.9),
      (37.0, 21.9),
      (37.1, 21.9),
      (37.2, 21.9),
      (37.3, 21.9),
      (37.4, 21.9),
      (37.5, 21.9),
      (37.6, 21.9),
      (37.7, 21.9),
      (37.8, 21.9),
      (37.9, 21.9),
      (38.0, 21.9),
      (38.1, 21.9),
      (38.2, 21.9),
      (38.3, 21.9),
      (37.1, 22.0),
      (37.2, 22.0),
      (37.3, 22.0),
      (37.4, 22.0),
      (37.5, 22.0),
      (37.6, 22.0),
      (37.7, 22.0),
      (37.8, 22.0),
      (37.9, 22.0),
      (38.0, 22.0),
      (38.1, 22.0),
      (38.2, 22.0),
      (38.3, 22.0),
      (37.1, 22.1),
      (37.2, 22.1),
      (37.3, 22.1),
      (37.4, 22.1),
      (37.5, 22.1),
      (37.6, 22.1),
      (37.7, 22.1),
      (37.8, 22.1),
      (37.9, 22.1),
      (38.0, 22.1),
      (38.1, 22.1),
      (38.2, 22.1),
      (37.0, 22.2),
      (37.1, 22.2),
      (37.2, 22.2),
      (37.3, 22.2),
      (37.4, 22.2),
      (37.5, 22.2),
      (37.6, 22.2),
      (37.7, 22.2),
      (37.8, 22.2),
      (37.9, 22.2),
      (38.0, 22.2),
      (38.1, 22.2),
      (36.8, 22.3),
      (36.9, 22.3),
      (37.0, 22.3),
      (37.1, 22.3),
      (37.2, 22.3),
      (37.3, 22.3),
      (37.4, 22.3),
      (37.5, 22.3),
      (37.6, 22.3),
      (37.7, 22.3),
      (37.8, 22.3),
      (37.9, 22.3),
      (38.0, 22.3),
      (38.1, 22.3),
      (36.5, 22.4),
      (36.6, 22.4),
      (36.7, 22.4),
      (36.8, 22.4),
      (36.9, 22.4),
      (37.0, 22.4),
      (37.1, 22.4),
      (37.2, 22.4),
      (37.3, 22.4),
      (37.4, 22.4),
      (37.5, 22.4),
      (37.6, 22.4),
      (37.7, 22.4),
      (37.8, 22.4),
      (37.9, 22.4),
      (38.0, 22.4),
      (38.1, 22.4),
      (36.7, 22.5),
      (36.8, 22.5),
      (36.9, 22.5),
      (37.0, 22.5),
      (37.1, 22.5),
      (37.2, 22.5),
      (37.3, 22.5),
      (37.4, 22.5),
      (37.5, 22.5),
      (37.6, 22.5),
      (37.7, 22.5),
      (37.8, 22.5),
      (37.9, 22.5),
      (38.0, 22.5),
      (38.1, 22.5),
      (36.8, 22.6),
      (36.9, 22.6),
      (37.0, 22.6),
      (37.1, 22.6),
      (37.2, 22.6),
      (37.3, 22.6),
      (37.4, 22.6),
      (37.5, 22.6),
      (37.6, 22.6),
      (37.7, 22.6),
      (37.8, 22.6),
      (37.9, 22.6),
      (38.0, 22.6),
      (36.9, 22.7),
      (37.0, 22.7),
      (37.1, 22.7),
      (37.2, 22.7),
      (37.3, 22.7),
      (37.4, 22.7),
      (37.5, 22.7),
      (37.6, 22.7),
      (37.7, 22.7),
      (37.8, 22.7),
      (37.9, 22.7),
      (38.0, 22.7),
      (36.8, 22.8),
      (36.9, 22.8),
      (37.0, 22.8),
      (37.1, 22.8),
      (37.2, 22.8),
      (37.3, 22.8),
      (37.6, 22.8),
      (37.7, 22.8),
      (37.8, 22.8),
      (37.9, 22.8),
      (36.7, 22.9),
      (36.8, 22.9),
      (36.9, 22.9),
      (37.0, 22.9),
      (37.1, 22.9),
      (37.6, 22.9),
      (37.7, 22.9),
      (37.8, 22.9),
      (37.9, 22.9),
      (36.6, 23.0),
      (36.7, 23.0),
      (36.8, 23.0),
      (36.9, 23.0),
      (37.0, 23.0),
      (37.5, 23.0),
      (37.6, 23.0),
      (37.7, 23.0),
      (37.8, 23.0),
      (37.9, 23.0),
      (36.5, 23.1),
      (37.5, 23.1),
      (37.6, 23.1),
      (37.7, 23.1),
      (37.8, 23.1),
      (37.3, 23.2),
      (37.4, 23.2),
      (37.5, 23.2),
      (37.4, 23.3),
      (37.5, 23.3),
      (37.5, 23.4),
      (37.6, 23.4)
    )
    AND mtn.tmin - 273.15 > 20
  GROUP BY
    EXTRACT(YEAR FROM mtn.time)
)
SELECT
  time_window_3.time_window_4 AS time_window_4,
  time_window_3.TN_above_20 AS TN_above_20,
  time_window_3.TN_above_20 - LAG(time_window_3.TN_above_20, 1) OVER (ORDER BY time_window_3.time_window_4) AS time_window_5
FROM time_window_3
ORDER BY
  time_window_4"
456,N,256,How has the number of Tropical Nights evolved in City of Zurich from 1995 to 2005?,meteo_tmin,false,"ProvSQL warning: ProvSQL: window functions are not supported; provenance is tracked per input row only, and the windowed computation is treated as an opaque scalar","WITH time_window_3 AS (
  SELECT
    EXTRACT(YEAR FROM mtn.time) AS time_window_4,
    COUNT(*) AS TN_above_20
  FROM meteo_tmin AS mtn
  WHERE
    EXTRACT(YEAR FROM mtn.time) BETWEEN 1995 AND 2005
    AND (
      ROUND(CAST(mtn.latitude AS DECIMAL), 1),
      ROUND(CAST(mtn.longitude AS DECIMAL), 1)
    ) IN ((47.4, 8.5))
    AND mtn.tmin - 273.15 > 20
  GROUP BY
    EXTRACT(YEAR FROM mtn.time)
)
SELECT
  time_window_3.time_window_4 AS time_window_4,
  time_window_3.TN_above_20 AS TN_above_20,
  time_window_3.TN_above_20 - LAG(time_window_3.TN_above_20, 1) OVER (ORDER BY time_window_3.time_window_4) AS time_window_5
FROM time_window_3
ORDER BY
  time_window_4"
457,N,256,How has the number of Tropical Nights evolved in Attica from 1995 to 2005?,meteo_tmin,false,"ProvSQL warning: ProvSQL: window functions are not supported; provenance is tracked per input row only, and the windowed computation is treated as an opaque scalar","WITH time_window_3 AS (
  SELECT
    EXTRACT(YEAR FROM mtn.time) AS time_window_4,
    COUNT(*) AS TN_above_20
  FROM meteo_tmin AS mtn
  WHERE
    EXTRACT(YEAR FROM mtn.time) BETWEEN 1995 AND 2005
    AND (
      ROUND(CAST(mtn.latitude AS DECIMAL), 1),
      ROUND(CAST(mtn.longitude AS DECIMAL), 1)
    ) IN (
      (38.0, 23.2),
      (38.0, 23.3),
      (38.1, 23.3),
      (38.2, 23.3),
      (38.0, 23.4),
      (38.1, 23.4),
      (38.2, 23.4),
      (38.1, 23.5),
      (38.0, 23.6),
      (38.1, 23.6),
      (38.0, 23.7),
      (38.1, 23.7),
      (38.2, 23.7),
      (38.3, 23.7),
      (37.9, 23.8),
      (38.0, 23.8),
      (38.1, 23.8),
      (38.2, 23.8),
      (38.3, 23.8),
      (37.8, 23.9),
      (37.9, 23.9),
      (38.0, 23.9),
      (38.1, 23.9),
      (38.2, 23.9)
    )
    AND mtn.tmin - 273.15 > 20
  GROUP BY
    EXTRACT(YEAR FROM mtn.time)
)
SELECT
  time_window_3.time_window_4 AS time_window_4,
  time_window_3.TN_above_20 AS TN_above_20,
  time_window_3.TN_above_20 - LAG(time_window_3.TN_above_20, 1) OVER (ORDER BY time_window_3.time_window_4) AS time_window_5
FROM time_window_3
ORDER BY
  time_window_4"
458,N,256,How has the number of Tropical Nights evolved in Canton of Bern from 1995 to 2005?,meteo_tmin,false,"ProvSQL warning: ProvSQL: window functions are not supported; provenance is tracked per input row only, and the windowed computation is treated as an opaque scalar","WITH time_window_3 AS (
  SELECT
    EXTRACT(YEAR FROM mtn.time) AS time_window_4,
    COUNT(*) AS TN_above_20
  FROM meteo_tmin AS mtn
  WHERE
    EXTRACT(YEAR FROM mtn.time) BETWEEN 1995 AND 2005
    AND (
      ROUND(CAST(mtn.latitude AS DECIMAL), 1),
      ROUND(CAST(mtn.longitude AS DECIMAL), 1)
    ) IN (
      (47.1, 6.9),
      (47.0, 7.1),
      (47.1, 7.1),
      (47.2, 7.1),
      (47.1, 7.2),
      (47.2, 7.2),
      (46.4, 7.3),
      (46.5, 7.3),
      (46.9, 7.3),
      (47.0, 7.3),
      (47.1, 7.3),
      (47.2, 7.3),
      (46.4, 7.4),
      (46.5, 7.4),
      (46.6, 7.4),
      (46.7, 7.4),
      (46.8, 7.4),
      (46.9, 7.4),
      (47.0, 7.4),
      (47.3, 7.4),
      (46.4, 7.5),
      (46.5, 7.5),
      (46.6, 7.5),
      (46.7, 7.5),
      (46.8, 7.5),
      (46.9, 7.5),
      (47.0, 7.5),
      (47.1, 7.5),
      (47.3, 7.5),
      (46.5, 7.6),
      (46.6, 7.6),
      (46.7, 7.6),
      (46.8, 7.6),
      (46.9, 7.6),
      (47.0, 7.6),
      (47.1, 7.6),
      (46.5, 7.7),
      (46.6, 7.7),
      (46.7, 7.7),
      (46.8, 7.7),
      (46.9, 7.7),
      (47.0, 7.7),
      (47.1, 7.7),
      (47.2, 7.7),
      (46.5, 7.8),
      (46.6, 7.8),
      (46.7, 7.8),
      (46.8, 7.8),
      (46.9, 7.8),
      (47.0, 7.8),
      (47.1, 7.8),
      (47.2, 7.8),
      (46.5, 7.9),
      (46.6, 7.9),
      (46.7, 7.9),
      (46.8, 7.9),
      (47.0, 7.9),
      (46.6, 8.0),
      (46.7, 8.0),
      (46.6, 8.1),
      (46.7, 8.1),
      (46.6, 8.2),
      (46.7, 8.2),
      (46.6, 8.3),
      (46.7, 8.3)
    )
    AND mtn.tmin - 273.15 > 20
  GROUP BY
    EXTRACT(YEAR FROM mtn.time)
)
SELECT
  time_window_3.time_window_4 AS time_window_4,
  time_window_3.TN_above_20 AS TN_above_20,
  time_window_3.TN_above_20 - LAG(time_window_3.TN_above_20, 1) OVER (ORDER BY time_window_3.time_window_4) AS time_window_5
FROM time_window_3
ORDER BY
  time_window_4"
459,N,256,How has the number of Tropical Nights evolved in Peloponnese from 1995 to 2005?,meteo_tmin,false,"ProvSQL warning: ProvSQL: window functions are not supported; provenance is tracked per input row only, and the windowed computation is treated as an opaque scalar","WITH time_window_3 AS (
  SELECT
    EXTRACT(YEAR FROM mtn.time) AS time_window_4,
    COUNT(*) AS TN_above_20
  FROM meteo_tmin AS mtn
  WHERE
    EXTRACT(YEAR FROM mtn.time) BETWEEN 1995 AND 2005
    AND (
      ROUND(CAST(mtn.latitude AS DECIMAL), 1),
      ROUND(CAST(mtn.longitude AS DECIMAL), 1)
    ) IN (
      (37.9, 21.2),
      (37.8, 21.3),
      (37.9, 21.3),
      (38.0, 21.3),
      (37.7, 21.4),
      (37.8, 21.4),
      (37.9, 21.4),
      (38.0, 21.4),
      (38.1, 21.4),
      (37.6, 21.5),
      (37.7, 21.5),
      (37.8, 21.5),
      (37.9, 21.5),
      (38.0, 21.5),
      (38.1, 21.5),
      (37.1, 21.6),
      (37.2, 21.6),
      (37.6, 21.6),
      (37.7, 21.6),
      (37.8, 21.6),
      (37.9, 21.6),
      (38.0, 21.6),
      (38.1, 21.6),
      (36.9, 21.7),
      (37.0, 21.7),
      (37.1, 21.7),
      (37.2, 21.7),
      (37.3, 21.7),
      (37.4, 21.7),
      (37.5, 21.7),
      (37.6, 21.7),
      (37.7, 21.7),
      (37.8, 21.7),
      (37.9, 21.7),
      (38.0, 21.7),
      (38.1, 21.7),
      (38.2, 21.7),
      (36.9, 21.8),
      (37.0, 21.8),
      (37.1, 21.8),
      (37.2, 21.8),
      (37.3, 21.8),
      (37.4, 21.8),
      (37.5, 21.8),
      (37.6, 21.8),
      (37.7, 21.8),
      (37.8, 21.8),
      (37.9, 21.8),
      (38.0, 21.8),
      (38.1, 21.8),
      (38.2, 21.8),
      (38.3, 21.8),
      (36.8, 21.9),
      (36.9, 21.9),
      (37.0, 21.9),
      (37.1, 21.9),
      (37.2, 21.9),
      (37.3, 21.9),
      (37.4, 21.9),
      (37.5, 21.9),
      (37.6, 21.9),
      (37.7, 21.9),
      (37.8, 21.9),
      (37.9, 21.9),
      (38.0, 21.9),
      (38.1, 21.9),
      (38.2, 21.9),
      (38.3, 21.9),
      (37.1, 22.0),
      (37.2, 22.0),
      (37.3, 22.0),
      (37.4, 22.0),
      (37.5, 22.0),
      (37.6, 22.0),
      (37.7, 22.0),
      (37.8, 22.0),
      (37.9, 22.0),
      (38.0, 22.0),
      (38.1, 22.0),
      (38.2, 22.0),
      (38.3, 22.0),
      (37.1, 22.1),
      (37.2, 22.1),
      (37.3, 22.1),
      (37.4, 22.1),
      (37.5, 22.1),
      (37.6, 22.1),
      (37.7, 22.1),
      (37.8, 22.1),
      (37.9, 22.1),
      (38.0, 22.1),
      (38.1, 22.1),
      (38.2, 22.1),
      (37.0, 22.2),
      (37.1, 22.2),
      (37.2, 22.2),
      (37.3, 22.2),
      (37.4, 22.2),
      (37.5, 22.2),
      (37.6, 22.2),
      (37.7, 22.2),
      (37.8, 22.2),
      (37.9, 22.2),
      (38.0, 22.2),
      (38.1, 22.2),
      (36.8, 22.3),
      (36.9, 22.3),
      (37.0, 22.3),
      (37.1, 22.3),
      (37.2, 22.3),
      (37.3, 22.3),
      (37.4, 22.3),
      (37.5, 22.3),
      (37.6, 22.3),
      (37.7, 22.3),
      (37.8, 22.3),
      (37.9, 22.3),
      (38.0, 22.3),
      (38.1, 22.3),
      (36.5, 22.4),
      (36.6, 22.4),
      (36.7, 22.4),
      (36.8, 22.4),
      (36.9, 22.4),
      (37.0, 22.4),
      (37.1, 22.4),
      (37.2, 22.4),
      (37.3, 22.4),
      (37.4, 22.4),
      (37.5, 22.4),
      (37.6, 22.4),
      (37.7, 22.4),
      (37.8, 22.4),
      (37.9, 22.4),
      (38.0, 22.4),
      (38.1, 22.4),
      (36.7, 22.5),
      (36.8, 22.5),
      (36.9, 22.5),
      (37.0, 22.5),
      (37.1, 22.5),
      (37.2, 22.5),
      (37.3, 22.5),
      (37.4, 22.5),
      (37.5, 22.5),
      (37.6, 22.5),
      (37.7, 22.5),
      (37.8, 22.5),
      (37.9, 22.5),
      (38.0, 22.5),
      (38.1, 22.5),
      (36.8, 22.6),
      (36.9, 22.6),
      (37.0, 22.6),
      (37.1, 22.6),
      (37.2, 22.6),
      (37.3, 22.6),
      (37.4, 22.6),
      (37.5, 22.6),
      (37.6, 22.6),
      (37.7, 22.6),
      (37.8, 22.6),
      (37.9, 22.6),
      (38.0, 22.6),
      (36.9, 22.7),
      (37.0, 22.7),
      (37.1, 22.7),
      (37.2, 22.7),
      (37.3, 22.7),
      (37.4, 22.7),
      (37.5, 22.7),
      (37.6, 22.7),
      (37.7, 22.7),
      (37.8, 22.7),
      (37.9, 22.7),
      (38.0, 22.7),
      (36.8, 22.8),
      (36.9, 22.8),
      (37.0, 22.8),
      (37.1, 22.8),
      (37.2, 22.8),
      (37.3, 22.8),
      (37.6, 22.8),
      (37.7, 22.8),
      (37.8, 22.8),
      (37.9, 22.8),
      (36.7, 22.9),
      (36.8, 22.9),
      (36.9, 22.9),
      (37.0, 22.9),
      (37.1, 22.9),
      (37.6, 22.9),
      (37.7, 22.9),
      (37.8, 22.9),
      (37.9, 22.9),
      (36.6, 23.0),
      (36.7, 23.0),
      (36.8, 23.0),
      (36.9, 23.0),
      (37.0, 23.0),
      (37.5, 23.0),
      (37.6, 23.0),
      (37.7, 23.0),
      (37.8, 23.0),
      (37.9, 23.0),
      (36.5, 23.1),
      (37.5, 23.1),
      (37.6, 23.1),
      (37.7, 23.1),
      (37.8, 23.1),
      (37.3, 23.2),
      (37.4, 23.2),
      (37.5, 23.2),
      (37.4, 23.3),
      (37.5, 23.3),
      (37.5, 23.4),
      (37.6, 23.4)
    )
    AND mtn.tmin - 273.15 > 20
  GROUP BY
    EXTRACT(YEAR FROM mtn.time)
)
SELECT
  time_window_3.time_window_4 AS time_window_4,
  time_window_3.TN_above_20 AS TN_above_20,
  time_window_3.TN_above_20 - LAG(time_window_3.TN_above_20, 1) OVER (ORDER BY time_window_3.time_window_4) AS time_window_5
FROM time_window_3
ORDER BY
  time_window_4"
460,I,257,What is the annual count of Warm Days in City of Zurich vs. Larissa in 2015?,meteo_tmax,true,,
461,I,257,What is the annual count of Warm Days in Attica vs. Canton of Bern in 2015?,meteo_tmax,true,,
462,I,257,What is the annual count of Warm Days in Canton of Bern vs. Canton of Geneva in 2015?,meteo_tmax,true,,
463,I,257,What is the annual count of Warm Days in Peloponnese vs. Thessaly Region in 2015?,meteo_tmax,true,,
464,P,260,Calculate the duration of the longest heatwave where maximum temperatures exceeded 30°C in City of Zurich between 2010 and 2011.,meteo_tmax,false,"NotImplementedError: HAVING queries are not supported yet, rewrite your SQL with nested SELECTs.","WITH time_window_1 AS (
  SELECT
    DATE(mtx.time) AS day
  FROM meteo_tmax AS mtx
  WHERE
    (
      ROUND(CAST(mtx.latitude AS DECIMAL), 1),
      ROUND(CAST(mtx.longitude AS DECIMAL), 1)
    ) IN ((47.4, 8.5))
    AND EXTRACT(YEAR FROM mtx.time) BETWEEN 2010 AND 2011
  GROUP BY
    DATE(mtx.time)
  HAVING
    MAX(mtx.tmax) - 273.15 > 30
), streaks AS (
  SELECT
    time_window_1.day AS day,
    (
      time_window_1.day - (
        ROW_NUMBER() OVER (ORDER BY time_window_1.day) * INTERVAL '1 DAY'
      )
    ) AS grp
  FROM time_window_1
)
SELECT
  COUNT(*) AS duration
FROM streaks
GROUP BY
  streaks.grp
ORDER BY
  duration DESC
LIMIT 1"
465,P,260,Calculate the duration of the longest heatwave where maximum temperatures exceeded 30°C in Attica between 2010 and 2011.,meteo_tmax,false,"NotImplementedError: HAVING queries are not supported yet, rewrite your SQL with nested SELECTs.","WITH time_window_1 AS (
  SELECT
    DATE(mtx.time) AS day
  FROM meteo_tmax AS mtx
  WHERE
    (
      ROUND(CAST(mtx.latitude AS DECIMAL), 1),
      ROUND(CAST(mtx.longitude AS DECIMAL), 1)
    ) IN (
      (38.0, 23.2),
      (38.0, 23.3),
      (38.1, 23.3),
      (38.2, 23.3),
      (38.0, 23.4),
      (38.1, 23.4),
      (38.2, 23.4),
      (38.1, 23.5),
      (38.0, 23.6),
      (38.1, 23.6),
      (38.0, 23.7),
      (38.1, 23.7),
      (38.2, 23.7),
      (38.3, 23.7),
      (37.9, 23.8),
      (38.0, 23.8),
      (38.1, 23.8),
      (38.2, 23.8),
      (38.3, 23.8),
      (37.8, 23.9),
      (37.9, 23.9),
      (38.0, 23.9),
      (38.1, 23.9),
      (38.2, 23.9)
    )
    AND EXTRACT(YEAR FROM mtx.time) BETWEEN 2010 AND 2011
  GROUP BY
    DATE(mtx.time)
  HAVING
    MAX(mtx.tmax) - 273.15 > 30
), streaks AS (
  SELECT
    time_window_1.day AS day,
    (
      time_window_1.day - (
        ROW_NUMBER() OVER (ORDER BY time_window_1.day) * INTERVAL '1 DAY'
      )
    ) AS grp
  FROM time_window_1
)
SELECT
  COUNT(*) AS duration
FROM streaks
GROUP BY
  streaks.grp
ORDER BY
  duration DESC
LIMIT 1"
466,P,260,Calculate the duration of the longest heatwave where maximum temperatures exceeded 30°C in Canton of Bern between 2010 and 2011.,meteo_tmax,false,"NotImplementedError: HAVING queries are not supported yet, rewrite your SQL with nested SELECTs.","WITH time_window_1 AS (
  SELECT
    DATE(mtx.time) AS day
  FROM meteo_tmax AS mtx
  WHERE
    (
      ROUND(CAST(mtx.latitude AS DECIMAL), 1),
      ROUND(CAST(mtx.longitude AS DECIMAL), 1)
    ) IN (
      (47.1, 6.9),
      (47.0, 7.1),
      (47.1, 7.1),
      (47.2, 7.1),
      (47.1, 7.2),
      (47.2, 7.2),
      (46.4, 7.3),
      (46.5, 7.3),
      (46.9, 7.3),
      (47.0, 7.3),
      (47.1, 7.3),
      (47.2, 7.3),
      (46.4, 7.4),
      (46.5, 7.4),
      (46.6, 7.4),
      (46.7, 7.4),
      (46.8, 7.4),
      (46.9, 7.4),
      (47.0, 7.4),
      (47.3, 7.4),
      (46.4, 7.5),
      (46.5, 7.5),
      (46.6, 7.5),
      (46.7, 7.5),
      (46.8, 7.5),
      (46.9, 7.5),
      (47.0, 7.5),
      (47.1, 7.5),
      (47.3, 7.5),
      (46.5, 7.6),
      (46.6, 7.6),
      (46.7, 7.6),
      (46.8, 7.6),
      (46.9, 7.6),
      (47.0, 7.6),
      (47.1, 7.6),
      (46.5, 7.7),
      (46.6, 7.7),
      (46.7, 7.7),
      (46.8, 7.7),
      (46.9, 7.7),
      (47.0, 7.7),
      (47.1, 7.7),
      (47.2, 7.7),
      (46.5, 7.8),
      (46.6, 7.8),
      (46.7, 7.8),
      (46.8, 7.8),
      (46.9, 7.8),
      (47.0, 7.8),
      (47.1, 7.8),
      (47.2, 7.8),
      (46.5, 7.9),
      (46.6, 7.9),
      (46.7, 7.9),
      (46.8, 7.9),
      (47.0, 7.9),
      (46.6, 8.0),
      (46.7, 8.0),
      (46.6, 8.1),
      (46.7, 8.1),
      (46.6, 8.2),
      (46.7, 8.2),
      (46.6, 8.3),
      (46.7, 8.3)
    )
    AND EXTRACT(YEAR FROM mtx.time) BETWEEN 2010 AND 2011
  GROUP BY
    DATE(mtx.time)
  HAVING
    MAX(mtx.tmax) - 273.15 > 30
), streaks AS (
  SELECT
    time_window_1.day AS day,
    (
      time_window_1.day - (
        ROW_NUMBER() OVER (ORDER BY time_window_1.day) * INTERVAL '1 DAY'
      )
    ) AS grp
  FROM time_window_1
)
SELECT
  COUNT(*) AS duration
FROM streaks
GROUP BY
  streaks.grp
ORDER BY
  duration DESC
LIMIT 1"
467,P,260,Calculate the duration of the longest heatwave where maximum temperatures exceeded 30°C in Peloponnese between 2010 and 2011.,meteo_tmax,false,"NotImplementedError: HAVING queries are not supported yet, rewrite your SQL with nested SELECTs.","WITH time_window_1 AS (
  SELECT
    DATE(mtx.time) AS day
  FROM meteo_tmax AS mtx
  WHERE
    (
      ROUND(CAST(mtx.latitude AS DECIMAL), 1),
      ROUND(CAST(mtx.longitude AS DECIMAL), 1)
    ) IN (
      (37.9, 21.2),
      (37.8, 21.3),
      (37.9, 21.3),
      (38.0, 21.3),
      (37.7, 21.4),
      (37.8, 21.4),
      (37.9, 21.4),
      (38.0, 21.4),
      (38.1, 21.4),
      (37.6, 21.5),
      (37.7, 21.5),
      (37.8, 21.5),
      (37.9, 21.5),
      (38.0, 21.5),
      (38.1, 21.5),
      (37.1, 21.6),
      (37.2, 21.6),
      (37.6, 21.6),
      (37.7, 21.6),
      (37.8, 21.6),
      (37.9, 21.6),
      (38.0, 21.6),
      (38.1, 21.6),
      (36.9, 21.7),
      (37.0, 21.7),
      (37.1, 21.7),
      (37.2, 21.7),
      (37.3, 21.7),
      (37.4, 21.7),
      (37.5, 21.7),
      (37.6, 21.7),
      (37.7, 21.7),
      (37.8, 21.7),
      (37.9, 21.7),
      (38.0, 21.7),
      (38.1, 21.7),
      (38.2, 21.7),
      (36.9, 21.8),
      (37.0, 21.8),
      (37.1, 21.8),
      (37.2, 21.8),
      (37.3, 21.8),
      (37.4, 21.8),
      (37.5, 21.8),
      (37.6, 21.8),
      (37.7, 21.8),
      (37.8, 21.8),
      (37.9, 21.8),
      (38.0, 21.8),
      (38.1, 21.8),
      (38.2, 21.8),
      (38.3, 21.8),
      (36.8, 21.9),
      (36.9, 21.9),
      (37.0, 21.9),
      (37.1, 21.9),
      (37.2, 21.9),
      (37.3, 21.9),
      (37.4, 21.9),
      (37.5, 21.9),
      (37.6, 21.9),
      (37.7, 21.9),
      (37.8, 21.9),
      (37.9, 21.9),
      (38.0, 21.9),
      (38.1, 21.9),
      (38.2, 21.9),
      (38.3, 21.9),
      (37.1, 22.0),
      (37.2, 22.0),
      (37.3, 22.0),
      (37.4, 22.0),
      (37.5, 22.0),
      (37.6, 22.0),
      (37.7, 22.0),
      (37.8, 22.0),
      (37.9, 22.0),
      (38.0, 22.0),
      (38.1, 22.0),
      (38.2, 22.0),
      (38.3, 22.0),
      (37.1, 22.1),
      (37.2, 22.1),
      (37.3, 22.1),
      (37.4, 22.1),
      (37.5, 22.1),
      (37.6, 22.1),
      (37.7, 22.1),
      (37.8, 22.1),
      (37.9, 22.1),
      (38.0, 22.1),
      (38.1, 22.1),
      (38.2, 22.1),
      (37.0, 22.2),
      (37.1, 22.2),
      (37.2, 22.2),
      (37.3, 22.2),
      (37.4, 22.2),
      (37.5, 22.2),
      (37.6, 22.2),
      (37.7, 22.2),
      (37.8, 22.2),
      (37.9, 22.2),
      (38.0, 22.2),
      (38.1, 22.2),
      (36.8, 22.3),
      (36.9, 22.3),
      (37.0, 22.3),
      (37.1, 22.3),
      (37.2, 22.3),
      (37.3, 22.3),
      (37.4, 22.3),
      (37.5, 22.3),
      (37.6, 22.3),
      (37.7, 22.3),
      (37.8, 22.3),
      (37.9, 22.3),
      (38.0, 22.3),
      (38.1, 22.3),
      (36.5, 22.4),
      (36.6, 22.4),
      (36.7, 22.4),
      (36.8, 22.4),
      (36.9, 22.4),
      (37.0, 22.4),
      (37.1, 22.4),
      (37.2, 22.4),
      (37.3, 22.4),
      (37.4, 22.4),
      (37.5, 22.4),
      (37.6, 22.4),
      (37.7, 22.4),
      (37.8, 22.4),
      (37.9, 22.4),
      (38.0, 22.4),
      (38.1, 22.4),
      (36.7, 22.5),
      (36.8, 22.5),
      (36.9, 22.5),
      (37.0, 22.5),
      (37.1, 22.5),
      (37.2, 22.5),
      (37.3, 22.5),
      (37.4, 22.5),
      (37.5, 22.5),
      (37.6, 22.5),
      (37.7, 22.5),
      (37.8, 22.5),
      (37.9, 22.5),
      (38.0, 22.5),
      (38.1, 22.5),
      (36.8, 22.6),
      (36.9, 22.6),
      (37.0, 22.6),
      (37.1, 22.6),
      (37.2, 22.6),
      (37.3, 22.6),
      (37.4, 22.6),
      (37.5, 22.6),
      (37.6, 22.6),
      (37.7, 22.6),
      (37.8, 22.6),
      (37.9, 22.6),
      (38.0, 22.6),
      (36.9, 22.7),
      (37.0, 22.7),
      (37.1, 22.7),
      (37.2, 22.7),
      (37.3, 22.7),
      (37.4, 22.7),
      (37.5, 22.7),
      (37.6, 22.7),
      (37.7, 22.7),
      (37.8, 22.7),
      (37.9, 22.7),
      (38.0, 22.7),
      (36.8, 22.8),
      (36.9, 22.8),
      (37.0, 22.8),
      (37.1, 22.8),
      (37.2, 22.8),
      (37.3, 22.8),
      (37.6, 22.8),
      (37.7, 22.8),
      (37.8, 22.8),
      (37.9, 22.8),
      (36.7, 22.9),
      (36.8, 22.9),
      (36.9, 22.9),
      (37.0, 22.9),
      (37.1, 22.9),
      (37.6, 22.9),
      (37.7, 22.9),
      (37.8, 22.9),
      (37.9, 22.9),
      (36.6, 23.0),
      (36.7, 23.0),
      (36.8, 23.0),
      (36.9, 23.0),
      (37.0, 23.0),
      (37.5, 23.0),
      (37.6, 23.0),
      (37.7, 23.0),
      (37.8, 23.0),
      (37.9, 23.0),
      (36.5, 23.1),
      (37.5, 23.1),
      (37.6, 23.1),
      (37.7, 23.1),
      (37.8, 23.1),
      (37.3, 23.2),
      (37.4, 23.2),
      (37.5, 23.2),
      (37.4, 23.3),
      (37.5, 23.3),
      (37.5, 23.4),
      (37.6, 23.4)
    )
    AND EXTRACT(YEAR FROM mtx.time) BETWEEN 2010 AND 2011
  GROUP BY
    DATE(mtx.time)
  HAVING
    MAX(mtx.tmax) - 273.15 > 30
), streaks AS (
  SELECT
    time_window_1.day AS day,
    (
      time_window_1.day - (
        ROW_NUMBER() OVER (ORDER BY time_window_1.day) * INTERVAL '1 DAY'
      )
    ) AS grp
  FROM time_window_1
)
SELECT
  COUNT(*) AS duration
FROM streaks
GROUP BY
  streaks.grp
ORDER BY
  duration DESC
LIMIT 1"
468,P,261,How many consecutive days did snow cover persist (depth > 1 cm) in City of Zurich during January 2018?,meteo_sdmax,false,"NotImplementedError: HAVING queries are not supported yet, rewrite your SQL with nested SELECTs.","WITH time_window_1 AS (
  SELECT
    DATE(msd.time) AS day
  FROM meteo_sdmax AS msd
  WHERE
    (
      ROUND(CAST(msd.latitude AS DECIMAL), 1),
      ROUND(CAST(msd.longitude AS DECIMAL), 1)
    ) IN ((47.4, 8.5))
    AND EXTRACT(YEAR FROM msd.time) = 2018
    AND EXTRACT(MONTH FROM msd.time) = 1
  GROUP BY
    DATE(msd.time)
  HAVING
    MAX(msd.sdmax) > 0.01
), streaks AS (
  SELECT
    time_window_1.day AS day,
    (
      time_window_1.day - (
        ROW_NUMBER() OVER (ORDER BY time_window_1.day) * INTERVAL '1 DAY'
      )
    ) AS grp
  FROM time_window_1
)
SELECT
  COUNT(*) AS duration
FROM streaks
GROUP BY
  streaks.grp
ORDER BY
  duration DESC
LIMIT 1"
469,P,261,How many consecutive days did snow cover persist (depth > 1 cm) in Attica during January 2018?,meteo_sdmax,false,"NotImplementedError: HAVING queries are not supported yet, rewrite your SQL with nested SELECTs.","WITH time_window_1 AS (
  SELECT
    DATE(msd.time) AS day
  FROM meteo_sdmax AS msd
  WHERE
    (
      ROUND(CAST(msd.latitude AS DECIMAL), 1),
      ROUND(CAST(msd.longitude AS DECIMAL), 1)
    ) IN (
      (38.0, 23.2),
      (38.0, 23.3),
      (38.1, 23.3),
      (38.2, 23.3),
      (38.0, 23.4),
      (38.1, 23.4),
      (38.2, 23.4),
      (38.1, 23.5),
      (38.0, 23.6),
      (38.1, 23.6),
      (38.0, 23.7),
      (38.1, 23.7),
      (38.2, 23.7),
      (38.3, 23.7),
      (37.9, 23.8),
      (38.0, 23.8),
      (38.1, 23.8),
      (38.2, 23.8),
      (38.3, 23.8),
      (37.8, 23.9),
      (37.9, 23.9),
      (38.0, 23.9),
      (38.1, 23.9),
      (38.2, 23.9)
    )
    AND EXTRACT(YEAR FROM msd.time) = 2018
    AND EXTRACT(MONTH FROM msd.time) = 1
  GROUP BY
    DATE(msd.time)
  HAVING
    MAX(msd.sdmax) > 0.01
), streaks AS (
  SELECT
    time_window_1.day AS day,
    (
      time_window_1.day - (
        ROW_NUMBER() OVER (ORDER BY time_window_1.day) * INTERVAL '1 DAY'
      )
    ) AS grp
  FROM time_window_1
)
SELECT
  COUNT(*) AS duration
FROM streaks
GROUP BY
  streaks.grp
ORDER BY
  duration DESC
LIMIT 1"
470,P,261,How many consecutive days did snow cover persist (depth > 1 cm) in Canton of Bern during January 2018?,meteo_sdmax,false,"NotImplementedError: HAVING queries are not supported yet, rewrite your SQL with nested SELECTs.","WITH time_window_1 AS (
  SELECT
    DATE(msd.time) AS day
  FROM meteo_sdmax AS msd
  WHERE
    (
      ROUND(CAST(msd.latitude AS DECIMAL), 1),
      ROUND(CAST(msd.longitude AS DECIMAL), 1)
    ) IN (
      (47.1, 6.9),
      (47.0, 7.1),
      (47.1, 7.1),
      (47.2, 7.1),
      (47.1, 7.2),
      (47.2, 7.2),
      (46.4, 7.3),
      (46.5, 7.3),
      (46.9, 7.3),
      (47.0, 7.3),
      (47.1, 7.3),
      (47.2, 7.3),
      (46.4, 7.4),
      (46.5, 7.4),
      (46.6, 7.4),
      (46.7, 7.4),
      (46.8, 7.4),
      (46.9, 7.4),
      (47.0, 7.4),
      (47.3, 7.4),
      (46.4, 7.5),
      (46.5, 7.5),
      (46.6, 7.5),
      (46.7, 7.5),
      (46.8, 7.5),
      (46.9, 7.5),
      (47.0, 7.5),
      (47.1, 7.5),
      (47.3, 7.5),
      (46.5, 7.6),
      (46.6, 7.6),
      (46.7, 7.6),
      (46.8, 7.6),
      (46.9, 7.6),
      (47.0, 7.6),
      (47.1, 7.6),
      (46.5, 7.7),
      (46.6, 7.7),
      (46.7, 7.7),
      (46.8, 7.7),
      (46.9, 7.7),
      (47.0, 7.7),
      (47.1, 7.7),
      (47.2, 7.7),
      (46.5, 7.8),
      (46.6, 7.8),
      (46.7, 7.8),
      (46.8, 7.8),
      (46.9, 7.8),
      (47.0, 7.8),
      (47.1, 7.8),
      (47.2, 7.8),
      (46.5, 7.9),
      (46.6, 7.9),
      (46.7, 7.9),
      (46.8, 7.9),
      (47.0, 7.9),
      (46.6, 8.0),
      (46.7, 8.0),
      (46.6, 8.1),
      (46.7, 8.1),
      (46.6, 8.2),
      (46.7, 8.2),
      (46.6, 8.3),
      (46.7, 8.3)
    )
    AND EXTRACT(YEAR FROM msd.time) = 2018
    AND EXTRACT(MONTH FROM msd.time) = 1
  GROUP BY
    DATE(msd.time)
  HAVING
    MAX(msd.sdmax) > 0.01
), streaks AS (
  SELECT
    time_window_1.day AS day,
    (
      time_window_1.day - (
        ROW_NUMBER() OVER (ORDER BY time_window_1.day) * INTERVAL '1 DAY'
      )
    ) AS grp
  FROM time_window_1
)
SELECT
  COUNT(*) AS duration
FROM streaks
GROUP BY
  streaks.grp
ORDER BY
  duration DESC
LIMIT 1"
471,P,261,How many consecutive days did snow cover persist (depth > 1 cm) in Peloponnese during January 2018?,meteo_sdmax,false,"NotImplementedError: HAVING queries are not supported yet, rewrite your SQL with nested SELECTs.","WITH time_window_1 AS (
  SELECT
    DATE(msd.time) AS day
  FROM meteo_sdmax AS msd
  WHERE
    (
      ROUND(CAST(msd.latitude AS DECIMAL), 1),
      ROUND(CAST(msd.longitude AS DECIMAL), 1)
    ) IN (
      (37.9, 21.2),
      (37.8, 21.3),
      (37.9, 21.3),
      (38.0, 21.3),
      (37.7, 21.4),
      (37.8, 21.4),
      (37.9, 21.4),
      (38.0, 21.4),
      (38.1, 21.4),
      (37.6, 21.5),
      (37.7, 21.5),
      (37.8, 21.5),
      (37.9, 21.5),
      (38.0, 21.5),
      (38.1, 21.5),
      (37.1, 21.6),
      (37.2, 21.6),
      (37.6, 21.6),
      (37.7, 21.6),
      (37.8, 21.6),
      (37.9, 21.6),
      (38.0, 21.6),
      (38.1, 21.6),
      (36.9, 21.7),
      (37.0, 21.7),
      (37.1, 21.7),
      (37.2, 21.7),
      (37.3, 21.7),
      (37.4, 21.7),
      (37.5, 21.7),
      (37.6, 21.7),
      (37.7, 21.7),
      (37.8, 21.7),
      (37.9, 21.7),
      (38.0, 21.7),
      (38.1, 21.7),
      (38.2, 21.7),
      (36.9, 21.8),
      (37.0, 21.8),
      (37.1, 21.8),
      (37.2, 21.8),
      (37.3, 21.8),
      (37.4, 21.8),
      (37.5, 21.8),
      (37.6, 21.8),
      (37.7, 21.8),
      (37.8, 21.8),
      (37.9, 21.8),
      (38.0, 21.8),
      (38.1, 21.8),
      (38.2, 21.8),
      (38.3, 21.8),
      (36.8, 21.9),
      (36.9, 21.9),
      (37.0, 21.9),
      (37.1, 21.9),
      (37.2, 21.9),
      (37.3, 21.9),
      (37.4, 21.9),
      (37.5, 21.9),
      (37.6, 21.9),
      (37.7, 21.9),
      (37.8, 21.9),
      (37.9, 21.9),
      (38.0, 21.9),
      (38.1, 21.9),
      (38.2, 21.9),
      (38.3, 21.9),
      (37.1, 22.0),
      (37.2, 22.0),
      (37.3, 22.0),
      (37.4, 22.0),
      (37.5, 22.0),
      (37.6, 22.0),
      (37.7, 22.0),
      (37.8, 22.0),
      (37.9, 22.0),
      (38.0, 22.0),
      (38.1, 22.0),
      (38.2, 22.0),
      (38.3, 22.0),
      (37.1, 22.1),
      (37.2, 22.1),
      (37.3, 22.1),
      (37.4, 22.1),
      (37.5, 22.1),
      (37.6, 22.1),
      (37.7, 22.1),
      (37.8, 22.1),
      (37.9, 22.1),
      (38.0, 22.1),
      (38.1, 22.1),
      (38.2, 22.1),
      (37.0, 22.2),
      (37.1, 22.2),
      (37.2, 22.2),
      (37.3, 22.2),
      (37.4, 22.2),
      (37.5, 22.2),
      (37.6, 22.2),
      (37.7, 22.2),
      (37.8, 22.2),
      (37.9, 22.2),
      (38.0, 22.2),
      (38.1, 22.2),
      (36.8, 22.3),
      (36.9, 22.3),
      (37.0, 22.3),
      (37.1, 22.3),
      (37.2, 22.3),
      (37.3, 22.3),
      (37.4, 22.3),
      (37.5, 22.3),
      (37.6, 22.3),
      (37.7, 22.3),
      (37.8, 22.3),
      (37.9, 22.3),
      (38.0, 22.3),
      (38.1, 22.3),
      (36.5, 22.4),
      (36.6, 22.4),
      (36.7, 22.4),
      (36.8, 22.4),
      (36.9, 22.4),
      (37.0, 22.4),
      (37.1, 22.4),
      (37.2, 22.4),
      (37.3, 22.4),
      (37.4, 22.4),
      (37.5, 22.4),
      (37.6, 22.4),
      (37.7, 22.4),
      (37.8, 22.4),
      (37.9, 22.4),
      (38.0, 22.4),
      (38.1, 22.4),
      (36.7, 22.5),
      (36.8, 22.5),
      (36.9, 22.5),
      (37.0, 22.5),
      (37.1, 22.5),
      (37.2, 22.5),
      (37.3, 22.5),
      (37.4, 22.5),
      (37.5, 22.5),
      (37.6, 22.5),
      (37.7, 22.5),
      (37.8, 22.5),
      (37.9, 22.5),
      (38.0, 22.5),
      (38.1, 22.5),
      (36.8, 22.6),
      (36.9, 22.6),
      (37.0, 22.6),
      (37.1, 22.6),
      (37.2, 22.6),
      (37.3, 22.6),
      (37.4, 22.6),
      (37.5, 22.6),
      (37.6, 22.6),
      (37.7, 22.6),
      (37.8, 22.6),
      (37.9, 22.6),
      (38.0, 22.6),
      (36.9, 22.7),
      (37.0, 22.7),
      (37.1, 22.7),
      (37.2, 22.7),
      (37.3, 22.7),
      (37.4, 22.7),
      (37.5, 22.7),
      (37.6, 22.7),
      (37.7, 22.7),
      (37.8, 22.7),
      (37.9, 22.7),
      (38.0, 22.7),
      (36.8, 22.8),
      (36.9, 22.8),
      (37.0, 22.8),
      (37.1, 22.8),
      (37.2, 22.8),
      (37.3, 22.8),
      (37.6, 22.8),
      (37.7, 22.8),
      (37.8, 22.8),
      (37.9, 22.8),
      (36.7, 22.9),
      (36.8, 22.9),
      (36.9, 22.9),
      (37.0, 22.9),
      (37.1, 22.9),
      (37.6, 22.9),
      (37.7, 22.9),
      (37.8, 22.9),
      (37.9, 22.9),
      (36.6, 23.0),
      (36.7, 23.0),
      (36.8, 23.0),
      (36.9, 23.0),
      (37.0, 23.0),
      (37.5, 23.0),
      (37.6, 23.0),
      (37.7, 23.0),
      (37.8, 23.0),
      (37.9, 23.0),
      (36.5, 23.1),
      (37.5, 23.1),
      (37.6, 23.1),
      (37.7, 23.1),
      (37.8, 23.1),
      (37.3, 23.2),
      (37.4, 23.2),
      (37.5, 23.2),
      (37.4, 23.3),
      (37.5, 23.3),
      (37.5, 23.4),
      (37.6, 23.4)
    )
    AND EXTRACT(YEAR FROM msd.time) = 2018
    AND EXTRACT(MONTH FROM msd.time) = 1
  GROUP BY
    DATE(msd.time)
  HAVING
    MAX(msd.sdmax) > 0.01
), streaks AS (
  SELECT
    time_window_1.day AS day,
    (
      time_window_1.day - (
        ROW_NUMBER() OVER (ORDER BY time_window_1.day) * INTERVAL '1 DAY'
      )
    ) AS grp
  FROM time_window_1
)
SELECT
  COUNT(*) AS duration
FROM streaks
GROUP BY
  streaks.grp
ORDER BY
  duration DESC
LIMIT 1"
472,P,262,What was the total number of days with snow cover deeper than 1 cm in City of Zurich during the year 2018?,meteo_sdmax,false,"NotImplementedError: HAVING queries are not supported yet, rewrite your SQL with nested SELECTs.","WITH time_window_1 AS (
  SELECT
    DATE(msd.time) AS day
  FROM meteo_sdmax AS msd
  WHERE
    (
      ROUND(CAST(msd.latitude AS DECIMAL), 1),
      ROUND(CAST(msd.longitude AS DECIMAL), 1)
    ) IN ((47.4, 8.5))
    AND EXTRACT(YEAR FROM msd.time) = 2018
  GROUP BY
    DATE(msd.time)
  HAVING
    MAX(msd.sdmax) > 0.01
)
SELECT
  COUNT(*) AS time_window_2
FROM time_window_1"
473,P,262,What was the total number of days with snow cover deeper than 1 cm in Attica during the year 2018?,meteo_sdmax,false,"NotImplementedError: HAVING queries are not supported yet, rewrite your SQL with nested SELECTs.","WITH time_window_1 AS (
  SELECT
    DATE(msd.time) AS day
  FROM meteo_sdmax AS msd
  WHERE
    (
      ROUND(CAST(msd.latitude AS DECIMAL), 1),
      ROUND(CAST(msd.longitude AS DECIMAL), 1)
    ) IN (
      (38.0, 23.2),
      (38.0, 23.3),
      (38.1, 23.3),
      (38.2, 23.3),
      (38.0, 23.4),
      (38.1, 23.4),
      (38.2, 23.4),
      (38.1, 23.5),
      (38.0, 23.6),
      (38.1, 23.6),
      (38.0, 23.7),
      (38.1, 23.7),
      (38.2, 23.7),
      (38.3, 23.7),
      (37.9, 23.8),
      (38.0, 23.8),
      (38.1, 23.8),
      (38.2, 23.8),
      (38.3, 23.8),
      (37.8, 23.9),
      (37.9, 23.9),
      (38.0, 23.9),
      (38.1, 23.9),
      (38.2, 23.9)
    )
    AND EXTRACT(YEAR FROM msd.time) = 2018
  GROUP BY
    DATE(msd.time)
  HAVING
    MAX(msd.sdmax) > 0.01
)
SELECT
  COUNT(*) AS time_window_2
FROM time_window_1"
474,P,262,What was the total number of days with snow cover deeper than 1 cm in Canton of Bern during the year 2018?,meteo_sdmax,false,"NotImplementedError: HAVING queries are not supported yet, rewrite your SQL with nested SELECTs.","WITH time_window_1 AS (
  SELECT
    DATE(msd.time) AS day
  FROM meteo_sdmax AS msd
  WHERE
    (
      ROUND(CAST(msd.latitude AS DECIMAL), 1),
      ROUND(CAST(msd.longitude AS DECIMAL), 1)
    ) IN (
      (47.1, 6.9),
      (47.0, 7.1),
      (47.1, 7.1),
      (47.2, 7.1),
      (47.1, 7.2),
      (47.2, 7.2),
      (46.4, 7.3),
      (46.5, 7.3),
      (46.9, 7.3),
      (47.0, 7.3),
      (47.1, 7.3),
      (47.2, 7.3),
      (46.4, 7.4),
      (46.5, 7.4),
      (46.6, 7.4),
      (46.7, 7.4),
      (46.8, 7.4),
      (46.9, 7.4),
      (47.0, 7.4),
      (47.3, 7.4),
      (46.4, 7.5),
      (46.5, 7.5),
      (46.6, 7.5),
      (46.7, 7.5),
      (46.8, 7.5),
      (46.9, 7.5),
      (47.0, 7.5),
      (47.1, 7.5),
      (47.3, 7.5),
      (46.5, 7.6),
      (46.6, 7.6),
      (46.7, 7.6),
      (46.8, 7.6),
      (46.9, 7.6),
      (47.0, 7.6),
      (47.1, 7.6),
      (46.5, 7.7),
      (46.6, 7.7),
      (46.7, 7.7),
      (46.8, 7.7),
      (46.9, 7.7),
      (47.0, 7.7),
      (47.1, 7.7),
      (47.2, 7.7),
      (46.5, 7.8),
      (46.6, 7.8),
      (46.7, 7.8),
      (46.8, 7.8),
      (46.9, 7.8),
      (47.0, 7.8),
      (47.1, 7.8),
      (47.2, 7.8),
      (46.5, 7.9),
      (46.6, 7.9),
      (46.7, 7.9),
      (46.8, 7.9),
      (47.0, 7.9),
      (46.6, 8.0),
      (46.7, 8.0),
      (46.6, 8.1),
      (46.7, 8.1),
      (46.6, 8.2),
      (46.7, 8.2),
      (46.6, 8.3),
      (46.7, 8.3)
    )
    AND EXTRACT(YEAR FROM msd.time) = 2018
  GROUP BY
    DATE(msd.time)
  HAVING
    MAX(msd.sdmax) > 0.01
)
SELECT
  COUNT(*) AS time_window_2
FROM time_window_1"
475,P,262,What was the total number of days with snow cover deeper than 1 cm in Peloponnese during the year 2018?,meteo_sdmax,false,"NotImplementedError: HAVING queries are not supported yet, rewrite your SQL with nested SELECTs.","WITH time_window_1 AS (
  SELECT
    DATE(msd.time) AS day
  FROM meteo_sdmax AS msd
  WHERE
    (
      ROUND(CAST(msd.latitude AS DECIMAL), 1),
      ROUND(CAST(msd.longitude AS DECIMAL), 1)
    ) IN (
      (37.9, 21.2),
      (37.8, 21.3),
      (37.9, 21.3),
      (38.0, 21.3),
      (37.7, 21.4),
      (37.8, 21.4),
      (37.9, 21.4),
      (38.0, 21.4),
      (38.1, 21.4),
      (37.6, 21.5),
      (37.7, 21.5),
      (37.8, 21.5),
      (37.9, 21.5),
      (38.0, 21.5),
      (38.1, 21.5),
      (37.1, 21.6),
      (37.2, 21.6),
      (37.6, 21.6),
      (37.7, 21.6),
      (37.8, 21.6),
      (37.9, 21.6),
      (38.0, 21.6),
      (38.1, 21.6),
      (36.9, 21.7),
      (37.0, 21.7),
      (37.1, 21.7),
      (37.2, 21.7),
      (37.3, 21.7),
      (37.4, 21.7),
      (37.5, 21.7),
      (37.6, 21.7),
      (37.7, 21.7),
      (37.8, 21.7),
      (37.9, 21.7),
      (38.0, 21.7),
      (38.1, 21.7),
      (38.2, 21.7),
      (36.9, 21.8),
      (37.0, 21.8),
      (37.1, 21.8),
      (37.2, 21.8),
      (37.3, 21.8),
      (37.4, 21.8),
      (37.5, 21.8),
      (37.6, 21.8),
      (37.7, 21.8),
      (37.8, 21.8),
      (37.9, 21.8),
      (38.0, 21.8),
      (38.1, 21.8),
      (38.2, 21.8),
      (38.3, 21.8),
      (36.8, 21.9),
      (36.9, 21.9),
      (37.0, 21.9),
      (37.1, 21.9),
      (37.2, 21.9),
      (37.3, 21.9),
      (37.4, 21.9),
      (37.5, 21.9),
      (37.6, 21.9),
      (37.7, 21.9),
      (37.8, 21.9),
      (37.9, 21.9),
      (38.0, 21.9),
      (38.1, 21.9),
      (38.2, 21.9),
      (38.3, 21.9),
      (37.1, 22.0),
      (37.2, 22.0),
      (37.3, 22.0),
      (37.4, 22.0),
      (37.5, 22.0),
      (37.6, 22.0),
      (37.7, 22.0),
      (37.8, 22.0),
      (37.9, 22.0),
      (38.0, 22.0),
      (38.1, 22.0),
      (38.2, 22.0),
      (38.3, 22.0),
      (37.1, 22.1),
      (37.2, 22.1),
      (37.3, 22.1),
      (37.4, 22.1),
      (37.5, 22.1),
      (37.6, 22.1),
      (37.7, 22.1),
      (37.8, 22.1),
      (37.9, 22.1),
      (38.0, 22.1),
      (38.1, 22.1),
      (38.2, 22.1),
      (37.0, 22.2),
      (37.1, 22.2),
      (37.2, 22.2),
      (37.3, 22.2),
      (37.4, 22.2),
      (37.5, 22.2),
      (37.6, 22.2),
      (37.7, 22.2),
      (37.8, 22.2),
      (37.9, 22.2),
      (38.0, 22.2),
      (38.1, 22.2),
      (36.8, 22.3),
      (36.9, 22.3),
      (37.0, 22.3),
      (37.1, 22.3),
      (37.2, 22.3),
      (37.3, 22.3),
      (37.4, 22.3),
      (37.5, 22.3),
      (37.6, 22.3),
      (37.7, 22.3),
      (37.8, 22.3),
      (37.9, 22.3),
      (38.0, 22.3),
      (38.1, 22.3),
      (36.5, 22.4),
      (36.6, 22.4),
      (36.7, 22.4),
      (36.8, 22.4),
      (36.9, 22.4),
      (37.0, 22.4),
      (37.1, 22.4),
      (37.2, 22.4),
      (37.3, 22.4),
      (37.4, 22.4),
      (37.5, 22.4),
      (37.6, 22.4),
      (37.7, 22.4),
      (37.8, 22.4),
      (37.9, 22.4),
      (38.0, 22.4),
      (38.1, 22.4),
      (36.7, 22.5),
      (36.8, 22.5),
      (36.9, 22.5),
      (37.0, 22.5),
      (37.1, 22.5),
      (37.2, 22.5),
      (37.3, 22.5),
      (37.4, 22.5),
      (37.5, 22.5),
      (37.6, 22.5),
      (37.7, 22.5),
      (37.8, 22.5),
      (37.9, 22.5),
      (38.0, 22.5),
      (38.1, 22.5),
      (36.8, 22.6),
      (36.9, 22.6),
      (37.0, 22.6),
      (37.1, 22.6),
      (37.2, 22.6),
      (37.3, 22.6),
      (37.4, 22.6),
      (37.5, 22.6),
      (37.6, 22.6),
      (37.7, 22.6),
      (37.8, 22.6),
      (37.9, 22.6),
      (38.0, 22.6),
      (36.9, 22.7),
      (37.0, 22.7),
      (37.1, 22.7),
      (37.2, 22.7),
      (37.3, 22.7),
      (37.4, 22.7),
      (37.5, 22.7),
      (37.6, 22.7),
      (37.7, 22.7),
      (37.8, 22.7),
      (37.9, 22.7),
      (38.0, 22.7),
      (36.8, 22.8),
      (36.9, 22.8),
      (37.0, 22.8),
      (37.1, 22.8),
      (37.2, 22.8),
      (37.3, 22.8),
      (37.6, 22.8),
      (37.7, 22.8),
      (37.8, 22.8),
      (37.9, 22.8),
      (36.7, 22.9),
      (36.8, 22.9),
      (36.9, 22.9),
      (37.0, 22.9),
      (37.1, 22.9),
      (37.6, 22.9),
      (37.7, 22.9),
      (37.8, 22.9),
      (37.9, 22.9),
      (36.6, 23.0),
      (36.7, 23.0),
      (36.8, 23.0),
      (36.9, 23.0),
      (37.0, 23.0),
      (37.5, 23.0),
      (37.6, 23.0),
      (37.7, 23.0),
      (37.8, 23.0),
      (37.9, 23.0),
      (36.5, 23.1),
      (37.5, 23.1),
      (37.6, 23.1),
      (37.7, 23.1),
      (37.8, 23.1),
      (37.3, 23.2),
      (37.4, 23.2),
      (37.5, 23.2),
      (37.4, 23.3),
      (37.5, 23.3),
      (37.5, 23.4),
      (37.6, 23.4)
    )
    AND EXTRACT(YEAR FROM msd.time) = 2018
  GROUP BY
    DATE(msd.time)
  HAVING
    MAX(msd.sdmax) > 0.01
)
SELECT
  COUNT(*) AS time_window_2
FROM time_window_1"
476,P,264,Determine the longest rainy spell (precipitation > 1 mm/day) experienced in City of Zurich throughout November 2018.,meteo_tp,false,"NotImplementedError: HAVING queries are not supported yet, rewrite your SQL with nested SELECTs.","WITH time_window_1 AS (
  SELECT
    DATE(mtp.time) AS day
  FROM meteo_tp AS mtp
  WHERE
    (
      ROUND(CAST(mtp.latitude AS DECIMAL), 1),
      ROUND(CAST(mtp.longitude AS DECIMAL), 1)
    ) IN ((47.4, 8.5))
    AND EXTRACT(YEAR FROM mtp.time) = 2018
    AND EXTRACT(MONTH FROM mtp.time) = 11
  GROUP BY
    DATE(mtp.time)
  HAVING
    SUM(mtp.tp) > 0.001
), streaks AS (
  SELECT
    time_window_1.day AS day,
    (
      time_window_1.day - (
        ROW_NUMBER() OVER (ORDER BY time_window_1.day) * INTERVAL '1 DAY'
      )
    ) AS grp
  FROM time_window_1
)
SELECT
  COUNT(*) AS duration
FROM streaks
GROUP BY
  streaks.grp
ORDER BY
  duration DESC
LIMIT 1"
477,P,264,Determine the longest rainy spell (precipitation > 1 mm/day) experienced in Attica throughout November 2018.,meteo_tp,false,"NotImplementedError: HAVING queries are not supported yet, rewrite your SQL with nested SELECTs.","WITH time_window_1 AS (
  SELECT
    DATE(mtp.time) AS day
  FROM meteo_tp AS mtp
  WHERE
    (
      ROUND(CAST(mtp.latitude AS DECIMAL), 1),
      ROUND(CAST(mtp.longitude AS DECIMAL), 1)
    ) IN (
      (38.0, 23.2),
      (38.0, 23.3),
      (38.1, 23.3),
      (38.2, 23.3),
      (38.0, 23.4),
      (38.1, 23.4),
      (38.2, 23.4),
      (38.1, 23.5),
      (38.0, 23.6),
      (38.1, 23.6),
      (38.0, 23.7),
      (38.1, 23.7),
      (38.2, 23.7),
      (38.3, 23.7),
      (37.9, 23.8),
      (38.0, 23.8),
      (38.1, 23.8),
      (38.2, 23.8),
      (38.3, 23.8),
      (37.8, 23.9),
      (37.9, 23.9),
      (38.0, 23.9),
      (38.1, 23.9),
      (38.2, 23.9)
    )
    AND EXTRACT(YEAR FROM mtp.time) = 2018
    AND EXTRACT(MONTH FROM mtp.time) = 11
  GROUP BY
    DATE(mtp.time)
  HAVING
    SUM(mtp.tp) > 0.001
), streaks AS (
  SELECT
    time_window_1.day AS day,
    (
      time_window_1.day - (
        ROW_NUMBER() OVER (ORDER BY time_window_1.day) * INTERVAL '1 DAY'
      )
    ) AS grp
  FROM time_window_1
)
SELECT
  COUNT(*) AS duration
FROM streaks
GROUP BY
  streaks.grp
ORDER BY
  duration DESC
LIMIT 1"
478,P,264,Determine the longest rainy spell (precipitation > 1 mm/day) experienced in Canton of Bern throughout November 2018.,meteo_tp,false,"NotImplementedError: HAVING queries are not supported yet, rewrite your SQL with nested SELECTs.","WITH time_window_1 AS (
  SELECT
    DATE(mtp.time) AS day
  FROM meteo_tp AS mtp
  WHERE
    (
      ROUND(CAST(mtp.latitude AS DECIMAL), 1),
      ROUND(CAST(mtp.longitude AS DECIMAL), 1)
    ) IN (
      (47.1, 6.9),
      (47.0, 7.1),
      (47.1, 7.1),
      (47.2, 7.1),
      (47.1, 7.2),
      (47.2, 7.2),
      (46.4, 7.3),
      (46.5, 7.3),
      (46.9, 7.3),
      (47.0, 7.3),
      (47.1, 7.3),
      (47.2, 7.3),
      (46.4, 7.4),
      (46.5, 7.4),
      (46.6, 7.4),
      (46.7, 7.4),
      (46.8, 7.4),
      (46.9, 7.4),
      (47.0, 7.4),
      (47.3, 7.4),
      (46.4, 7.5),
      (46.5, 7.5),
      (46.6, 7.5),
      (46.7, 7.5),
      (46.8, 7.5),
      (46.9, 7.5),
      (47.0, 7.5),
      (47.1, 7.5),
      (47.3, 7.5),
      (46.5, 7.6),
      (46.6, 7.6),
      (46.7, 7.6),
      (46.8, 7.6),
      (46.9, 7.6),
      (47.0, 7.6),
      (47.1, 7.6),
      (46.5, 7.7),
      (46.6, 7.7),
      (46.7, 7.7),
      (46.8, 7.7),
      (46.9, 7.7),
      (47.0, 7.7),
      (47.1, 7.7),
      (47.2, 7.7),
      (46.5, 7.8),
      (46.6, 7.8),
      (46.7, 7.8),
      (46.8, 7.8),
      (46.9, 7.8),
      (47.0, 7.8),
      (47.1, 7.8),
      (47.2, 7.8),
      (46.5, 7.9),
      (46.6, 7.9),
      (46.7, 7.9),
      (46.8, 7.9),
      (47.0, 7.9),
      (46.6, 8.0),
      (46.7, 8.0),
      (46.6, 8.1),
      (46.7, 8.1),
      (46.6, 8.2),
      (46.7, 8.2),
      (46.6, 8.3),
      (46.7, 8.3)
    )
    AND EXTRACT(YEAR FROM mtp.time) = 2018
    AND EXTRACT(MONTH FROM mtp.time) = 11
  GROUP BY
    DATE(mtp.time)
  HAVING
    SUM(mtp.tp) > 0.001
), streaks AS (
  SELECT
    time_window_1.day AS day,
    (
      time_window_1.day - (
        ROW_NUMBER() OVER (ORDER BY time_window_1.day) * INTERVAL '1 DAY'
      )
    ) AS grp
  FROM time_window_1
)
SELECT
  COUNT(*) AS duration
FROM streaks
GROUP BY
  streaks.grp
ORDER BY
  duration DESC
LIMIT 1"
479,P,264,Determine the longest rainy spell (precipitation > 1 mm/day) experienced in Peloponnese throughout November 2018.,meteo_tp,false,"NotImplementedError: HAVING queries are not supported yet, rewrite your SQL with nested SELECTs.","WITH time_window_1 AS (
  SELECT
    DATE(mtp.time) AS day
  FROM meteo_tp AS mtp
  WHERE
    (
      ROUND(CAST(mtp.latitude AS DECIMAL), 1),
      ROUND(CAST(mtp.longitude AS DECIMAL), 1)
    ) IN (
      (37.9, 21.2),
      (37.8, 21.3),
      (37.9, 21.3),
      (38.0, 21.3),
      (37.7, 21.4),
      (37.8, 21.4),
      (37.9, 21.4),
      (38.0, 21.4),
      (38.1, 21.4),
      (37.6, 21.5),
      (37.7, 21.5),
      (37.8, 21.5),
      (37.9, 21.5),
      (38.0, 21.5),
      (38.1, 21.5),
      (37.1, 21.6),
      (37.2, 21.6),
      (37.6, 21.6),
      (37.7, 21.6),
      (37.8, 21.6),
      (37.9, 21.6),
      (38.0, 21.6),
      (38.1, 21.6),
      (36.9, 21.7),
      (37.0, 21.7),
      (37.1, 21.7),
      (37.2, 21.7),
      (37.3, 21.7),
      (37.4, 21.7),
      (37.5, 21.7),
      (37.6, 21.7),
      (37.7, 21.7),
      (37.8, 21.7),
      (37.9, 21.7),
      (38.0, 21.7),
      (38.1, 21.7),
      (38.2, 21.7),
      (36.9, 21.8),
      (37.0, 21.8),
      (37.1, 21.8),
      (37.2, 21.8),
      (37.3, 21.8),
      (37.4, 21.8),
      (37.5, 21.8),
      (37.6, 21.8),
      (37.7, 21.8),
      (37.8, 21.8),
      (37.9, 21.8),
      (38.0, 21.8),
      (38.1, 21.8),
      (38.2, 21.8),
      (38.3, 21.8),
      (36.8, 21.9),
      (36.9, 21.9),
      (37.0, 21.9),
      (37.1, 21.9),
      (37.2, 21.9),
      (37.3, 21.9),
      (37.4, 21.9),
      (37.5, 21.9),
      (37.6, 21.9),
      (37.7, 21.9),
      (37.8, 21.9),
      (37.9, 21.9),
      (38.0, 21.9),
      (38.1, 21.9),
      (38.2, 21.9),
      (38.3, 21.9),
      (37.1, 22.0),
      (37.2, 22.0),
      (37.3, 22.0),
      (37.4, 22.0),
      (37.5, 22.0),
      (37.6, 22.0),
      (37.7, 22.0),
      (37.8, 22.0),
      (37.9, 22.0),
      (38.0, 22.0),
      (38.1, 22.0),
      (38.2, 22.0),
      (38.3, 22.0),
      (37.1, 22.1),
      (37.2, 22.1),
      (37.3, 22.1),
      (37.4, 22.1),
      (37.5, 22.1),
      (37.6, 22.1),
      (37.7, 22.1),
      (37.8, 22.1),
      (37.9, 22.1),
      (38.0, 22.1),
      (38.1, 22.1),
      (38.2, 22.1),
      (37.0, 22.2),
      (37.1, 22.2),
      (37.2, 22.2),
      (37.3, 22.2),
      (37.4, 22.2),
      (37.5, 22.2),
      (37.6, 22.2),
      (37.7, 22.2),
      (37.8, 22.2),
      (37.9, 22.2),
      (38.0, 22.2),
      (38.1, 22.2),
      (36.8, 22.3),
      (36.9, 22.3),
      (37.0, 22.3),
      (37.1, 22.3),
      (37.2, 22.3),
      (37.3, 22.3),
      (37.4, 22.3),
      (37.5, 22.3),
      (37.6, 22.3),
      (37.7, 22.3),
      (37.8, 22.3),
      (37.9, 22.3),
      (38.0, 22.3),
      (38.1, 22.3),
      (36.5, 22.4),
      (36.6, 22.4),
      (36.7, 22.4),
      (36.8, 22.4),
      (36.9, 22.4),
      (37.0, 22.4),
      (37.1, 22.4),
      (37.2, 22.4),
      (37.3, 22.4),
      (37.4, 22.4),
      (37.5, 22.4),
      (37.6, 22.4),
      (37.7, 22.4),
      (37.8, 22.4),
      (37.9, 22.4),
      (38.0, 22.4),
      (38.1, 22.4),
      (36.7, 22.5),
      (36.8, 22.5),
      (36.9, 22.5),
      (37.0, 22.5),
      (37.1, 22.5),
      (37.2, 22.5),
      (37.3, 22.5),
      (37.4, 22.5),
      (37.5, 22.5),
      (37.6, 22.5),
      (37.7, 22.5),
      (37.8, 22.5),
      (37.9, 22.5),
      (38.0, 22.5),
      (38.1, 22.5),
      (36.8, 22.6),
      (36.9, 22.6),
      (37.0, 22.6),
      (37.1, 22.6),
      (37.2, 22.6),
      (37.3, 22.6),
      (37.4, 22.6),
      (37.5, 22.6),
      (37.6, 22.6),
      (37.7, 22.6),
      (37.8, 22.6),
      (37.9, 22.6),
      (38.0, 22.6),
      (36.9, 22.7),
      (37.0, 22.7),
      (37.1, 22.7),
      (37.2, 22.7),
      (37.3, 22.7),
      (37.4, 22.7),
      (37.5, 22.7),
      (37.6, 22.7),
      (37.7, 22.7),
      (37.8, 22.7),
      (37.9, 22.7),
      (38.0, 22.7),
      (36.8, 22.8),
      (36.9, 22.8),
      (37.0, 22.8),
      (37.1, 22.8),
      (37.2, 22.8),
      (37.3, 22.8),
      (37.6, 22.8),
      (37.7, 22.8),
      (37.8, 22.8),
      (37.9, 22.8),
      (36.7, 22.9),
      (36.8, 22.9),
      (36.9, 22.9),
      (37.0, 22.9),
      (37.1, 22.9),
      (37.6, 22.9),
      (37.7, 22.9),
      (37.8, 22.9),
      (37.9, 22.9),
      (36.6, 23.0),
      (36.7, 23.0),
      (36.8, 23.0),
      (36.9, 23.0),
      (37.0, 23.0),
      (37.5, 23.0),
      (37.6, 23.0),
      (37.7, 23.0),
      (37.8, 23.0),
      (37.9, 23.0),
      (36.5, 23.1),
      (37.5, 23.1),
      (37.6, 23.1),
      (37.7, 23.1),
      (37.8, 23.1),
      (37.3, 23.2),
      (37.4, 23.2),
      (37.5, 23.2),
      (37.4, 23.3),
      (37.5, 23.3),
      (37.5, 23.4),
      (37.6, 23.4)
    )
    AND EXTRACT(YEAR FROM mtp.time) = 2018
    AND EXTRACT(MONTH FROM mtp.time) = 11
  GROUP BY
    DATE(mtp.time)
  HAVING
    SUM(mtp.tp) > 0.001
), streaks AS (
  SELECT
    time_window_1.day AS day,
    (
      time_window_1.day - (
        ROW_NUMBER() OVER (ORDER BY time_window_1.day) * INTERVAL '1 DAY'
      )
    ) AS grp
  FROM time_window_1
)
SELECT
  COUNT(*) AS duration
FROM streaks
GROUP BY
  streaks.grp
ORDER BY
  duration DESC
LIMIT 1"
480,P,265,Determine the longest rainy spell (precipitation > 1 mm/day) experienced in City of Zurich throughout the year 2015.,meteo_tp,false,"NotImplementedError: HAVING queries are not supported yet, rewrite your SQL with nested SELECTs.","WITH time_window_1 AS (
  SELECT
    DATE(mtp.time) AS day
  FROM meteo_tp AS mtp
  WHERE
    (
      ROUND(CAST(mtp.latitude AS DECIMAL), 1),
      ROUND(CAST(mtp.longitude AS DECIMAL), 1)
    ) IN ((47.4, 8.5))
    AND EXTRACT(YEAR FROM mtp.time) = 2015
  GROUP BY
    DATE(mtp.time)
  HAVING
    SUM(mtp.tp) > 0.001
), streaks AS (
  SELECT
    time_window_1.day AS day,
    (
      time_window_1.day - (
        ROW_NUMBER() OVER (ORDER BY time_window_1.day) * INTERVAL '1 DAY'
      )
    ) AS grp
  FROM time_window_1
)
SELECT
  COUNT(*) AS duration
FROM streaks
GROUP BY
  streaks.grp
ORDER BY
  duration DESC
LIMIT 1"
481,P,265,Determine the longest rainy spell (precipitation > 1 mm/day) experienced in Attica throughout the year 2015.,meteo_tp,false,"NotImplementedError: HAVING queries are not supported yet, rewrite your SQL with nested SELECTs.","WITH time_window_1 AS (
  SELECT
    DATE(mtp.time) AS day
  FROM meteo_tp AS mtp
  WHERE
    (
      ROUND(CAST(mtp.latitude AS DECIMAL), 1),
      ROUND(CAST(mtp.longitude AS DECIMAL), 1)
    ) IN (
      (38.0, 23.2),
      (38.0, 23.3),
      (38.1, 23.3),
      (38.2, 23.3),
      (38.0, 23.4),
      (38.1, 23.4),
      (38.2, 23.4),
      (38.1, 23.5),
      (38.0, 23.6),
      (38.1, 23.6),
      (38.0, 23.7),
      (38.1, 23.7),
      (38.2, 23.7),
      (38.3, 23.7),
      (37.9, 23.8),
      (38.0, 23.8),
      (38.1, 23.8),
      (38.2, 23.8),
      (38.3, 23.8),
      (37.8, 23.9),
      (37.9, 23.9),
      (38.0, 23.9),
      (38.1, 23.9),
      (38.2, 23.9)
    )
    AND EXTRACT(YEAR FROM mtp.time) = 2015
  GROUP BY
    DATE(mtp.time)
  HAVING
    SUM(mtp.tp) > 0.001
), streaks AS (
  SELECT
    time_window_1.day AS day,
    (
      time_window_1.day - (
        ROW_NUMBER() OVER (ORDER BY time_window_1.day) * INTERVAL '1 DAY'
      )
    ) AS grp
  FROM time_window_1
)
SELECT
  COUNT(*) AS duration
FROM streaks
GROUP BY
  streaks.grp
ORDER BY
  duration DESC
LIMIT 1"
482,P,265,Determine the longest rainy spell (precipitation > 1 mm/day) experienced in Canton of Bern throughout the year 2015.,meteo_tp,false,"NotImplementedError: HAVING queries are not supported yet, rewrite your SQL with nested SELECTs.","WITH time_window_1 AS (
  SELECT
    DATE(mtp.time) AS day
  FROM meteo_tp AS mtp
  WHERE
    (
      ROUND(CAST(mtp.latitude AS DECIMAL), 1),
      ROUND(CAST(mtp.longitude AS DECIMAL), 1)
    ) IN (
      (47.1, 6.9),
      (47.0, 7.1),
      (47.1, 7.1),
      (47.2, 7.1),
      (47.1, 7.2),
      (47.2, 7.2),
      (46.4, 7.3),
      (46.5, 7.3),
      (46.9, 7.3),
      (47.0, 7.3),
      (47.1, 7.3),
      (47.2, 7.3),
      (46.4, 7.4),
      (46.5, 7.4),
      (46.6, 7.4),
      (46.7, 7.4),
      (46.8, 7.4),
      (46.9, 7.4),
      (47.0, 7.4),
      (47.3, 7.4),
      (46.4, 7.5),
      (46.5, 7.5),
      (46.6, 7.5),
      (46.7, 7.5),
      (46.8, 7.5),
      (46.9, 7.5),
      (47.0, 7.5),
      (47.1, 7.5),
      (47.3, 7.5),
      (46.5, 7.6),
      (46.6, 7.6),
      (46.7, 7.6),
      (46.8, 7.6),
      (46.9, 7.6),
      (47.0, 7.6),
      (47.1, 7.6),
      (46.5, 7.7),
      (46.6, 7.7),
      (46.7, 7.7),
      (46.8, 7.7),
      (46.9, 7.7),
      (47.0, 7.7),
      (47.1, 7.7),
      (47.2, 7.7),
      (46.5, 7.8),
      (46.6, 7.8),
      (46.7, 7.8),
      (46.8, 7.8),
      (46.9, 7.8),
      (47.0, 7.8),
      (47.1, 7.8),
      (47.2, 7.8),
      (46.5, 7.9),
      (46.6, 7.9),
      (46.7, 7.9),
      (46.8, 7.9),
      (47.0, 7.9),
      (46.6, 8.0),
      (46.7, 8.0),
      (46.6, 8.1),
      (46.7, 8.1),
      (46.6, 8.2),
      (46.7, 8.2),
      (46.6, 8.3),
      (46.7, 8.3)
    )
    AND EXTRACT(YEAR FROM mtp.time) = 2015
  GROUP BY
    DATE(mtp.time)
  HAVING
    SUM(mtp.tp) > 0.001
), streaks AS (
  SELECT
    time_window_1.day AS day,
    (
      time_window_1.day - (
        ROW_NUMBER() OVER (ORDER BY time_window_1.day) * INTERVAL '1 DAY'
      )
    ) AS grp
  FROM time_window_1
)
SELECT
  COUNT(*) AS duration
FROM streaks
GROUP BY
  streaks.grp
ORDER BY
  duration DESC
LIMIT 1"
483,P,265,Determine the longest rainy spell (precipitation > 1 mm/day) experienced in Peloponnese throughout the year 2015.,meteo_tp,false,"NotImplementedError: HAVING queries are not supported yet, rewrite your SQL with nested SELECTs.","WITH time_window_1 AS (
  SELECT
    DATE(mtp.time) AS day
  FROM meteo_tp AS mtp
  WHERE
    (
      ROUND(CAST(mtp.latitude AS DECIMAL), 1),
      ROUND(CAST(mtp.longitude AS DECIMAL), 1)
    ) IN (
      (37.9, 21.2),
      (37.8, 21.3),
      (37.9, 21.3),
      (38.0, 21.3),
      (37.7, 21.4),
      (37.8, 21.4),
      (37.9, 21.4),
      (38.0, 21.4),
      (38.1, 21.4),
      (37.6, 21.5),
      (37.7, 21.5),
      (37.8, 21.5),
      (37.9, 21.5),
      (38.0, 21.5),
      (38.1, 21.5),
      (37.1, 21.6),
      (37.2, 21.6),
      (37.6, 21.6),
      (37.7, 21.6),
      (37.8, 21.6),
      (37.9, 21.6),
      (38.0, 21.6),
      (38.1, 21.6),
      (36.9, 21.7),
      (37.0, 21.7),
      (37.1, 21.7),
      (37.2, 21.7),
      (37.3, 21.7),
      (37.4, 21.7),
      (37.5, 21.7),
      (37.6, 21.7),
      (37.7, 21.7),
      (37.8, 21.7),
      (37.9, 21.7),
      (38.0, 21.7),
      (38.1, 21.7),
      (38.2, 21.7),
      (36.9, 21.8),
      (37.0, 21.8),
      (37.1, 21.8),
      (37.2, 21.8),
      (37.3, 21.8),
      (37.4, 21.8),
      (37.5, 21.8),
      (37.6, 21.8),
      (37.7, 21.8),
      (37.8, 21.8),
      (37.9, 21.8),
      (38.0, 21.8),
      (38.1, 21.8),
      (38.2, 21.8),
      (38.3, 21.8),
      (36.8, 21.9),
      (36.9, 21.9),
      (37.0, 21.9),
      (37.1, 21.9),
      (37.2, 21.9),
      (37.3, 21.9),
      (37.4, 21.9),
      (37.5, 21.9),
      (37.6, 21.9),
      (37.7, 21.9),
      (37.8, 21.9),
      (37.9, 21.9),
      (38.0, 21.9),
      (38.1, 21.9),
      (38.2, 21.9),
      (38.3, 21.9),
      (37.1, 22.0),
      (37.2, 22.0),
      (37.3, 22.0),
      (37.4, 22.0),
      (37.5, 22.0),
      (37.6, 22.0),
      (37.7, 22.0),
      (37.8, 22.0),
      (37.9, 22.0),
      (38.0, 22.0),
      (38.1, 22.0),
      (38.2, 22.0),
      (38.3, 22.0),
      (37.1, 22.1),
      (37.2, 22.1),
      (37.3, 22.1),
      (37.4, 22.1),
      (37.5, 22.1),
      (37.6, 22.1),
      (37.7, 22.1),
      (37.8, 22.1),
      (37.9, 22.1),
      (38.0, 22.1),
      (38.1, 22.1),
      (38.2, 22.1),
      (37.0, 22.2),
      (37.1, 22.2),
      (37.2, 22.2),
      (37.3, 22.2),
      (37.4, 22.2),
      (37.5, 22.2),
      (37.6, 22.2),
      (37.7, 22.2),
      (37.8, 22.2),
      (37.9, 22.2),
      (38.0, 22.2),
      (38.1, 22.2),
      (36.8, 22.3),
      (36.9, 22.3),
      (37.0, 22.3),
      (37.1, 22.3),
      (37.2, 22.3),
      (37.3, 22.3),
      (37.4, 22.3),
      (37.5, 22.3),
      (37.6, 22.3),
      (37.7, 22.3),
      (37.8, 22.3),
      (37.9, 22.3),
      (38.0, 22.3),
      (38.1, 22.3),
      (36.5, 22.4),
      (36.6, 22.4),
      (36.7, 22.4),
      (36.8, 22.4),
      (36.9, 22.4),
      (37.0, 22.4),
      (37.1, 22.4),
      (37.2, 22.4),
      (37.3, 22.4),
      (37.4, 22.4),
      (37.5, 22.4),
      (37.6, 22.4),
      (37.7, 22.4),
      (37.8, 22.4),
      (37.9, 22.4),
      (38.0, 22.4),
      (38.1, 22.4),
      (36.7, 22.5),
      (36.8, 22.5),
      (36.9, 22.5),
      (37.0, 22.5),
      (37.1, 22.5),
      (37.2, 22.5),
      (37.3, 22.5),
      (37.4, 22.5),
      (37.5, 22.5),
      (37.6, 22.5),
      (37.7, 22.5),
      (37.8, 22.5),
      (37.9, 22.5),
      (38.0, 22.5),
      (38.1, 22.5),
      (36.8, 22.6),
      (36.9, 22.6),
      (37.0, 22.6),
      (37.1, 22.6),
      (37.2, 22.6),
      (37.3, 22.6),
      (37.4, 22.6),
      (37.5, 22.6),
      (37.6, 22.6),
      (37.7, 22.6),
      (37.8, 22.6),
      (37.9, 22.6),
      (38.0, 22.6),
      (36.9, 22.7),
      (37.0, 22.7),
      (37.1, 22.7),
      (37.2, 22.7),
      (37.3, 22.7),
      (37.4, 22.7),
      (37.5, 22.7),
      (37.6, 22.7),
      (37.7, 22.7),
      (37.8, 22.7),
      (37.9, 22.7),
      (38.0, 22.7),
      (36.8, 22.8),
      (36.9, 22.8),
      (37.0, 22.8),
      (37.1, 22.8),
      (37.2, 22.8),
      (37.3, 22.8),
      (37.6, 22.8),
      (37.7, 22.8),
      (37.8, 22.8),
      (37.9, 22.8),
      (36.7, 22.9),
      (36.8, 22.9),
      (36.9, 22.9),
      (37.0, 22.9),
      (37.1, 22.9),
      (37.6, 22.9),
      (37.7, 22.9),
      (37.8, 22.9),
      (37.9, 22.9),
      (36.6, 23.0),
      (36.7, 23.0),
      (36.8, 23.0),
      (36.9, 23.0),
      (37.0, 23.0),
      (37.5, 23.0),
      (37.6, 23.0),
      (37.7, 23.0),
      (37.8, 23.0),
      (37.9, 23.0),
      (36.5, 23.1),
      (37.5, 23.1),
      (37.6, 23.1),
      (37.7, 23.1),
      (37.8, 23.1),
      (37.3, 23.2),
      (37.4, 23.2),
      (37.5, 23.2),
      (37.4, 23.3),
      (37.5, 23.3),
      (37.5, 23.4),
      (37.6, 23.4)
    )
    AND EXTRACT(YEAR FROM mtp.time) = 2015
  GROUP BY
    DATE(mtp.time)
  HAVING
    SUM(mtp.tp) > 0.001
), streaks AS (
  SELECT
    time_window_1.day AS day,
    (
      time_window_1.day - (
        ROW_NUMBER() OVER (ORDER BY time_window_1.day) * INTERVAL '1 DAY'
      )
    ) AS grp
  FROM time_window_1
)
SELECT
  COUNT(*) AS duration
FROM streaks
GROUP BY
  streaks.grp
ORDER BY
  duration DESC
LIMIT 1"
484,P,266,Determine the longest rainy spell (precipitation > 1 mm/day) experienced in City of Zurich between 2005 and 2015.,meteo_tp,false,"NotImplementedError: HAVING queries are not supported yet, rewrite your SQL with nested SELECTs.","WITH time_window_1 AS (
  SELECT
    DATE(mtp.time) AS day
  FROM meteo_tp AS mtp
  WHERE
    (
      ROUND(CAST(mtp.latitude AS DECIMAL), 1),
      ROUND(CAST(mtp.longitude AS DECIMAL), 1)
    ) IN ((47.4, 8.5))
    AND EXTRACT(YEAR FROM mtp.time) BETWEEN 2005 AND 2015
  GROUP BY
    DATE(mtp.time)
  HAVING
    SUM(mtp.tp) > 0.001
), streaks AS (
  SELECT
    time_window_1.day AS day,
    (
      time_window_1.day - (
        ROW_NUMBER() OVER (ORDER BY time_window_1.day) * INTERVAL '1 DAY'
      )
    ) AS grp
  FROM time_window_1
)
SELECT
  COUNT(*) AS duration
FROM streaks
GROUP BY
  streaks.grp
ORDER BY
  duration DESC
LIMIT 1"
485,P,266,Determine the longest rainy spell (precipitation > 1 mm/day) experienced in Attica between 2005 and 2015.,meteo_tp,false,"NotImplementedError: HAVING queries are not supported yet, rewrite your SQL with nested SELECTs.","WITH time_window_1 AS (
  SELECT
    DATE(mtp.time) AS day
  FROM meteo_tp AS mtp
  WHERE
    (
      ROUND(CAST(mtp.latitude AS DECIMAL), 1),
      ROUND(CAST(mtp.longitude AS DECIMAL), 1)
    ) IN (
      (38.0, 23.2),
      (38.0, 23.3),
      (38.1, 23.3),
      (38.2, 23.3),
      (38.0, 23.4),
      (38.1, 23.4),
      (38.2, 23.4),
      (38.1, 23.5),
      (38.0, 23.6),
      (38.1, 23.6),
      (38.0, 23.7),
      (38.1, 23.7),
      (38.2, 23.7),
      (38.3, 23.7),
      (37.9, 23.8),
      (38.0, 23.8),
      (38.1, 23.8),
      (38.2, 23.8),
      (38.3, 23.8),
      (37.8, 23.9),
      (37.9, 23.9),
      (38.0, 23.9),
      (38.1, 23.9),
      (38.2, 23.9)
    )
    AND EXTRACT(YEAR FROM mtp.time) BETWEEN 2005 AND 2015
  GROUP BY
    DATE(mtp.time)
  HAVING
    SUM(mtp.tp) > 0.001
), streaks AS (
  SELECT
    time_window_1.day AS day,
    (
      time_window_1.day - (
        ROW_NUMBER() OVER (ORDER BY time_window_1.day) * INTERVAL '1 DAY'
      )
    ) AS grp
  FROM time_window_1
)
SELECT
  COUNT(*) AS duration
FROM streaks
GROUP BY
  streaks.grp
ORDER BY
  duration DESC
LIMIT 1"
486,P,266,Determine the longest rainy spell (precipitation > 1 mm/day) experienced in Canton of Bern between 2005 and 2015.,meteo_tp,false,"NotImplementedError: HAVING queries are not supported yet, rewrite your SQL with nested SELECTs.","WITH time_window_1 AS (
  SELECT
    DATE(mtp.time) AS day
  FROM meteo_tp AS mtp
  WHERE
    (
      ROUND(CAST(mtp.latitude AS DECIMAL), 1),
      ROUND(CAST(mtp.longitude AS DECIMAL), 1)
    ) IN (
      (47.1, 6.9),
      (47.0, 7.1),
      (47.1, 7.1),
      (47.2, 7.1),
      (47.1, 7.2),
      (47.2, 7.2),
      (46.4, 7.3),
      (46.5, 7.3),
      (46.9, 7.3),
      (47.0, 7.3),
      (47.1, 7.3),
      (47.2, 7.3),
      (46.4, 7.4),
      (46.5, 7.4),
      (46.6, 7.4),
      (46.7, 7.4),
      (46.8, 7.4),
      (46.9, 7.4),
      (47.0, 7.4),
      (47.3, 7.4),
      (46.4, 7.5),
      (46.5, 7.5),
      (46.6, 7.5),
      (46.7, 7.5),
      (46.8, 7.5),
      (46.9, 7.5),
      (47.0, 7.5),
      (47.1, 7.5),
      (47.3, 7.5),
      (46.5, 7.6),
      (46.6, 7.6),
      (46.7, 7.6),
      (46.8, 7.6),
      (46.9, 7.6),
      (47.0, 7.6),
      (47.1, 7.6),
      (46.5, 7.7),
      (46.6, 7.7),
      (46.7, 7.7),
      (46.8, 7.7),
      (46.9, 7.7),
      (47.0, 7.7),
      (47.1, 7.7),
      (47.2, 7.7),
      (46.5, 7.8),
      (46.6, 7.8),
      (46.7, 7.8),
      (46.8, 7.8),
      (46.9, 7.8),
      (47.0, 7.8),
      (47.1, 7.8),
      (47.2, 7.8),
      (46.5, 7.9),
      (46.6, 7.9),
      (46.7, 7.9),
      (46.8, 7.9),
      (47.0, 7.9),
      (46.6, 8.0),
      (46.7, 8.0),
      (46.6, 8.1),
      (46.7, 8.1),
      (46.6, 8.2),
      (46.7, 8.2),
      (46.6, 8.3),
      (46.7, 8.3)
    )
    AND EXTRACT(YEAR FROM mtp.time) BETWEEN 2005 AND 2015
  GROUP BY
    DATE(mtp.time)
  HAVING
    SUM(mtp.tp) > 0.001
), streaks AS (
  SELECT
    time_window_1.day AS day,
    (
      time_window_1.day - (
        ROW_NUMBER() OVER (ORDER BY time_window_1.day) * INTERVAL '1 DAY'
      )
    ) AS grp
  FROM time_window_1
)
SELECT
  COUNT(*) AS duration
FROM streaks
GROUP BY
  streaks.grp
ORDER BY
  duration DESC
LIMIT 1"
487,P,266,Determine the longest rainy spell (precipitation > 1 mm/day) experienced in Peloponnese between 2005 and 2015.,meteo_tp,false,"NotImplementedError: HAVING queries are not supported yet, rewrite your SQL with nested SELECTs.","WITH time_window_1 AS (
  SELECT
    DATE(mtp.time) AS day
  FROM meteo_tp AS mtp
  WHERE
    (
      ROUND(CAST(mtp.latitude AS DECIMAL), 1),
      ROUND(CAST(mtp.longitude AS DECIMAL), 1)
    ) IN (
      (37.9, 21.2),
      (37.8, 21.3),
      (37.9, 21.3),
      (38.0, 21.3),
      (37.7, 21.4),
      (37.8, 21.4),
      (37.9, 21.4),
      (38.0, 21.4),
      (38.1, 21.4),
      (37.6, 21.5),
      (37.7, 21.5),
      (37.8, 21.5),
      (37.9, 21.5),
      (38.0, 21.5),
      (38.1, 21.5),
      (37.1, 21.6),
      (37.2, 21.6),
      (37.6, 21.6),
      (37.7, 21.6),
      (37.8, 21.6),
      (37.9, 21.6),
      (38.0, 21.6),
      (38.1, 21.6),
      (36.9, 21.7),
      (37.0, 21.7),
      (37.1, 21.7),
      (37.2, 21.7),
      (37.3, 21.7),
      (37.4, 21.7),
      (37.5, 21.7),
      (37.6, 21.7),
      (37.7, 21.7),
      (37.8, 21.7),
      (37.9, 21.7),
      (38.0, 21.7),
      (38.1, 21.7),
      (38.2, 21.7),
      (36.9, 21.8),
      (37.0, 21.8),
      (37.1, 21.8),
      (37.2, 21.8),
      (37.3, 21.8),
      (37.4, 21.8),
      (37.5, 21.8),
      (37.6, 21.8),
      (37.7, 21.8),
      (37.8, 21.8),
      (37.9, 21.8),
      (38.0, 21.8),
      (38.1, 21.8),
      (38.2, 21.8),
      (38.3, 21.8),
      (36.8, 21.9),
      (36.9, 21.9),
      (37.0, 21.9),
      (37.1, 21.9),
      (37.2, 21.9),
      (37.3, 21.9),
      (37.4, 21.9),
      (37.5, 21.9),
      (37.6, 21.9),
      (37.7, 21.9),
      (37.8, 21.9),
      (37.9, 21.9),
      (38.0, 21.9),
      (38.1, 21.9),
      (38.2, 21.9),
      (38.3, 21.9),
      (37.1, 22.0),
      (37.2, 22.0),
      (37.3, 22.0),
      (37.4, 22.0),
      (37.5, 22.0),
      (37.6, 22.0),
      (37.7, 22.0),
      (37.8, 22.0),
      (37.9, 22.0),
      (38.0, 22.0),
      (38.1, 22.0),
      (38.2, 22.0),
      (38.3, 22.0),
      (37.1, 22.1),
      (37.2, 22.1),
      (37.3, 22.1),
      (37.4, 22.1),
      (37.5, 22.1),
      (37.6, 22.1),
      (37.7, 22.1),
      (37.8, 22.1),
      (37.9, 22.1),
      (38.0, 22.1),
      (38.1, 22.1),
      (38.2, 22.1),
      (37.0, 22.2),
      (37.1, 22.2),
      (37.2, 22.2),
      (37.3, 22.2),
      (37.4, 22.2),
      (37.5, 22.2),
      (37.6, 22.2),
      (37.7, 22.2),
      (37.8, 22.2),
      (37.9, 22.2),
      (38.0, 22.2),
      (38.1, 22.2),
      (36.8, 22.3),
      (36.9, 22.3),
      (37.0, 22.3),
      (37.1, 22.3),
      (37.2, 22.3),
      (37.3, 22.3),
      (37.4, 22.3),
      (37.5, 22.3),
      (37.6, 22.3),
      (37.7, 22.3),
      (37.8, 22.3),
      (37.9, 22.3),
      (38.0, 22.3),
      (38.1, 22.3),
      (36.5, 22.4),
      (36.6, 22.4),
      (36.7, 22.4),
      (36.8, 22.4),
      (36.9, 22.4),
      (37.0, 22.4),
      (37.1, 22.4),
      (37.2, 22.4),
      (37.3, 22.4),
      (37.4, 22.4),
      (37.5, 22.4),
      (37.6, 22.4),
      (37.7, 22.4),
      (37.8, 22.4),
      (37.9, 22.4),
      (38.0, 22.4),
      (38.1, 22.4),
      (36.7, 22.5),
      (36.8, 22.5),
      (36.9, 22.5),
      (37.0, 22.5),
      (37.1, 22.5),
      (37.2, 22.5),
      (37.3, 22.5),
      (37.4, 22.5),
      (37.5, 22.5),
      (37.6, 22.5),
      (37.7, 22.5),
      (37.8, 22.5),
      (37.9, 22.5),
      (38.0, 22.5),
      (38.1, 22.5),
      (36.8, 22.6),
      (36.9, 22.6),
      (37.0, 22.6),
      (37.1, 22.6),
      (37.2, 22.6),
      (37.3, 22.6),
      (37.4, 22.6),
      (37.5, 22.6),
      (37.6, 22.6),
      (37.7, 22.6),
      (37.8, 22.6),
      (37.9, 22.6),
      (38.0, 22.6),
      (36.9, 22.7),
      (37.0, 22.7),
      (37.1, 22.7),
      (37.2, 22.7),
      (37.3, 22.7),
      (37.4, 22.7),
      (37.5, 22.7),
      (37.6, 22.7),
      (37.7, 22.7),
      (37.8, 22.7),
      (37.9, 22.7),
      (38.0, 22.7),
      (36.8, 22.8),
      (36.9, 22.8),
      (37.0, 22.8),
      (37.1, 22.8),
      (37.2, 22.8),
      (37.3, 22.8),
      (37.6, 22.8),
      (37.7, 22.8),
      (37.8, 22.8),
      (37.9, 22.8),
      (36.7, 22.9),
      (36.8, 22.9),
      (36.9, 22.9),
      (37.0, 22.9),
      (37.1, 22.9),
      (37.6, 22.9),
      (37.7, 22.9),
      (37.8, 22.9),
      (37.9, 22.9),
      (36.6, 23.0),
      (36.7, 23.0),
      (36.8, 23.0),
      (36.9, 23.0),
      (37.0, 23.0),
      (37.5, 23.0),
      (37.6, 23.0),
      (37.7, 23.0),
      (37.8, 23.0),
      (37.9, 23.0),
      (36.5, 23.1),
      (37.5, 23.1),
      (37.6, 23.1),
      (37.7, 23.1),
      (37.8, 23.1),
      (37.3, 23.2),
      (37.4, 23.2),
      (37.5, 23.2),
      (37.4, 23.3),
      (37.5, 23.3),
      (37.5, 23.4),
      (37.6, 23.4)
    )
    AND EXTRACT(YEAR FROM mtp.time) BETWEEN 2005 AND 2015
  GROUP BY
    DATE(mtp.time)
  HAVING
    SUM(mtp.tp) > 0.001
), streaks AS (
  SELECT
    time_window_1.day AS day,
    (
      time_window_1.day - (
        ROW_NUMBER() OVER (ORDER BY time_window_1.day) * INTERVAL '1 DAY'
      )
    ) AS grp
  FROM time_window_1
)
SELECT
  COUNT(*) AS duration
FROM streaks
GROUP BY
  streaks.grp
ORDER BY
  duration DESC
LIMIT 1"
488,P,268,Find the maximum number of consecutive days with strong winds (> 8 m/s) in City of Zurich in 2015.,meteo_windspeedmax,false,"NotImplementedError: HAVING queries are not supported yet, rewrite your SQL with nested SELECTs.","WITH time_window_1 AS (
  SELECT
    DATE(mws.time) AS day
  FROM meteo_windspeedmax AS mws
  WHERE
    (
      ROUND(CAST(mws.latitude AS DECIMAL), 1),
      ROUND(CAST(mws.longitude AS DECIMAL), 1)
    ) IN ((47.4, 8.5))
    AND EXTRACT(YEAR FROM mws.time) = 2015
  GROUP BY
    DATE(mws.time)
  HAVING
    MAX(mws.windspeedmax) > 8
), streaks AS (
  SELECT
    time_window_1.day AS day,
    (
      time_window_1.day - (
        ROW_NUMBER() OVER (ORDER BY time_window_1.day) * INTERVAL '1 DAY'
      )
    ) AS grp
  FROM time_window_1
)
SELECT
  COUNT(*) AS duration
FROM streaks
GROUP BY
  streaks.grp
ORDER BY
  duration DESC
LIMIT 1"
489,P,268,Find the maximum number of consecutive days with strong winds (> 8 m/s) in Attica in 2015.,meteo_windspeedmax,false,"NotImplementedError: HAVING queries are not supported yet, rewrite your SQL with nested SELECTs.","WITH time_window_1 AS (
  SELECT
    DATE(mws.time) AS day
  FROM meteo_windspeedmax AS mws
  WHERE
    (
      ROUND(CAST(mws.latitude AS DECIMAL), 1),
      ROUND(CAST(mws.longitude AS DECIMAL), 1)
    ) IN (
      (38.0, 23.2),
      (38.0, 23.3),
      (38.1, 23.3),
      (38.2, 23.3),
      (38.0, 23.4),
      (38.1, 23.4),
      (38.2, 23.4),
      (38.1, 23.5),
      (38.0, 23.6),
      (38.1, 23.6),
      (38.0, 23.7),
      (38.1, 23.7),
      (38.2, 23.7),
      (38.3, 23.7),
      (37.9, 23.8),
      (38.0, 23.8),
      (38.1, 23.8),
      (38.2, 23.8),
      (38.3, 23.8),
      (37.8, 23.9),
      (37.9, 23.9),
      (38.0, 23.9),
      (38.1, 23.9),
      (38.2, 23.9)
    )
    AND EXTRACT(YEAR FROM mws.time) = 2015
  GROUP BY
    DATE(mws.time)
  HAVING
    MAX(mws.windspeedmax) > 8
), streaks AS (
  SELECT
    time_window_1.day AS day,
    (
      time_window_1.day - (
        ROW_NUMBER() OVER (ORDER BY time_window_1.day) * INTERVAL '1 DAY'
      )
    ) AS grp
  FROM time_window_1
)
SELECT
  COUNT(*) AS duration
FROM streaks
GROUP BY
  streaks.grp
ORDER BY
  duration DESC
LIMIT 1"
490,P,268,Find the maximum number of consecutive days with strong winds (> 8 m/s) in Canton of Bern in 2015.,meteo_windspeedmax,false,"NotImplementedError: HAVING queries are not supported yet, rewrite your SQL with nested SELECTs.","WITH time_window_1 AS (
  SELECT
    DATE(mws.time) AS day
  FROM meteo_windspeedmax AS mws
  WHERE
    (
      ROUND(CAST(mws.latitude AS DECIMAL), 1),
      ROUND(CAST(mws.longitude AS DECIMAL), 1)
    ) IN (
      (47.1, 6.9),
      (47.0, 7.1),
      (47.1, 7.1),
      (47.2, 7.1),
      (47.1, 7.2),
      (47.2, 7.2),
      (46.4, 7.3),
      (46.5, 7.3),
      (46.9, 7.3),
      (47.0, 7.3),
      (47.1, 7.3),
      (47.2, 7.3),
      (46.4, 7.4),
      (46.5, 7.4),
      (46.6, 7.4),
      (46.7, 7.4),
      (46.8, 7.4),
      (46.9, 7.4),
      (47.0, 7.4),
      (47.3, 7.4),
      (46.4, 7.5),
      (46.5, 7.5),
      (46.6, 7.5),
      (46.7, 7.5),
      (46.8, 7.5),
      (46.9, 7.5),
      (47.0, 7.5),
      (47.1, 7.5),
      (47.3, 7.5),
      (46.5, 7.6),
      (46.6, 7.6),
      (46.7, 7.6),
      (46.8, 7.6),
      (46.9, 7.6),
      (47.0, 7.6),
      (47.1, 7.6),
      (46.5, 7.7),
      (46.6, 7.7),
      (46.7, 7.7),
      (46.8, 7.7),
      (46.9, 7.7),
      (47.0, 7.7),
      (47.1, 7.7),
      (47.2, 7.7),
      (46.5, 7.8),
      (46.6, 7.8),
      (46.7, 7.8),
      (46.8, 7.8),
      (46.9, 7.8),
      (47.0, 7.8),
      (47.1, 7.8),
      (47.2, 7.8),
      (46.5, 7.9),
      (46.6, 7.9),
      (46.7, 7.9),
      (46.8, 7.9),
      (47.0, 7.9),
      (46.6, 8.0),
      (46.7, 8.0),
      (46.6, 8.1),
      (46.7, 8.1),
      (46.6, 8.2),
      (46.7, 8.2),
      (46.6, 8.3),
      (46.7, 8.3)
    )
    AND EXTRACT(YEAR FROM mws.time) = 2015
  GROUP BY
    DATE(mws.time)
  HAVING
    MAX(mws.windspeedmax) > 8
), streaks AS (
  SELECT
    time_window_1.day AS day,
    (
      time_window_1.day - (
        ROW_NUMBER() OVER (ORDER BY time_window_1.day) * INTERVAL '1 DAY'
      )
    ) AS grp
  FROM time_window_1
)
SELECT
  COUNT(*) AS duration
FROM streaks
GROUP BY
  streaks.grp
ORDER BY
  duration DESC
LIMIT 1"
491,P,268,Find the maximum number of consecutive days with strong winds (> 8 m/s) in Peloponnese in 2015.,meteo_windspeedmax,false,"NotImplementedError: HAVING queries are not supported yet, rewrite your SQL with nested SELECTs.","WITH time_window_1 AS (
  SELECT
    DATE(mws.time) AS day
  FROM meteo_windspeedmax AS mws
  WHERE
    (
      ROUND(CAST(mws.latitude AS DECIMAL), 1),
      ROUND(CAST(mws.longitude AS DECIMAL), 1)
    ) IN (
      (37.9, 21.2),
      (37.8, 21.3),
      (37.9, 21.3),
      (38.0, 21.3),
      (37.7, 21.4),
      (37.8, 21.4),
      (37.9, 21.4),
      (38.0, 21.4),
      (38.1, 21.4),
      (37.6, 21.5),
      (37.7, 21.5),
      (37.8, 21.5),
      (37.9, 21.5),
      (38.0, 21.5),
      (38.1, 21.5),
      (37.1, 21.6),
      (37.2, 21.6),
      (37.6, 21.6),
      (37.7, 21.6),
      (37.8, 21.6),
      (37.9, 21.6),
      (38.0, 21.6),
      (38.1, 21.6),
      (36.9, 21.7),
      (37.0, 21.7),
      (37.1, 21.7),
      (37.2, 21.7),
      (37.3, 21.7),
      (37.4, 21.7),
      (37.5, 21.7),
      (37.6, 21.7),
      (37.7, 21.7),
      (37.8, 21.7),
      (37.9, 21.7),
      (38.0, 21.7),
      (38.1, 21.7),
      (38.2, 21.7),
      (36.9, 21.8),
      (37.0, 21.8),
      (37.1, 21.8),
      (37.2, 21.8),
      (37.3, 21.8),
      (37.4, 21.8),
      (37.5, 21.8),
      (37.6, 21.8),
      (37.7, 21.8),
      (37.8, 21.8),
      (37.9, 21.8),
      (38.0, 21.8),
      (38.1, 21.8),
      (38.2, 21.8),
      (38.3, 21.8),
      (36.8, 21.9),
      (36.9, 21.9),
      (37.0, 21.9),
      (37.1, 21.9),
      (37.2, 21.9),
      (37.3, 21.9),
      (37.4, 21.9),
      (37.5, 21.9),
      (37.6, 21.9),
      (37.7, 21.9),
      (37.8, 21.9),
      (37.9, 21.9),
      (38.0, 21.9),
      (38.1, 21.9),
      (38.2, 21.9),
      (38.3, 21.9),
      (37.1, 22.0),
      (37.2, 22.0),
      (37.3, 22.0),
      (37.4, 22.0),
      (37.5, 22.0),
      (37.6, 22.0),
      (37.7, 22.0),
      (37.8, 22.0),
      (37.9, 22.0),
      (38.0, 22.0),
      (38.1, 22.0),
      (38.2, 22.0),
      (38.3, 22.0),
      (37.1, 22.1),
      (37.2, 22.1),
      (37.3, 22.1),
      (37.4, 22.1),
      (37.5, 22.1),
      (37.6, 22.1),
      (37.7, 22.1),
      (37.8, 22.1),
      (37.9, 22.1),
      (38.0, 22.1),
      (38.1, 22.1),
      (38.2, 22.1),
      (37.0, 22.2),
      (37.1, 22.2),
      (37.2, 22.2),
      (37.3, 22.2),
      (37.4, 22.2),
      (37.5, 22.2),
      (37.6, 22.2),
      (37.7, 22.2),
      (37.8, 22.2),
      (37.9, 22.2),
      (38.0, 22.2),
      (38.1, 22.2),
      (36.8, 22.3),
      (36.9, 22.3),
      (37.0, 22.3),
      (37.1, 22.3),
      (37.2, 22.3),
      (37.3, 22.3),
      (37.4, 22.3),
      (37.5, 22.3),
      (37.6, 22.3),
      (37.7, 22.3),
      (37.8, 22.3),
      (37.9, 22.3),
      (38.0, 22.3),
      (38.1, 22.3),
      (36.5, 22.4),
      (36.6, 22.4),
      (36.7, 22.4),
      (36.8, 22.4),
      (36.9, 22.4),
      (37.0, 22.4),
      (37.1, 22.4),
      (37.2, 22.4),
      (37.3, 22.4),
      (37.4, 22.4),
      (37.5, 22.4),
      (37.6, 22.4),
      (37.7, 22.4),
      (37.8, 22.4),
      (37.9, 22.4),
      (38.0, 22.4),
      (38.1, 22.4),
      (36.7, 22.5),
      (36.8, 22.5),
      (36.9, 22.5),
      (37.0, 22.5),
      (37.1, 22.5),
      (37.2, 22.5),
      (37.3, 22.5),
      (37.4, 22.5),
      (37.5, 22.5),
      (37.6, 22.5),
      (37.7, 22.5),
      (37.8, 22.5),
      (37.9, 22.5),
      (38.0, 22.5),
      (38.1, 22.5),
      (36.8, 22.6),
      (36.9, 22.6),
      (37.0, 22.6),
      (37.1, 22.6),
      (37.2, 22.6),
      (37.3, 22.6),
      (37.4, 22.6),
      (37.5, 22.6),
      (37.6, 22.6),
      (37.7, 22.6),
      (37.8, 22.6),
      (37.9, 22.6),
      (38.0, 22.6),
      (36.9, 22.7),
      (37.0, 22.7),
      (37.1, 22.7),
      (37.2, 22.7),
      (37.3, 22.7),
      (37.4, 22.7),
      (37.5, 22.7),
      (37.6, 22.7),
      (37.7, 22.7),
      (37.8, 22.7),
      (37.9, 22.7),
      (38.0, 22.7),
      (36.8, 22.8),
      (36.9, 22.8),
      (37.0, 22.8),
      (37.1, 22.8),
      (37.2, 22.8),
      (37.3, 22.8),
      (37.6, 22.8),
      (37.7, 22.8),
      (37.8, 22.8),
      (37.9, 22.8),
      (36.7, 22.9),
      (36.8, 22.9),
      (36.9, 22.9),
      (37.0, 22.9),
      (37.1, 22.9),
      (37.6, 22.9),
      (37.7, 22.9),
      (37.8, 22.9),
      (37.9, 22.9),
      (36.6, 23.0),
      (36.7, 23.0),
      (36.8, 23.0),
      (36.9, 23.0),
      (37.0, 23.0),
      (37.5, 23.0),
      (37.6, 23.0),
      (37.7, 23.0),
      (37.8, 23.0),
      (37.9, 23.0),
      (36.5, 23.1),
      (37.5, 23.1),
      (37.6, 23.1),
      (37.7, 23.1),
      (37.8, 23.1),
      (37.3, 23.2),
      (37.4, 23.2),
      (37.5, 23.2),
      (37.4, 23.3),
      (37.5, 23.3),
      (37.5, 23.4),
      (37.6, 23.4)
    )
    AND EXTRACT(YEAR FROM mws.time) = 2015
  GROUP BY
    DATE(mws.time)
  HAVING
    MAX(mws.windspeedmax) > 8
), streaks AS (
  SELECT
    time_window_1.day AS day,
    (
      time_window_1.day - (
        ROW_NUMBER() OVER (ORDER BY time_window_1.day) * INTERVAL '1 DAY'
      )
    ) AS grp
  FROM time_window_1
)
SELECT
  COUNT(*) AS duration
FROM streaks
GROUP BY
  streaks.grp
ORDER BY
  duration DESC
LIMIT 1"
492,P,272,"Identify the longest period of sustained summer heat (mean temp > 25°C) in City of Zurich between 2005 and 2015, summarized by YEAR.",meteo_tmean,false,"NotImplementedError: HAVING queries are not supported yet, rewrite your SQL with nested SELECTs.","WITH time_window_1 AS (
  SELECT
    EXTRACT(YEAR FROM mt.time) AS time_window_3,
    DATE(mt.time) AS day
  FROM meteo_tmean AS mt
  WHERE
    (ROUND(CAST(mt.latitude AS DECIMAL), 1), ROUND(CAST(mt.longitude AS DECIMAL), 1)) IN ((47.4, 8.5))
    AND EXTRACT(YEAR FROM mt.time) BETWEEN 2005 AND 2015
    AND EXTRACT(MONTH FROM mt.time) BETWEEN 5 AND 10
  GROUP BY
    EXTRACT(YEAR FROM mt.time),
    DATE(mt.time)
  HAVING
    AVG(mt.tmean) - 273.15 > 25
), streaks AS (
  SELECT
    time_window_1.time_window_3 AS time_window_3,
    time_window_1.day AS day,
    (
      time_window_1.day - (
        ROW_NUMBER() OVER (PARTITION BY time_window_1.time_window_3 ORDER BY time_window_1.day) * INTERVAL '1 DAY'
      )
    ) AS grp
  FROM time_window_1
), time_window_2 AS (
  SELECT
    streaks.time_window_3 AS time_window_3,
    COUNT(*) AS duration
  FROM streaks
  GROUP BY
    streaks.time_window_3,
    streaks.grp
)
SELECT
  time_window_2.time_window_3 AS time_window_3,
  MAX(time_window_2.duration) AS longest_streak
FROM time_window_2
GROUP BY
  time_window_2.time_window_3
ORDER BY
  time_window_3"
493,P,272,"Identify the longest period of sustained summer heat (mean temp > 25°C) in Attica between 2005 and 2015, summarized by YEAR.",meteo_tmean,false,"NotImplementedError: HAVING queries are not supported yet, rewrite your SQL with nested SELECTs.","WITH time_window_1 AS (
  SELECT
    EXTRACT(YEAR FROM mt.time) AS time_window_3,
    DATE(mt.time) AS day
  FROM meteo_tmean AS mt
  WHERE
    (ROUND(CAST(mt.latitude AS DECIMAL), 1), ROUND(CAST(mt.longitude AS DECIMAL), 1)) IN (
      (38.0, 23.2),
      (38.0, 23.3),
      (38.1, 23.3),
      (38.2, 23.3),
      (38.0, 23.4),
      (38.1, 23.4),
      (38.2, 23.4),
      (38.1, 23.5),
      (38.0, 23.6),
      (38.1, 23.6),
      (38.0, 23.7),
      (38.1, 23.7),
      (38.2, 23.7),
      (38.3, 23.7),
      (37.9, 23.8),
      (38.0, 23.8),
      (38.1, 23.8),
      (38.2, 23.8),
      (38.3, 23.8),
      (37.8, 23.9),
      (37.9, 23.9),
      (38.0, 23.9),
      (38.1, 23.9),
      (38.2, 23.9)
    )
    AND EXTRACT(YEAR FROM mt.time) BETWEEN 2005 AND 2015
    AND EXTRACT(MONTH FROM mt.time) BETWEEN 5 AND 10
  GROUP BY
    EXTRACT(YEAR FROM mt.time),
    DATE(mt.time)
  HAVING
    AVG(mt.tmean) - 273.15 > 25
), streaks AS (
  SELECT
    time_window_1.time_window_3 AS time_window_3,
    time_window_1.day AS day,
    (
      time_window_1.day - (
        ROW_NUMBER() OVER (PARTITION BY time_window_1.time_window_3 ORDER BY time_window_1.day) * INTERVAL '1 DAY'
      )
    ) AS grp
  FROM time_window_1
), time_window_2 AS (
  SELECT
    streaks.time_window_3 AS time_window_3,
    COUNT(*) AS duration
  FROM streaks
  GROUP BY
    streaks.time_window_3,
    streaks.grp
)
SELECT
  time_window_2.time_window_3 AS time_window_3,
  MAX(time_window_2.duration) AS longest_streak
FROM time_window_2
GROUP BY
  time_window_2.time_window_3
ORDER BY
  time_window_3"
494,P,272,"Identify the longest period of sustained summer heat (mean temp > 25°C) in Canton of Bern between 2005 and 2015, summarized by YEAR.",meteo_tmean,false,"NotImplementedError: HAVING queries are not supported yet, rewrite your SQL with nested SELECTs.","WITH time_window_1 AS (
  SELECT
    EXTRACT(YEAR FROM mt.time) AS time_window_3,
    DATE(mt.time) AS day
  FROM meteo_tmean AS mt
  WHERE
    (ROUND(CAST(mt.latitude AS DECIMAL), 1), ROUND(CAST(mt.longitude AS DECIMAL), 1)) IN (
      (47.1, 6.9),
      (47.0, 7.1),
      (47.1, 7.1),
      (47.2, 7.1),
      (47.1, 7.2),
      (47.2, 7.2),
      (46.4, 7.3),
      (46.5, 7.3),
      (46.9, 7.3),
      (47.0, 7.3),
      (47.1, 7.3),
      (47.2, 7.3),
      (46.4, 7.4),
      (46.5, 7.4),
      (46.6, 7.4),
      (46.7, 7.4),
      (46.8, 7.4),
      (46.9, 7.4),
      (47.0, 7.4),
      (47.3, 7.4),
      (46.4, 7.5),
      (46.5, 7.5),
      (46.6, 7.5),
      (46.7, 7.5),
      (46.8, 7.5),
      (46.9, 7.5),
      (47.0, 7.5),
      (47.1, 7.5),
      (47.3, 7.5),
      (46.5, 7.6),
      (46.6, 7.6),
      (46.7, 7.6),
      (46.8, 7.6),
      (46.9, 7.6),
      (47.0, 7.6),
      (47.1, 7.6),
      (46.5, 7.7),
      (46.6, 7.7),
      (46.7, 7.7),
      (46.8, 7.7),
      (46.9, 7.7),
      (47.0, 7.7),
      (47.1, 7.7),
      (47.2, 7.7),
      (46.5, 7.8),
      (46.6, 7.8),
      (46.7, 7.8),
      (46.8, 7.8),
      (46.9, 7.8),
      (47.0, 7.8),
      (47.1, 7.8),
      (47.2, 7.8),
      (46.5, 7.9),
      (46.6, 7.9),
      (46.7, 7.9),
      (46.8, 7.9),
      (47.0, 7.9),
      (46.6, 8.0),
      (46.7, 8.0),
      (46.6, 8.1),
      (46.7, 8.1),
      (46.6, 8.2),
      (46.7, 8.2),
      (46.6, 8.3),
      (46.7, 8.3)
    )
    AND EXTRACT(YEAR FROM mt.time) BETWEEN 2005 AND 2015
    AND EXTRACT(MONTH FROM mt.time) BETWEEN 5 AND 10
  GROUP BY
    EXTRACT(YEAR FROM mt.time),
    DATE(mt.time)
  HAVING
    AVG(mt.tmean) - 273.15 > 25
), streaks AS (
  SELECT
    time_window_1.time_window_3 AS time_window_3,
    time_window_1.day AS day,
    (
      time_window_1.day - (
        ROW_NUMBER() OVER (PARTITION BY time_window_1.time_window_3 ORDER BY time_window_1.day) * INTERVAL '1 DAY'
      )
    ) AS grp
  FROM time_window_1
), time_window_2 AS (
  SELECT
    streaks.time_window_3 AS time_window_3,
    COUNT(*) AS duration
  FROM streaks
  GROUP BY
    streaks.time_window_3,
    streaks.grp
)
SELECT
  time_window_2.time_window_3 AS time_window_3,
  MAX(time_window_2.duration) AS longest_streak
FROM time_window_2
GROUP BY
  time_window_2.time_window_3
ORDER BY
  time_window_3"
495,P,272,"Identify the longest period of sustained summer heat (mean temp > 25°C) in Peloponnese between 2005 and 2015, summarized by YEAR.",meteo_tmean,false,"NotImplementedError: HAVING queries are not supported yet, rewrite your SQL with nested SELECTs.","WITH time_window_1 AS (
  SELECT
    EXTRACT(YEAR FROM mt.time) AS time_window_3,
    DATE(mt.time) AS day
  FROM meteo_tmean AS mt
  WHERE
    (ROUND(CAST(mt.latitude AS DECIMAL), 1), ROUND(CAST(mt.longitude AS DECIMAL), 1)) IN (
      (37.9, 21.2),
      (37.8, 21.3),
      (37.9, 21.3),
      (38.0, 21.3),
      (37.7, 21.4),
      (37.8, 21.4),
      (37.9, 21.4),
      (38.0, 21.4),
      (38.1, 21.4),
      (37.6, 21.5),
      (37.7, 21.5),
      (37.8, 21.5),
      (37.9, 21.5),
      (38.0, 21.5),
      (38.1, 21.5),
      (37.1, 21.6),
      (37.2, 21.6),
      (37.6, 21.6),
      (37.7, 21.6),
      (37.8, 21.6),
      (37.9, 21.6),
      (38.0, 21.6),
      (38.1, 21.6),
      (36.9, 21.7),
      (37.0, 21.7),
      (37.1, 21.7),
      (37.2, 21.7),
      (37.3, 21.7),
      (37.4, 21.7),
      (37.5, 21.7),
      (37.6, 21.7),
      (37.7, 21.7),
      (37.8, 21.7),
      (37.9, 21.7),
      (38.0, 21.7),
      (38.1, 21.7),
      (38.2, 21.7),
      (36.9, 21.8),
      (37.0, 21.8),
      (37.1, 21.8),
      (37.2, 21.8),
      (37.3, 21.8),
      (37.4, 21.8),
      (37.5, 21.8),
      (37.6, 21.8),
      (37.7, 21.8),
      (37.8, 21.8),
      (37.9, 21.8),
      (38.0, 21.8),
      (38.1, 21.8),
      (38.2, 21.8),
      (38.3, 21.8),
      (36.8, 21.9),
      (36.9, 21.9),
      (37.0, 21.9),
      (37.1, 21.9),
      (37.2, 21.9),
      (37.3, 21.9),
      (37.4, 21.9),
      (37.5, 21.9),
      (37.6, 21.9),
      (37.7, 21.9),
      (37.8, 21.9),
      (37.9, 21.9),
      (38.0, 21.9),
      (38.1, 21.9),
      (38.2, 21.9),
      (38.3, 21.9),
      (37.1, 22.0),
      (37.2, 22.0),
      (37.3, 22.0),
      (37.4, 22.0),
      (37.5, 22.0),
      (37.6, 22.0),
      (37.7, 22.0),
      (37.8, 22.0),
      (37.9, 22.0),
      (38.0, 22.0),
      (38.1, 22.0),
      (38.2, 22.0),
      (38.3, 22.0),
      (37.1, 22.1),
      (37.2, 22.1),
      (37.3, 22.1),
      (37.4, 22.1),
      (37.5, 22.1),
      (37.6, 22.1),
      (37.7, 22.1),
      (37.8, 22.1),
      (37.9, 22.1),
      (38.0, 22.1),
      (38.1, 22.1),
      (38.2, 22.1),
      (37.0, 22.2),
      (37.1, 22.2),
      (37.2, 22.2),
      (37.3, 22.2),
      (37.4, 22.2),
      (37.5, 22.2),
      (37.6, 22.2),
      (37.7, 22.2),
      (37.8, 22.2),
      (37.9, 22.2),
      (38.0, 22.2),
      (38.1, 22.2),
      (36.8, 22.3),
      (36.9, 22.3),
      (37.0, 22.3),
      (37.1, 22.3),
      (37.2, 22.3),
      (37.3, 22.3),
      (37.4, 22.3),
      (37.5, 22.3),
      (37.6, 22.3),
      (37.7, 22.3),
      (37.8, 22.3),
      (37.9, 22.3),
      (38.0, 22.3),
      (38.1, 22.3),
      (36.5, 22.4),
      (36.6, 22.4),
      (36.7, 22.4),
      (36.8, 22.4),
      (36.9, 22.4),
      (37.0, 22.4),
      (37.1, 22.4),
      (37.2, 22.4),
      (37.3, 22.4),
      (37.4, 22.4),
      (37.5, 22.4),
      (37.6, 22.4),
      (37.7, 22.4),
      (37.8, 22.4),
      (37.9, 22.4),
      (38.0, 22.4),
      (38.1, 22.4),
      (36.7, 22.5),
      (36.8, 22.5),
      (36.9, 22.5),
      (37.0, 22.5),
      (37.1, 22.5),
      (37.2, 22.5),
      (37.3, 22.5),
      (37.4, 22.5),
      (37.5, 22.5),
      (37.6, 22.5),
      (37.7, 22.5),
      (37.8, 22.5),
      (37.9, 22.5),
      (38.0, 22.5),
      (38.1, 22.5),
      (36.8, 22.6),
      (36.9, 22.6),
      (37.0, 22.6),
      (37.1, 22.6),
      (37.2, 22.6),
      (37.3, 22.6),
      (37.4, 22.6),
      (37.5, 22.6),
      (37.6, 22.6),
      (37.7, 22.6),
      (37.8, 22.6),
      (37.9, 22.6),
      (38.0, 22.6),
      (36.9, 22.7),
      (37.0, 22.7),
      (37.1, 22.7),
      (37.2, 22.7),
      (37.3, 22.7),
      (37.4, 22.7),
      (37.5, 22.7),
      (37.6, 22.7),
      (37.7, 22.7),
      (37.8, 22.7),
      (37.9, 22.7),
      (38.0, 22.7),
      (36.8, 22.8),
      (36.9, 22.8),
      (37.0, 22.8),
      (37.1, 22.8),
      (37.2, 22.8),
      (37.3, 22.8),
      (37.6, 22.8),
      (37.7, 22.8),
      (37.8, 22.8),
      (37.9, 22.8),
      (36.7, 22.9),
      (36.8, 22.9),
      (36.9, 22.9),
      (37.0, 22.9),
      (37.1, 22.9),
      (37.6, 22.9),
      (37.7, 22.9),
      (37.8, 22.9),
      (37.9, 22.9),
      (36.6, 23.0),
      (36.7, 23.0),
      (36.8, 23.0),
      (36.9, 23.0),
      (37.0, 23.0),
      (37.5, 23.0),
      (37.6, 23.0),
      (37.7, 23.0),
      (37.8, 23.0),
      (37.9, 23.0),
      (36.5, 23.1),
      (37.5, 23.1),
      (37.6, 23.1),
      (37.7, 23.1),
      (37.8, 23.1),
      (37.3, 23.2),
      (37.4, 23.2),
      (37.5, 23.2),
      (37.4, 23.3),
      (37.5, 23.3),
      (37.5, 23.4),
      (37.6, 23.4)
    )
    AND EXTRACT(YEAR FROM mt.time) BETWEEN 2005 AND 2015
    AND EXTRACT(MONTH FROM mt.time) BETWEEN 5 AND 10
  GROUP BY
    EXTRACT(YEAR FROM mt.time),
    DATE(mt.time)
  HAVING
    AVG(mt.tmean) - 273.15 > 25
), streaks AS (
  SELECT
    time_window_1.time_window_3 AS time_window_3,
    time_window_1.day AS day,
    (
      time_window_1.day - (
        ROW_NUMBER() OVER (PARTITION BY time_window_1.time_window_3 ORDER BY time_window_1.day) * INTERVAL '1 DAY'
      )
    ) AS grp
  FROM time_window_1
), time_window_2 AS (
  SELECT
    streaks.time_window_3 AS time_window_3,
    COUNT(*) AS duration
  FROM streaks
  GROUP BY
    streaks.time_window_3,
    streaks.grp
)
SELECT
  time_window_2.time_window_3 AS time_window_3,
  MAX(time_window_2.duration) AS longest_streak
FROM time_window_2
GROUP BY
  time_window_2.time_window_3
ORDER BY
  time_window_3"
496,P,273,Count the longest run of wet days (any rainfall > 0.1 mm) in City of Zurich during the year 2018.,meteo_tp,false,"NotImplementedError: HAVING queries are not supported yet, rewrite your SQL with nested SELECTs.","WITH time_window_1 AS (
  SELECT
    DATE(mtp.time) AS day
  FROM meteo_tp AS mtp
  WHERE
    (
      ROUND(CAST(mtp.latitude AS DECIMAL), 1),
      ROUND(CAST(mtp.longitude AS DECIMAL), 1)
    ) IN ((47.4, 8.5))
    AND EXTRACT(YEAR FROM mtp.time) = 2018
  GROUP BY
    DATE(mtp.time)
  HAVING
    SUM(mtp.tp) > 0.0001
), streaks AS (
  SELECT
    time_window_1.day AS day,
    (
      time_window_1.day - (
        ROW_NUMBER() OVER (ORDER BY time_window_1.day) * INTERVAL '1 DAY'
      )
    ) AS grp
  FROM time_window_1
)
SELECT
  COUNT(*) AS duration
FROM streaks
GROUP BY
  streaks.grp
ORDER BY
  duration DESC
LIMIT 1"
497,P,273,Count the longest run of wet days (any rainfall > 0.1 mm) in Attica during the year 2018.,meteo_tp,false,"NotImplementedError: HAVING queries are not supported yet, rewrite your SQL with nested SELECTs.","WITH time_window_1 AS (
  SELECT
    DATE(mtp.time) AS day
  FROM meteo_tp AS mtp
  WHERE
    (
      ROUND(CAST(mtp.latitude AS DECIMAL), 1),
      ROUND(CAST(mtp.longitude AS DECIMAL), 1)
    ) IN (
      (38.0, 23.2),
      (38.0, 23.3),
      (38.1, 23.3),
      (38.2, 23.3),
      (38.0, 23.4),
      (38.1, 23.4),
      (38.2, 23.4),
      (38.1, 23.5),
      (38.0, 23.6),
      (38.1, 23.6),
      (38.0, 23.7),
      (38.1, 23.7),
      (38.2, 23.7),
      (38.3, 23.7),
      (37.9, 23.8),
      (38.0, 23.8),
      (38.1, 23.8),
      (38.2, 23.8),
      (38.3, 23.8),
      (37.8, 23.9),
      (37.9, 23.9),
      (38.0, 23.9),
      (38.1, 23.9),
      (38.2, 23.9)
    )
    AND EXTRACT(YEAR FROM mtp.time) = 2018
  GROUP BY
    DATE(mtp.time)
  HAVING
    SUM(mtp.tp) > 0.0001
), streaks AS (
  SELECT
    time_window_1.day AS day,
    (
      time_window_1.day - (
        ROW_NUMBER() OVER (ORDER BY time_window_1.day) * INTERVAL '1 DAY'
      )
    ) AS grp
  FROM time_window_1
)
SELECT
  COUNT(*) AS duration
FROM streaks
GROUP BY
  streaks.grp
ORDER BY
  duration DESC
LIMIT 1"
498,P,273,Count the longest run of wet days (any rainfall > 0.1 mm) in Canton of Bern during the year 2018.,meteo_tp,false,"NotImplementedError: HAVING queries are not supported yet, rewrite your SQL with nested SELECTs.","WITH time_window_1 AS (
  SELECT
    DATE(mtp.time) AS day
  FROM meteo_tp AS mtp
  WHERE
    (
      ROUND(CAST(mtp.latitude AS DECIMAL), 1),
      ROUND(CAST(mtp.longitude AS DECIMAL), 1)
    ) IN (
      (47.1, 6.9),
      (47.0, 7.1),
      (47.1, 7.1),
      (47.2, 7.1),
      (47.1, 7.2),
      (47.2, 7.2),
      (46.4, 7.3),
      (46.5, 7.3),
      (46.9, 7.3),
      (47.0, 7.3),
      (47.1, 7.3),
      (47.2, 7.3),
      (46.4, 7.4),
      (46.5, 7.4),
      (46.6, 7.4),
      (46.7, 7.4),
      (46.8, 7.4),
      (46.9, 7.4),
      (47.0, 7.4),
      (47.3, 7.4),
      (46.4, 7.5),
      (46.5, 7.5),
      (46.6, 7.5),
      (46.7, 7.5),
      (46.8, 7.5),
      (46.9, 7.5),
      (47.0, 7.5),
      (47.1, 7.5),
      (47.3, 7.5),
      (46.5, 7.6),
      (46.6, 7.6),
      (46.7, 7.6),
      (46.8, 7.6),
      (46.9, 7.6),
      (47.0, 7.6),
      (47.1, 7.6),
      (46.5, 7.7),
      (46.6, 7.7),
      (46.7, 7.7),
      (46.8, 7.7),
      (46.9, 7.7),
      (47.0, 7.7),
      (47.1, 7.7),
      (47.2, 7.7),
      (46.5, 7.8),
      (46.6, 7.8),
      (46.7, 7.8),
      (46.8, 7.8),
      (46.9, 7.8),
      (47.0, 7.8),
      (47.1, 7.8),
      (47.2, 7.8),
      (46.5, 7.9),
      (46.6, 7.9),
      (46.7, 7.9),
      (46.8, 7.9),
      (47.0, 7.9),
      (46.6, 8.0),
      (46.7, 8.0),
      (46.6, 8.1),
      (46.7, 8.1),
      (46.6, 8.2),
      (46.7, 8.2),
      (46.6, 8.3),
      (46.7, 8.3)
    )
    AND EXTRACT(YEAR FROM mtp.time) = 2018
  GROUP BY
    DATE(mtp.time)
  HAVING
    SUM(mtp.tp) > 0.0001
), streaks AS (
  SELECT
    time_window_1.day AS day,
    (
      time_window_1.day - (
        ROW_NUMBER() OVER (ORDER BY time_window_1.day) * INTERVAL '1 DAY'
      )
    ) AS grp
  FROM time_window_1
)
SELECT
  COUNT(*) AS duration
FROM streaks
GROUP BY
  streaks.grp
ORDER BY
  duration DESC
LIMIT 1"
499,P,273,Count the longest run of wet days (any rainfall > 0.1 mm) in Peloponnese during the year 2018.,meteo_tp,false,"NotImplementedError: HAVING queries are not supported yet, rewrite your SQL with nested SELECTs.","WITH time_window_1 AS (
  SELECT
    DATE(mtp.time) AS day
  FROM meteo_tp AS mtp
  WHERE
    (
      ROUND(CAST(mtp.latitude AS DECIMAL), 1),
      ROUND(CAST(mtp.longitude AS DECIMAL), 1)
    ) IN (
      (37.9, 21.2),
      (37.8, 21.3),
      (37.9, 21.3),
      (38.0, 21.3),
      (37.7, 21.4),
      (37.8, 21.4),
      (37.9, 21.4),
      (38.0, 21.4),
      (38.1, 21.4),
      (37.6, 21.5),
      (37.7, 21.5),
      (37.8, 21.5),
      (37.9, 21.5),
      (38.0, 21.5),
      (38.1, 21.5),
      (37.1, 21.6),
      (37.2, 21.6),
      (37.6, 21.6),
      (37.7, 21.6),
      (37.8, 21.6),
      (37.9, 21.6),
      (38.0, 21.6),
      (38.1, 21.6),
      (36.9, 21.7),
      (37.0, 21.7),
      (37.1, 21.7),
      (37.2, 21.7),
      (37.3, 21.7),
      (37.4, 21.7),
      (37.5, 21.7),
      (37.6, 21.7),
      (37.7, 21.7),
      (37.8, 21.7),
      (37.9, 21.7),
      (38.0, 21.7),
      (38.1, 21.7),
      (38.2, 21.7),
      (36.9, 21.8),
      (37.0, 21.8),
      (37.1, 21.8),
      (37.2, 21.8),
      (37.3, 21.8),
      (37.4, 21.8),
      (37.5, 21.8),
      (37.6, 21.8),
      (37.7, 21.8),
      (37.8, 21.8),
      (37.9, 21.8),
      (38.0, 21.8),
      (38.1, 21.8),
      (38.2, 21.8),
      (38.3, 21.8),
      (36.8, 21.9),
      (36.9, 21.9),
      (37.0, 21.9),
      (37.1, 21.9),
      (37.2, 21.9),
      (37.3, 21.9),
      (37.4, 21.9),
      (37.5, 21.9),
      (37.6, 21.9),
      (37.7, 21.9),
      (37.8, 21.9),
      (37.9, 21.9),
      (38.0, 21.9),
      (38.1, 21.9),
      (38.2, 21.9),
      (38.3, 21.9),
      (37.1, 22.0),
      (37.2, 22.0),
      (37.3, 22.0),
      (37.4, 22.0),
      (37.5, 22.0),
      (37.6, 22.0),
      (37.7, 22.0),
      (37.8, 22.0),
      (37.9, 22.0),
      (38.0, 22.0),
      (38.1, 22.0),
      (38.2, 22.0),
      (38.3, 22.0),
      (37.1, 22.1),
      (37.2, 22.1),
      (37.3, 22.1),
      (37.4, 22.1),
      (37.5, 22.1),
      (37.6, 22.1),
      (37.7, 22.1),
      (37.8, 22.1),
      (37.9, 22.1),
      (38.0, 22.1),
      (38.1, 22.1),
      (38.2, 22.1),
      (37.0, 22.2),
      (37.1, 22.2),
      (37.2, 22.2),
      (37.3, 22.2),
      (37.4, 22.2),
      (37.5, 22.2),
      (37.6, 22.2),
      (37.7, 22.2),
      (37.8, 22.2),
      (37.9, 22.2),
      (38.0, 22.2),
      (38.1, 22.2),
      (36.8, 22.3),
      (36.9, 22.3),
      (37.0, 22.3),
      (37.1, 22.3),
      (37.2, 22.3),
      (37.3, 22.3),
      (37.4, 22.3),
      (37.5, 22.3),
      (37.6, 22.3),
      (37.7, 22.3),
      (37.8, 22.3),
      (37.9, 22.3),
      (38.0, 22.3),
      (38.1, 22.3),
      (36.5, 22.4),
      (36.6, 22.4),
      (36.7, 22.4),
      (36.8, 22.4),
      (36.9, 22.4),
      (37.0, 22.4),
      (37.1, 22.4),
      (37.2, 22.4),
      (37.3, 22.4),
      (37.4, 22.4),
      (37.5, 22.4),
      (37.6, 22.4),
      (37.7, 22.4),
      (37.8, 22.4),
      (37.9, 22.4),
      (38.0, 22.4),
      (38.1, 22.4),
      (36.7, 22.5),
      (36.8, 22.5),
      (36.9, 22.5),
      (37.0, 22.5),
      (37.1, 22.5),
      (37.2, 22.5),
      (37.3, 22.5),
      (37.4, 22.5),
      (37.5, 22.5),
      (37.6, 22.5),
      (37.7, 22.5),
      (37.8, 22.5),
      (37.9, 22.5),
      (38.0, 22.5),
      (38.1, 22.5),
      (36.8, 22.6),
      (36.9, 22.6),
      (37.0, 22.6),
      (37.1, 22.6),
      (37.2, 22.6),
      (37.3, 22.6),
      (37.4, 22.6),
      (37.5, 22.6),
      (37.6, 22.6),
      (37.7, 22.6),
      (37.8, 22.6),
      (37.9, 22.6),
      (38.0, 22.6),
      (36.9, 22.7),
      (37.0, 22.7),
      (37.1, 22.7),
      (37.2, 22.7),
      (37.3, 22.7),
      (37.4, 22.7),
      (37.5, 22.7),
      (37.6, 22.7),
      (37.7, 22.7),
      (37.8, 22.7),
      (37.9, 22.7),
      (38.0, 22.7),
      (36.8, 22.8),
      (36.9, 22.8),
      (37.0, 22.8),
      (37.1, 22.8),
      (37.2, 22.8),
      (37.3, 22.8),
      (37.6, 22.8),
      (37.7, 22.8),
      (37.8, 22.8),
      (37.9, 22.8),
      (36.7, 22.9),
      (36.8, 22.9),
      (36.9, 22.9),
      (37.0, 22.9),
      (37.1, 22.9),
      (37.6, 22.9),
      (37.7, 22.9),
      (37.8, 22.9),
      (37.9, 22.9),
      (36.6, 23.0),
      (36.7, 23.0),
      (36.8, 23.0),
      (36.9, 23.0),
      (37.0, 23.0),
      (37.5, 23.0),
      (37.6, 23.0),
      (37.7, 23.0),
      (37.8, 23.0),
      (37.9, 23.0),
      (36.5, 23.1),
      (37.5, 23.1),
      (37.6, 23.1),
      (37.7, 23.1),
      (37.8, 23.1),
      (37.3, 23.2),
      (37.4, 23.2),
      (37.5, 23.2),
      (37.4, 23.3),
      (37.5, 23.3),
      (37.5, 23.4),
      (37.6, 23.4)
    )
    AND EXTRACT(YEAR FROM mtp.time) = 2018
  GROUP BY
    DATE(mtp.time)
  HAVING
    SUM(mtp.tp) > 0.0001
), streaks AS (
  SELECT
    time_window_1.day AS day,
    (
      time_window_1.day - (
        ROW_NUMBER() OVER (ORDER BY time_window_1.day) * INTERVAL '1 DAY'
      )
    ) AS grp
  FROM time_window_1
)
SELECT
  COUNT(*) AS duration
FROM streaks
GROUP BY
  streaks.grp
ORDER BY
  duration DESC
LIMIT 1"
500,R,276,"What fraction of the City of Zurich experienced freezing conditions (min temp < 0°C) on Christmas Day, 2018?",meteo_tmin,true,,
501,R,276,"What fraction of the Attica experienced freezing conditions (min temp < 0°C) on Christmas Day, 2018?",meteo_tmin,true,,
502,R,276,"What fraction of the Canton of Bern experienced freezing conditions (min temp < 0°C) on Christmas Day, 2018?",meteo_tmin,true,,
503,R,276,"What fraction of the Peloponnese experienced freezing conditions (min temp < 0°C) on Christmas Day, 2018?",meteo_tmin,true,,
504,R,277,What fraction of the City of Zurich experienced freezing conditions (min temp < 0°C) during the first week of January 2013?,meteo_tmin,true,,
505,R,277,What fraction of the Attica experienced freezing conditions (min temp < 0°C) during the first week of January 2013?,meteo_tmin,true,,
506,R,277,What fraction of the Canton of Bern experienced freezing conditions (min temp < 0°C) during the first week of January 2013?,meteo_tmin,true,,
507,R,277,What fraction of the Peloponnese experienced freezing conditions (min temp < 0°C) during the first week of January 2013?,meteo_tmin,true,,
508,R,279,What fraction of the City of Zurich experienced freezing conditions (min temp < 0°C) in the year 2015?,meteo_tmin,true,,
509,R,279,What fraction of the Attica experienced freezing conditions (min temp < 0°C) in the year 2015?,meteo_tmin,true,,
510,R,279,What fraction of the Canton of Bern experienced freezing conditions (min temp < 0°C) in the year 2015?,meteo_tmin,true,,
511,R,279,What fraction of the Peloponnese experienced freezing conditions (min temp < 0°C) in the year 2015?,meteo_tmin,true,,
512,R,280,What fraction of the City of Zurich experienced freezing conditions (min temp < 0°C) between 2010 and 2015?,meteo_tmin,true,,
513,R,280,What fraction of the Attica experienced freezing conditions (min temp < 0°C) between 2010 and 2015?,meteo_tmin,true,,
514,R,280,What fraction of the Canton of Bern experienced freezing conditions (min temp < 0°C) between 2010 and 2015?,meteo_tmin,true,,
515,R,280,What fraction of the Peloponnese experienced freezing conditions (min temp < 0°C) between 2010 and 2015?,meteo_tmin,true,,
516,R,282,What percentage of City of Zurich received high solar radiation (20 MJ/m²) between 2015 and 2018?,meteo_ssrd,true,,
517,R,282,What percentage of Attica received high solar radiation (20 MJ/m²) between 2015 and 2018?,meteo_ssrd,true,,
518,R,282,What percentage of Canton of Bern received high solar radiation (20 MJ/m²) between 2015 and 2018?,meteo_ssrd,true,,
519,R,282,What percentage of Peloponnese received high solar radiation (20 MJ/m²) between 2015 and 2018?,meteo_ssrd,true,,
520,O,285,Explore the 70th percentile of precipitation intensity of City of Zurich in July from 2015 to 2020,meteo_tp,false,"NotImplementedError: Aggregates ProvSQL cannot explain: PERCENTILE_CONT. Add a column with COUNT, SUM, MIN, MAX, AVG, ARRAY_AGG, BOOL_AND or BOOL_OR to explain the rows aggregated.","SELECT
  PERCENTILE_CONT(0.7) WITHIN GROUP (ORDER BY
    mtp.tp) AS seventieth_percentile
FROM meteo_tp AS mtp
WHERE
  EXTRACT(YEAR FROM mtp.time) BETWEEN 2015 AND 2020
  AND EXTRACT(MONTH FROM mtp.time) = 7
  AND (
    ROUND(CAST(mtp.latitude AS DECIMAL), 1),
    ROUND(CAST(mtp.longitude AS DECIMAL), 1)
  ) IN ((47.4, 8.5))
  AND mtp.tp > 0"
521,O,285,Explore the 70th percentile of precipitation intensity of Attica in July from 2015 to 2020,meteo_tp,false,"NotImplementedError: Aggregates ProvSQL cannot explain: PERCENTILE_CONT. Add a column with COUNT, SUM, MIN, MAX, AVG, ARRAY_AGG, BOOL_AND or BOOL_OR to explain the rows aggregated.","SELECT
  PERCENTILE_CONT(0.7) WITHIN GROUP (ORDER BY
    mtp.tp) AS seventieth_percentile
FROM meteo_tp AS mtp
WHERE
  EXTRACT(YEAR FROM mtp.time) BETWEEN 2015 AND 2020
  AND EXTRACT(MONTH FROM mtp.time) = 7
  AND (
    ROUND(CAST(mtp.latitude AS DECIMAL), 1),
    ROUND(CAST(mtp.longitude AS DECIMAL), 1)
  ) IN (
    (38.0, 23.2),
    (38.0, 23.3),
    (38.1, 23.3),
    (38.2, 23.3),
    (38.0, 23.4),
    (38.1, 23.4),
    (38.2, 23.4),
    (38.1, 23.5),
    (38.0, 23.6),
    (38.1, 23.6),
    (38.0, 23.7),
    (38.1, 23.7),
    (38.2, 23.7),
    (38.3, 23.7),
    (37.9, 23.8),
    (38.0, 23.8),
    (38.1, 23.8),
    (38.2, 23.8),
    (38.3, 23.8),
    (37.8, 23.9),
    (37.9, 23.9),
    (38.0, 23.9),
    (38.1, 23.9),
    (38.2, 23.9)
  )
  AND mtp.tp > 0"
522,O,285,Explore the 70th percentile of precipitation intensity of Canton of Bern in July from 2015 to 2020,meteo_tp,false,"NotImplementedError: Aggregates ProvSQL cannot explain: PERCENTILE_CONT. Add a column with COUNT, SUM, MIN, MAX, AVG, ARRAY_AGG, BOOL_AND or BOOL_OR to explain the rows aggregated.","SELECT
  PERCENTILE_CONT(0.7) WITHIN GROUP (ORDER BY
    mtp.tp) AS seventieth_percentile
FROM meteo_tp AS mtp
WHERE
  EXTRACT(YEAR FROM mtp.time) BETWEEN 2015 AND 2020
  AND EXTRACT(MONTH FROM mtp.time) = 7
  AND (
    ROUND(CAST(mtp.latitude AS DECIMAL), 1),
    ROUND(CAST(mtp.longitude AS DECIMAL), 1)
  ) IN (
    (47.1, 6.9),
    (47.0, 7.1),
    (47.1, 7.1),
    (47.2, 7.1),
    (47.1, 7.2),
    (47.2, 7.2),
    (46.4, 7.3),
    (46.5, 7.3),
    (46.9, 7.3),
    (47.0, 7.3),
    (47.1, 7.3),
    (47.2, 7.3),
    (46.4, 7.4),
    (46.5, 7.4),
    (46.6, 7.4),
    (46.7, 7.4),
    (46.8, 7.4),
    (46.9, 7.4),
    (47.0, 7.4),
    (47.3, 7.4),
    (46.4, 7.5),
    (46.5, 7.5),
    (46.6, 7.5),
    (46.7, 7.5),
    (46.8, 7.5),
    (46.9, 7.5),
    (47.0, 7.5),
    (47.1, 7.5),
    (47.3, 7.5),
    (46.5, 7.6),
    (46.6, 7.6),
    (46.7, 7.6),
    (46.8, 7.6),
    (46.9, 7.6),
    (47.0, 7.6),
    (47.1, 7.6),
    (46.5, 7.7),
    (46.6, 7.7),
    (46.7, 7.7),
    (46.8, 7.7),
    (46.9, 7.7),
    (47.0, 7.7),
    (47.1, 7.7),
    (47.2, 7.7),
    (46.5, 7.8),
    (46.6, 7.8),
    (46.7, 7.8),
    (46.8, 7.8),
    (46.9, 7.8),
    (47.0, 7.8),
    (47.1, 7.8),
    (47.2, 7.8),
    (46.5, 7.9),
    (46.6, 7.9),
    (46.7, 7.9),
    (46.8, 7.9),
    (47.0, 7.9),
    (46.6, 8.0),
    (46.7, 8.0),
    (46.6, 8.1),
    (46.7, 8.1),
    (46.6, 8.2),
    (46.7, 8.2),
    (46.6, 8.3),
    (46.7, 8.3)
  )
  AND mtp.tp > 0"
523,O,285,Explore the 70th percentile of precipitation intensity of Peloponnese in July from 2015 to 2020,meteo_tp,false,"NotImplementedError: Aggregates ProvSQL cannot explain: PERCENTILE_CONT. Add a column with COUNT, SUM, MIN, MAX, AVG, ARRAY_AGG, BOOL_AND or BOOL_OR to explain the rows aggregated.","SELECT
  PERCENTILE_CONT(0.7) WITHIN GROUP (ORDER BY
    mtp.tp) AS seventieth_percentile
FROM meteo_tp AS mtp
WHERE
  EXTRACT(YEAR FROM mtp.time) BETWEEN 2015 AND 2020
  AND EXTRACT(MONTH FROM mtp.time) = 7
  AND (
    ROUND(CAST(mtp.latitude AS DECIMAL), 1),
    ROUND(CAST(mtp.longitude AS DECIMAL), 1)
  ) IN (
    (37.9, 21.2),
    (37.8, 21.3),
    (37.9, 21.3),
    (38.0, 21.3),
    (37.7, 21.4),
    (37.8, 21.4),
    (37.9, 21.4),
    (38.0, 21.4),
    (38.1, 21.4),
    (37.6, 21.5),
    (37.7, 21.5),
    (37.8, 21.5),
    (37.9, 21.5),
    (38.0, 21.5),
    (38.1, 21.5),
    (37.1, 21.6),
    (37.2, 21.6),
    (37.6, 21.6),
    (37.7, 21.6),
    (37.8, 21.6),
    (37.9, 21.6),
    (38.0, 21.6),
    (38.1, 21.6),
    (36.9, 21.7),
    (37.0, 21.7),
    (37.1, 21.7),
    (37.2, 21.7),
    (37.3, 21.7),
    (37.4, 21.7),
    (37.5, 21.7),
    (37.6, 21.7),
    (37.7, 21.7),
    (37.8, 21.7),
    (37.9, 21.7),
    (38.0, 21.7),
    (38.1, 21.7),
    (38.2, 21.7),
    (36.9, 21.8),
    (37.0, 21.8),
    (37.1, 21.8),
    (37.2, 21.8),
    (37.3, 21.8),
    (37.4, 21.8),
    (37.5, 21.8),
    (37.6, 21.8),
    (37.7, 21.8),
    (37.8, 21.8),
    (37.9, 21.8),
    (38.0, 21.8),
    (38.1, 21.8),
    (38.2, 21.8),
    (38.3, 21.8),
    (36.8, 21.9),
    (36.9, 21.9),
    (37.0, 21.9),
    (37.1, 21.9),
    (37.2, 21.9),
    (37.3, 21.9),
    (37.4, 21.9),
    (37.5, 21.9),
    (37.6, 21.9),
    (37.7, 21.9),
    (37.8, 21.9),
    (37.9, 21.9),
    (38.0, 21.9),
    (38.1, 21.9),
    (38.2, 21.9),
    (38.3, 21.9),
    (37.1, 22.0),
    (37.2, 22.0),
    (37.3, 22.0),
    (37.4, 22.0),
    (37.5, 22.0),
    (37.6, 22.0),
    (37.7, 22.0),
    (37.8, 22.0),
    (37.9, 22.0),
    (38.0, 22.0),
    (38.1, 22.0),
    (38.2, 22.0),
    (38.3, 22.0),
    (37.1, 22.1),
    (37.2, 22.1),
    (37.3, 22.1),
    (37.4, 22.1),
    (37.5, 22.1),
    (37.6, 22.1),
    (37.7, 22.1),
    (37.8, 22.1),
    (37.9, 22.1),
    (38.0, 22.1),
    (38.1, 22.1),
    (38.2, 22.1),
    (37.0, 22.2),
    (37.1, 22.2),
    (37.2, 22.2),
    (37.3, 22.2),
    (37.4, 22.2),
    (37.5, 22.2),
    (37.6, 22.2),
    (37.7, 22.2),
    (37.8, 22.2),
    (37.9, 22.2),
    (38.0, 22.2),
    (38.1, 22.2),
    (36.8, 22.3),
    (36.9, 22.3),
    (37.0, 22.3),
    (37.1, 22.3),
    (37.2, 22.3),
    (37.3, 22.3),
    (37.4, 22.3),
    (37.5, 22.3),
    (37.6, 22.3),
    (37.7, 22.3),
    (37.8, 22.3),
    (37.9, 22.3),
    (38.0, 22.3),
    (38.1, 22.3),
    (36.5, 22.4),
    (36.6, 22.4),
    (36.7, 22.4),
    (36.8, 22.4),
    (36.9, 22.4),
    (37.0, 22.4),
    (37.1, 22.4),
    (37.2, 22.4),
    (37.3, 22.4),
    (37.4, 22.4),
    (37.5, 22.4),
    (37.6, 22.4),
    (37.7, 22.4),
    (37.8, 22.4),
    (37.9, 22.4),
    (38.0, 22.4),
    (38.1, 22.4),
    (36.7, 22.5),
    (36.8, 22.5),
    (36.9, 22.5),
    (37.0, 22.5),
    (37.1, 22.5),
    (37.2, 22.5),
    (37.3, 22.5),
    (37.4, 22.5),
    (37.5, 22.5),
    (37.6, 22.5),
    (37.7, 22.5),
    (37.8, 22.5),
    (37.9, 22.5),
    (38.0, 22.5),
    (38.1, 22.5),
    (36.8, 22.6),
    (36.9, 22.6),
    (37.0, 22.6),
    (37.1, 22.6),
    (37.2, 22.6),
    (37.3, 22.6),
    (37.4, 22.6),
    (37.5, 22.6),
    (37.6, 22.6),
    (37.7, 22.6),
    (37.8, 22.6),
    (37.9, 22.6),
    (38.0, 22.6),
    (36.9, 22.7),
    (37.0, 22.7),
    (37.1, 22.7),
    (37.2, 22.7),
    (37.3, 22.7),
    (37.4, 22.7),
    (37.5, 22.7),
    (37.6, 22.7),
    (37.7, 22.7),
    (37.8, 22.7),
    (37.9, 22.7),
    (38.0, 22.7),
    (36.8, 22.8),
    (36.9, 22.8),
    (37.0, 22.8),
    (37.1, 22.8),
    (37.2, 22.8),
    (37.3, 22.8),
    (37.6, 22.8),
    (37.7, 22.8),
    (37.8, 22.8),
    (37.9, 22.8),
    (36.7, 22.9),
    (36.8, 22.9),
    (36.9, 22.9),
    (37.0, 22.9),
    (37.1, 22.9),
    (37.6, 22.9),
    (37.7, 22.9),
    (37.8, 22.9),
    (37.9, 22.9),
    (36.6, 23.0),
    (36.7, 23.0),
    (36.8, 23.0),
    (36.9, 23.0),
    (37.0, 23.0),
    (37.5, 23.0),
    (37.6, 23.0),
    (37.7, 23.0),
    (37.8, 23.0),
    (37.9, 23.0),
    (36.5, 23.1),
    (37.5, 23.1),
    (37.6, 23.1),
    (37.7, 23.1),
    (37.8, 23.1),
    (37.3, 23.2),
    (37.4, 23.2),
    (37.5, 23.2),
    (37.4, 23.3),
    (37.5, 23.3),
    (37.5, 23.4),
    (37.6, 23.4)
  )
  AND mtp.tp > 0"
524,O,291,Assess the 5th percentile of frost days for City of Zurich in November from 1995 to 2005,meteo_tmin,false,"NotImplementedError: Aggregates ProvSQL cannot explain: PERCENTILE_CONT. Add a column with COUNT, SUM, MIN, MAX, AVG, ARRAY_AGG, BOOL_AND or BOOL_OR to explain the rows aggregated.","WITH time_window_3 AS (
  SELECT
    COUNT(*) AS time_window_4,
    EXTRACT(YEAR FROM mtn.time) AS time_window_5,
    mtn.latitude AS latitude,
    mtn.longitude AS longitude
  FROM meteo_tmin AS mtn
  WHERE
    EXTRACT(YEAR FROM mtn.time) BETWEEN 1995 AND 2005
    AND EXTRACT(MONTH FROM mtn.time) = 11
    AND (
      ROUND(CAST(mtn.latitude AS DECIMAL), 1),
      ROUND(CAST(mtn.longitude AS DECIMAL), 1)
    ) IN ((47.4, 8.5))
    AND mtn.tmin - 273.15 < 0
  GROUP BY
    EXTRACT(YEAR FROM mtn.time),
    mtn.latitude,
    mtn.longitude
)
SELECT
  PERCENTILE_CONT(0.05) WITHIN GROUP (ORDER BY
    time_window_3.time_window_4) AS fifth_percentile
FROM time_window_3"
525,O,291,Assess the 5th percentile of frost days for Attica in November from 1995 to 2005,meteo_tmin,false,"NotImplementedError: Aggregates ProvSQL cannot explain: PERCENTILE_CONT. Add a column with COUNT, SUM, MIN, MAX, AVG, ARRAY_AGG, BOOL_AND or BOOL_OR to explain the rows aggregated.","WITH time_window_3 AS (
  SELECT
    COUNT(*) AS time_window_4,
    EXTRACT(YEAR FROM mtn.time) AS time_window_5,
    mtn.latitude AS latitude,
    mtn.longitude AS longitude
  FROM meteo_tmin AS mtn
  WHERE
    EXTRACT(YEAR FROM mtn.time) BETWEEN 1995 AND 2005
    AND EXTRACT(MONTH FROM mtn.time) = 11
    AND (
      ROUND(CAST(mtn.latitude AS DECIMAL), 1),
      ROUND(CAST(mtn.longitude AS DECIMAL), 1)
    ) IN (
      (38.0, 23.2),
      (38.0, 23.3),
      (38.1, 23.3),
      (38.2, 23.3),
      (38.0, 23.4),
      (38.1, 23.4),
      (38.2, 23.4),
      (38.1, 23.5),
      (38.0, 23.6),
      (38.1, 23.6),
      (38.0, 23.7),
      (38.1, 23.7),
      (38.2, 23.7),
      (38.3, 23.7),
      (37.9, 23.8),
      (38.0, 23.8),
      (38.1, 23.8),
      (38.2, 23.8),
      (38.3, 23.8),
      (37.8, 23.9),
      (37.9, 23.9),
      (38.0, 23.9),
      (38.1, 23.9),
      (38.2, 23.9)
    )
    AND mtn.tmin - 273.15 < 0
  GROUP BY
    EXTRACT(YEAR FROM mtn.time),
    mtn.latitude,
    mtn.longitude
)
SELECT
  PERCENTILE_CONT(0.05) WITHIN GROUP (ORDER BY
    time_window_3.time_window_4) AS fifth_percentile
FROM time_window_3"
526,O,291,Assess the 5th percentile of frost days for Canton of Bern in November from 1995 to 2005,meteo_tmin,false,"NotImplementedError: Aggregates ProvSQL cannot explain: PERCENTILE_CONT. Add a column with COUNT, SUM, MIN, MAX, AVG, ARRAY_AGG, BOOL_AND or BOOL_OR to explain the rows aggregated.","WITH time_window_3 AS (
  SELECT
    COUNT(*) AS time_window_4,
    EXTRACT(YEAR FROM mtn.time) AS time_window_5,
    mtn.latitude AS latitude,
    mtn.longitude AS longitude
  FROM meteo_tmin AS mtn
  WHERE
    EXTRACT(YEAR FROM mtn.time) BETWEEN 1995 AND 2005
    AND EXTRACT(MONTH FROM mtn.time) = 11
    AND (
      ROUND(CAST(mtn.latitude AS DECIMAL), 1),
      ROUND(CAST(mtn.longitude AS DECIMAL), 1)
    ) IN (
      (47.1, 6.9),
      (47.0, 7.1),
      (47.1, 7.1),
      (47.2, 7.1),
      (47.1, 7.2),
      (47.2, 7.2),
      (46.4, 7.3),
      (46.5, 7.3),
      (46.9, 7.3),
      (47.0, 7.3),
      (47.1, 7.3),
      (47.2, 7.3),
      (46.4, 7.4),
      (46.5, 7.4),
      (46.6, 7.4),
      (46.7, 7.4),
      (46.8, 7.4),
      (46.9, 7.4),
      (47.0, 7.4),
      (47.3, 7.4),
      (46.4, 7.5),
      (46.5, 7.5),
      (46.6, 7.5),
      (46.7, 7.5),
      (46.8, 7.5),
      (46.9, 7.5),
      (47.0, 7.5),
      (47.1, 7.5),
      (47.3, 7.5),
      (46.5, 7.6),
      (46.6, 7.6),
      (46.7, 7.6),
      (46.8, 7.6),
      (46.9, 7.6),
      (47.0, 7.6),
      (47.1, 7.6),
      (46.5, 7.7),
      (46.6, 7.7),
      (46.7, 7.7),
      (46.8, 7.7),
      (46.9, 7.7),
      (47.0, 7.7),
      (47.1, 7.7),
      (47.2, 7.7),
      (46.5, 7.8),
      (46.6, 7.8),
      (46.7, 7.8),
      (46.8, 7.8),
      (46.9, 7.8),
      (47.0, 7.8),
      (47.1, 7.8),
      (47.2, 7.8),
      (46.5, 7.9),
      (46.6, 7.9),
      (46.7, 7.9),
      (46.8, 7.9),
      (47.0, 7.9),
      (46.6, 8.0),
      (46.7, 8.0),
      (46.6, 8.1),
      (46.7, 8.1),
      (46.6, 8.2),
      (46.7, 8.2),
      (46.6, 8.3),
      (46.7, 8.3)
    )
    AND mtn.tmin - 273.15 < 0
  GROUP BY
    EXTRACT(YEAR FROM mtn.time),
    mtn.latitude,
    mtn.longitude
)
SELECT
  PERCENTILE_CONT(0.05) WITHIN GROUP (ORDER BY
    time_window_3.time_window_4) AS fifth_percentile
FROM time_window_3"
527,O,291,Assess the 5th percentile of frost days for Peloponnese in November from 1995 to 2005,meteo_tmin,false,"NotImplementedError: Aggregates ProvSQL cannot explain: PERCENTILE_CONT. Add a column with COUNT, SUM, MIN, MAX, AVG, ARRAY_AGG, BOOL_AND or BOOL_OR to explain the rows aggregated.","WITH time_window_3 AS (
  SELECT
    COUNT(*) AS time_window_4,
    EXTRACT(YEAR FROM mtn.time) AS time_window_5,
    mtn.latitude AS latitude,
    mtn.longitude AS longitude
  FROM meteo_tmin AS mtn
  WHERE
    EXTRACT(YEAR FROM mtn.time) BETWEEN 1995 AND 2005
    AND EXTRACT(MONTH FROM mtn.time) = 11
    AND (
      ROUND(CAST(mtn.latitude AS DECIMAL), 1),
      ROUND(CAST(mtn.longitude AS DECIMAL), 1)
    ) IN (
      (37.9, 21.2),
      (37.8, 21.3),
      (37.9, 21.3),
      (38.0, 21.3),
      (37.7, 21.4),
      (37.8, 21.4),
      (37.9, 21.4),
      (38.0, 21.4),
      (38.1, 21.4),
      (37.6, 21.5),
      (37.7, 21.5),
      (37.8, 21.5),
      (37.9, 21.5),
      (38.0, 21.5),
      (38.1, 21.5),
      (37.1, 21.6),
      (37.2, 21.6),
      (37.6, 21.6),
      (37.7, 21.6),
      (37.8, 21.6),
      (37.9, 21.6),
      (38.0, 21.6),
      (38.1, 21.6),
      (36.9, 21.7),
      (37.0, 21.7),
      (37.1, 21.7),
      (37.2, 21.7),
      (37.3, 21.7),
      (37.4, 21.7),
      (37.5, 21.7),
      (37.6, 21.7),
      (37.7, 21.7),
      (37.8, 21.7),
      (37.9, 21.7),
      (38.0, 21.7),
      (38.1, 21.7),
      (38.2, 21.7),
      (36.9, 21.8),
      (37.0, 21.8),
      (37.1, 21.8),
      (37.2, 21.8),
      (37.3, 21.8),
      (37.4, 21.8),
      (37.5, 21.8),
      (37.6, 21.8),
      (37.7, 21.8),
      (37.8, 21.8),
      (37.9, 21.8),
      (38.0, 21.8),
      (38.1, 21.8),
      (38.2, 21.8),
      (38.3, 21.8),
      (36.8, 21.9),
      (36.9, 21.9),
      (37.0, 21.9),
      (37.1, 21.9),
      (37.2, 21.9),
      (37.3, 21.9),
      (37.4, 21.9),
      (37.5, 21.9),
      (37.6, 21.9),
      (37.7, 21.9),
      (37.8, 21.9),
      (37.9, 21.9),
      (38.0, 21.9),
      (38.1, 21.9),
      (38.2, 21.9),
      (38.3, 21.9),
      (37.1, 22.0),
      (37.2, 22.0),
      (37.3, 22.0),
      (37.4, 22.0),
      (37.5, 22.0),
      (37.6, 22.0),
      (37.7, 22.0),
      (37.8, 22.0),
      (37.9, 22.0),
      (38.0, 22.0),
      (38.1, 22.0),
      (38.2, 22.0),
      (38.3, 22.0),
      (37.1, 22.1),
      (37.2, 22.1),
      (37.3, 22.1),
      (37.4, 22.1),
      (37.5, 22.1),
      (37.6, 22.1),
      (37.7, 22.1),
      (37.8, 22.1),
      (37.9, 22.1),
      (38.0, 22.1),
      (38.1, 22.1),
      (38.2, 22.1),
      (37.0, 22.2),
      (37.1, 22.2),
      (37.2, 22.2),
      (37.3, 22.2),
      (37.4, 22.2),
      (37.5, 22.2),
      (37.6, 22.2),
      (37.7, 22.2),
      (37.8, 22.2),
      (37.9, 22.2),
      (38.0, 22.2),
      (38.1, 22.2),
      (36.8, 22.3),
      (36.9, 22.3),
      (37.0, 22.3),
      (37.1, 22.3),
      (37.2, 22.3),
      (37.3, 22.3),
      (37.4, 22.3),
      (37.5, 22.3),
      (37.6, 22.3),
      (37.7, 22.3),
      (37.8, 22.3),
      (37.9, 22.3),
      (38.0, 22.3),
      (38.1, 22.3),
      (36.5, 22.4),
      (36.6, 22.4),
      (36.7, 22.4),
      (36.8, 22.4),
      (36.9, 22.4),
      (37.0, 22.4),
      (37.1, 22.4),
      (37.2, 22.4),
      (37.3, 22.4),
      (37.4, 22.4),
      (37.5, 22.4),
      (37.6, 22.4),
      (37.7, 22.4),
      (37.8, 22.4),
      (37.9, 22.4),
      (38.0, 22.4),
      (38.1, 22.4),
      (36.7, 22.5),
      (36.8, 22.5),
      (36.9, 22.5),
      (37.0, 22.5),
      (37.1, 22.5),
      (37.2, 22.5),
      (37.3, 22.5),
      (37.4, 22.5),
      (37.5, 22.5),
      (37.6, 22.5),
      (37.7, 22.5),
      (37.8, 22.5),
      (37.9, 22.5),
      (38.0, 22.5),
      (38.1, 22.5),
      (36.8, 22.6),
      (36.9, 22.6),
      (37.0, 22.6),
      (37.1, 22.6),
      (37.2, 22.6),
      (37.3, 22.6),
      (37.4, 22.6),
      (37.5, 22.6),
      (37.6, 22.6),
      (37.7, 22.6),
      (37.8, 22.6),
      (37.9, 22.6),
      (38.0, 22.6),
      (36.9, 22.7),
      (37.0, 22.7),
      (37.1, 22.7),
      (37.2, 22.7),
      (37.3, 22.7),
      (37.4, 22.7),
      (37.5, 22.7),
      (37.6, 22.7),
      (37.7, 22.7),
      (37.8, 22.7),
      (37.9, 22.7),
      (38.0, 22.7),
      (36.8, 22.8),
      (36.9, 22.8),
      (37.0, 22.8),
      (37.1, 22.8),
      (37.2, 22.8),
      (37.3, 22.8),
      (37.6, 22.8),
      (37.7, 22.8),
      (37.8, 22.8),
      (37.9, 22.8),
      (36.7, 22.9),
      (36.8, 22.9),
      (36.9, 22.9),
      (37.0, 22.9),
      (37.1, 22.9),
      (37.6, 22.9),
      (37.7, 22.9),
      (37.8, 22.9),
      (37.9, 22.9),
      (36.6, 23.0),
      (36.7, 23.0),
      (36.8, 23.0),
      (36.9, 23.0),
      (37.0, 23.0),
      (37.5, 23.0),
      (37.6, 23.0),
      (37.7, 23.0),
      (37.8, 23.0),
      (37.9, 23.0),
      (36.5, 23.1),
      (37.5, 23.1),
      (37.6, 23.1),
      (37.7, 23.1),
      (37.8, 23.1),
      (37.3, 23.2),
      (37.4, 23.2),
      (37.5, 23.2),
      (37.4, 23.3),
      (37.5, 23.3),
      (37.5, 23.4),
      (37.6, 23.4)
    )
    AND mtn.tmin - 273.15 < 0
  GROUP BY
    EXTRACT(YEAR FROM mtn.time),
    mtn.latitude,
    mtn.longitude
)
SELECT
  PERCENTILE_CONT(0.05) WITHIN GROUP (ORDER BY
    time_window_3.time_window_4) AS fifth_percentile
FROM time_window_3"
528,O,292,Assess the 5th percentile of annual frost days for City of Zurich from 2005 to 2015.,meteo_tmin,false,"NotImplementedError: Aggregates ProvSQL cannot explain: PERCENTILE_CONT. Add a column with COUNT, SUM, MIN, MAX, AVG, ARRAY_AGG, BOOL_AND or BOOL_OR to explain the rows aggregated.","WITH time_window_1 AS (
  SELECT
    COUNT(*) AS time_window_2,
    EXTRACT(YEAR FROM mtn.time) AS time_window_3,
    mtn.latitude AS latitude,
    mtn.longitude AS longitude
  FROM meteo_tmin AS mtn
  WHERE
    EXTRACT(YEAR FROM mtn.time) BETWEEN 2005 AND 2015
    AND (
      ROUND(CAST(mtn.latitude AS DECIMAL), 1),
      ROUND(CAST(mtn.longitude AS DECIMAL), 1)
    ) IN ((47.4, 8.5))
    AND mtn.tmin - 273.15 < 0
  GROUP BY
    EXTRACT(YEAR FROM mtn.time),
    mtn.latitude,
    mtn.longitude
)
SELECT
  PERCENTILE_CONT(0.05) WITHIN GROUP (ORDER BY
    time_window_1.time_window_2) AS fifth_percentile
FROM time_window_1"
529,O,292,Assess the 5th percentile of annual frost days for Attica from 2005 to 2015.,meteo_tmin,false,"NotImplementedError: Aggregates ProvSQL cannot explain: PERCENTILE_CONT. Add a column with COUNT, SUM, MIN, MAX, AVG, ARRAY_AGG, BOOL_AND or BOOL_OR to explain the rows aggregated.","WITH time_window_1 AS (
  SELECT
    COUNT(*) AS time_window_2,
    EXTRACT(YEAR FROM mtn.time) AS time_window_3,
    mtn.latitude AS latitude,
    mtn.longitude AS longitude
  FROM meteo_tmin AS mtn
  WHERE
    EXTRACT(YEAR FROM mtn.time) BETWEEN 2005 AND 2015
    AND (
      ROUND(CAST(mtn.latitude AS DECIMAL), 1),
      ROUND(CAST(mtn.longitude AS DECIMAL), 1)
    ) IN (
      (38.0, 23.2),
      (38.0, 23.3),
      (38.1, 23.3),
      (38.2, 23.3),
      (38.0, 23.4),
      (38.1, 23.4),
      (38.2, 23.4),
      (38.1, 23.5),
      (38.0, 23.6),
      (38.1, 23.6),
      (38.0, 23.7),
      (38.1, 23.7),
      (38.2, 23.7),
      (38.3, 23.7),
      (37.9, 23.8),
      (38.0, 23.8),
      (38.1, 23.8),
      (38.2, 23.8),
      (38.3, 23.8),
      (37.8, 23.9),
      (37.9, 23.9),
      (38.0, 23.9),
      (38.1, 23.9),
      (38.2, 23.9)
    )
    AND mtn.tmin - 273.15 < 0
  GROUP BY
    EXTRACT(YEAR FROM mtn.time),
    mtn.latitude,
    mtn.longitude
)
SELECT
  PERCENTILE_CONT(0.05) WITHIN GROUP (ORDER BY
    time_window_1.time_window_2) AS fifth_percentile
FROM time_window_1"
530,O,292,Assess the 5th percentile of annual frost days for Canton of Bern from 2005 to 2015.,meteo_tmin,false,"NotImplementedError: Aggregates ProvSQL cannot explain: PERCENTILE_CONT. Add a column with COUNT, SUM, MIN, MAX, AVG, ARRAY_AGG, BOOL_AND or BOOL_OR to explain the rows aggregated.","WITH time_window_1 AS (
  SELECT
    COUNT(*) AS time_window_2,
    EXTRACT(YEAR FROM mtn.time) AS time_window_3,
    mtn.latitude AS latitude,
    mtn.longitude AS longitude
  FROM meteo_tmin AS mtn
  WHERE
    EXTRACT(YEAR FROM mtn.time) BETWEEN 2005 AND 2015
    AND (
      ROUND(CAST(mtn.latitude AS DECIMAL), 1),
      ROUND(CAST(mtn.longitude AS DECIMAL), 1)
    ) IN (
      (47.1, 6.9),
      (47.0, 7.1),
      (47.1, 7.1),
      (47.2, 7.1),
      (47.1, 7.2),
      (47.2, 7.2),
      (46.4, 7.3),
      (46.5, 7.3),
      (46.9, 7.3),
      (47.0, 7.3),
      (47.1, 7.3),
      (47.2, 7.3),
      (46.4, 7.4),
      (46.5, 7.4),
      (46.6, 7.4),
      (46.7, 7.4),
      (46.8, 7.4),
      (46.9, 7.4),
      (47.0, 7.4),
      (47.3, 7.4),
      (46.4, 7.5),
      (46.5, 7.5),
      (46.6, 7.5),
      (46.7, 7.5),
      (46.8, 7.5),
      (46.9, 7.5),
      (47.0, 7.5),
      (47.1, 7.5),
      (47.3, 7.5),
      (46.5, 7.6),
      (46.6, 7.6),
      (46.7, 7.6),
      (46.8, 7.6),
      (46.9, 7.6),
      (47.0, 7.6),
      (47.1, 7.6),
      (46.5, 7.7),
      (46.6, 7.7),
      (46.7, 7.7),
      (46.8, 7.7),
      (46.9, 7.7),
      (47.0, 7.7),
      (47.1, 7.7),
      (47.2, 7.7),
      (46.5, 7.8),
      (46.6, 7.8),
      (46.7, 7.8),
      (46.8, 7.8),
      (46.9, 7.8),
      (47.0, 7.8),
      (47.1, 7.8),
      (47.2, 7.8),
      (46.5, 7.9),
      (46.6, 7.9),
      (46.7, 7.9),
      (46.8, 7.9),
      (47.0, 7.9),
      (46.6, 8.0),
      (46.7, 8.0),
      (46.6, 8.1),
      (46.7, 8.1),
      (46.6, 8.2),
      (46.7, 8.2),
      (46.6, 8.3),
      (46.7, 8.3)
    )
    AND mtn.tmin - 273.15 < 0
  GROUP BY
    EXTRACT(YEAR FROM mtn.time),
    mtn.latitude,
    mtn.longitude
)
SELECT
  PERCENTILE_CONT(0.05) WITHIN GROUP (ORDER BY
    time_window_1.time_window_2) AS fifth_percentile
FROM time_window_1"
531,O,292,Assess the 5th percentile of annual frost days for Peloponnese from 2005 to 2015.,meteo_tmin,false,"NotImplementedError: Aggregates ProvSQL cannot explain: PERCENTILE_CONT. Add a column with COUNT, SUM, MIN, MAX, AVG, ARRAY_AGG, BOOL_AND or BOOL_OR to explain the rows aggregated.","WITH time_window_1 AS (
  SELECT
    COUNT(*) AS time_window_2,
    EXTRACT(YEAR FROM mtn.time) AS time_window_3,
    mtn.latitude AS latitude,
    mtn.longitude AS longitude
  FROM meteo_tmin AS mtn
  WHERE
    EXTRACT(YEAR FROM mtn.time) BETWEEN 2005 AND 2015
    AND (
      ROUND(CAST(mtn.latitude AS DECIMAL), 1),
      ROUND(CAST(mtn.longitude AS DECIMAL), 1)
    ) IN (
      (37.9, 21.2),
      (37.8, 21.3),
      (37.9, 21.3),
      (38.0, 21.3),
      (37.7, 21.4),
      (37.8, 21.4),
      (37.9, 21.4),
      (38.0, 21.4),
      (38.1, 21.4),
      (37.6, 21.5),
      (37.7, 21.5),
      (37.8, 21.5),
      (37.9, 21.5),
      (38.0, 21.5),
      (38.1, 21.5),
      (37.1, 21.6),
      (37.2, 21.6),
      (37.6, 21.6),
      (37.7, 21.6),
      (37.8, 21.6),
      (37.9, 21.6),
      (38.0, 21.6),
      (38.1, 21.6),
      (36.9, 21.7),
      (37.0, 21.7),
      (37.1, 21.7),
      (37.2, 21.7),
      (37.3, 21.7),
      (37.4, 21.7),
      (37.5, 21.7),
      (37.6, 21.7),
      (37.7, 21.7),
      (37.8, 21.7),
      (37.9, 21.7),
      (38.0, 21.7),
      (38.1, 21.7),
      (38.2, 21.7),
      (36.9, 21.8),
      (37.0, 21.8),
      (37.1, 21.8),
      (37.2, 21.8),
      (37.3, 21.8),
      (37.4, 21.8),
      (37.5, 21.8),
      (37.6, 21.8),
      (37.7, 21.8),
      (37.8, 21.8),
      (37.9, 21.8),
      (38.0, 21.8),
      (38.1, 21.8),
      (38.2, 21.8),
      (38.3, 21.8),
      (36.8, 21.9),
      (36.9, 21.9),
      (37.0, 21.9),
      (37.1, 21.9),
      (37.2, 21.9),
      (37.3, 21.9),
      (37.4, 21.9),
      (37.5, 21.9),
      (37.6, 21.9),
      (37.7, 21.9),
      (37.8, 21.9),
      (37.9, 21.9),
      (38.0, 21.9),
      (38.1, 21.9),
      (38.2, 21.9),
      (38.3, 21.9),
      (37.1, 22.0),
      (37.2, 22.0),
      (37.3, 22.0),
      (37.4, 22.0),
      (37.5, 22.0),
      (37.6, 22.0),
      (37.7, 22.0),
      (37.8, 22.0),
      (37.9, 22.0),
      (38.0, 22.0),
      (38.1, 22.0),
      (38.2, 22.0),
      (38.3, 22.0),
      (37.1, 22.1),
      (37.2, 22.1),
      (37.3, 22.1),
      (37.4, 22.1),
      (37.5, 22.1),
      (37.6, 22.1),
      (37.7, 22.1),
      (37.8, 22.1),
      (37.9, 22.1),
      (38.0, 22.1),
      (38.1, 22.1),
      (38.2, 22.1),
      (37.0, 22.2),
      (37.1, 22.2),
      (37.2, 22.2),
      (37.3, 22.2),
      (37.4, 22.2),
      (37.5, 22.2),
      (37.6, 22.2),
      (37.7, 22.2),
      (37.8, 22.2),
      (37.9, 22.2),
      (38.0, 22.2),
      (38.1, 22.2),
      (36.8, 22.3),
      (36.9, 22.3),
      (37.0, 22.3),
      (37.1, 22.3),
      (37.2, 22.3),
      (37.3, 22.3),
      (37.4, 22.3),
      (37.5, 22.3),
      (37.6, 22.3),
      (37.7, 22.3),
      (37.8, 22.3),
      (37.9, 22.3),
      (38.0, 22.3),
      (38.1, 22.3),
      (36.5, 22.4),
      (36.6, 22.4),
      (36.7, 22.4),
      (36.8, 22.4),
      (36.9, 22.4),
      (37.0, 22.4),
      (37.1, 22.4),
      (37.2, 22.4),
      (37.3, 22.4),
      (37.4, 22.4),
      (37.5, 22.4),
      (37.6, 22.4),
      (37.7, 22.4),
      (37.8, 22.4),
      (37.9, 22.4),
      (38.0, 22.4),
      (38.1, 22.4),
      (36.7, 22.5),
      (36.8, 22.5),
      (36.9, 22.5),
      (37.0, 22.5),
      (37.1, 22.5),
      (37.2, 22.5),
      (37.3, 22.5),
      (37.4, 22.5),
      (37.5, 22.5),
      (37.6, 22.5),
      (37.7, 22.5),
      (37.8, 22.5),
      (37.9, 22.5),
      (38.0, 22.5),
      (38.1, 22.5),
      (36.8, 22.6),
      (36.9, 22.6),
      (37.0, 22.6),
      (37.1, 22.6),
      (37.2, 22.6),
      (37.3, 22.6),
      (37.4, 22.6),
      (37.5, 22.6),
      (37.6, 22.6),
      (37.7, 22.6),
      (37.8, 22.6),
      (37.9, 22.6),
      (38.0, 22.6),
      (36.9, 22.7),
      (37.0, 22.7),
      (37.1, 22.7),
      (37.2, 22.7),
      (37.3, 22.7),
      (37.4, 22.7),
      (37.5, 22.7),
      (37.6, 22.7),
      (37.7, 22.7),
      (37.8, 22.7),
      (37.9, 22.7),
      (38.0, 22.7),
      (36.8, 22.8),
      (36.9, 22.8),
      (37.0, 22.8),
      (37.1, 22.8),
      (37.2, 22.8),
      (37.3, 22.8),
      (37.6, 22.8),
      (37.7, 22.8),
      (37.8, 22.8),
      (37.9, 22.8),
      (36.7, 22.9),
      (36.8, 22.9),
      (36.9, 22.9),
      (37.0, 22.9),
      (37.1, 22.9),
      (37.6, 22.9),
      (37.7, 22.9),
      (37.8, 22.9),
      (37.9, 22.9),
      (36.6, 23.0),
      (36.7, 23.0),
      (36.8, 23.0),
      (36.9, 23.0),
      (37.0, 23.0),
      (37.5, 23.0),
      (37.6, 23.0),
      (37.7, 23.0),
      (37.8, 23.0),
      (37.9, 23.0),
      (36.5, 23.1),
      (37.5, 23.1),
      (37.6, 23.1),
      (37.7, 23.1),
      (37.8, 23.1),
      (37.3, 23.2),
      (37.4, 23.2),
      (37.5, 23.2),
      (37.4, 23.3),
      (37.5, 23.3),
      (37.5, 23.4),
      (37.6, 23.4)
    )
    AND mtn.tmin - 273.15 < 0
  GROUP BY
    EXTRACT(YEAR FROM mtn.time),
    mtn.latitude,
    mtn.longitude
)
SELECT
  PERCENTILE_CONT(0.05) WITHIN GROUP (ORDER BY
    time_window_1.time_window_2) AS fifth_percentile
FROM time_window_1"
532,Q,295,When was the last month with measurable precipitation (> 1 mm) in City of Zurich in 2019?,meteo_tp,true,,
533,Q,295,When was the last month with measurable precipitation (> 1 mm) in Attica in 2019?,meteo_tp,true,,
534,Q,295,When was the last month with measurable precipitation (> 1 mm) in Canton of Bern in 2019?,meteo_tp,true,,
535,Q,295,When was the last month with measurable precipitation (> 1 mm) in Peloponnese in 2019?,meteo_tp,true,,
536,Q,297,What was the last day with measurable precipitation >1 mm in City of Zurich between 2017 and 2018?,meteo_tp,true,,
537,Q,297,What was the last day with measurable precipitation >1 mm in Attica between 2017 and 2018?,meteo_tp,true,,
538,Q,297,What was the last day with measurable precipitation >1 mm in Canton of Bern between 2017 and 2018?,meteo_tp,true,,
539,Q,297,What was the last day with measurable precipitation >1 mm in Peloponnese between 2017 and 2018?,meteo_tp,true,,
540,C,301,the first level landcover types of the highest weekly average temperature in celsius in City of Zurich during week 28 of 2015,landcover_type;landcover_upscaled;meteo_tmean,false,"InternalError_: could not find CTE ""max_temp_value""","WITH time_window_3 AS (
  SELECT
    mt.latitude AS latitude,
    mt.longitude AS longitude,
    AVG(mt.tmean) AS time_window_4,
    AVG(mt.tmean) - 273.15 AS time_window_5
  FROM meteo_tmean AS mt
  WHERE
    EXTRACT(WEEK FROM mt.time) = 28
    AND EXTRACT(YEAR FROM mt.time) = 2015
    AND (ROUND(CAST(mt.latitude AS DECIMAL), 1), ROUND(CAST(mt.longitude AS DECIMAL), 1)) IN ((47.4, 8.5))
  GROUP BY
    mt.latitude,
    mt.longitude
), max_temp_value AS (
  SELECT
    MAX(time_window_3.time_window_4) AS highest_avg_k
  FROM time_window_3
), hottest_grids AS (
  SELECT
    time_window_3.latitude AS latitude,
    time_window_3.longitude AS longitude,
    time_window_3.time_window_5 AS time_window_5
  FROM time_window_3
  WHERE
    time_window_3.time_window_4 = (
      SELECT
        max_temp_value.highest_avg_k AS highest_avg_k
      FROM max_temp_value
    )
), level1_counts AS (
  SELECT
    h.latitude AS latitude,
    h.longitude AS longitude,
    lt.level1_code AS level1_code,
    lt.level1_label AS level1_label,
    SUM(u.ranks[i][2]) AS total_count
  FROM hottest_grids AS h
  JOIN landcover_upscaled AS u
    ON ROUND(CAST(u.latitude AS DECIMAL), 1) = h.latitude
    AND ROUND(CAST(u.longitude AS DECIMAL), 1) = h.longitude
  CROSS JOIN LATERAL GENERATE_SUBSCRIPTS(u.ranks, 1) AS i
  JOIN landcover_type AS lt
    ON lt.level3_code = u.ranks[i][1]
  GROUP BY
    h.latitude,
    h.longitude,
    lt.level1_code,
    lt.level1_label
), dominant_per_grid AS (
  SELECT
    level1_counts.latitude AS latitude,
    level1_counts.longitude AS longitude,
    level1_counts.level1_code AS level1_code,
    level1_counts.level1_label AS level1_label,
    level1_counts.total_count AS total_count,
    RANK() OVER (
      PARTITION BY level1_counts.latitude, level1_counts.longitude
      ORDER BY level1_counts.total_count DESC
    ) AS rnk
  FROM level1_counts
), hottest_dominant AS (
  SELECT
    d.latitude AS latitude,
    d.longitude AS longitude,
    d.level1_code AS level1_code,
    d.level1_label AS dominant_level1_type,
    d.total_count AS dominant_count,
    ROUND(CAST(h.time_window_5 AS DECIMAL), 2) AS highest_avg_temp_c
  FROM dominant_per_grid AS d
  JOIN hottest_grids AS h
    ON h.latitude = d.latitude AND h.longitude = d.longitude
  WHERE
    d.rnk = 1
)
SELECT
  hottest_dominant.latitude AS latitude,
  hottest_dominant.longitude AS longitude,
  hottest_dominant.level1_code AS level1_code,
  hottest_dominant.dominant_level1_type AS dominant_level1_type,
  hottest_dominant.dominant_count AS dominant_count,
  hottest_dominant.highest_avg_temp_c AS highest_avg_temp_c
FROM hottest_dominant
ORDER BY
  latitude,
  longitude"
541,C,301,the first level landcover types of the highest weekly average temperature in celsius in Attica during week 28 of 2015,landcover_type;landcover_upscaled;meteo_tmean,false,"InternalError_: could not find CTE ""max_temp_value""","WITH time_window_3 AS (
  SELECT
    mt.latitude AS latitude,
    mt.longitude AS longitude,
    AVG(mt.tmean) AS time_window_4,
    AVG(mt.tmean) - 273.15 AS time_window_5
  FROM meteo_tmean AS mt
  WHERE
    EXTRACT(WEEK FROM mt.time) = 28
    AND EXTRACT(YEAR FROM mt.time) = 2015
    AND (ROUND(CAST(mt.latitude AS DECIMAL), 1), ROUND(CAST(mt.longitude AS DECIMAL), 1)) IN (
      (38.0, 23.2),
      (38.0, 23.3),
      (38.1, 23.3),
      (38.2, 23.3),
      (38.0, 23.4),
      (38.1, 23.4),
      (38.2, 23.4),
      (38.1, 23.5),
      (38.0, 23.6),
      (38.1, 23.6),
      (38.0, 23.7),
      (38.1, 23.7),
      (38.2, 23.7),
      (38.3, 23.7),
      (37.9, 23.8),
      (38.0, 23.8),
      (38.1, 23.8),
      (38.2, 23.8),
      (38.3, 23.8),
      (37.8, 23.9),
      (37.9, 23.9),
      (38.0, 23.9),
      (38.1, 23.9),
      (38.2, 23.9)
    )
  GROUP BY
    mt.latitude,
    mt.longitude
), max_temp_value AS (
  SELECT
    MAX(time_window_3.time_window_4) AS highest_avg_k
  FROM time_window_3
), hottest_grids AS (
  SELECT
    time_window_3.latitude AS latitude,
    time_window_3.longitude AS longitude,
    time_window_3.time_window_5 AS time_window_5
  FROM time_window_3
  WHERE
    time_window_3.time_window_4 = (
      SELECT
        max_temp_value.highest_avg_k AS highest_avg_k
      FROM max_temp_value
    )
), level1_counts AS (
  SELECT
    h.latitude AS latitude,
    h.longitude AS longitude,
    lt.level1_code AS level1_code,
    lt.level1_label AS level1_label,
    SUM(u.ranks[i][2]) AS total_count
  FROM hottest_grids AS h
  JOIN landcover_upscaled AS u
    ON ROUND(CAST(u.latitude AS DECIMAL), 1) = h.latitude
    AND ROUND(CAST(u.longitude AS DECIMAL), 1) = h.longitude
  CROSS JOIN LATERAL GENERATE_SUBSCRIPTS(u.ranks, 1) AS i
  JOIN landcover_type AS lt
    ON lt.level3_code = u.ranks[i][1]
  GROUP BY
    h.latitude,
    h.longitude,
    lt.level1_code,
    lt.level1_label
), dominant_per_grid AS (
  SELECT
    level1_counts.latitude AS latitude,
    level1_counts.longitude AS longitude,
    level1_counts.level1_code AS level1_code,
    level1_counts.level1_label AS level1_label,
    level1_counts.total_count AS total_count,
    RANK() OVER (
      PARTITION BY level1_counts.latitude, level1_counts.longitude
      ORDER BY level1_counts.total_count DESC
    ) AS rnk
  FROM level1_counts
), hottest_dominant AS (
  SELECT
    d.latitude AS latitude,
    d.longitude AS longitude,
    d.level1_code AS level1_code,
    d.level1_label AS dominant_level1_type,
    d.total_count AS dominant_count,
    ROUND(CAST(h.time_window_5 AS DECIMAL), 2) AS highest_avg_temp_c
  FROM dominant_per_grid AS d
  JOIN hottest_grids AS h
    ON h.latitude = d.latitude AND h.longitude = d.longitude
  WHERE
    d.rnk = 1
)
SELECT
  hottest_dominant.latitude AS latitude,
  hottest_dominant.longitude AS longitude,
  hottest_dominant.level1_code AS level1_code,
  hottest_dominant.dominant_level1_type AS dominant_level1_type,
  hottest_dominant.dominant_count AS dominant_count,
  hottest_dominant.highest_avg_temp_c AS highest_avg_temp_c
FROM hottest_dominant
ORDER BY
  latitude,
  longitude"
542,C,301,the first level landcover types of the highest weekly average temperature in celsius in Canton of Bern during week 28 of 2015,landcover_type;landcover_upscaled;meteo_tmean,false,"InternalError_: could not find CTE ""max_temp_value""","WITH time_window_3 AS (
  SELECT
    mt.latitude AS latitude,
    mt.longitude AS longitude,
    AVG(mt.tmean) AS time_window_4,
    AVG(mt.tmean) - 273.15 AS time_window_5
  FROM meteo_tmean AS mt
  WHERE
    EXTRACT(WEEK FROM mt.time) = 28
    AND EXTRACT(YEAR FROM mt.time) = 2015
    AND (ROUND(CAST(mt.latitude AS DECIMAL), 1), ROUND(CAST(mt.longitude AS DECIMAL), 1)) IN (
      (47.1, 6.9),
      (47.0, 7.1),
      (47.1, 7.1),
      (47.2, 7.1),
      (47.1, 7.2),
      (47.2, 7.2),
      (46.4, 7.3),
      (46.5, 7.3),
      (46.9, 7.3),
      (47.0, 7.3),
      (47.1, 7.3),
      (47.2, 7.3),
      (46.4, 7.4),
      (46.5, 7.4),
      (46.6, 7.4),
      (46.7, 7.4),
      (46.8, 7.4),
      (46.9, 7.4),
      (47.0, 7.4),
      (47.3, 7.4),
      (46.4, 7.5),
      (46.5, 7.5),
      (46.6, 7.5),
      (46.7, 7.5),
      (46.8, 7.5),
      (46.9, 7.5),
      (47.0, 7.5),
      (47.1, 7.5),
      (47.3, 7.5),
      (46.5, 7.6),
      (46.6, 7.6),
      (46.7, 7.6),
      (46.8, 7.6),
      (46.9, 7.6),
      (47.0, 7.6),
      (47.1, 7.6),
      (46.5, 7.7),
      (46.6, 7.7),
      (46.7, 7.7),
      (46.8, 7.7),
      (46.9, 7.7),
      (47.0, 7.7),
      (47.1, 7.7),
      (47.2, 7.7),
      (46.5, 7.8),
      (46.6, 7.8),
      (46.7, 7.8),
      (46.8, 7.8),
      (46.9, 7.8),
      (47.0, 7.8),
      (47.1, 7.8),
      (47.2, 7.8),
      (46.5, 7.9),
      (46.6, 7.9),
      (46.7, 7.9),
      (46.8, 7.9),
      (47.0, 7.9),
      (46.6, 8.0),
      (46.7, 8.0),
      (46.6, 8.1),
      (46.7, 8.1),
      (46.6, 8.2),
      (46.7, 8.2),
      (46.6, 8.3),
      (46.7, 8.3)
    )
  GROUP BY
    mt.latitude,
    mt.longitude
), max_temp_value AS (
  SELECT
    MAX(time_window_3.time_window_4) AS highest_avg_k
  FROM time_window_3
), hottest_grids AS (
  SELECT
    time_window_3.latitude AS latitude,
    time_window_3.longitude AS longitude,
    time_window_3.time_window_5 AS time_window_5
  FROM time_window_3
  WHERE
    time_window_3.time_window_4 = (
      SELECT
        max_temp_value.highest_avg_k AS highest_avg_k
      FROM max_temp_value
    )
), level1_counts AS (
  SELECT
    h.latitude AS latitude,
    h.longitude AS longitude,
    lt.level1_code AS level1_code,
    lt.level1_label AS level1_label,
    SUM(u.ranks[i][2]) AS total_count
  FROM hottest_grids AS h
  JOIN landcover_upscaled AS u
    ON ROUND(CAST(u.latitude AS DECIMAL), 1) = h.latitude
    AND ROUND(CAST(u.longitude AS DECIMAL), 1) = h.longitude
  CROSS JOIN LATERAL GENERATE_SUBSCRIPTS(u.ranks, 1) AS i
  JOIN landcover_type AS lt
    ON lt.level3_code = u.ranks[i][1]
  GROUP BY
    h.latitude,
    h.longitude,
    lt.level1_code,
    lt.level1_label
), dominant_per_grid AS (
  SELECT
    level1_counts.latitude AS latitude,
    level1_counts.longitude AS longitude,
    level1_counts.level1_code AS level1_code,
    level1_counts.level1_label AS level1_label,
    level1_counts.total_count AS total_count,
    RANK() OVER (
      PARTITION BY level1_counts.latitude, level1_counts.longitude
      ORDER BY level1_counts.total_count DESC
    ) AS rnk
  FROM level1_counts
), hottest_dominant AS (
  SELECT
    d.latitude AS latitude,
    d.longitude AS longitude,
    d.level1_code AS level1_code,
    d.level1_label AS dominant_level1_type,
    d.total_count AS dominant_count,
    ROUND(CAST(h.time_window_5 AS DECIMAL), 2) AS highest_avg_temp_c
  FROM dominant_per_grid AS d
  JOIN hottest_grids AS h
    ON h.latitude = d.latitude AND h.longitude = d.longitude
  WHERE
    d.rnk = 1
)
SELECT
  hottest_dominant.latitude AS latitude,
  hottest_dominant.longitude AS longitude,
  hottest_dominant.level1_code AS level1_code,
  hottest_dominant.dominant_level1_type AS dominant_level1_type,
  hottest_dominant.dominant_count AS dominant_count,
  hottest_dominant.highest_avg_temp_c AS highest_avg_temp_c
FROM hottest_dominant
ORDER BY
  latitude,
  longitude"
543,C,301,the first level landcover types of the highest weekly average temperature in celsius in Peloponnese during week 28 of 2015,landcover_type;landcover_upscaled;meteo_tmean,false,"InternalError_: could not find CTE ""max_temp_value""","WITH time_window_3 AS (
  SELECT
    mt.latitude AS latitude,
    mt.longitude AS longitude,
    AVG(mt.tmean) AS time_window_4,
    AVG(mt.tmean) - 273.15 AS time_window_5
  FROM meteo_tmean AS mt
  WHERE
    EXTRACT(WEEK FROM mt.time) = 28
    AND EXTRACT(YEAR FROM mt.time) = 2015
    AND (ROUND(CAST(mt.latitude AS DECIMAL), 1), ROUND(CAST(mt.longitude AS DECIMAL), 1)) IN (
      (37.9, 21.2),
      (37.8, 21.3),
      (37.9, 21.3),
      (38.0, 21.3),
      (37.7, 21.4),
      (37.8, 21.4),
      (37.9, 21.4),
      (38.0, 21.4),
      (38.1, 21.4),
      (37.6, 21.5),
      (37.7, 21.5),
      (37.8, 21.5),
      (37.9, 21.5),
      (38.0, 21.5),
      (38.1, 21.5),
      (37.1, 21.6),
      (37.2, 21.6),
      (37.6, 21.6),
      (37.7, 21.6),
      (37.8, 21.6),
      (37.9, 21.6),
      (38.0, 21.6),
      (38.1, 21.6),
      (36.9, 21.7),
      (37.0, 21.7),
      (37.1, 21.7),
      (37.2, 21.7),
      (37.3, 21.7),
      (37.4, 21.7),
      (37.5, 21.7),
      (37.6, 21.7),
      (37.7, 21.7),
      (37.8, 21.7),
      (37.9, 21.7),
      (38.0, 21.7),
      (38.1, 21.7),
      (38.2, 21.7),
      (36.9, 21.8),
      (37.0, 21.8),
      (37.1, 21.8),
      (37.2, 21.8),
      (37.3, 21.8),
      (37.4, 21.8),
      (37.5, 21.8),
      (37.6, 21.8),
      (37.7, 21.8),
      (37.8, 21.8),
      (37.9, 21.8),
      (38.0, 21.8),
      (38.1, 21.8),
      (38.2, 21.8),
      (38.3, 21.8),
      (36.8, 21.9),
      (36.9, 21.9),
      (37.0, 21.9),
      (37.1, 21.9),
      (37.2, 21.9),
      (37.3, 21.9),
      (37.4, 21.9),
      (37.5, 21.9),
      (37.6, 21.9),
      (37.7, 21.9),
      (37.8, 21.9),
      (37.9, 21.9),
      (38.0, 21.9),
      (38.1, 21.9),
      (38.2, 21.9),
      (38.3, 21.9),
      (37.1, 22.0),
      (37.2, 22.0),
      (37.3, 22.0),
      (37.4, 22.0),
      (37.5, 22.0),
      (37.6, 22.0),
      (37.7, 22.0),
      (37.8, 22.0),
      (37.9, 22.0),
      (38.0, 22.0),
      (38.1, 22.0),
      (38.2, 22.0),
      (38.3, 22.0),
      (37.1, 22.1),
      (37.2, 22.1),
      (37.3, 22.1),
      (37.4, 22.1),
      (37.5, 22.1),
      (37.6, 22.1),
      (37.7, 22.1),
      (37.8, 22.1),
      (37.9, 22.1),
      (38.0, 22.1),
      (38.1, 22.1),
      (38.2, 22.1),
      (37.0, 22.2),
      (37.1, 22.2),
      (37.2, 22.2),
      (37.3, 22.2),
      (37.4, 22.2),
      (37.5, 22.2),
      (37.6, 22.2),
      (37.7, 22.2),
      (37.8, 22.2),
      (37.9, 22.2),
      (38.0, 22.2),
      (38.1, 22.2),
      (36.8, 22.3),
      (36.9, 22.3),
      (37.0, 22.3),
      (37.1, 22.3),
      (37.2, 22.3),
      (37.3, 22.3),
      (37.4, 22.3),
      (37.5, 22.3),
      (37.6, 22.3),
      (37.7, 22.3),
      (37.8, 22.3),
      (37.9, 22.3),
      (38.0, 22.3),
      (38.1, 22.3),
      (36.5, 22.4),
      (36.6, 22.4),
      (36.7, 22.4),
      (36.8, 22.4),
      (36.9, 22.4),
      (37.0, 22.4),
      (37.1, 22.4),
      (37.2, 22.4),
      (37.3, 22.4),
      (37.4, 22.4),
      (37.5, 22.4),
      (37.6, 22.4),
      (37.7, 22.4),
      (37.8, 22.4),
      (37.9, 22.4),
      (38.0, 22.4),
      (38.1, 22.4),
      (36.7, 22.5),
      (36.8, 22.5),
      (36.9, 22.5),
      (37.0, 22.5),
      (37.1, 22.5),
      (37.2, 22.5),
      (37.3, 22.5),
      (37.4, 22.5),
      (37.5, 22.5),
      (37.6, 22.5),
      (37.7, 22.5),
      (37.8, 22.5),
      (37.9, 22.5),
      (38.0, 22.5),
      (38.1, 22.5),
      (36.8, 22.6),
      (36.9, 22.6),
      (37.0, 22.6),
      (37.1, 22.6),
      (37.2, 22.6),
      (37.3, 22.6),
      (37.4, 22.6),
      (37.5, 22.6),
      (37.6, 22.6),
      (37.7, 22.6),
      (37.8, 22.6),
      (37.9, 22.6),
      (38.0, 22.6),
      (36.9, 22.7),
      (37.0, 22.7),
      (37.1, 22.7),
      (37.2, 22.7),
      (37.3, 22.7),
      (37.4, 22.7),
      (37.5, 22.7),
      (37.6, 22.7),
      (37.7, 22.7),
      (37.8, 22.7),
      (37.9, 22.7),
      (38.0, 22.7),
      (36.8, 22.8),
      (36.9, 22.8),
      (37.0, 22.8),
      (37.1, 22.8),
      (37.2, 22.8),
      (37.3, 22.8),
      (37.6, 22.8),
      (37.7, 22.8),
      (37.8, 22.8),
      (37.9, 22.8),
      (36.7, 22.9),
      (36.8, 22.9),
      (36.9, 22.9),
      (37.0, 22.9),
      (37.1, 22.9),
      (37.6, 22.9),
      (37.7, 22.9),
      (37.8, 22.9),
      (37.9, 22.9),
      (36.6, 23.0),
      (36.7, 23.0),
      (36.8, 23.0),
      (36.9, 23.0),
      (37.0, 23.0),
      (37.5, 23.0),
      (37.6, 23.0),
      (37.7, 23.0),
      (37.8, 23.0),
      (37.9, 23.0),
      (36.5, 23.1),
      (37.5, 23.1),
      (37.6, 23.1),
      (37.7, 23.1),
      (37.8, 23.1),
      (37.3, 23.2),
      (37.4, 23.2),
      (37.5, 23.2),
      (37.4, 23.3),
      (37.5, 23.3),
      (37.5, 23.4),
      (37.6, 23.4)
    )
  GROUP BY
    mt.latitude,
    mt.longitude
), max_temp_value AS (
  SELECT
    MAX(time_window_3.time_window_4) AS highest_avg_k
  FROM time_window_3
), hottest_grids AS (
  SELECT
    time_window_3.latitude AS latitude,
    time_window_3.longitude AS longitude,
    time_window_3.time_window_5 AS time_window_5
  FROM time_window_3
  WHERE
    time_window_3.time_window_4 = (
      SELECT
        max_temp_value.highest_avg_k AS highest_avg_k
      FROM max_temp_value
    )
), level1_counts AS (
  SELECT
    h.latitude AS latitude,
    h.longitude AS longitude,
    lt.level1_code AS level1_code,
    lt.level1_label AS level1_label,
    SUM(u.ranks[i][2]) AS total_count
  FROM hottest_grids AS h
  JOIN landcover_upscaled AS u
    ON ROUND(CAST(u.latitude AS DECIMAL), 1) = h.latitude
    AND ROUND(CAST(u.longitude AS DECIMAL), 1) = h.longitude
  CROSS JOIN LATERAL GENERATE_SUBSCRIPTS(u.ranks, 1) AS i
  JOIN landcover_type AS lt
    ON lt.level3_code = u.ranks[i][1]
  GROUP BY
    h.latitude,
    h.longitude,
    lt.level1_code,
    lt.level1_label
), dominant_per_grid AS (
  SELECT
    level1_counts.latitude AS latitude,
    level1_counts.longitude AS longitude,
    level1_counts.level1_code AS level1_code,
    level1_counts.level1_label AS level1_label,
    level1_counts.total_count AS total_count,
    RANK() OVER (
      PARTITION BY level1_counts.latitude, level1_counts.longitude
      ORDER BY level1_counts.total_count DESC
    ) AS rnk
  FROM level1_counts
), hottest_dominant AS (
  SELECT
    d.latitude AS latitude,
    d.longitude AS longitude,
    d.level1_code AS level1_code,
    d.level1_label AS dominant_level1_type,
    d.total_count AS dominant_count,
    ROUND(CAST(h.time_window_5 AS DECIMAL), 2) AS highest_avg_temp_c
  FROM dominant_per_grid AS d
  JOIN hottest_grids AS h
    ON h.latitude = d.latitude AND h.longitude = d.longitude
  WHERE
    d.rnk = 1
)
SELECT
  hottest_dominant.latitude AS latitude,
  hottest_dominant.longitude AS longitude,
  hottest_dominant.level1_code AS level1_code,
  hottest_dominant.dominant_level1_type AS dominant_level1_type,
  hottest_dominant.dominant_count AS dominant_count,
  hottest_dominant.highest_avg_temp_c AS highest_avg_temp_c
FROM hottest_dominant
ORDER BY
  latitude,
  longitude"
544,C,303,What is the first level landcover type of the location with the highest annual average temperature in Celsius in City of Zurich in 2015?,landcover_type;landcover_upscaled;meteo_tmean,false,"InternalError_: could not find CTE ""max_temp_value""","WITH time_window_3 AS (
  SELECT
    mt.latitude AS latitude,
    mt.longitude AS longitude,
    AVG(mt.tmean) AS time_window_4,
    AVG(mt.tmean) - 273.15 AS time_window_5
  FROM meteo_tmean AS mt
  WHERE
    EXTRACT(YEAR FROM mt.time) = 2015
    AND (ROUND(CAST(mt.latitude AS DECIMAL), 1), ROUND(CAST(mt.longitude AS DECIMAL), 1)) IN ((47.4, 8.5))
  GROUP BY
    mt.latitude,
    mt.longitude
), max_temp_value AS (
  SELECT
    MAX(time_window_3.time_window_4) AS highest_avg_k
  FROM time_window_3
), hottest_grids AS (
  SELECT
    time_window_3.latitude AS latitude,
    time_window_3.longitude AS longitude,
    time_window_3.time_window_5 AS time_window_5
  FROM time_window_3
  WHERE
    time_window_3.time_window_4 = (
      SELECT
        max_temp_value.highest_avg_k AS highest_avg_k
      FROM max_temp_value
    )
), level1_counts AS (
  SELECT
    h.latitude AS latitude,
    h.longitude AS longitude,
    lt.level1_code AS level1_code,
    lt.level1_label AS level1_label,
    SUM(u.ranks[i][2]) AS total_count
  FROM hottest_grids AS h
  JOIN landcover_upscaled AS u
    ON ROUND(CAST(u.latitude AS DECIMAL), 1) = h.latitude
    AND ROUND(CAST(u.longitude AS DECIMAL), 1) = h.longitude
  CROSS JOIN LATERAL GENERATE_SUBSCRIPTS(u.ranks, 1) AS i
  JOIN landcover_type AS lt
    ON lt.level3_code = u.ranks[i][1]
  GROUP BY
    h.latitude,
    h.longitude,
    lt.level1_code,
    lt.level1_label
), dominant_per_grid AS (
  SELECT
    level1_counts.latitude AS latitude,
    level1_counts.longitude AS longitude,
    level1_counts.level1_code AS level1_code,
    level1_counts.level1_label AS level1_label,
    level1_counts.total_count AS total_count,
    RANK() OVER (
      PARTITION BY level1_counts.latitude, level1_counts.longitude
      ORDER BY level1_counts.total_count DESC
    ) AS rnk
  FROM level1_counts
), hottest_dominant AS (
  SELECT
    d.latitude AS latitude,
    d.longitude AS longitude,
    d.level1_code AS level1_code,
    d.level1_label AS dominant_level1_type,
    d.total_count AS dominant_count,
    ROUND(CAST(h.time_window_5 AS DECIMAL), 2) AS highest_avg_temp_c
  FROM dominant_per_grid AS d
  JOIN hottest_grids AS h
    ON h.latitude = d.latitude AND h.longitude = d.longitude
  WHERE
    d.rnk = 1
)
SELECT
  hottest_dominant.latitude AS latitude,
  hottest_dominant.longitude AS longitude,
  hottest_dominant.level1_code AS level1_code,
  hottest_dominant.dominant_level1_type AS dominant_level1_type,
  hottest_dominant.dominant_count AS dominant_count,
  hottest_dominant.highest_avg_temp_c AS highest_avg_temp_c
FROM hottest_dominant
ORDER BY
  latitude,
  longitude"
545,C,303,What is the first level landcover type of the location with the highest annual average temperature in Celsius in Attica in 2015?,landcover_type;landcover_upscaled;meteo_tmean,false,"InternalError_: could not find CTE ""max_temp_value""","WITH time_window_3 AS (
  SELECT
    mt.latitude AS latitude,
    mt.longitude AS longitude,
    AVG(mt.tmean) AS time_window_4,
    AVG(mt.tmean) - 273.15 AS time_window_5
  FROM meteo_tmean AS mt
  WHERE
    EXTRACT(YEAR FROM mt.time) = 2015
    AND (ROUND(CAST(mt.latitude AS DECIMAL), 1), ROUND(CAST(mt.longitude AS DECIMAL), 1)) IN (
      (38.0, 23.2),
      (38.0, 23.3),
      (38.1, 23.3),
      (38.2, 23.3),
      (38.0, 23.4),
      (38.1, 23.4),
      (38.2, 23.4),
      (38.1, 23.5),
      (38.0, 23.6),
      (38.1, 23.6),
      (38.0, 23.7),
      (38.1, 23.7),
      (38.2, 23.7),
      (38.3, 23.7),
      (37.9, 23.8),
      (38.0, 23.8),
      (38.1, 23.8),
      (38.2, 23.8),
      (38.3, 23.8),
      (37.8, 23.9),
      (37.9, 23.9),
      (38.0, 23.9),
      (38.1, 23.9),
      (38.2, 23.9)
    )
  GROUP BY
    mt.latitude,
    mt.longitude
), max_temp_value AS (
  SELECT
    MAX(time_window_3.time_window_4) AS highest_avg_k
  FROM time_window_3
), hottest_grids AS (
  SELECT
    time_window_3.latitude AS latitude,
    time_window_3.longitude AS longitude,
    time_window_3.time_window_5 AS time_window_5
  FROM time_window_3
  WHERE
    time_window_3.time_window_4 = (
      SELECT
        max_temp_value.highest_avg_k AS highest_avg_k
      FROM max_temp_value
    )
), level1_counts AS (
  SELECT
    h.latitude AS latitude,
    h.longitude AS longitude,
    lt.level1_code AS level1_code,
    lt.level1_label AS level1_label,
    SUM(u.ranks[i][2]) AS total_count
  FROM hottest_grids AS h
  JOIN landcover_upscaled AS u
    ON ROUND(CAST(u.latitude AS DECIMAL), 1) = h.latitude
    AND ROUND(CAST(u.longitude AS DECIMAL), 1) = h.longitude
  CROSS JOIN LATERAL GENERATE_SUBSCRIPTS(u.ranks, 1) AS i
  JOIN landcover_type AS lt
    ON lt.level3_code = u.ranks[i][1]
  GROUP BY
    h.latitude,
    h.longitude,
    lt.level1_code,
    lt.level1_label
), dominant_per_grid AS (
  SELECT
    level1_counts.latitude AS latitude,
    level1_counts.longitude AS longitude,
    level1_counts.level1_code AS level1_code,
    level1_counts.level1_label AS level1_label,
    level1_counts.total_count AS total_count,
    RANK() OVER (
      PARTITION BY level1_counts.latitude, level1_counts.longitude
      ORDER BY level1_counts.total_count DESC
    ) AS rnk
  FROM level1_counts
), hottest_dominant AS (
  SELECT
    d.latitude AS latitude,
    d.longitude AS longitude,
    d.level1_code AS level1_code,
    d.level1_label AS dominant_level1_type,
    d.total_count AS dominant_count,
    ROUND(CAST(h.time_window_5 AS DECIMAL), 2) AS highest_avg_temp_c
  FROM dominant_per_grid AS d
  JOIN hottest_grids AS h
    ON h.latitude = d.latitude AND h.longitude = d.longitude
  WHERE
    d.rnk = 1
)
SELECT
  hottest_dominant.latitude AS latitude,
  hottest_dominant.longitude AS longitude,
  hottest_dominant.level1_code AS level1_code,
  hottest_dominant.dominant_level1_type AS dominant_level1_type,
  hottest_dominant.dominant_count AS dominant_count,
  hottest_dominant.highest_avg_temp_c AS highest_avg_temp_c
FROM hottest_dominant
ORDER BY
  latitude,
  longitude"
546,C,303,What is the first level landcover type of the location with the highest annual average temperature in Celsius in Canton of Bern in 2015?,landcover_type;landcover_upscaled;meteo_tmean,false,"InternalError_: could not find CTE ""max_temp_value""","WITH time_window_3 AS (
  SELECT
    mt.latitude AS latitude,
    mt.longitude AS longitude,
    AVG(mt.tmean) AS time_window_4,
    AVG(mt.tmean) - 273.15 AS time_window_5
  FROM meteo_tmean AS mt
  WHERE
    EXTRACT(YEAR FROM mt.time) = 2015
    AND (ROUND(CAST(mt.latitude AS DECIMAL), 1), ROUND(CAST(mt.longitude AS DECIMAL), 1)) IN (
      (47.1, 6.9),
      (47.0, 7.1),
      (47.1, 7.1),
      (47.2, 7.1),
      (47.1, 7.2),
      (47.2, 7.2),
      (46.4, 7.3),
      (46.5, 7.3),
      (46.9, 7.3),
      (47.0, 7.3),
      (47.1, 7.3),
      (47.2, 7.3),
      (46.4, 7.4),
      (46.5, 7.4),
      (46.6, 7.4),
      (46.7, 7.4),
      (46.8, 7.4),
      (46.9, 7.4),
      (47.0, 7.4),
      (47.3, 7.4),
      (46.4, 7.5),
      (46.5, 7.5),
      (46.6, 7.5),
      (46.7, 7.5),
      (46.8, 7.5),
      (46.9, 7.5),
      (47.0, 7.5),
      (47.1, 7.5),
      (47.3, 7.5),
      (46.5, 7.6),
      (46.6, 7.6),
      (46.7, 7.6),
      (46.8, 7.6),
      (46.9, 7.6),
      (47.0, 7.6),
      (47.1, 7.6),
      (46.5, 7.7),
      (46.6, 7.7),
      (46.7, 7.7),
      (46.8, 7.7),
      (46.9, 7.7),
      (47.0, 7.7),
      (47.1, 7.7),
      (47.2, 7.7),
      (46.5, 7.8),
      (46.6, 7.8),
      (46.7, 7.8),
      (46.8, 7.8),
      (46.9, 7.8),
      (47.0, 7.8),
      (47.1, 7.8),
      (47.2, 7.8),
      (46.5, 7.9),
      (46.6, 7.9),
      (46.7, 7.9),
      (46.8, 7.9),
      (47.0, 7.9),
      (46.6, 8.0),
      (46.7, 8.0),
      (46.6, 8.1),
      (46.7, 8.1),
      (46.6, 8.2),
      (46.7, 8.2),
      (46.6, 8.3),
      (46.7, 8.3)
    )
  GROUP BY
    mt.latitude,
    mt.longitude
), max_temp_value AS (
  SELECT
    MAX(time_window_3.time_window_4) AS highest_avg_k
  FROM time_window_3
), hottest_grids AS (
  SELECT
    time_window_3.latitude AS latitude,
    time_window_3.longitude AS longitude,
    time_window_3.time_window_5 AS time_window_5
  FROM time_window_3
  WHERE
    time_window_3.time_window_4 = (
      SELECT
        max_temp_value.highest_avg_k AS highest_avg_k
      FROM max_temp_value
    )
), level1_counts AS (
  SELECT
    h.latitude AS latitude,
    h.longitude AS longitude,
    lt.level1_code AS level1_code,
    lt.level1_label AS level1_label,
    SUM(u.ranks[i][2]) AS total_count
  FROM hottest_grids AS h
  JOIN landcover_upscaled AS u
    ON ROUND(CAST(u.latitude AS DECIMAL), 1) = h.latitude
    AND ROUND(CAST(u.longitude AS DECIMAL), 1) = h.longitude
  CROSS JOIN LATERAL GENERATE_SUBSCRIPTS(u.ranks, 1) AS i
  JOIN landcover_type AS lt
    ON lt.level3_code = u.ranks[i][1]
  GROUP BY
    h.latitude,
    h.longitude,
    lt.level1_code,
    lt.level1_label
), dominant_per_grid AS (
  SELECT
    level1_counts.latitude AS latitude,
    level1_counts.longitude AS longitude,
    level1_counts.level1_code AS level1_code,
    level1_counts.level1_label AS level1_label,
    level1_counts.total_count AS total_count,
    RANK() OVER (
      PARTITION BY level1_counts.latitude, level1_counts.longitude
      ORDER BY level1_counts.total_count DESC
    ) AS rnk
  FROM level1_counts
), hottest_dominant AS (
  SELECT
    d.latitude AS latitude,
    d.longitude AS longitude,
    d.level1_code AS level1_code,
    d.level1_label AS dominant_level1_type,
    d.total_count AS dominant_count,
    ROUND(CAST(h.time_window_5 AS DECIMAL), 2) AS highest_avg_temp_c
  FROM dominant_per_grid AS d
  JOIN hottest_grids AS h
    ON h.latitude = d.latitude AND h.longitude = d.longitude
  WHERE
    d.rnk = 1
)
SELECT
  hottest_dominant.latitude AS latitude,
  hottest_dominant.longitude AS longitude,
  hottest_dominant.level1_code AS level1_code,
  hottest_dominant.dominant_level1_type AS dominant_level1_type,
  hottest_dominant.dominant_count AS dominant_count,
  hottest_dominant.highest_avg_temp_c AS highest_avg_temp_c
FROM hottest_dominant
ORDER BY
  latitude,
  longitude"
547,C,303,What is the first level landcover type of the location with the highest annual average temperature in Celsius in Peloponnese in 2015?,landcover_type;landcover_upscaled;meteo_tmean,false,"InternalError_: could not find CTE ""max_temp_value""","WITH time_window_3 AS (
  SELECT
    mt.latitude AS latitude,
    mt.longitude AS longitude,
    AVG(mt.tmean) AS time_window_4,
    AVG(mt.tmean) - 273.15 AS time_window_5
  FROM meteo_tmean AS mt
  WHERE
    EXTRACT(YEAR FROM mt.time) = 2015
    AND (ROUND(CAST(mt.latitude AS DECIMAL), 1), ROUND(CAST(mt.longitude AS DECIMAL), 1)) IN (
      (37.9, 21.2),
      (37.8, 21.3),
      (37.9, 21.3),
      (38.0, 21.3),
      (37.7, 21.4),
      (37.8, 21.4),
      (37.9, 21.4),
      (38.0, 21.4),
      (38.1, 21.4),
      (37.6, 21.5),
      (37.7, 21.5),
      (37.8, 21.5),
      (37.9, 21.5),
      (38.0, 21.5),
      (38.1, 21.5),
      (37.1, 21.6),
      (37.2, 21.6),
      (37.6, 21.6),
      (37.7, 21.6),
      (37.8, 21.6),
      (37.9, 21.6),
      (38.0, 21.6),
      (38.1, 21.6),
      (36.9, 21.7),
      (37.0, 21.7),
      (37.1, 21.7),
      (37.2, 21.7),
      (37.3, 21.7),
      (37.4, 21.7),
      (37.5, 21.7),
      (37.6, 21.7),
      (37.7, 21.7),
      (37.8, 21.7),
      (37.9, 21.7),
      (38.0, 21.7),
      (38.1, 21.7),
      (38.2, 21.7),
      (36.9, 21.8),
      (37.0, 21.8),
      (37.1, 21.8),
      (37.2, 21.8),
      (37.3, 21.8),
      (37.4, 21.8),
      (37.5, 21.8),
      (37.6, 21.8),
      (37.7, 21.8),
      (37.8, 21.8),
      (37.9, 21.8),
      (38.0, 21.8),
      (38.1, 21.8),
      (38.2, 21.8),
      (38.3, 21.8),
      (36.8, 21.9),
      (36.9, 21.9),
      (37.0, 21.9),
      (37.1, 21.9),
      (37.2, 21.9),
      (37.3, 21.9),
      (37.4, 21.9),
      (37.5, 21.9),
      (37.6, 21.9),
      (37.7, 21.9),
      (37.8, 21.9),
      (37.9, 21.9),
      (38.0, 21.9),
      (38.1, 21.9),
      (38.2, 21.9),
      (38.3, 21.9),
      (37.1, 22.0),
      (37.2, 22.0),
      (37.3, 22.0),
      (37.4, 22.0),
      (37.5, 22.0),
      (37.6, 22.0),
      (37.7, 22.0),
      (37.8, 22.0),
      (37.9, 22.0),
      (38.0, 22.0),
      (38.1, 22.0),
      (38.2, 22.0),
      (38.3, 22.0),
      (37.1, 22.1),
      (37.2, 22.1),
      (37.3, 22.1),
      (37.4, 22.1),
      (37.5, 22.1),
      (37.6, 22.1),
      (37.7, 22.1),
      (37.8, 22.1),
      (37.9, 22.1),
      (38.0, 22.1),
      (38.1, 22.1),
      (38.2, 22.1),
      (37.0, 22.2),
      (37.1, 22.2),
      (37.2, 22.2),
      (37.3, 22.2),
      (37.4, 22.2),
      (37.5, 22.2),
      (37.6, 22.2),
      (37.7, 22.2),
      (37.8, 22.2),
      (37.9, 22.2),
      (38.0, 22.2),
      (38.1, 22.2),
      (36.8, 22.3),
      (36.9, 22.3),
      (37.0, 22.3),
      (37.1, 22.3),
      (37.2, 22.3),
      (37.3, 22.3),
      (37.4, 22.3),
      (37.5, 22.3),
      (37.6, 22.3),
      (37.7, 22.3),
      (37.8, 22.3),
      (37.9, 22.3),
      (38.0, 22.3),
      (38.1, 22.3),
      (36.5, 22.4),
      (36.6, 22.4),
      (36.7, 22.4),
      (36.8, 22.4),
      (36.9, 22.4),
      (37.0, 22.4),
      (37.1, 22.4),
      (37.2, 22.4),
      (37.3, 22.4),
      (37.4, 22.4),
      (37.5, 22.4),
      (37.6, 22.4),
      (37.7, 22.4),
      (37.8, 22.4),
      (37.9, 22.4),
      (38.0, 22.4),
      (38.1, 22.4),
      (36.7, 22.5),
      (36.8, 22.5),
      (36.9, 22.5),
      (37.0, 22.5),
      (37.1, 22.5),
      (37.2, 22.5),
      (37.3, 22.5),
      (37.4, 22.5),
      (37.5, 22.5),
      (37.6, 22.5),
      (37.7, 22.5),
      (37.8, 22.5),
      (37.9, 22.5),
      (38.0, 22.5),
      (38.1, 22.5),
      (36.8, 22.6),
      (36.9, 22.6),
      (37.0, 22.6),
      (37.1, 22.6),
      (37.2, 22.6),
      (37.3, 22.6),
      (37.4, 22.6),
      (37.5, 22.6),
      (37.6, 22.6),
      (37.7, 22.6),
      (37.8, 22.6),
      (37.9, 22.6),
      (38.0, 22.6),
      (36.9, 22.7),
      (37.0, 22.7),
      (37.1, 22.7),
      (37.2, 22.7),
      (37.3, 22.7),
      (37.4, 22.7),
      (37.5, 22.7),
      (37.6, 22.7),
      (37.7, 22.7),
      (37.8, 22.7),
      (37.9, 22.7),
      (38.0, 22.7),
      (36.8, 22.8),
      (36.9, 22.8),
      (37.0, 22.8),
      (37.1, 22.8),
      (37.2, 22.8),
      (37.3, 22.8),
      (37.6, 22.8),
      (37.7, 22.8),
      (37.8, 22.8),
      (37.9, 22.8),
      (36.7, 22.9),
      (36.8, 22.9),
      (36.9, 22.9),
      (37.0, 22.9),
      (37.1, 22.9),
      (37.6, 22.9),
      (37.7, 22.9),
      (37.8, 22.9),
      (37.9, 22.9),
      (36.6, 23.0),
      (36.7, 23.0),
      (36.8, 23.0),
      (36.9, 23.0),
      (37.0, 23.0),
      (37.5, 23.0),
      (37.6, 23.0),
      (37.7, 23.0),
      (37.8, 23.0),
      (37.9, 23.0),
      (36.5, 23.1),
      (37.5, 23.1),
      (37.6, 23.1),
      (37.7, 23.1),
      (37.8, 23.1),
      (37.3, 23.2),
      (37.4, 23.2),
      (37.5, 23.2),
      (37.4, 23.3),
      (37.5, 23.3),
      (37.5, 23.4),
      (37.6, 23.4)
    )
  GROUP BY
    mt.latitude,
    mt.longitude
), max_temp_value AS (
  SELECT
    MAX(time_window_3.time_window_4) AS highest_avg_k
  FROM time_window_3
), hottest_grids AS (
  SELECT
    time_window_3.latitude AS latitude,
    time_window_3.longitude AS longitude,
    time_window_3.time_window_5 AS time_window_5
  FROM time_window_3
  WHERE
    time_window_3.time_window_4 = (
      SELECT
        max_temp_value.highest_avg_k AS highest_avg_k
      FROM max_temp_value
    )
), level1_counts AS (
  SELECT
    h.latitude AS latitude,
    h.longitude AS longitude,
    lt.level1_code AS level1_code,
    lt.level1_label AS level1_label,
    SUM(u.ranks[i][2]) AS total_count
  FROM hottest_grids AS h
  JOIN landcover_upscaled AS u
    ON ROUND(CAST(u.latitude AS DECIMAL), 1) = h.latitude
    AND ROUND(CAST(u.longitude AS DECIMAL), 1) = h.longitude
  CROSS JOIN LATERAL GENERATE_SUBSCRIPTS(u.ranks, 1) AS i
  JOIN landcover_type AS lt
    ON lt.level3_code = u.ranks[i][1]
  GROUP BY
    h.latitude,
    h.longitude,
    lt.level1_code,
    lt.level1_label
), dominant_per_grid AS (
  SELECT
    level1_counts.latitude AS latitude,
    level1_counts.longitude AS longitude,
    level1_counts.level1_code AS level1_code,
    level1_counts.level1_label AS level1_label,
    level1_counts.total_count AS total_count,
    RANK() OVER (
      PARTITION BY level1_counts.latitude, level1_counts.longitude
      ORDER BY level1_counts.total_count DESC
    ) AS rnk
  FROM level1_counts
), hottest_dominant AS (
  SELECT
    d.latitude AS latitude,
    d.longitude AS longitude,
    d.level1_code AS level1_code,
    d.level1_label AS dominant_level1_type,
    d.total_count AS dominant_count,
    ROUND(CAST(h.time_window_5 AS DECIMAL), 2) AS highest_avg_temp_c
  FROM dominant_per_grid AS d
  JOIN hottest_grids AS h
    ON h.latitude = d.latitude AND h.longitude = d.longitude
  WHERE
    d.rnk = 1
)
SELECT
  hottest_dominant.latitude AS latitude,
  hottest_dominant.longitude AS longitude,
  hottest_dominant.level1_code AS level1_code,
  hottest_dominant.dominant_level1_type AS dominant_level1_type,
  hottest_dominant.dominant_count AS dominant_count,
  hottest_dominant.highest_avg_temp_c AS highest_avg_temp_c
FROM hottest_dominant
ORDER BY
  latitude,
  longitude"
548,H,306,What is the average annual temperature in Celsius for urban-dominated areas (defined in level 2) in City of Zurich between 2015 and 2016?,landcover_type;landcover_upscaled;meteo_tmean,false,InternalError_: ProvSQL: ORDER BY on the result of an aggregate function is not supported,"WITH urban_level2_codes AS (
  SELECT DISTINCT
    lt1.level2_code AS level2_code
  FROM landcover_type AS lt1
  WHERE
    lt1.level2_label ILIKE '%urban%'
), urban_dominant_grids AS (
  SELECT
    u.latitude AS latitude,
    u.longitude AS longitude
  FROM landcover_upscaled AS u
  CROSS JOIN LATERAL (
    SELECT
      lt.level2_code AS level2_code,
      lt.level2_label AS level2_label,
      SUM(u.ranks[i][2]) AS total_count
    FROM GENERATE_SUBSCRIPTS(u.ranks, 1) AS i
    JOIN landcover_type AS lt
      ON lt.level3_code = u.ranks[i][1]
    GROUP BY
      lt.level2_code,
      lt.level2_label
    ORDER BY
      total_count DESC
    LIMIT 1
  ) AS dominant
  JOIN urban_level2_codes AS ul
    ON ul.level2_code = dominant.level2_code
  WHERE
    (ROUND(CAST(u.latitude AS DECIMAL), 1), ROUND(CAST(u.longitude AS DECIMAL), 1)) IN ((47.4, 8.5))
), time_window_3 AS (
  SELECT
    EXTRACT(YEAR FROM t.time) AS time_window_6,
    AVG(t.tmean - 273.15) AS avg_temp_c
  FROM meteo_tmean AS t
  JOIN urban_dominant_grids AS ug
    ON ug.latitude = t.latitude AND ug.longitude = t.longitude
  WHERE
    EXTRACT(YEAR FROM t.time) BETWEEN 2015 AND 2016
  GROUP BY
    EXTRACT(YEAR FROM t.time)
)
SELECT
  time_window_3.time_window_6 AS time_window_4,
  ROUND(CAST(time_window_3.avg_temp_c AS DECIMAL), 2) AS time_window_5
FROM time_window_3
ORDER BY
  time_window_3.time_window_6"
549,H,306,What is the average annual temperature in Celsius for urban-dominated areas (defined in level 2) in Attica between 2015 and 2016?,landcover_type;landcover_upscaled;meteo_tmean,false,InternalError_: ProvSQL: ORDER BY on the result of an aggregate function is not supported,"WITH urban_level2_codes AS (
  SELECT DISTINCT
    lt1.level2_code AS level2_code
  FROM landcover_type AS lt1
  WHERE
    lt1.level2_label ILIKE '%urban%'
), urban_dominant_grids AS (
  SELECT
    u.latitude AS latitude,
    u.longitude AS longitude
  FROM landcover_upscaled AS u
  CROSS JOIN LATERAL (
    SELECT
      lt.level2_code AS level2_code,
      lt.level2_label AS level2_label,
      SUM(u.ranks[i][2]) AS total_count
    FROM GENERATE_SUBSCRIPTS(u.ranks, 1) AS i
    JOIN landcover_type AS lt
      ON lt.level3_code = u.ranks[i][1]
    GROUP BY
      lt.level2_code,
      lt.level2_label
    ORDER BY
      total_count DESC
    LIMIT 1
  ) AS dominant
  JOIN urban_level2_codes AS ul
    ON ul.level2_code = dominant.level2_code
  WHERE
    (ROUND(CAST(u.latitude AS DECIMAL), 1), ROUND(CAST(u.longitude AS DECIMAL), 1)) IN (
      (38.0, 23.2),
      (38.0, 23.3),
      (38.1, 23.3),
      (38.2, 23.3),
      (38.0, 23.4),
      (38.1, 23.4),
      (38.2, 23.4),
      (38.1, 23.5),
      (38.0, 23.6),
      (38.1, 23.6),
      (38.0, 23.7),
      (38.1, 23.7),
      (38.2, 23.7),
      (38.3, 23.7),
      (37.9, 23.8),
      (38.0, 23.8),
      (38.1, 23.8),
      (38.2, 23.8),
      (38.3, 23.8),
      (37.8, 23.9),
      (37.9, 23.9),
      (38.0, 23.9),
      (38.1, 23.9),
      (38.2, 23.9)
    )
), time_window_3 AS (
  SELECT
    EXTRACT(YEAR FROM t.time) AS time_window_6,
    AVG(t.tmean - 273.15) AS avg_temp_c
  FROM meteo_tmean AS t
  JOIN urban_dominant_grids AS ug
    ON ug.latitude = t.latitude AND ug.longitude = t.longitude
  WHERE
    EXTRACT(YEAR FROM t.time) BETWEEN 2015 AND 2016
  GROUP BY
    EXTRACT(YEAR FROM t.time)
)
SELECT
  time_window_3.time_window_6 AS time_window_4,
  ROUND(CAST(time_window_3.avg_temp_c AS DECIMAL), 2) AS time_window_5
FROM time_window_3
ORDER BY
  time_window_3.time_window_6"
550,H,306,What is the average annual temperature in Celsius for urban-dominated areas (defined in level 2) in Canton of Bern between 2015 and 2016?,landcover_type;landcover_upscaled;meteo_tmean,false,InternalError_: ProvSQL: ORDER BY on the result of an aggregate function is not supported,"WITH urban_level2_codes AS (
  SELECT DISTINCT
    lt1.level2_code AS level2_code
  FROM landcover_type AS lt1
  WHERE
    lt1.level2_label ILIKE '%urban%'
), urban_dominant_grids AS (
  SELECT
    u.latitude AS latitude,
    u.longitude AS longitude
  FROM landcover_upscaled AS u
  CROSS JOIN LATERAL (
    SELECT
      lt.level2_code AS level2_code,
      lt.level2_label AS level2_label,
      SUM(u.ranks[i][2]) AS total_count
    FROM GENERATE_SUBSCRIPTS(u.ranks, 1) AS i
    JOIN landcover_type AS lt
      ON lt.level3_code = u.ranks[i][1]
    GROUP BY
      lt.level2_code,
      lt.level2_label
    ORDER BY
      total_count DESC
    LIMIT 1
  ) AS dominant
  JOIN urban_level2_codes AS ul
    ON ul.level2_code = dominant.level2_code
  WHERE
    (ROUND(CAST(u.latitude AS DECIMAL), 1), ROUND(CAST(u.longitude AS DECIMAL), 1)) IN (
      (47.1, 6.9),
      (47.0, 7.1),
      (47.1, 7.1),
      (47.2, 7.1),
      (47.1, 7.2),
      (47.2, 7.2),
      (46.4, 7.3),
      (46.5, 7.3),
      (46.9, 7.3),
      (47.0, 7.3),
      (47.1, 7.3),
      (47.2, 7.3),
      (46.4, 7.4),
      (46.5, 7.4),
      (46.6, 7.4),
      (46.7, 7.4),
      (46.8, 7.4),
      (46.9, 7.4),
      (47.0, 7.4),
      (47.3, 7.4),
      (46.4, 7.5),
      (46.5, 7.5),
      (46.6, 7.5),
      (46.7, 7.5),
      (46.8, 7.5),
      (46.9, 7.5),
      (47.0, 7.5),
      (47.1, 7.5),
      (47.3, 7.5),
      (46.5, 7.6),
      (46.6, 7.6),
      (46.7, 7.6),
      (46.8, 7.6),
      (46.9, 7.6),
      (47.0, 7.6),
      (47.1, 7.6),
      (46.5, 7.7),
      (46.6, 7.7),
      (46.7, 7.7),
      (46.8, 7.7),
      (46.9, 7.7),
      (47.0, 7.7),
      (47.1, 7.7),
      (47.2, 7.7),
      (46.5, 7.8),
      (46.6, 7.8),
      (46.7, 7.8),
      (46.8, 7.8),
      (46.9, 7.8),
      (47.0, 7.8),
      (47.1, 7.8),
      (47.2, 7.8),
      (46.5, 7.9),
      (46.6, 7.9),
      (46.7, 7.9),
      (46.8, 7.9),
      (47.0, 7.9),
      (46.6, 8.0),
      (46.7, 8.0),
      (46.6, 8.1),
      (46.7, 8.1),
      (46.6, 8.2),
      (46.7, 8.2),
      (46.6, 8.3),
      (46.7, 8.3)
    )
), time_window_3 AS (
  SELECT
    EXTRACT(YEAR FROM t.time) AS time_window_6,
    AVG(t.tmean - 273.15) AS avg_temp_c
  FROM meteo_tmean AS t
  JOIN urban_dominant_grids AS ug
    ON ug.latitude = t.latitude AND ug.longitude = t.longitude
  WHERE
    EXTRACT(YEAR FROM t.time) BETWEEN 2015 AND 2016
  GROUP BY
    EXTRACT(YEAR FROM t.time)
)
SELECT
  time_window_3.time_window_6 AS time_window_4,
  ROUND(CAST(time_window_3.avg_temp_c AS DECIMAL), 2) AS time_window_5
FROM time_window_3
ORDER BY
  time_window_3.time_window_6"
551,H,306,What is the average annual temperature in Celsius for urban-dominated areas (defined in level 2) in Peloponnese between 2015 and 2016?,landcover_type;landcover_upscaled;meteo_tmean,false,InternalError_: ProvSQL: ORDER BY on the result of an aggregate function is not supported,"WITH urban_level2_codes AS (
  SELECT DISTINCT
    lt1.level2_code AS level2_code
  FROM landcover_type AS lt1
  WHERE
    lt1.level2_label ILIKE '%urban%'
), urban_dominant_grids AS (
  SELECT
    u.latitude AS latitude,
    u.longitude AS longitude
  FROM landcover_upscaled AS u
  CROSS JOIN LATERAL (
    SELECT
      lt.level2_code AS level2_code,
      lt.level2_label AS level2_label,
      SUM(u.ranks[i][2]) AS total_count
    FROM GENERATE_SUBSCRIPTS(u.ranks, 1) AS i
    JOIN landcover_type AS lt
      ON lt.level3_code = u.ranks[i][1]
    GROUP BY
      lt.level2_code,
      lt.level2_label
    ORDER BY
      total_count DESC
    LIMIT 1
  ) AS dominant
  JOIN urban_level2_codes AS ul
    ON ul.level2_code = dominant.level2_code
  WHERE
    (ROUND(CAST(u.latitude AS DECIMAL), 1), ROUND(CAST(u.longitude AS DECIMAL), 1)) IN (
      (37.9, 21.2),
      (37.8, 21.3),
      (37.9, 21.3),
      (38.0, 21.3),
      (37.7, 21.4),
      (37.8, 21.4),
      (37.9, 21.4),
      (38.0, 21.4),
      (38.1, 21.4),
      (37.6, 21.5),
      (37.7, 21.5),
      (37.8, 21.5),
      (37.9, 21.5),
      (38.0, 21.5),
      (38.1, 21.5),
      (37.1, 21.6),
      (37.2, 21.6),
      (37.6, 21.6),
      (37.7, 21.6),
      (37.8, 21.6),
      (37.9, 21.6),
      (38.0, 21.6),
      (38.1, 21.6),
      (36.9, 21.7),
      (37.0, 21.7),
      (37.1, 21.7),
      (37.2, 21.7),
      (37.3, 21.7),
      (37.4, 21.7),
      (37.5, 21.7),
      (37.6, 21.7),
      (37.7, 21.7),
      (37.8, 21.7),
      (37.9, 21.7),
      (38.0, 21.7),
      (38.1, 21.7),
      (38.2, 21.7),
      (36.9, 21.8),
      (37.0, 21.8),
      (37.1, 21.8),
      (37.2, 21.8),
      (37.3, 21.8),
      (37.4, 21.8),
      (37.5, 21.8),
      (37.6, 21.8),
      (37.7, 21.8),
      (37.8, 21.8),
      (37.9, 21.8),
      (38.0, 21.8),
      (38.1, 21.8),
      (38.2, 21.8),
      (38.3, 21.8),
      (36.8, 21.9),
      (36.9, 21.9),
      (37.0, 21.9),
      (37.1, 21.9),
      (37.2, 21.9),
      (37.3, 21.9),
      (37.4, 21.9),
      (37.5, 21.9),
      (37.6, 21.9),
      (37.7, 21.9),
      (37.8, 21.9),
      (37.9, 21.9),
      (38.0, 21.9),
      (38.1, 21.9),
      (38.2, 21.9),
      (38.3, 21.9),
      (37.1, 22.0),
      (37.2, 22.0),
      (37.3, 22.0),
      (37.4, 22.0),
      (37.5, 22.0),
      (37.6, 22.0),
      (37.7, 22.0),
      (37.8, 22.0),
      (37.9, 22.0),
      (38.0, 22.0),
      (38.1, 22.0),
      (38.2, 22.0),
      (38.3, 22.0),
      (37.1, 22.1),
      (37.2, 22.1),
      (37.3, 22.1),
      (37.4, 22.1),
      (37.5, 22.1),
      (37.6, 22.1),
      (37.7, 22.1),
      (37.8, 22.1),
      (37.9, 22.1),
      (38.0, 22.1),
      (38.1, 22.1),
      (38.2, 22.1),
      (37.0, 22.2),
      (37.1, 22.2),
      (37.2, 22.2),
      (37.3, 22.2),
      (37.4, 22.2),
      (37.5, 22.2),
      (37.6, 22.2),
      (37.7, 22.2),
      (37.8, 22.2),
      (37.9, 22.2),
      (38.0, 22.2),
      (38.1, 22.2),
      (36.8, 22.3),
      (36.9, 22.3),
      (37.0, 22.3),
      (37.1, 22.3),
      (37.2, 22.3),
      (37.3, 22.3),
      (37.4, 22.3),
      (37.5, 22.3),
      (37.6, 22.3),
      (37.7, 22.3),
      (37.8, 22.3),
      (37.9, 22.3),
      (38.0, 22.3),
      (38.1, 22.3),
      (36.5, 22.4),
      (36.6, 22.4),
      (36.7, 22.4),
      (36.8, 22.4),
      (36.9, 22.4),
      (37.0, 22.4),
      (37.1, 22.4),
      (37.2, 22.4),
      (37.3, 22.4),
      (37.4, 22.4),
      (37.5, 22.4),
      (37.6, 22.4),
      (37.7, 22.4),
      (37.8, 22.4),
      (37.9, 22.4),
      (38.0, 22.4),
      (38.1, 22.4),
      (36.7, 22.5),
      (36.8, 22.5),
      (36.9, 22.5),
      (37.0, 22.5),
      (37.1, 22.5),
      (37.2, 22.5),
      (37.3, 22.5),
      (37.4, 22.5),
      (37.5, 22.5),
      (37.6, 22.5),
      (37.7, 22.5),
      (37.8, 22.5),
      (37.9, 22.5),
      (38.0, 22.5),
      (38.1, 22.5),
      (36.8, 22.6),
      (36.9, 22.6),
      (37.0, 22.6),
      (37.1, 22.6),
      (37.2, 22.6),
      (37.3, 22.6),
      (37.4, 22.6),
      (37.5, 22.6),
      (37.6, 22.6),
      (37.7, 22.6),
      (37.8, 22.6),
      (37.9, 22.6),
      (38.0, 22.6),
      (36.9, 22.7),
      (37.0, 22.7),
      (37.1, 22.7),
      (37.2, 22.7),
      (37.3, 22.7),
      (37.4, 22.7),
      (37.5, 22.7),
      (37.6, 22.7),
      (37.7, 22.7),
      (37.8, 22.7),
      (37.9, 22.7),
      (38.0, 22.7),
      (36.8, 22.8),
      (36.9, 22.8),
      (37.0, 22.8),
      (37.1, 22.8),
      (37.2, 22.8),
      (37.3, 22.8),
      (37.6, 22.8),
      (37.7, 22.8),
      (37.8, 22.8),
      (37.9, 22.8),
      (36.7, 22.9),
      (36.8, 22.9),
      (36.9, 22.9),
      (37.0, 22.9),
      (37.1, 22.9),
      (37.6, 22.9),
      (37.7, 22.9),
      (37.8, 22.9),
      (37.9, 22.9),
      (36.6, 23.0),
      (36.7, 23.0),
      (36.8, 23.0),
      (36.9, 23.0),
      (37.0, 23.0),
      (37.5, 23.0),
      (37.6, 23.0),
      (37.7, 23.0),
      (37.8, 23.0),
      (37.9, 23.0),
      (36.5, 23.1),
      (37.5, 23.1),
      (37.6, 23.1),
      (37.7, 23.1),
      (37.8, 23.1),
      (37.3, 23.2),
      (37.4, 23.2),
      (37.5, 23.2),
      (37.4, 23.3),
      (37.5, 23.3),
      (37.5, 23.4),
      (37.6, 23.4)
    )
), time_window_3 AS (
  SELECT
    EXTRACT(YEAR FROM t.time) AS time_window_6,
    AVG(t.tmean - 273.15) AS avg_temp_c
  FROM meteo_tmean AS t
  JOIN urban_dominant_grids AS ug
    ON ug.latitude = t.latitude AND ug.longitude = t.longitude
  WHERE
    EXTRACT(YEAR FROM t.time) BETWEEN 2015 AND 2016
  GROUP BY
    EXTRACT(YEAR FROM t.time)
)
SELECT
  time_window_3.time_window_6 AS time_window_4,
  ROUND(CAST(time_window_3.avg_temp_c AS DECIMAL), 2) AS time_window_5
FROM time_window_3
ORDER BY
  time_window_3.time_window_6"
552,I,308,Compare average temperatures in Celsius across 2015–2016 between the dominant landcovers of forest and urban in City of Zurich.,landcover_type;landcover_upscaled;meteo_tmean,false,InternalError_: ProvSQL: ORDER BY on the result of an aggregate function is not supported,"WITH forest_level2 AS (
  SELECT DISTINCT
    lt1.level2_code AS level2_code
  FROM landcover_type AS lt1
  WHERE
    lt1.level2_label ILIKE '%forest%'
), urban_level2 AS (
  SELECT DISTINCT
    lt2.level2_code AS level2_code
  FROM landcover_type AS lt2
  WHERE
    lt2.level2_label ILIKE '%urban%'
), dominant_grids AS (
  SELECT
    u.latitude AS latitude,
    u.longitude AS longitude,
    CASE
      WHEN dom.level2_code IN (
        SELECT
          forest_level2.level2_code AS level2_code
        FROM forest_level2
      )
      THEN 'Forest'
      WHEN dom.level2_code IN (
        SELECT
          urban_level2.level2_code AS level2_code
        FROM urban_level2
      )
      THEN 'Urban'
      ELSE 'Other'
    END AS landcover_group
  FROM landcover_upscaled AS u
  CROSS JOIN LATERAL (
    SELECT
      lt.level2_code AS level2_code,
      SUM(u.ranks[i][2]) AS total_count
    FROM GENERATE_SUBSCRIPTS(u.ranks, 1) AS i
    JOIN landcover_type AS lt
      ON lt.level3_code = u.ranks[i][1]
    GROUP BY
      lt.level2_code
    ORDER BY
      total_count DESC
    LIMIT 1
  ) AS dom
  WHERE
    (ROUND(CAST(u.latitude AS DECIMAL), 1), ROUND(CAST(u.longitude AS DECIMAL), 1)) IN ((47.4, 8.5))
    AND dom.level2_code IN (
      SELECT
        forest_level2.level2_code AS level2_code
      FROM forest_level2
      UNION
      SELECT
        urban_level2.level2_code AS level2_code
      FROM urban_level2
    )
), time_window_1 AS (
  SELECT
    dg.landcover_group AS landcover_group,
    AVG(t.tmean - 273.15) AS avg_temp_c,
    COUNT(DISTINCT t.latitude || ',' || t.longitude) AS num_grids
  FROM meteo_tmean AS t
  JOIN dominant_grids AS dg
    ON dg.latitude = t.latitude AND dg.longitude = t.longitude
  WHERE
    EXTRACT(YEAR FROM t.time) BETWEEN 2015 AND 2016
  GROUP BY
    dg.landcover_group
)
SELECT
  ROUND(
    CAST(MAX(
      CASE
        WHEN time_window_1.landcover_group = 'Forest'
        THEN time_window_1.avg_temp_c
      END
    ) AS DECIMAL),
    2
  ) AS forest_avg_c,
  ROUND(
    CAST(MAX(
      CASE WHEN time_window_1.landcover_group = 'Urban' THEN time_window_1.avg_temp_c END
    ) AS DECIMAL),
    2
  ) AS urban_avg_c,
  ROUND(
    CAST(MAX(
      CASE WHEN time_window_1.landcover_group = 'Urban' THEN time_window_1.avg_temp_c END
    ) AS DECIMAL) - CAST(MAX(
      CASE
        WHEN time_window_1.landcover_group = 'Forest'
        THEN time_window_1.avg_temp_c
      END
    ) AS DECIMAL),
    2
  ) AS urban_minus_forest_diff_c
FROM time_window_1"
553,I,308,Compare average temperatures in Celsius across 2015–2016 between the dominant landcovers of forest and urban in Attica.,landcover_type;landcover_upscaled;meteo_tmean,false,InternalError_: ProvSQL: ORDER BY on the result of an aggregate function is not supported,"WITH forest_level2 AS (
  SELECT DISTINCT
    lt1.level2_code AS level2_code
  FROM landcover_type AS lt1
  WHERE
    lt1.level2_label ILIKE '%forest%'
), urban_level2 AS (
  SELECT DISTINCT
    lt2.level2_code AS level2_code
  FROM landcover_type AS lt2
  WHERE
    lt2.level2_label ILIKE '%urban%'
), dominant_grids AS (
  SELECT
    u.latitude AS latitude,
    u.longitude AS longitude,
    CASE
      WHEN dom.level2_code IN (
        SELECT
          forest_level2.level2_code AS level2_code
        FROM forest_level2
      )
      THEN 'Forest'
      WHEN dom.level2_code IN (
        SELECT
          urban_level2.level2_code AS level2_code
        FROM urban_level2
      )
      THEN 'Urban'
      ELSE 'Other'
    END AS landcover_group
  FROM landcover_upscaled AS u
  CROSS JOIN LATERAL (
    SELECT
      lt.level2_code AS level2_code,
      SUM(u.ranks[i][2]) AS total_count
    FROM GENERATE_SUBSCRIPTS(u.ranks, 1) AS i
    JOIN landcover_type AS lt
      ON lt.level3_code = u.ranks[i][1]
    GROUP BY
      lt.level2_code
    ORDER BY
      total_count DESC
    LIMIT 1
  ) AS dom
  WHERE
    (ROUND(CAST(u.latitude AS DECIMAL), 1), ROUND(CAST(u.longitude AS DECIMAL), 1)) IN (
      (38.0, 23.2),
      (38.0, 23.3),
      (38.1, 23.3),
      (38.2, 23.3),
      (38.0, 23.4),
      (38.1, 23.4),
      (38.2, 23.4),
      (38.1, 23.5),
      (38.0, 23.6),
      (38.1, 23.6),
      (38.0, 23.7),
      (38.1, 23.7),
      (38.2, 23.7),
      (38.3, 23.7),
      (37.9, 23.8),
      (38.0, 23.8),
      (38.1, 23.8),
      (38.2, 23.8),
      (38.3, 23.8),
      (37.8, 23.9),
      (37.9, 23.9),
      (38.0, 23.9),
      (38.1, 23.9),
      (38.2, 23.9)
    )
    AND dom.level2_code IN (
      SELECT
        forest_level2.level2_code AS level2_code
      FROM forest_level2
      UNION
      SELECT
        urban_level2.level2_code AS level2_code
      FROM urban_level2
    )
), time_window_1 AS (
  SELECT
    dg.landcover_group AS landcover_group,
    AVG(t.tmean - 273.15) AS avg_temp_c,
    COUNT(DISTINCT t.latitude || ',' || t.longitude) AS num_grids
  FROM meteo_tmean AS t
  JOIN dominant_grids AS dg
    ON dg.latitude = t.latitude AND dg.longitude = t.longitude
  WHERE
    EXTRACT(YEAR FROM t.time) BETWEEN 2015 AND 2016
  GROUP BY
    dg.landcover_group
)
SELECT
  ROUND(
    CAST(MAX(
      CASE
        WHEN time_window_1.landcover_group = 'Forest'
        THEN time_window_1.avg_temp_c
      END
    ) AS DECIMAL),
    2
  ) AS forest_avg_c,
  ROUND(
    CAST(MAX(
      CASE WHEN time_window_1.landcover_group = 'Urban' THEN time_window_1.avg_temp_c END
    ) AS DECIMAL),
    2
  ) AS urban_avg_c,
  ROUND(
    CAST(MAX(
      CASE WHEN time_window_1.landcover_group = 'Urban' THEN time_window_1.avg_temp_c END
    ) AS DECIMAL) - CAST(MAX(
      CASE
        WHEN time_window_1.landcover_group = 'Forest'
        THEN time_window_1.avg_temp_c
      END
    ) AS DECIMAL),
    2
  ) AS urban_minus_forest_diff_c
FROM time_window_1"
554,I,308,Compare average temperatures in Celsius across 2015–2016 between the dominant landcovers of forest and urban in Canton of Bern.,landcover_type;landcover_upscaled;meteo_tmean,false,InternalError_: ProvSQL: ORDER BY on the result of an aggregate function is not supported,"WITH forest_level2 AS (
  SELECT DISTINCT
    lt1.level2_code AS level2_code
  FROM landcover_type AS lt1
  WHERE
    lt1.level2_label ILIKE '%forest%'
), urban_level2 AS (
  SELECT DISTINCT
    lt2.level2_code AS level2_code
  FROM landcover_type AS lt2
  WHERE
    lt2.level2_label ILIKE '%urban%'
), dominant_grids AS (
  SELECT
    u.latitude AS latitude,
    u.longitude AS longitude,
    CASE
      WHEN dom.level2_code IN (
        SELECT
          forest_level2.level2_code AS level2_code
        FROM forest_level2
      )
      THEN 'Forest'
      WHEN dom.level2_code IN (
        SELECT
          urban_level2.level2_code AS level2_code
        FROM urban_level2
      )
      THEN 'Urban'
      ELSE 'Other'
    END AS landcover_group
  FROM landcover_upscaled AS u
  CROSS JOIN LATERAL (
    SELECT
      lt.level2_code AS level2_code,
      SUM(u.ranks[i][2]) AS total_count
    FROM GENERATE_SUBSCRIPTS(u.ranks, 1) AS i
    JOIN landcover_type AS lt
      ON lt.level3_code = u.ranks[i][1]
    GROUP BY
      lt.level2_code
    ORDER BY
      total_count DESC
    LIMIT 1
  ) AS dom
  WHERE
    (ROUND(CAST(u.latitude AS DECIMAL), 1), ROUND(CAST(u.longitude AS DECIMAL), 1)) IN (
      (47.1, 6.9),
      (47.0, 7.1),
      (47.1, 7.1),
      (47.2, 7.1),
      (47.1, 7.2),
      (47.2, 7.2),
      (46.4, 7.3),
      (46.5, 7.3),
      (46.9, 7.3),
      (47.0, 7.3),
      (47.1, 7.3),
      (47.2, 7.3),
      (46.4, 7.4),
      (46.5, 7.4),
      (46.6, 7.4),
      (46.7, 7.4),
      (46.8, 7.4),
      (46.9, 7.4),
      (47.0, 7.4),
      (47.3, 7.4),
      (46.4, 7.5),
      (46.5, 7.5),
      (46.6, 7.5),
      (46.7, 7.5),
      (46.8, 7.5),
      (46.9, 7.5),
      (47.0, 7.5),
      (47.1, 7.5),
      (47.3, 7.5),
      (46.5, 7.6),
      (46.6, 7.6),
      (46.7, 7.6),
      (46.8, 7.6),
      (46.9, 7.6),
      (47.0, 7.6),
      (47.1, 7.6),
      (46.5, 7.7),
      (46.6, 7.7),
      (46.7, 7.7),
      (46.8, 7.7),
      (46.9, 7.7),
      (47.0, 7.7),
      (47.1, 7.7),
      (47.2, 7.7),
      (46.5, 7.8),
      (46.6, 7.8),
      (46.7, 7.8),
      (46.8, 7.8),
      (46.9, 7.8),
      (47.0, 7.8),
      (47.1, 7.8),
      (47.2, 7.8),
      (46.5, 7.9),
      (46.6, 7.9),
      (46.7, 7.9),
      (46.8, 7.9),
      (47.0, 7.9),
      (46.6, 8.0),
      (46.7, 8.0),
      (46.6, 8.1),
      (46.7, 8.1),
      (46.6, 8.2),
      (46.7, 8.2),
      (46.6, 8.3),
      (46.7, 8.3)
    )
    AND dom.level2_code IN (
      SELECT
        forest_level2.level2_code AS level2_code
      FROM forest_level2
      UNION
      SELECT
        urban_level2.level2_code AS level2_code
      FROM urban_level2
    )
), time_window_1 AS (
  SELECT
    dg.landcover_group AS landcover_group,
    AVG(t.tmean - 273.15) AS avg_temp_c,
    COUNT(DISTINCT t.latitude || ',' || t.longitude) AS num_grids
  FROM meteo_tmean AS t
  JOIN dominant_grids AS dg
    ON dg.latitude = t.latitude AND dg.longitude = t.longitude
  WHERE
    EXTRACT(YEAR FROM t.time) BETWEEN 2015 AND 2016
  GROUP BY
    dg.landcover_group
)
SELECT
  ROUND(
    CAST(MAX(
      CASE
        WHEN time_window_1.landcover_group = 'Forest'
        THEN time_window_1.avg_temp_c
      END
    ) AS DECIMAL),
    2
  ) AS forest_avg_c,
  ROUND(
    CAST(MAX(
      CASE WHEN time_window_1.landcover_group = 'Urban' THEN time_window_1.avg_temp_c END
    ) AS DECIMAL),
    2
  ) AS urban_avg_c,
  ROUND(
    CAST(MAX(
      CASE WHEN time_window_1.landcover_group = 'Urban' THEN time_window_1.avg_temp_c END
    ) AS DECIMAL) - CAST(MAX(
      CASE
        WHEN time_window_1.landcover_group = 'Forest'
        THEN time_window_1.avg_temp_c
      END
    ) AS DECIMAL),
    2
  ) AS urban_minus_forest_diff_c
FROM time_window_1"
555,I,308,Compare average temperatures in Celsius across 2015–2016 between the dominant landcovers of forest and urban in Peloponnese.,landcover_type;landcover_upscaled;meteo_tmean,false,InternalError_: ProvSQL: ORDER BY on the result of an aggregate function is not supported,"WITH forest_level2 AS (
  SELECT DISTINCT
    lt1.level2_code AS level2_code
  FROM landcover_type AS lt1
  WHERE
    lt1.level2_label ILIKE '%forest%'
), urban_level2 AS (
  SELECT DISTINCT
    lt2.level2_code AS level2_code
  FROM landcover_type AS lt2
  WHERE
    lt2.level2_label ILIKE '%urban%'
), dominant_grids AS (
  SELECT
    u.latitude AS latitude,
    u.longitude AS longitude,
    CASE
      WHEN dom.level2_code IN (
        SELECT
          forest_level2.level2_code AS level2_code
        FROM forest_level2
      )
      THEN 'Forest'
      WHEN dom.level2_code IN (
        SELECT
          urban_level2.level2_code AS level2_code
        FROM urban_level2
      )
      THEN 'Urban'
      ELSE 'Other'
    END AS landcover_group
  FROM landcover_upscaled AS u
  CROSS JOIN LATERAL (
    SELECT
      lt.level2_code AS level2_code,
      SUM(u.ranks[i][2]) AS total_count
    FROM GENERATE_SUBSCRIPTS(u.ranks, 1) AS i
    JOIN landcover_type AS lt
      ON lt.level3_code = u.ranks[i][1]
    GROUP BY
      lt.level2_code
    ORDER BY
      total_count DESC
    LIMIT 1
  ) AS dom
  WHERE
    (ROUND(CAST(u.latitude AS DECIMAL), 1), ROUND(CAST(u.longitude AS DECIMAL), 1)) IN (
      (37.9, 21.2),
      (37.8, 21.3),
      (37.9, 21.3),
      (38.0, 21.3),
      (37.7, 21.4),
      (37.8, 21.4),
      (37.9, 21.4),
      (38.0, 21.4),
      (38.1, 21.4),
      (37.6, 21.5),
      (37.7, 21.5),
      (37.8, 21.5),
      (37.9, 21.5),
      (38.0, 21.5),
      (38.1, 21.5),
      (37.1, 21.6),
      (37.2, 21.6),
      (37.6, 21.6),
      (37.7, 21.6),
      (37.8, 21.6),
      (37.9, 21.6),
      (38.0, 21.6),
      (38.1, 21.6),
      (36.9, 21.7),
      (37.0, 21.7),
      (37.1, 21.7),
      (37.2, 21.7),
      (37.3, 21.7),
      (37.4, 21.7),
      (37.5, 21.7),
      (37.6, 21.7),
      (37.7, 21.7),
      (37.8, 21.7),
      (37.9, 21.7),
      (38.0, 21.7),
      (38.1, 21.7),
      (38.2, 21.7),
      (36.9, 21.8),
      (37.0, 21.8),
      (37.1, 21.8),
      (37.2, 21.8),
      (37.3, 21.8),
      (37.4, 21.8),
      (37.5, 21.8),
      (37.6, 21.8),
      (37.7, 21.8),
      (37.8, 21.8),
      (37.9, 21.8),
      (38.0, 21.8),
      (38.1, 21.8),
      (38.2, 21.8),
      (38.3, 21.8),
      (36.8, 21.9),
      (36.9, 21.9),
      (37.0, 21.9),
      (37.1, 21.9),
      (37.2, 21.9),
      (37.3, 21.9),
      (37.4, 21.9),
      (37.5, 21.9),
      (37.6, 21.9),
      (37.7, 21.9),
      (37.8, 21.9),
      (37.9, 21.9),
      (38.0, 21.9),
      (38.1, 21.9),
      (38.2, 21.9),
      (38.3, 21.9),
      (37.1, 22.0),
      (37.2, 22.0),
      (37.3, 22.0),
      (37.4, 22.0),
      (37.5, 22.0),
      (37.6, 22.0),
      (37.7, 22.0),
      (37.8, 22.0),
      (37.9, 22.0),
      (38.0, 22.0),
      (38.1, 22.0),
      (38.2, 22.0),
      (38.3, 22.0),
      (37.1, 22.1),
      (37.2, 22.1),
      (37.3, 22.1),
      (37.4, 22.1),
      (37.5, 22.1),
      (37.6, 22.1),
      (37.7, 22.1),
      (37.8, 22.1),
      (37.9, 22.1),
      (38.0, 22.1),
      (38.1, 22.1),
      (38.2, 22.1),
      (37.0, 22.2),
      (37.1, 22.2),
      (37.2, 22.2),
      (37.3, 22.2),
      (37.4, 22.2),
      (37.5, 22.2),
      (37.6, 22.2),
      (37.7, 22.2),
      (37.8, 22.2),
      (37.9, 22.2),
      (38.0, 22.2),
      (38.1, 22.2),
      (36.8, 22.3),
      (36.9, 22.3),
      (37.0, 22.3),
      (37.1, 22.3),
      (37.2, 22.3),
      (37.3, 22.3),
      (37.4, 22.3),
      (37.5, 22.3),
      (37.6, 22.3),
      (37.7, 22.3),
      (37.8, 22.3),
      (37.9, 22.3),
      (38.0, 22.3),
      (38.1, 22.3),
      (36.5, 22.4),
      (36.6, 22.4),
      (36.7, 22.4),
      (36.8, 22.4),
      (36.9, 22.4),
      (37.0, 22.4),
      (37.1, 22.4),
      (37.2, 22.4),
      (37.3, 22.4),
      (37.4, 22.4),
      (37.5, 22.4),
      (37.6, 22.4),
      (37.7, 22.4),
      (37.8, 22.4),
      (37.9, 22.4),
      (38.0, 22.4),
      (38.1, 22.4),
      (36.7, 22.5),
      (36.8, 22.5),
      (36.9, 22.5),
      (37.0, 22.5),
      (37.1, 22.5),
      (37.2, 22.5),
      (37.3, 22.5),
      (37.4, 22.5),
      (37.5, 22.5),
      (37.6, 22.5),
      (37.7, 22.5),
      (37.8, 22.5),
      (37.9, 22.5),
      (38.0, 22.5),
      (38.1, 22.5),
      (36.8, 22.6),
      (36.9, 22.6),
      (37.0, 22.6),
      (37.1, 22.6),
      (37.2, 22.6),
      (37.3, 22.6),
      (37.4, 22.6),
      (37.5, 22.6),
      (37.6, 22.6),
      (37.7, 22.6),
      (37.8, 22.6),
      (37.9, 22.6),
      (38.0, 22.6),
      (36.9, 22.7),
      (37.0, 22.7),
      (37.1, 22.7),
      (37.2, 22.7),
      (37.3, 22.7),
      (37.4, 22.7),
      (37.5, 22.7),
      (37.6, 22.7),
      (37.7, 22.7),
      (37.8, 22.7),
      (37.9, 22.7),
      (38.0, 22.7),
      (36.8, 22.8),
      (36.9, 22.8),
      (37.0, 22.8),
      (37.1, 22.8),
      (37.2, 22.8),
      (37.3, 22.8),
      (37.6, 22.8),
      (37.7, 22.8),
      (37.8, 22.8),
      (37.9, 22.8),
      (36.7, 22.9),
      (36.8, 22.9),
      (36.9, 22.9),
      (37.0, 22.9),
      (37.1, 22.9),
      (37.6, 22.9),
      (37.7, 22.9),
      (37.8, 22.9),
      (37.9, 22.9),
      (36.6, 23.0),
      (36.7, 23.0),
      (36.8, 23.0),
      (36.9, 23.0),
      (37.0, 23.0),
      (37.5, 23.0),
      (37.6, 23.0),
      (37.7, 23.0),
      (37.8, 23.0),
      (37.9, 23.0),
      (36.5, 23.1),
      (37.5, 23.1),
      (37.6, 23.1),
      (37.7, 23.1),
      (37.8, 23.1),
      (37.3, 23.2),
      (37.4, 23.2),
      (37.5, 23.2),
      (37.4, 23.3),
      (37.5, 23.3),
      (37.5, 23.4),
      (37.6, 23.4)
    )
    AND dom.level2_code IN (
      SELECT
        forest_level2.level2_code AS level2_code
      FROM forest_level2
      UNION
      SELECT
        urban_level2.level2_code AS level2_code
      FROM urban_level2
    )
), time_window_1 AS (
  SELECT
    dg.landcover_group AS landcover_group,
    AVG(t.tmean - 273.15) AS avg_temp_c,
    COUNT(DISTINCT t.latitude || ',' || t.longitude) AS num_grids
  FROM meteo_tmean AS t
  JOIN dominant_grids AS dg
    ON dg.latitude = t.latitude AND dg.longitude = t.longitude
  WHERE
    EXTRACT(YEAR FROM t.time) BETWEEN 2015 AND 2016
  GROUP BY
    dg.landcover_group
)
SELECT
  ROUND(
    CAST(MAX(
      CASE
        WHEN time_window_1.landcover_group = 'Forest'
        THEN time_window_1.avg_temp_c
      END
    ) AS DECIMAL),
    2
  ) AS forest_avg_c,
  ROUND(
    CAST(MAX(
      CASE WHEN time_window_1.landcover_group = 'Urban' THEN time_window_1.avg_temp_c END
    ) AS DECIMAL),
    2
  ) AS urban_avg_c,
  ROUND(
    CAST(MAX(
      CASE WHEN time_window_1.landcover_group = 'Urban' THEN time_window_1.avg_temp_c END
    ) AS DECIMAL) - CAST(MAX(
      CASE
        WHEN time_window_1.landcover_group = 'Forest'
        THEN time_window_1.avg_temp_c
      END
    ) AS DECIMAL),
    2
  ) AS urban_minus_forest_diff_c
FROM time_window_1"
556,A,329,Show the average elevation in City of Zurich,meteo_elevation,true,,
557,A,329,Show the average elevation in Attica,meteo_elevation,true,,
558,A,329,Show the average elevation in Canton of Bern,meteo_elevation,true,,
559,A,329,Show the average elevation in Peloponnese,meteo_elevation,true,,
560,C,330,Show latitude and longitude of the lowest elevation in City of Zurich,meteo_elevation,true,,
561,C,330,Show latitude and longitude of the lowest elevation in Attica,meteo_elevation,true,,
562,C,330,Show latitude and longitude of the lowest elevation in Canton of Bern,meteo_elevation,true,,
563,C,330,Show latitude and longitude of the lowest elevation in Peloponnese,meteo_elevation,true,,
564,B,331,What is the lowest point in City of Zurich?,meteo_elevation,true,,
565,B,331,What is the lowest point in Attica?,meteo_elevation,true,,
566,B,331,What is the lowest point in Canton of Bern?,meteo_elevation,true,,
567,B,331,What is the lowest point in Peloponnese?,meteo_elevation,true,,
568,B,332,Show the maximum of elevation in City of Zurich,meteo_elevation,true,,
569,B,332,Show the maximum of elevation in Attica,meteo_elevation,true,,
570,B,332,Show the maximum of elevation in Canton of Bern,meteo_elevation,true,,
571,B,332,Show the maximum of elevation in Peloponnese,meteo_elevation,true,,
572,J,334,What is the highest elevation in City of Zurich?,meteo_elevation,true,,
573,J,334,What is the highest elevation in Attica?,meteo_elevation,true,,
574,J,334,What is the highest elevation in Canton of Bern?,meteo_elevation,true,,
575,J,334,What is the highest elevation in Peloponnese?,meteo_elevation,true,,
576,H,339,Which years recorded the highest number of tmax (TX) > 35°C days in City of Zurich during the last 10 years 2011 2020?,meteo_tmax,false,"InternalError_: could not find CTE ""time_window_0""","WITH time_window_0 AS (
  SELECT
    EXTRACT(YEAR FROM mtx.time) AS time_window_1,
    COUNT(*) AS time_window_2
  FROM meteo_tmax AS mtx
  WHERE
    EXTRACT(YEAR FROM mtx.time) BETWEEN 2011 AND 2020
    AND (
      ROUND(CAST(mtx.latitude AS DECIMAL), 1),
      ROUND(CAST(mtx.longitude AS DECIMAL), 1)
    ) IN ((47.4, 8.5))
    AND mtx.tmax - 273.15 > 35
  GROUP BY
    EXTRACT(YEAR FROM mtx.time)
)
SELECT
  time_window_0.time_window_1 AS time_window_1,
  time_window_0.time_window_2 AS time_window_2
FROM time_window_0
WHERE
  time_window_0.time_window_2 = (
    SELECT
      MAX(time_window_0.time_window_2)
    FROM time_window_0
  )
ORDER BY
  time_window_1"
577,H,339,Which years recorded the highest number of tmax (TX) > 35°C days in Attica during the last 10 years 2011 2020?,meteo_tmax,false,"InternalError_: could not find CTE ""time_window_0""","WITH time_window_0 AS (
  SELECT
    EXTRACT(YEAR FROM mtx.time) AS time_window_1,
    COUNT(*) AS time_window_2
  FROM meteo_tmax AS mtx
  WHERE
    EXTRACT(YEAR FROM mtx.time) BETWEEN 2011 AND 2020
    AND (
      ROUND(CAST(mtx.latitude AS DECIMAL), 1),
      ROUND(CAST(mtx.longitude AS DECIMAL), 1)
    ) IN (
      (38.0, 23.2),
      (38.0, 23.3),
      (38.1, 23.3),
      (38.2, 23.3),
      (38.0, 23.4),
      (38.1, 23.4),
      (38.2, 23.4),
      (38.1, 23.5),
      (38.0, 23.6),
      (38.1, 23.6),
      (38.0, 23.7),
      (38.1, 23.7),
      (38.2, 23.7),
      (38.3, 23.7),
      (37.9, 23.8),
      (38.0, 23.8),
      (38.1, 23.8),
      (38.2, 23.8),
      (38.3, 23.8),
      (37.8, 23.9),
      (37.9, 23.9),
      (38.0, 23.9),
      (38.1, 23.9),
      (38.2, 23.9)
    )
    AND mtx.tmax - 273.15 > 35
  GROUP BY
    EXTRACT(YEAR FROM mtx.time)
)
SELECT
  time_window_0.time_window_1 AS time_window_1,
  time_window_0.time_window_2 AS time_window_2
FROM time_window_0
WHERE
  time_window_0.time_window_2 = (
    SELECT
      MAX(time_window_0.time_window_2)
    FROM time_window_0
  )
ORDER BY
  time_window_1"
578,H,339,Which years recorded the highest number of tmax (TX) > 35°C days in Canton of Bern during the last 10 years 2011 2020?,meteo_tmax,false,"InternalError_: could not find CTE ""time_window_0""","WITH time_window_0 AS (
  SELECT
    EXTRACT(YEAR FROM mtx.time) AS time_window_1,
    COUNT(*) AS time_window_2
  FROM meteo_tmax AS mtx
  WHERE
    EXTRACT(YEAR FROM mtx.time) BETWEEN 2011 AND 2020
    AND (
      ROUND(CAST(mtx.latitude AS DECIMAL), 1),
      ROUND(CAST(mtx.longitude AS DECIMAL), 1)
    ) IN (
      (47.1, 6.9),
      (47.0, 7.1),
      (47.1, 7.1),
      (47.2, 7.1),
      (47.1, 7.2),
      (47.2, 7.2),
      (46.4, 7.3),
      (46.5, 7.3),
      (46.9, 7.3),
      (47.0, 7.3),
      (47.1, 7.3),
      (47.2, 7.3),
      (46.4, 7.4),
      (46.5, 7.4),
      (46.6, 7.4),
      (46.7, 7.4),
      (46.8, 7.4),
      (46.9, 7.4),
      (47.0, 7.4),
      (47.3, 7.4),
      (46.4, 7.5),
      (46.5, 7.5),
      (46.6, 7.5),
      (46.7, 7.5),
      (46.8, 7.5),
      (46.9, 7.5),
      (47.0, 7.5),
      (47.1, 7.5),
      (47.3, 7.5),
      (46.5, 7.6),
      (46.6, 7.6),
      (46.7, 7.6),
      (46.8, 7.6),
      (46.9, 7.6),
      (47.0, 7.6),
      (47.1, 7.6),
      (46.5, 7.7),
      (46.6, 7.7),
      (46.7, 7.7),
      (46.8, 7.7),
      (46.9, 7.7),
      (47.0, 7.7),
      (47.1, 7.7),
      (47.2, 7.7),
      (46.5, 7.8),
      (46.6, 7.8),
      (46.7, 7.8),
      (46.8, 7.8),
      (46.9, 7.8),
      (47.0, 7.8),
      (47.1, 7.8),
      (47.2, 7.8),
      (46.5, 7.9),
      (46.6, 7.9),
      (46.7, 7.9),
      (46.8, 7.9),
      (47.0, 7.9),
      (46.6, 8.0),
      (46.7, 8.0),
      (46.6, 8.1),
      (46.7, 8.1),
      (46.6, 8.2),
      (46.7, 8.2),
      (46.6, 8.3),
      (46.7, 8.3)
    )
    AND mtx.tmax - 273.15 > 35
  GROUP BY
    EXTRACT(YEAR FROM mtx.time)
)
SELECT
  time_window_0.time_window_1 AS time_window_1,
  time_window_0.time_window_2 AS time_window_2
FROM time_window_0
WHERE
  time_window_0.time_window_2 = (
    SELECT
      MAX(time_window_0.time_window_2)
    FROM time_window_0
  )
ORDER BY
  time_window_1"
579,H,339,Which years recorded the highest number of tmax (TX) > 35°C days in Peloponnese during the last 10 years 2011 2020?,meteo_tmax,false,"InternalError_: could not find CTE ""time_window_0""","WITH time_window_0 AS (
  SELECT
    EXTRACT(YEAR FROM mtx.time) AS time_window_1,
    COUNT(*) AS time_window_2
  FROM meteo_tmax AS mtx
  WHERE
    EXTRACT(YEAR FROM mtx.time) BETWEEN 2011 AND 2020
    AND (
      ROUND(CAST(mtx.latitude AS DECIMAL), 1),
      ROUND(CAST(mtx.longitude AS DECIMAL), 1)
    ) IN (
      (37.9, 21.2),
      (37.8, 21.3),
      (37.9, 21.3),
      (38.0, 21.3),
      (37.7, 21.4),
      (37.8, 21.4),
      (37.9, 21.4),
      (38.0, 21.4),
      (38.1, 21.4),
      (37.6, 21.5),
      (37.7, 21.5),
      (37.8, 21.5),
      (37.9, 21.5),
      (38.0, 21.5),
      (38.1, 21.5),
      (37.1, 21.6),
      (37.2, 21.6),
      (37.6, 21.6),
      (37.7, 21.6),
      (37.8, 21.6),
      (37.9, 21.6),
      (38.0, 21.6),
      (38.1, 21.6),
      (36.9, 21.7),
      (37.0, 21.7),
      (37.1, 21.7),
      (37.2, 21.7),
      (37.3, 21.7),
      (37.4, 21.7),
      (37.5, 21.7),
      (37.6, 21.7),
      (37.7, 21.7),
      (37.8, 21.7),
      (37.9, 21.7),
      (38.0, 21.7),
      (38.1, 21.7),
      (38.2, 21.7),
      (36.9, 21.8),
      (37.0, 21.8),
      (37.1, 21.8),
      (37.2, 21.8),
      (37.3, 21.8),
      (37.4, 21.8),
      (37.5, 21.8),
      (37.6, 21.8),
      (37.7, 21.8),
      (37.8, 21.8),
      (37.9, 21.8),
      (38.0, 21.8),
      (38.1, 21.8),
      (38.2, 21.8),
      (38.3, 21.8),
      (36.8, 21.9),
      (36.9, 21.9),
      (37.0, 21.9),
      (37.1, 21.9),
      (37.2, 21.9),
      (37.3, 21.9),
      (37.4, 21.9),
      (37.5, 21.9),
      (37.6, 21.9),
      (37.7, 21.9),
      (37.8, 21.9),
      (37.9, 21.9),
      (38.0, 21.9),
      (38.1, 21.9),
      (38.2, 21.9),
      (38.3, 21.9),
      (37.1, 22.0),
      (37.2, 22.0),
      (37.3, 22.0),
      (37.4, 22.0),
      (37.5, 22.0),
      (37.6, 22.0),
      (37.7, 22.0),
      (37.8, 22.0),
      (37.9, 22.0),
      (38.0, 22.0),
      (38.1, 22.0),
      (38.2, 22.0),
      (38.3, 22.0),
      (37.1, 22.1),
      (37.2, 22.1),
      (37.3, 22.1),
      (37.4, 22.1),
      (37.5, 22.1),
      (37.6, 22.1),
      (37.7, 22.1),
      (37.8, 22.1),
      (37.9, 22.1),
      (38.0, 22.1),
      (38.1, 22.1),
      (38.2, 22.1),
      (37.0, 22.2),
      (37.1, 22.2),
      (37.2, 22.2),
      (37.3, 22.2),
      (37.4, 22.2),
      (37.5, 22.2),
      (37.6, 22.2),
      (37.7, 22.2),
      (37.8, 22.2),
      (37.9, 22.2),
      (38.0, 22.2),
      (38.1, 22.2),
      (36.8, 22.3),
      (36.9, 22.3),
      (37.0, 22.3),
      (37.1, 22.3),
      (37.2, 22.3),
      (37.3, 22.3),
      (37.4, 22.3),
      (37.5, 22.3),
      (37.6, 22.3),
      (37.7, 22.3),
      (37.8, 22.3),
      (37.9, 22.3),
      (38.0, 22.3),
      (38.1, 22.3),
      (36.5, 22.4),
      (36.6, 22.4),
      (36.7, 22.4),
      (36.8, 22.4),
      (36.9, 22.4),
      (37.0, 22.4),
      (37.1, 22.4),
      (37.2, 22.4),
      (37.3, 22.4),
      (37.4, 22.4),
      (37.5, 22.4),
      (37.6, 22.4),
      (37.7, 22.4),
      (37.8, 22.4),
      (37.9, 22.4),
      (38.0, 22.4),
      (38.1, 22.4),
      (36.7, 22.5),
      (36.8, 22.5),
      (36.9, 22.5),
      (37.0, 22.5),
      (37.1, 22.5),
      (37.2, 22.5),
      (37.3, 22.5),
      (37.4, 22.5),
      (37.5, 22.5),
      (37.6, 22.5),
      (37.7, 22.5),
      (37.8, 22.5),
      (37.9, 22.5),
      (38.0, 22.5),
      (38.1, 22.5),
      (36.8, 22.6),
      (36.9, 22.6),
      (37.0, 22.6),
      (37.1, 22.6),
      (37.2, 22.6),
      (37.3, 22.6),
      (37.4, 22.6),
      (37.5, 22.6),
      (37.6, 22.6),
      (37.7, 22.6),
      (37.8, 22.6),
      (37.9, 22.6),
      (38.0, 22.6),
      (36.9, 22.7),
      (37.0, 22.7),
      (37.1, 22.7),
      (37.2, 22.7),
      (37.3, 22.7),
      (37.4, 22.7),
      (37.5, 22.7),
      (37.6, 22.7),
      (37.7, 22.7),
      (37.8, 22.7),
      (37.9, 22.7),
      (38.0, 22.7),
      (36.8, 22.8),
      (36.9, 22.8),
      (37.0, 22.8),
      (37.1, 22.8),
      (37.2, 22.8),
      (37.3, 22.8),
      (37.6, 22.8),
      (37.7, 22.8),
      (37.8, 22.8),
      (37.9, 22.8),
      (36.7, 22.9),
      (36.8, 22.9),
      (36.9, 22.9),
      (37.0, 22.9),
      (37.1, 22.9),
      (37.6, 22.9),
      (37.7, 22.9),
      (37.8, 22.9),
      (37.9, 22.9),
      (36.6, 23.0),
      (36.7, 23.0),
      (36.8, 23.0),
      (36.9, 23.0),
      (37.0, 23.0),
      (37.5, 23.0),
      (37.6, 23.0),
      (37.7, 23.0),
      (37.8, 23.0),
      (37.9, 23.0),
      (36.5, 23.1),
      (37.5, 23.1),
      (37.6, 23.1),
      (37.7, 23.1),
      (37.8, 23.1),
      (37.3, 23.2),
      (37.4, 23.2),
      (37.5, 23.2),
      (37.4, 23.3),
      (37.5, 23.3),
      (37.5, 23.4),
      (37.6, 23.4)
    )
    AND mtx.tmax - 273.15 > 35
  GROUP BY
    EXTRACT(YEAR FROM mtx.time)
)
SELECT
  time_window_0.time_window_1 AS time_window_1,
  time_window_0.time_window_2 AS time_window_2
FROM time_window_0
WHERE
  time_window_0.time_window_2 = (
    SELECT
      MAX(time_window_0.time_window_2)
    FROM time_window_0
  )
ORDER BY
  time_window_1"
580,M,340,What is the difference in average of the monthly precipitation one year before and after 2010 in City of Zurich,meteo_tp,true,,
581,M,340,What is the difference in average of the monthly precipitation one year before and after 2010 in Attica,meteo_tp,true,,
582,M,340,What is the difference in average of the monthly precipitation one year before and after 2010 in Canton of Bern,meteo_tp,true,,
583,M,340,What is the difference in average of the monthly precipitation one year before and after 2010 in Peloponnese,meteo_tp,true,,
584,M,342,What is the monthly delta from previous year's solar radiation in City of Zurich in 2020?,meteo_ssrd,true,,
585,M,342,What is the monthly delta from previous year's solar radiation in Attica in 2020?,meteo_ssrd,true,,
586,M,342,What is the monthly delta from previous year's solar radiation in Canton of Bern in 2020?,meteo_ssrd,true,,
587,M,342,What is the monthly delta from previous year's solar radiation in Peloponnese in 2020?,meteo_ssrd,true,,
588,M,343,"Aerage total precipitation in City of Zurich in summer (June, July and August) of 2020 versus the same period last year",meteo_tp,true,,
589,M,343,"Aerage total precipitation in Attica in summer (June, July and August) of 2020 versus the same period last year",meteo_tp,true,,
590,M,343,"Aerage total precipitation in Canton of Bern in summer (June, July and August) of 2020 versus the same period last year",meteo_tp,true,,
591,M,343,"Aerage total precipitation in Peloponnese in summer (June, July and August) of 2020 versus the same period last year",meteo_tp,true,,
592,L,347,What was the precipitation anomaly in City of Zurich during 2010 compared to the 1981–2010 baseline?,meteo_tp,true,,
593,L,347,What was the precipitation anomaly in Attica during 2010 compared to the 1981–2010 baseline?,meteo_tp,true,,
594,L,347,What was the precipitation anomaly in Canton of Bern during 2010 compared to the 1981–2010 baseline?,meteo_tp,true,,
595,L,347,What was the precipitation anomaly in Peloponnese during 2010 compared to the 1981–2010 baseline?,meteo_tp,true,,
596,L,348,How did the precipitation anomaly in City of Zurich evolve each year during 1981–2010 compared to the 1981–2010 climatological baseline?,meteo_tp,true,,
597,L,348,How did the precipitation anomaly in Attica evolve each year during 1981–2010 compared to the 1981–2010 climatological baseline?,meteo_tp,true,,
598,L,348,How did the precipitation anomaly in Canton of Bern evolve each year during 1981–2010 compared to the 1981–2010 climatological baseline?,meteo_tp,true,,
599,L,348,How did the precipitation anomaly in Peloponnese evolve each year during 1981–2010 compared to the 1981–2010 climatological baseline?,meteo_tp,true,,
600,L,349,How did the average solar radiation anomaly in City of Zurich evolve each year from 1991 to 2020 relative to the 1991–2020 reference period?,meteo_ssrd,true,,
601,L,349,How did the average solar radiation anomaly in Attica evolve each year from 1991 to 2020 relative to the 1991–2020 reference period?,meteo_ssrd,true,,
602,L,349,How did the average solar radiation anomaly in Canton of Bern evolve each year from 1991 to 2020 relative to the 1991–2020 reference period?,meteo_ssrd,true,,
603,L,349,How did the average solar radiation anomaly in Peloponnese evolve each year from 1991 to 2020 relative to the 1991–2020 reference period?,meteo_ssrd,true,,
604,Q,355,"For each YEAR, what was the date and temperature of the last day in City of Zurich when the minimum temperature dropped below 0 °C?",meteo_tmin,false,"ProvSQL warning: ProvSQL: window functions are not supported; provenance is tracked per input row only, and the windowed computation is treated as an opaque scalar","WITH time_window_0 AS (
  SELECT
    DATE(mtn.time) AS day,
    EXTRACT(YEAR FROM mtn.time) AS time_window_4,
    MIN(mtn.tmin - 273.15) AS time_window_5
  FROM meteo_tmin AS mtn
  WHERE
    (
      ROUND(CAST(mtn.latitude AS DECIMAL), 1),
      ROUND(CAST(mtn.longitude AS DECIMAL), 1)
    ) IN ((47.4, 8.5))
  GROUP BY
    DATE(mtn.time),
    EXTRACT(YEAR FROM mtn.time)
), time_window_1 AS (
  SELECT
    time_window_0.time_window_4 AS time_window_4,
    time_window_0.day AS day,
    time_window_0.time_window_5 AS time_window_5
  FROM time_window_0
  WHERE
    time_window_0.time_window_5 < 0
), time_window_2 AS (
  SELECT
    time_window_1.time_window_4 AS time_window_4,
    time_window_1.day AS day,
    time_window_1.time_window_5 AS time_window_5,
    ROW_NUMBER() OVER (PARTITION BY time_window_1.time_window_4 ORDER BY time_window_1.day DESC) AS rn
  FROM time_window_1
)
SELECT
  time_window_2.time_window_4 AS time_window_4,
  time_window_2.day AS time_window_3,
  time_window_2.time_window_5 AS temperature_celsius
FROM time_window_2
WHERE
  time_window_2.rn = 1
ORDER BY
  time_window_4"
605,Q,355,"For each YEAR, what was the date and temperature of the last day in Attica when the minimum temperature dropped below 0 °C?",meteo_tmin,false,"ProvSQL warning: ProvSQL: window functions are not supported; provenance is tracked per input row only, and the windowed computation is treated as an opaque scalar","WITH time_window_0 AS (
  SELECT
    DATE(mtn.time) AS day,
    EXTRACT(YEAR FROM mtn.time) AS time_window_4,
    MIN(mtn.tmin - 273.15) AS time_window_5
  FROM meteo_tmin AS mtn
  WHERE
    (
      ROUND(CAST(mtn.latitude AS DECIMAL), 1),
      ROUND(CAST(mtn.longitude AS DECIMAL), 1)
    ) IN (
      (38.0, 23.2),
      (38.0, 23.3),
      (38.1, 23.3),
      (38.2, 23.3),
      (38.0, 23.4),
      (38.1, 23.4),
      (38.2, 23.4),
      (38.1, 23.5),
      (38.0, 23.6),
      (38.1, 23.6),
      (38.0, 23.7),
      (38.1, 23.7),
      (38.2, 23.7),
      (38.3, 23.7),
      (37.9, 23.8),
      (38.0, 23.8),
      (38.1, 23.8),
      (38.2, 23.8),
      (38.3, 23.8),
      (37.8, 23.9),
      (37.9, 23.9),
      (38.0, 23.9),
      (38.1, 23.9),
      (38.2, 23.9)
    )
  GROUP BY
    DATE(mtn.time),
    EXTRACT(YEAR FROM mtn.time)
), time_window_1 AS (
  SELECT
    time_window_0.time_window_4 AS time_window_4,
    time_window_0.day AS day,
    time_window_0.time_window_5 AS time_window_5
  FROM time_window_0
  WHERE
    time_window_0.time_window_5 < 0
), time_window_2 AS (
  SELECT
    time_window_1.time_window_4 AS time_window_4,
    time_window_1.day AS day,
    time_window_1.time_window_5 AS time_window_5,
    ROW_NUMBER() OVER (PARTITION BY time_window_1.time_window_4 ORDER BY time_window_1.day DESC) AS rn
  FROM time_window_1
)
SELECT
  time_window_2.time_window_4 AS time_window_4,
  time_window_2.day AS time_window_3,
  time_window_2.time_window_5 AS temperature_celsius
FROM time_window_2
WHERE
  time_window_2.rn = 1
ORDER BY
  time_window_4"
606,Q,355,"For each YEAR, what was the date and temperature of the last day in Canton of Bern when the minimum temperature dropped below 0 °C?",meteo_tmin,false,"ProvSQL warning: ProvSQL: window functions are not supported; provenance is tracked per input row only, and the windowed computation is treated as an opaque scalar","WITH time_window_0 AS (
  SELECT
    DATE(mtn.time) AS day,
    EXTRACT(YEAR FROM mtn.time) AS time_window_4,
    MIN(mtn.tmin - 273.15) AS time_window_5
  FROM meteo_tmin AS mtn
  WHERE
    (
      ROUND(CAST(mtn.latitude AS DECIMAL), 1),
      ROUND(CAST(mtn.longitude AS DECIMAL), 1)
    ) IN (
      (47.1, 6.9),
      (47.0, 7.1),
      (47.1, 7.1),
      (47.2, 7.1),
      (47.1, 7.2),
      (47.2, 7.2),
      (46.4, 7.3),
      (46.5, 7.3),
      (46.9, 7.3),
      (47.0, 7.3),
      (47.1, 7.3),
      (47.2, 7.3),
      (46.4, 7.4),
      (46.5, 7.4),
      (46.6, 7.4),
      (46.7, 7.4),
      (46.8, 7.4),
      (46.9, 7.4),
      (47.0, 7.4),
      (47.3, 7.4),
      (46.4, 7.5),
      (46.5, 7.5),
      (46.6, 7.5),
      (46.7, 7.5),
      (46.8, 7.5),
      (46.9, 7.5),
      (47.0, 7.5),
      (47.1, 7.5),
      (47.3, 7.5),
      (46.5, 7.6),
      (46.6, 7.6),
      (46.7, 7.6),
      (46.8, 7.6),
      (46.9, 7.6),
      (47.0, 7.6),
      (47.1, 7.6),
      (46.5, 7.7),
      (46.6, 7.7),
      (46.7, 7.7),
      (46.8, 7.7),
      (46.9, 7.7),
      (47.0, 7.7),
      (47.1, 7.7),
      (47.2, 7.7),
      (46.5, 7.8),
      (46.6, 7.8),
      (46.7, 7.8),
      (46.8, 7.8),
      (46.9, 7.8),
      (47.0, 7.8),
      (47.1, 7.8),
      (47.2, 7.8),
      (46.5, 7.9),
      (46.6, 7.9),
      (46.7, 7.9),
      (46.8, 7.9),
      (47.0, 7.9),
      (46.6, 8.0),
      (46.7, 8.0),
      (46.6, 8.1),
      (46.7, 8.1),
      (46.6, 8.2),
      (46.7, 8.2),
      (46.6, 8.3),
      (46.7, 8.3)
    )
  GROUP BY
    DATE(mtn.time),
    EXTRACT(YEAR FROM mtn.time)
), time_window_1 AS (
  SELECT
    time_window_0.time_window_4 AS time_window_4,
    time_window_0.day AS day,
    time_window_0.time_window_5 AS time_window_5
  FROM time_window_0
  WHERE
    time_window_0.time_window_5 < 0
), time_window_2 AS (
  SELECT
    time_window_1.time_window_4 AS time_window_4,
    time_window_1.day AS day,
    time_window_1.time_window_5 AS time_window_5,
    ROW_NUMBER() OVER (PARTITION BY time_window_1.time_window_4 ORDER BY time_window_1.day DESC) AS rn
  FROM time_window_1
)
SELECT
  time_window_2.time_window_4 AS time_window_4,
  time_window_2.day AS time_window_3,
  time_window_2.time_window_5 AS temperature_celsius
FROM time_window_2
WHERE
  time_window_2.rn = 1
ORDER BY
  time_window_4"
607,Q,355,"For each YEAR, what was the date and temperature of the last day in Peloponnese when the minimum temperature dropped below 0 °C?",meteo_tmin,false,"ProvSQL warning: ProvSQL: window functions are not supported; provenance is tracked per input row only, and the windowed computation is treated as an opaque scalar","WITH time_window_0 AS (
  SELECT
    DATE(mtn.time) AS day,
    EXTRACT(YEAR FROM mtn.time) AS time_window_4,
    MIN(mtn.tmin - 273.15) AS time_window_5
  FROM meteo_tmin AS mtn
  WHERE
    (
      ROUND(CAST(mtn.latitude AS DECIMAL), 1),
      ROUND(CAST(mtn.longitude AS DECIMAL), 1)
    ) IN (
      (37.9, 21.2),
      (37.8, 21.3),
      (37.9, 21.3),
      (38.0, 21.3),
      (37.7, 21.4),
      (37.8, 21.4),
      (37.9, 21.4),
      (38.0, 21.4),
      (38.1, 21.4),
      (37.6, 21.5),
      (37.7, 21.5),
      (37.8, 21.5),
      (37.9, 21.5),
      (38.0, 21.5),
      (38.1, 21.5),
      (37.1, 21.6),
      (37.2, 21.6),
      (37.6, 21.6),
      (37.7, 21.6),
      (37.8, 21.6),
      (37.9, 21.6),
      (38.0, 21.6),
      (38.1, 21.6),
      (36.9, 21.7),
      (37.0, 21.7),
      (37.1, 21.7),
      (37.2, 21.7),
      (37.3, 21.7),
      (37.4, 21.7),
      (37.5, 21.7),
      (37.6, 21.7),
      (37.7, 21.7),
      (37.8, 21.7),
      (37.9, 21.7),
      (38.0, 21.7),
      (38.1, 21.7),
      (38.2, 21.7),
      (36.9, 21.8),
      (37.0, 21.8),
      (37.1, 21.8),
      (37.2, 21.8),
      (37.3, 21.8),
      (37.4, 21.8),
      (37.5, 21.8),
      (37.6, 21.8),
      (37.7, 21.8),
      (37.8, 21.8),
      (37.9, 21.8),
      (38.0, 21.8),
      (38.1, 21.8),
      (38.2, 21.8),
      (38.3, 21.8),
      (36.8, 21.9),
      (36.9, 21.9),
      (37.0, 21.9),
      (37.1, 21.9),
      (37.2, 21.9),
      (37.3, 21.9),
      (37.4, 21.9),
      (37.5, 21.9),
      (37.6, 21.9),
      (37.7, 21.9),
      (37.8, 21.9),
      (37.9, 21.9),
      (38.0, 21.9),
      (38.1, 21.9),
      (38.2, 21.9),
      (38.3, 21.9),
      (37.1, 22.0),
      (37.2, 22.0),
      (37.3, 22.0),
      (37.4, 22.0),
      (37.5, 22.0),
      (37.6, 22.0),
      (37.7, 22.0),
      (37.8, 22.0),
      (37.9, 22.0),
      (38.0, 22.0),
      (38.1, 22.0),
      (38.2, 22.0),
      (38.3, 22.0),
      (37.1, 22.1),
      (37.2, 22.1),
      (37.3, 22.1),
      (37.4, 22.1),
      (37.5, 22.1),
      (37.6, 22.1),
      (37.7, 22.1),
      (37.8, 22.1),
      (37.9, 22.1),
      (38.0, 22.1),
      (38.1, 22.1),
      (38.2, 22.1),
      (37.0, 22.2),
      (37.1, 22.2),
      (37.2, 22.2),
      (37.3, 22.2),
      (37.4, 22.2),
      (37.5, 22.2),
      (37.6, 22.2),
      (37.7, 22.2),
      (37.8, 22.2),
      (37.9, 22.2),
      (38.0, 22.2),
      (38.1, 22.2),
      (36.8, 22.3),
      (36.9, 22.3),
      (37.0, 22.3),
      (37.1, 22.3),
      (37.2, 22.3),
      (37.3, 22.3),
      (37.4, 22.3),
      (37.5, 22.3),
      (37.6, 22.3),
      (37.7, 22.3),
      (37.8, 22.3),
      (37.9, 22.3),
      (38.0, 22.3),
      (38.1, 22.3),
      (36.5, 22.4),
      (36.6, 22.4),
      (36.7, 22.4),
      (36.8, 22.4),
      (36.9, 22.4),
      (37.0, 22.4),
      (37.1, 22.4),
      (37.2, 22.4),
      (37.3, 22.4),
      (37.4, 22.4),
      (37.5, 22.4),
      (37.6, 22.4),
      (37.7, 22.4),
      (37.8, 22.4),
      (37.9, 22.4),
      (38.0, 22.4),
      (38.1, 22.4),
      (36.7, 22.5),
      (36.8, 22.5),
      (36.9, 22.5),
      (37.0, 22.5),
      (37.1, 22.5),
      (37.2, 22.5),
      (37.3, 22.5),
      (37.4, 22.5),
      (37.5, 22.5),
      (37.6, 22.5),
      (37.7, 22.5),
      (37.8, 22.5),
      (37.9, 22.5),
      (38.0, 22.5),
      (38.1, 22.5),
      (36.8, 22.6),
      (36.9, 22.6),
      (37.0, 22.6),
      (37.1, 22.6),
      (37.2, 22.6),
      (37.3, 22.6),
      (37.4, 22.6),
      (37.5, 22.6),
      (37.6, 22.6),
      (37.7, 22.6),
      (37.8, 22.6),
      (37.9, 22.6),
      (38.0, 22.6),
      (36.9, 22.7),
      (37.0, 22.7),
      (37.1, 22.7),
      (37.2, 22.7),
      (37.3, 22.7),
      (37.4, 22.7),
      (37.5, 22.7),
      (37.6, 22.7),
      (37.7, 22.7),
      (37.8, 22.7),
      (37.9, 22.7),
      (38.0, 22.7),
      (36.8, 22.8),
      (36.9, 22.8),
      (37.0, 22.8),
      (37.1, 22.8),
      (37.2, 22.8),
      (37.3, 22.8),
      (37.6, 22.8),
      (37.7, 22.8),
      (37.8, 22.8),
      (37.9, 22.8),
      (36.7, 22.9),
      (36.8, 22.9),
      (36.9, 22.9),
      (37.0, 22.9),
      (37.1, 22.9),
      (37.6, 22.9),
      (37.7, 22.9),
      (37.8, 22.9),
      (37.9, 22.9),
      (36.6, 23.0),
      (36.7, 23.0),
      (36.8, 23.0),
      (36.9, 23.0),
      (37.0, 23.0),
      (37.5, 23.0),
      (37.6, 23.0),
      (37.7, 23.0),
      (37.8, 23.0),
      (37.9, 23.0),
      (36.5, 23.1),
      (37.5, 23.1),
      (37.6, 23.1),
      (37.7, 23.1),
      (37.8, 23.1),
      (37.3, 23.2),
      (37.4, 23.2),
      (37.5, 23.2),
      (37.4, 23.3),
      (37.5, 23.3),
      (37.5, 23.4),
      (37.6, 23.4)
    )
  GROUP BY
    DATE(mtn.time),
    EXTRACT(YEAR FROM mtn.time)
), time_window_1 AS (
  SELECT
    time_window_0.time_window_4 AS time_window_4,
    time_window_0.day AS day,
    time_window_0.time_window_5 AS time_window_5
  FROM time_window_0
  WHERE
    time_window_0.time_window_5 < 0
), time_window_2 AS (
  SELECT
    time_window_1.time_window_4 AS time_window_4,
    time_window_1.day AS day,
    time_window_1.time_window_5 AS time_window_5,
    ROW_NUMBER() OVER (PARTITION BY time_window_1.time_window_4 ORDER BY time_window_1.day DESC) AS rn
  FROM time_window_1
)
SELECT
  time_window_2.time_window_4 AS time_window_4,
  time_window_2.day AS time_window_3,
  time_window_2.time_window_5 AS temperature_celsius
FROM time_window_2
WHERE
  time_window_2.rn = 1
ORDER BY
  time_window_4"
608,Q+N,357,How has the date of the last snow day (snow depth > 5 cm) evolved in City of Zurich over time?,meteo_sdmax,false,"NotImplementedError: Aggregates ProvSQL cannot explain: REGR_SLOPE. Add a column with COUNT, SUM, MIN, MAX, AVG, ARRAY_AGG, BOOL_AND or BOOL_OR to explain the rows aggregated.","WITH time_window_0 AS (
  SELECT
    DATE(msd.time) AS day,
    CASE
      WHEN EXTRACT(MONTH FROM msd.time) = 12
      THEN EXTRACT(YEAR FROM msd.time) + 1
      ELSE EXTRACT(YEAR FROM msd.time)
    END AS time_window_4,
    MAX(msd.sdmax) AS time_window_5
  FROM meteo_SDMAX AS msd
  WHERE
    (
      ROUND(CAST(msd.latitude AS DECIMAL), 1),
      ROUND(CAST(msd.longitude AS DECIMAL), 1)
    ) IN ((47.4, 8.5))
    AND EXTRACT(MONTH FROM msd.time) IN (12, 1, 2)
  GROUP BY
    DATE(msd.time),
    CASE
      WHEN EXTRACT(MONTH FROM msd.time) = 12
      THEN EXTRACT(YEAR FROM msd.time) + 1
      ELSE EXTRACT(YEAR FROM msd.time)
    END
), time_window_1 AS (
  SELECT
    time_window_0.time_window_4 AS time_window_4,
    time_window_0.day AS day,
    time_window_0.time_window_5 AS time_window_5
  FROM time_window_0
  WHERE
    time_window_0.time_window_5 > 0.05
), time_window_2 AS (
  SELECT
    time_window_1.time_window_4 AS time_window_4,
    MAX(time_window_1.day) AS time_window_6
  FROM time_window_1
  GROUP BY
    time_window_1.time_window_4
), last_snow_doy AS (
  SELECT
    time_window_2.time_window_4 AS time_window_4,
    EXTRACT(DOY FROM time_window_2.time_window_6) AS last_snow_doy
  FROM time_window_2
)
SELECT
  REGR_SLOPE(last_snow_doy.last_snow_doy, last_snow_doy.time_window_4) AS time_window_3
FROM last_snow_doy"
609,Q+N,357,How has the date of the last snow day (snow depth > 5 cm) evolved in Attica over time?,meteo_sdmax,false,"NotImplementedError: Aggregates ProvSQL cannot explain: REGR_SLOPE. Add a column with COUNT, SUM, MIN, MAX, AVG, ARRAY_AGG, BOOL_AND or BOOL_OR to explain the rows aggregated.","WITH time_window_0 AS (
  SELECT
    DATE(msd.time) AS day,
    CASE
      WHEN EXTRACT(MONTH FROM msd.time) = 12
      THEN EXTRACT(YEAR FROM msd.time) + 1
      ELSE EXTRACT(YEAR FROM msd.time)
    END AS time_window_4,
    MAX(msd.sdmax) AS time_window_5
  FROM meteo_SDMAX AS msd
  WHERE
    (
      ROUND(CAST(msd.latitude AS DECIMAL), 1),
      ROUND(CAST(msd.longitude AS DECIMAL), 1)
    ) IN (
      (38.0, 23.2),
      (38.0, 23.3),
      (38.1, 23.3),
      (38.2, 23.3),
      (38.0, 23.4),
      (38.1, 23.4),
      (38.2, 23.4),
      (38.1, 23.5),
      (38.0, 23.6),
      (38.1, 23.6),
      (38.0, 23.7),
      (38.1, 23.7),
      (38.2, 23.7),
      (38.3, 23.7),
      (37.9, 23.8),
      (38.0, 23.8),
      (38.1, 23.8),
      (38.2, 23.8),
      (38.3, 23.8),
      (37.8, 23.9),
      (37.9, 23.9),
      (38.0, 23.9),
      (38.1, 23.9),
      (38.2, 23.9)
    )
    AND EXTRACT(MONTH FROM msd.time) IN (12, 1, 2)
  GROUP BY
    DATE(msd.time),
    CASE
      WHEN EXTRACT(MONTH FROM msd.time) = 12
      THEN EXTRACT(YEAR FROM msd.time) + 1
      ELSE EXTRACT(YEAR FROM msd.time)
    END
), time_window_1 AS (
  SELECT
    time_window_0.time_window_4 AS time_window_4,
    time_window_0.day AS day,
    time_window_0.time_window_5 AS time_window_5
  FROM time_window_0
  WHERE
    time_window_0.time_window_5 > 0.05
), time_window_2 AS (
  SELECT
    time_window_1.time_window_4 AS time_window_4,
    MAX(time_window_1.day) AS time_window_6
  FROM time_window_1
  GROUP BY
    time_window_1.time_window_4
), last_snow_doy AS (
  SELECT
    time_window_2.time_window_4 AS time_window_4,
    EXTRACT(DOY FROM time_window_2.time_window_6) AS last_snow_doy
  FROM time_window_2
)
SELECT
  REGR_SLOPE(last_snow_doy.last_snow_doy, last_snow_doy.time_window_4) AS time_window_3
FROM last_snow_doy"
610,Q+N,357,How has the date of the last snow day (snow depth > 5 cm) evolved in Canton of Bern over time?,meteo_sdmax,false,"NotImplementedError: Aggregates ProvSQL cannot explain: REGR_SLOPE. Add a column with COUNT, SUM, MIN, MAX, AVG, ARRAY_AGG, BOOL_AND or BOOL_OR to explain the rows aggregated.","WITH time_window_0 AS (
  SELECT
    DATE(msd.time) AS day,
    CASE
      WHEN EXTRACT(MONTH FROM msd.time) = 12
      THEN EXTRACT(YEAR FROM msd.time) + 1
      ELSE EXTRACT(YEAR FROM msd.time)
    END AS time_window_4,
    MAX(msd.sdmax) AS time_window_5
  FROM meteo_SDMAX AS msd
  WHERE
    (
      ROUND(CAST(msd.latitude AS DECIMAL), 1),
      ROUND(CAST(msd.longitude AS DECIMAL), 1)
    ) IN (
      (47.1, 6.9),
      (47.0, 7.1),
      (47.1, 7.1),
      (47.2, 7.1),
      (47.1, 7.2),
      (47.2, 7.2),
      (46.4, 7.3),
      (46.5, 7.3),
      (46.9, 7.3),
      (47.0, 7.3),
      (47.1, 7.3),
      (47.2, 7.3),
      (46.4, 7.4),
      (46.5, 7.4),
      (46.6, 7.4),
      (46.7, 7.4),
      (46.8, 7.4),
      (46.9, 7.4),
      (47.0, 7.4),
      (47.3, 7.4),
      (46.4, 7.5),
      (46.5, 7.5),
      (46.6, 7.5),
      (46.7, 7.5),
      (46.8, 7.5),
      (46.9, 7.5),
      (47.0, 7.5),
      (47.1, 7.5),
      (47.3, 7.5),
      (46.5, 7.6),
      (46.6, 7.6),
      (46.7, 7.6),
      (46.8, 7.6),
      (46.9, 7.6),
      (47.0, 7.6),
      (47.1, 7.6),
      (46.5, 7.7),
      (46.6, 7.7),
      (46.7, 7.7),
      (46.8, 7.7),
      (46.9, 7.7),
      (47.0, 7.7),
      (47.1, 7.7),
      (47.2, 7.7),
      (46.5, 7.8),
      (46.6, 7.8),
      (46.7, 7.8),
      (46.8, 7.8),
      (46.9, 7.8),
      (47.0, 7.8),
      (47.1, 7.8),
      (47.2, 7.8),
      (46.5, 7.9),
      (46.6, 7.9),
      (46.7, 7.9),
      (46.8, 7.9),
      (47.0, 7.9),
      (46.6, 8.0),
      (46.7, 8.0),
      (46.6, 8.1),
      (46.7, 8.1),
      (46.6, 8.2),
      (46.7, 8.2),
      (46.6, 8.3),
      (46.7, 8.3)
    )
    AND EXTRACT(MONTH FROM msd.time) IN (12, 1, 2)
  GROUP BY
    DATE(msd.time),
    CASE
      WHEN EXTRACT(MONTH FROM msd.time) = 12
      THEN EXTRACT(YEAR FROM msd.time) + 1
      ELSE EXTRACT(YEAR FROM msd.time)
    END
), time_window_1 AS (
  SELECT
    time_window_0.time_window_4 AS time_window_4,
    time_window_0.day AS day,
    time_window_0.time_window_5 AS time_window_5
  FROM time_window_0
  WHERE
    time_window_0.time_window_5 > 0.05
), time_window_2 AS (
  SELECT
    time_window_1.time_window_4 AS time_window_4,
    MAX(time_window_1.day) AS time_window_6
  FROM time_window_1
  GROUP BY
    time_window_1.time_window_4
), last_snow_doy AS (
  SELECT
    time_window_2.time_window_4 AS time_window_4,
    EXTRACT(DOY FROM time_window_2.time_window_6) AS last_snow_doy
  FROM time_window_2
)
SELECT
  REGR_SLOPE(last_snow_doy.last_snow_doy, last_snow_doy.time_window_4) AS time_window_3
FROM last_snow_doy"
611,Q+N,357,How has the date of the last snow day (snow depth > 5 cm) evolved in Peloponnese over time?,meteo_sdmax,false,"NotImplementedError: Aggregates ProvSQL cannot explain: REGR_SLOPE. Add a column with COUNT, SUM, MIN, MAX, AVG, ARRAY_AGG, BOOL_AND or BOOL_OR to explain the rows aggregated.","WITH time_window_0 AS (
  SELECT
    DATE(msd.time) AS day,
    CASE
      WHEN EXTRACT(MONTH FROM msd.time) = 12
      THEN EXTRACT(YEAR FROM msd.time) + 1
      ELSE EXTRACT(YEAR FROM msd.time)
    END AS time_window_4,
    MAX(msd.sdmax) AS time_window_5
  FROM meteo_SDMAX AS msd
  WHERE
    (
      ROUND(CAST(msd.latitude AS DECIMAL), 1),
      ROUND(CAST(msd.longitude AS DECIMAL), 1)
    ) IN (
      (37.9, 21.2),
      (37.8, 21.3),
      (37.9, 21.3),
      (38.0, 21.3),
      (37.7, 21.4),
      (37.8, 21.4),
      (37.9, 21.4),
      (38.0, 21.4),
      (38.1, 21.4),
      (37.6, 21.5),
      (37.7, 21.5),
      (37.8, 21.5),
      (37.9, 21.5),
      (38.0, 21.5),
      (38.1, 21.5),
      (37.1, 21.6),
      (37.2, 21.6),
      (37.6, 21.6),
      (37.7, 21.6),
      (37.8, 21.6),
      (37.9, 21.6),
      (38.0, 21.6),
      (38.1, 21.6),
      (36.9, 21.7),
      (37.0, 21.7),
      (37.1, 21.7),
      (37.2, 21.7),
      (37.3, 21.7),
      (37.4, 21.7),
      (37.5, 21.7),
      (37.6, 21.7),
      (37.7, 21.7),
      (37.8, 21.7),
      (37.9, 21.7),
      (38.0, 21.7),
      (38.1, 21.7),
      (38.2, 21.7),
      (36.9, 21.8),
      (37.0, 21.8),
      (37.1, 21.8),
      (37.2, 21.8),
      (37.3, 21.8),
      (37.4, 21.8),
      (37.5, 21.8),
      (37.6, 21.8),
      (37.7, 21.8),
      (37.8, 21.8),
      (37.9, 21.8),
      (38.0, 21.8),
      (38.1, 21.8),
      (38.2, 21.8),
      (38.3, 21.8),
      (36.8, 21.9),
      (36.9, 21.9),
      (37.0, 21.9),
      (37.1, 21.9),
      (37.2, 21.9),
      (37.3, 21.9),
      (37.4, 21.9),
      (37.5, 21.9),
      (37.6, 21.9),
      (37.7, 21.9),
      (37.8, 21.9),
      (37.9, 21.9),
      (38.0, 21.9),
      (38.1, 21.9),
      (38.2, 21.9),
      (38.3, 21.9),
      (37.1, 22.0),
      (37.2, 22.0),
      (37.3, 22.0),
      (37.4, 22.0),
      (37.5, 22.0),
      (37.6, 22.0),
      (37.7, 22.0),
      (37.8, 22.0),
      (37.9, 22.0),
      (38.0, 22.0),
      (38.1, 22.0),
      (38.2, 22.0),
      (38.3, 22.0),
      (37.1, 22.1),
      (37.2, 22.1),
      (37.3, 22.1),
      (37.4, 22.1),
      (37.5, 22.1),
      (37.6, 22.1),
      (37.7, 22.1),
      (37.8, 22.1),
      (37.9, 22.1),
      (38.0, 22.1),
      (38.1, 22.1),
      (38.2, 22.1),
      (37.0, 22.2),
      (37.1, 22.2),
      (37.2, 22.2),
      (37.3, 22.2),
      (37.4, 22.2),
      (37.5, 22.2),
      (37.6, 22.2),
      (37.7, 22.2),
      (37.8, 22.2),
      (37.9, 22.2),
      (38.0, 22.2),
      (38.1, 22.2),
      (36.8, 22.3),
      (36.9, 22.3),
      (37.0, 22.3),
      (37.1, 22.3),
      (37.2, 22.3),
      (37.3, 22.3),
      (37.4, 22.3),
      (37.5, 22.3),
      (37.6, 22.3),
      (37.7, 22.3),
      (37.8, 22.3),
      (37.9, 22.3),
      (38.0, 22.3),
      (38.1, 22.3),
      (36.5, 22.4),
      (36.6, 22.4),
      (36.7, 22.4),
      (36.8, 22.4),
      (36.9, 22.4),
      (37.0, 22.4),
      (37.1, 22.4),
      (37.2, 22.4),
      (37.3, 22.4),
      (37.4, 22.4),
      (37.5, 22.4),
      (37.6, 22.4),
      (37.7, 22.4),
      (37.8, 22.4),
      (37.9, 22.4),
      (38.0, 22.4),
      (38.1, 22.4),
      (36.7, 22.5),
      (36.8, 22.5),
      (36.9, 22.5),
      (37.0, 22.5),
      (37.1, 22.5),
      (37.2, 22.5),
      (37.3, 22.5),
      (37.4, 22.5),
      (37.5, 22.5),
      (37.6, 22.5),
      (37.7, 22.5),
      (37.8, 22.5),
      (37.9, 22.5),
      (38.0, 22.5),
      (38.1, 22.5),
      (36.8, 22.6),
      (36.9, 22.6),
      (37.0, 22.6),
      (37.1, 22.6),
      (37.2, 22.6),
      (37.3, 22.6),
      (37.4, 22.6),
      (37.5, 22.6),
      (37.6, 22.6),
      (37.7, 22.6),
      (37.8, 22.6),
      (37.9, 22.6),
      (38.0, 22.6),
      (36.9, 22.7),
      (37.0, 22.7),
      (37.1, 22.7),
      (37.2, 22.7),
      (37.3, 22.7),
      (37.4, 22.7),
      (37.5, 22.7),
      (37.6, 22.7),
      (37.7, 22.7),
      (37.8, 22.7),
      (37.9, 22.7),
      (38.0, 22.7),
      (36.8, 22.8),
      (36.9, 22.8),
      (37.0, 22.8),
      (37.1, 22.8),
      (37.2, 22.8),
      (37.3, 22.8),
      (37.6, 22.8),
      (37.7, 22.8),
      (37.8, 22.8),
      (37.9, 22.8),
      (36.7, 22.9),
      (36.8, 22.9),
      (36.9, 22.9),
      (37.0, 22.9),
      (37.1, 22.9),
      (37.6, 22.9),
      (37.7, 22.9),
      (37.8, 22.9),
      (37.9, 22.9),
      (36.6, 23.0),
      (36.7, 23.0),
      (36.8, 23.0),
      (36.9, 23.0),
      (37.0, 23.0),
      (37.5, 23.0),
      (37.6, 23.0),
      (37.7, 23.0),
      (37.8, 23.0),
      (37.9, 23.0),
      (36.5, 23.1),
      (37.5, 23.1),
      (37.6, 23.1),
      (37.7, 23.1),
      (37.8, 23.1),
      (37.3, 23.2),
      (37.4, 23.2),
      (37.5, 23.2),
      (37.4, 23.3),
      (37.5, 23.3),
      (37.5, 23.4),
      (37.6, 23.4)
    )
    AND EXTRACT(MONTH FROM msd.time) IN (12, 1, 2)
  GROUP BY
    DATE(msd.time),
    CASE
      WHEN EXTRACT(MONTH FROM msd.time) = 12
      THEN EXTRACT(YEAR FROM msd.time) + 1
      ELSE EXTRACT(YEAR FROM msd.time)
    END
), time_window_1 AS (
  SELECT
    time_window_0.time_window_4 AS time_window_4,
    time_window_0.day AS day,
    time_window_0.time_window_5 AS time_window_5
  FROM time_window_0
  WHERE
    time_window_0.time_window_5 > 0.05
), time_window_2 AS (
  SELECT
    time_window_1.time_window_4 AS time_window_4,
    MAX(time_window_1.day) AS time_window_6
  FROM time_window_1
  GROUP BY
    time_window_1.time_window_4
), last_snow_doy AS (
  SELECT
    time_window_2.time_window_4 AS time_window_4,
    EXTRACT(DOY FROM time_window_2.time_window_6) AS last_snow_doy
  FROM time_window_2
)
SELECT
  REGR_SLOPE(last_snow_doy.last_snow_doy, last_snow_doy.time_window_4) AS time_window_3
FROM last_snow_doy"
612,Q+N,360,How has the length of the wet season (end minus start) changed over time (from 1991 to 2020) in City of Zurich?,meteo_tp,false,"NotImplementedError: Aggregates ProvSQL cannot explain: REGR_SLOPE. Add a column with COUNT, SUM, MIN, MAX, AVG, ARRAY_AGG, BOOL_AND or BOOL_OR to explain the rows aggregated.","WITH time_window_0 AS (
  SELECT
    DATE(mtp.time) AS day,
    EXTRACT(YEAR FROM mtp.time) AS time_window_3,
    SUM(mtp.tp) AS time_window_4
  FROM meteo_tp AS mtp
  WHERE
    (
      ROUND(CAST(mtp.latitude AS DECIMAL), 1),
      ROUND(CAST(mtp.longitude AS DECIMAL), 1)
    ) IN ((47.4, 8.5))
    AND EXTRACT(YEAR FROM mtp.time) BETWEEN 1991 AND 2020
  GROUP BY
    DATE(mtp.time),
    EXTRACT(YEAR FROM mtp.time)
), time_window_1 AS (
  SELECT
    time_window_0.time_window_3 AS time_window_3,
    time_window_0.day AS day
  FROM time_window_0
  WHERE
    time_window_0.time_window_4 >= 0.005
), wet_season_bounds AS (
  SELECT
    time_window_1.time_window_3 AS time_window_3,
    MIN(time_window_1.day) AS wet_start,
    MAX(time_window_1.day) AS wet_end
  FROM time_window_1
  GROUP BY
    time_window_1.time_window_3
), wet_season_length AS (
  SELECT
    wet_season_bounds.time_window_3 AS time_window_3,
    (
      wet_season_bounds.wet_end - wet_season_bounds.wet_start
    ) AS time_window_5
  FROM wet_season_bounds
)
SELECT
  REGR_SLOPE(wet_season_length.time_window_5, wet_season_length.time_window_3) AS time_window_2
FROM wet_season_length"
613,Q+N,360,How has the length of the wet season (end minus start) changed over time (from 1991 to 2020) in Attica?,meteo_tp,false,"NotImplementedError: Aggregates ProvSQL cannot explain: REGR_SLOPE. Add a column with COUNT, SUM, MIN, MAX, AVG, ARRAY_AGG, BOOL_AND or BOOL_OR to explain the rows aggregated.","WITH time_window_0 AS (
  SELECT
    DATE(mtp.time) AS day,
    EXTRACT(YEAR FROM mtp.time) AS time_window_3,
    SUM(mtp.tp) AS time_window_4
  FROM meteo_tp AS mtp
  WHERE
    (
      ROUND(CAST(mtp.latitude AS DECIMAL), 1),
      ROUND(CAST(mtp.longitude AS DECIMAL), 1)
    ) IN (
      (38.0, 23.2),
      (38.0, 23.3),
      (38.1, 23.3),
      (38.2, 23.3),
      (38.0, 23.4),
      (38.1, 23.4),
      (38.2, 23.4),
      (38.1, 23.5),
      (38.0, 23.6),
      (38.1, 23.6),
      (38.0, 23.7),
      (38.1, 23.7),
      (38.2, 23.7),
      (38.3, 23.7),
      (37.9, 23.8),
      (38.0, 23.8),
      (38.1, 23.8),
      (38.2, 23.8),
      (38.3, 23.8),
      (37.8, 23.9),
      (37.9, 23.9),
      (38.0, 23.9),
      (38.1, 23.9),
      (38.2, 23.9)
    )
    AND EXTRACT(YEAR FROM mtp.time) BETWEEN 1991 AND 2020
  GROUP BY
    DATE(mtp.time),
    EXTRACT(YEAR FROM mtp.time)
), time_window_1 AS (
  SELECT
    time_window_0.time_window_3 AS time_window_3,
    time_window_0.day AS day
  FROM time_window_0
  WHERE
    time_window_0.time_window_4 >= 0.005
), wet_season_bounds AS (
  SELECT
    time_window_1.time_window_3 AS time_window_3,
    MIN(time_window_1.day) AS wet_start,
    MAX(time_window_1.day) AS wet_end
  FROM time_window_1
  GROUP BY
    time_window_1.time_window_3
), wet_season_length AS (
  SELECT
    wet_season_bounds.time_window_3 AS time_window_3,
    (
      wet_season_bounds.wet_end - wet_season_bounds.wet_start
    ) AS time_window_5
  FROM wet_season_bounds
)
SELECT
  REGR_SLOPE(wet_season_length.time_window_5, wet_season_length.time_window_3) AS time_window_2
FROM wet_season_length"
614,Q+N,360,How has the length of the wet season (end minus start) changed over time (from 1991 to 2020) in Canton of Bern?,meteo_tp,false,"NotImplementedError: Aggregates ProvSQL cannot explain: REGR_SLOPE. Add a column with COUNT, SUM, MIN, MAX, AVG, ARRAY_AGG, BOOL_AND or BOOL_OR to explain the rows aggregated.","WITH time_window_0 AS (
  SELECT
    DATE(mtp.time) AS day,
    EXTRACT(YEAR FROM mtp.time) AS time_window_3,
    SUM(mtp.tp) AS time_window_4
  FROM meteo_tp AS mtp
  WHERE
    (
      ROUND(CAST(mtp.latitude AS DECIMAL), 1),
      ROUND(CAST(mtp.longitude AS DECIMAL), 1)
    ) IN (
      (47.1, 6.9),
      (47.0, 7.1),
      (47.1, 7.1),
      (47.2, 7.1),
      (47.1, 7.2),
      (47.2, 7.2),
      (46.4, 7.3),
      (46.5, 7.3),
      (46.9, 7.3),
      (47.0, 7.3),
      (47.1, 7.3),
      (47.2, 7.3),
      (46.4, 7.4),
      (46.5, 7.4),
      (46.6, 7.4),
      (46.7, 7.4),
      (46.8, 7.4),
      (46.9, 7.4),
      (47.0, 7.4),
      (47.3, 7.4),
      (46.4, 7.5),
      (46.5, 7.5),
      (46.6, 7.5),
      (46.7, 7.5),
      (46.8, 7.5),
      (46.9, 7.5),
      (47.0, 7.5),
      (47.1, 7.5),
      (47.3, 7.5),
      (46.5, 7.6),
      (46.6, 7.6),
      (46.7, 7.6),
      (46.8, 7.6),
      (46.9, 7.6),
      (47.0, 7.6),
      (47.1, 7.6),
      (46.5, 7.7),
      (46.6, 7.7),
      (46.7, 7.7),
      (46.8, 7.7),
      (46.9, 7.7),
      (47.0, 7.7),
      (47.1, 7.7),
      (47.2, 7.7),
      (46.5, 7.8),
      (46.6, 7.8),
      (46.7, 7.8),
      (46.8, 7.8),
      (46.9, 7.8),
      (47.0, 7.8),
      (47.1, 7.8),
      (47.2, 7.8),
      (46.5, 7.9),
      (46.6, 7.9),
      (46.7, 7.9),
      (46.8, 7.9),
      (47.0, 7.9),
      (46.6, 8.0),
      (46.7, 8.0),
      (46.6, 8.1),
      (46.7, 8.1),
      (46.6, 8.2),
      (46.7, 8.2),
      (46.6, 8.3),
      (46.7, 8.3)
    )
    AND EXTRACT(YEAR FROM mtp.time) BETWEEN 1991 AND 2020
  GROUP BY
    DATE(mtp.time),
    EXTRACT(YEAR FROM mtp.time)
), time_window_1 AS (
  SELECT
    time_window_0.time_window_3 AS time_window_3,
    time_window_0.day AS day
  FROM time_window_0
  WHERE
    time_window_0.time_window_4 >= 0.005
), wet_season_bounds AS (
  SELECT
    time_window_1.time_window_3 AS time_window_3,
    MIN(time_window_1.day) AS wet_start,
    MAX(time_window_1.day) AS wet_end
  FROM time_window_1
  GROUP BY
    time_window_1.time_window_3
), wet_season_length AS (
  SELECT
    wet_season_bounds.time_window_3 AS time_window_3,
    (
      wet_season_bounds.wet_end - wet_season_bounds.wet_start
    ) AS time_window_5
  FROM wet_season_bounds
)
SELECT
  REGR_SLOPE(wet_season_length.time_window_5, wet_season_length.time_window_3) AS time_window_2
FROM wet_season_length"
615,Q+N,360,How has the length of the wet season (end minus start) changed over time (from 1991 to 2020) in Peloponnese?,meteo_tp,false,"NotImplementedError: Aggregates ProvSQL cannot explain: REGR_SLOPE. Add a column with COUNT, SUM, MIN, MAX, AVG, ARRAY_AGG, BOOL_AND or BOOL_OR to explain the rows aggregated.","WITH time_window_0 AS (
  SELECT
    DATE(mtp.time) AS day,
    EXTRACT(YEAR FROM mtp.time) AS time_window_3,
    SUM(mtp.tp) AS time_window_4
  FROM meteo_tp AS mtp
  WHERE
    (
      ROUND(CAST(mtp.latitude AS DECIMAL), 1),
      ROUND(CAST(mtp.longitude AS DECIMAL), 1)
    ) IN (
      (37.9, 21.2),
      (37.8, 21.3),
      (37.9, 21.3),
      (38.0, 21.3),
      (37.7, 21.4),
      (37.8, 21.4),
      (37.9, 21.4),
      (38.0, 21.4),
      (38.1, 21.4),
      (37.6, 21.5),
      (37.7, 21.5),
      (37.8, 21.5),
      (37.9, 21.5),
      (38.0, 21.5),
      (38.1, 21.5),
      (37.1, 21.6),
      (37.2, 21.6),
      (37.6, 21.6),
      (37.7, 21.6),
      (37.8, 21.6),
      (37.9, 21.6),
      (38.0, 21.6),
      (38.1, 21.6),
      (36.9, 21.7),
      (37.0, 21.7),
      (37.1, 21.7),
      (37.2, 21.7),
      (37.3, 21.7),
      (37.4, 21.7),
      (37.5, 21.7),
      (37.6, 21.7),
      (37.7, 21.7),
      (37.8, 21.7),
      (37.9, 21.7),
      (38.0, 21.7),
      (38.1, 21.7),
      (38.2, 21.7),
      (36.9, 21.8),
      (37.0, 21.8),
      (37.1, 21.8),
      (37.2, 21.8),
      (37.3, 21.8),
      (37.4, 21.8),
      (37.5, 21.8),
      (37.6, 21.8),
      (37.7, 21.8),
      (37.8, 21.8),
      (37.9, 21.8),
      (38.0, 21.8),
      (38.1, 21.8),
      (38.2, 21.8),
      (38.3, 21.8),
      (36.8, 21.9),
      (36.9, 21.9),
      (37.0, 21.9),
      (37.1, 21.9),
      (37.2, 21.9),
      (37.3, 21.9),
      (37.4, 21.9),
      (37.5, 21.9),
      (37.6, 21.9),
      (37.7, 21.9),
      (37.8, 21.9),
      (37.9, 21.9),
      (38.0, 21.9),
      (38.1, 21.9),
      (38.2, 21.9),
      (38.3, 21.9),
      (37.1, 22.0),
      (37.2, 22.0),
      (37.3, 22.0),
      (37.4, 22.0),
      (37.5, 22.0),
      (37.6, 22.0),
      (37.7, 22.0),
      (37.8, 22.0),
      (37.9, 22.0),
      (38.0, 22.0),
      (38.1, 22.0),
      (38.2, 22.0),
      (38.3, 22.0),
      (37.1, 22.1),
      (37.2, 22.1),
      (37.3, 22.1),
      (37.4, 22.1),
      (37.5, 22.1),
      (37.6, 22.1),
      (37.7, 22.1),
      (37.8, 22.1),
      (37.9, 22.1),
      (38.0, 22.1),
      (38.1, 22.1),
      (38.2, 22.1),
      (37.0, 22.2),
      (37.1, 22.2),
      (37.2, 22.2),
      (37.3, 22.2),
      (37.4, 22.2),
      (37.5, 22.2),
      (37.6, 22.2),
      (37.7, 22.2),
      (37.8, 22.2),
      (37.9, 22.2),
      (38.0, 22.2),
      (38.1, 22.2),
      (36.8, 22.3),
      (36.9, 22.3),
      (37.0, 22.3),
      (37.1, 22.3),
      (37.2, 22.3),
      (37.3, 22.3),
      (37.4, 22.3),
      (37.5, 22.3),
      (37.6, 22.3),
      (37.7, 22.3),
      (37.8, 22.3),
      (37.9, 22.3),
      (38.0, 22.3),
      (38.1, 22.3),
      (36.5, 22.4),
      (36.6, 22.4),
      (36.7, 22.4),
      (36.8, 22.4),
      (36.9, 22.4),
      (37.0, 22.4),
      (37.1, 22.4),
      (37.2, 22.4),
      (37.3, 22.4),
      (37.4, 22.4),
      (37.5, 22.4),
      (37.6, 22.4),
      (37.7, 22.4),
      (37.8, 22.4),
      (37.9, 22.4),
      (38.0, 22.4),
      (38.1, 22.4),
      (36.7, 22.5),
      (36.8, 22.5),
      (36.9, 22.5),
      (37.0, 22.5),
      (37.1, 22.5),
      (37.2, 22.5),
      (37.3, 22.5),
      (37.4, 22.5),
      (37.5, 22.5),
      (37.6, 22.5),
      (37.7, 22.5),
      (37.8, 22.5),
      (37.9, 22.5),
      (38.0, 22.5),
      (38.1, 22.5),
      (36.8, 22.6),
      (36.9, 22.6),
      (37.0, 22.6),
      (37.1, 22.6),
      (37.2, 22.6),
      (37.3, 22.6),
      (37.4, 22.6),
      (37.5, 22.6),
      (37.6, 22.6),
      (37.7, 22.6),
      (37.8, 22.6),
      (37.9, 22.6),
      (38.0, 22.6),
      (36.9, 22.7),
      (37.0, 22.7),
      (37.1, 22.7),
      (37.2, 22.7),
      (37.3, 22.7),
      (37.4, 22.7),
      (37.5, 22.7),
      (37.6, 22.7),
      (37.7, 22.7),
      (37.8, 22.7),
      (37.9, 22.7),
      (38.0, 22.7),
      (36.8, 22.8),
      (36.9, 22.8),
      (37.0, 22.8),
      (37.1, 22.8),
      (37.2, 22.8),
      (37.3, 22.8),
      (37.6, 22.8),
      (37.7, 22.8),
      (37.8, 22.8),
      (37.9, 22.8),
      (36.7, 22.9),
      (36.8, 22.9),
      (36.9, 22.9),
      (37.0, 22.9),
      (37.1, 22.9),
      (37.6, 22.9),
      (37.7, 22.9),
      (37.8, 22.9),
      (37.9, 22.9),
      (36.6, 23.0),
      (36.7, 23.0),
      (36.8, 23.0),
      (36.9, 23.0),
      (37.0, 23.0),
      (37.5, 23.0),
      (37.6, 23.0),
      (37.7, 23.0),
      (37.8, 23.0),
      (37.9, 23.0),
      (36.5, 23.1),
      (37.5, 23.1),
      (37.6, 23.1),
      (37.7, 23.1),
      (37.8, 23.1),
      (37.3, 23.2),
      (37.4, 23.2),
      (37.5, 23.2),
      (37.4, 23.3),
      (37.5, 23.3),
      (37.5, 23.4),
      (37.6, 23.4)
    )
    AND EXTRACT(YEAR FROM mtp.time) BETWEEN 1991 AND 2020
  GROUP BY
    DATE(mtp.time),
    EXTRACT(YEAR FROM mtp.time)
), time_window_1 AS (
  SELECT
    time_window_0.time_window_3 AS time_window_3,
    time_window_0.day AS day
  FROM time_window_0
  WHERE
    time_window_0.time_window_4 >= 0.005
), wet_season_bounds AS (
  SELECT
    time_window_1.time_window_3 AS time_window_3,
    MIN(time_window_1.day) AS wet_start,
    MAX(time_window_1.day) AS wet_end
  FROM time_window_1
  GROUP BY
    time_window_1.time_window_3
), wet_season_length AS (
  SELECT
    wet_season_bounds.time_window_3 AS time_window_3,
    (
      wet_season_bounds.wet_end - wet_season_bounds.wet_start
    ) AS time_window_5
  FROM wet_season_bounds
)
SELECT
  REGR_SLOPE(wet_season_length.time_window_5, wet_season_length.time_window_3) AS time_window_2
FROM wet_season_length"
616,Q,361,What was the wet-season length for each year in City of Zurich from 1991 to 2020?,meteo_tp,true,,
617,Q,361,What was the wet-season length for each year in Attica from 1991 to 2020?,meteo_tp,true,,
618,Q,361,What was the wet-season length for each year in Canton of Bern from 1991 to 2020?,meteo_tp,true,,
619,Q,361,What was the wet-season length for each year in Peloponnese from 1991 to 2020?,meteo_tp,true,,
620,N,364,How does the average annual rainfall in City of Zurich compare between the 2000s and the 2010s? Is it getting wetter or drier?,meteo_tp,false,"ProvSQL warning: ProvSQL: window functions are not supported; provenance is tracked per input row only, and the windowed computation is treated as an opaque scalar","WITH decadal_stats AS (
  SELECT
    CASE
      WHEN EXTRACT(YEAR FROM mtp.time) BETWEEN 2000 AND 2009
      THEN '2000s'
      WHEN EXTRACT(YEAR FROM mtp.time) BETWEEN 2010 AND 2019
      THEN '2010s'
    END AS decade,
    EXTRACT(YEAR FROM mtp.time) AS time_window_0,
    SUM(mtp.tp) * 1000 AS annual_precip_mm
  FROM meteo_tp AS mtp
  WHERE
    (
      ROUND(CAST(mtp.latitude AS DECIMAL), 1),
      ROUND(CAST(mtp.longitude AS DECIMAL), 1)
    ) IN ((47.4, 8.5))
    AND EXTRACT(YEAR FROM mtp.time) BETWEEN 2000 AND 2019
  GROUP BY
    CASE
      WHEN EXTRACT(YEAR FROM mtp.time) BETWEEN 2000 AND 2009
      THEN '2000s'
      WHEN EXTRACT(YEAR FROM mtp.time) BETWEEN 2010 AND 2019
      THEN '2010s'
    END,
    EXTRACT(YEAR FROM mtp.time)
)
SELECT
  decadal_stats.decade AS decade,
  AVG(decadal_stats.annual_precip_mm) AS avg_annual_precip_mm,
  AVG(decadal_stats.annual_precip_mm) - LAG(AVG(decadal_stats.annual_precip_mm)) OVER (ORDER BY decadal_stats.decade) AS change_mm
FROM decadal_stats
WHERE
  NOT decadal_stats.decade IS NULL
GROUP BY
  decadal_stats.decade
ORDER BY
  decade"
621,N,364,How does the average annual rainfall in Attica compare between the 2000s and the 2010s? Is it getting wetter or drier?,meteo_tp,false,"ProvSQL warning: ProvSQL: window functions are not supported; provenance is tracked per input row only, and the windowed computation is treated as an opaque scalar","WITH decadal_stats AS (
  SELECT
    CASE
      WHEN EXTRACT(YEAR FROM mtp.time) BETWEEN 2000 AND 2009
      THEN '2000s'
      WHEN EXTRACT(YEAR FROM mtp.time) BETWEEN 2010 AND 2019
      THEN '2010s'
    END AS decade,
    EXTRACT(YEAR FROM mtp.time) AS time_window_0,
    SUM(mtp.tp) * 1000 AS annual_precip_mm
  FROM meteo_tp AS mtp
  WHERE
    (
      ROUND(CAST(mtp.latitude AS DECIMAL), 1),
      ROUND(CAST(mtp.longitude AS DECIMAL), 1)
    ) IN (
      (38.0, 23.2),
      (38.0, 23.3),
      (38.1, 23.3),
      (38.2, 23.3),
      (38.0, 23.4),
      (38.1, 23.4),
      (38.2, 23.4),
      (38.1, 23.5),
      (38.0, 23.6),
      (38.1, 23.6),
      (38.0, 23.7),
      (38.1, 23.7),
      (38.2, 23.7),
      (38.3, 23.7),
      (37.9, 23.8),
      (38.0, 23.8),
      (38.1, 23.8),
      (38.2, 23.8),
      (38.3, 23.8),
      (37.8, 23.9),
      (37.9, 23.9),
      (38.0, 23.9),
      (38.1, 23.9),
      (38.2, 23.9)
    )
    AND EXTRACT(YEAR FROM mtp.time) BETWEEN 2000 AND 2019
  GROUP BY
    CASE
      WHEN EXTRACT(YEAR FROM mtp.time) BETWEEN 2000 AND 2009
      THEN '2000s'
      WHEN EXTRACT(YEAR FROM mtp.time) BETWEEN 2010 AND 2019
      THEN '2010s'
    END,
    EXTRACT(YEAR FROM mtp.time)
)
SELECT
  decadal_stats.decade AS decade,
  AVG(decadal_stats.annual_precip_mm) AS avg_annual_precip_mm,
  AVG(decadal_stats.annual_precip_mm) - LAG(AVG(decadal_stats.annual_precip_mm)) OVER (ORDER BY decadal_stats.decade) AS change_mm
FROM decadal_stats
WHERE
  NOT decadal_stats.decade IS NULL
GROUP BY
  decadal_stats.decade
ORDER BY
  decade"
622,N,364,How does the average annual rainfall in Canton of Bern compare between the 2000s and the 2010s? Is it getting wetter or drier?,meteo_tp,false,"ProvSQL warning: ProvSQL: window functions are not supported; provenance is tracked per input row only, and the windowed computation is treated as an opaque scalar","WITH decadal_stats AS (
  SELECT
    CASE
      WHEN EXTRACT(YEAR FROM mtp.time) BETWEEN 2000 AND 2009
      THEN '2000s'
      WHEN EXTRACT(YEAR FROM mtp.time) BETWEEN 2010 AND 2019
      THEN '2010s'
    END AS decade,
    EXTRACT(YEAR FROM mtp.time) AS time_window_0,
    SUM(mtp.tp) * 1000 AS annual_precip_mm
  FROM meteo_tp AS mtp
  WHERE
    (
      ROUND(CAST(mtp.latitude AS DECIMAL), 1),
      ROUND(CAST(mtp.longitude AS DECIMAL), 1)
    ) IN (
      (47.1, 6.9),
      (47.0, 7.1),
      (47.1, 7.1),
      (47.2, 7.1),
      (47.1, 7.2),
      (47.2, 7.2),
      (46.4, 7.3),
      (46.5, 7.3),
      (46.9, 7.3),
      (47.0, 7.3),
      (47.1, 7.3),
      (47.2, 7.3),
      (46.4, 7.4),
      (46.5, 7.4),
      (46.6, 7.4),
      (46.7, 7.4),
      (46.8, 7.4),
      (46.9, 7.4),
      (47.0, 7.4),
      (47.3, 7.4),
      (46.4, 7.5),
      (46.5, 7.5),
      (46.6, 7.5),
      (46.7, 7.5),
      (46.8, 7.5),
      (46.9, 7.5),
      (47.0, 7.5),
      (47.1, 7.5),
      (47.3, 7.5),
      (46.5, 7.6),
      (46.6, 7.6),
      (46.7, 7.6),
      (46.8, 7.6),
      (46.9, 7.6),
      (47.0, 7.6),
      (47.1, 7.6),
      (46.5, 7.7),
      (46.6, 7.7),
      (46.7, 7.7),
      (46.8, 7.7),
      (46.9, 7.7),
      (47.0, 7.7),
      (47.1, 7.7),
      (47.2, 7.7),
      (46.5, 7.8),
      (46.6, 7.8),
      (46.7, 7.8),
      (46.8, 7.8),
      (46.9, 7.8),
      (47.0, 7.8),
      (47.1, 7.8),
      (47.2, 7.8),
      (46.5, 7.9),
      (46.6, 7.9),
      (46.7, 7.9),
      (46.8, 7.9),
      (47.0, 7.9),
      (46.6, 8.0),
      (46.7, 8.0),
      (46.6, 8.1),
      (46.7, 8.1),
      (46.6, 8.2),
      (46.7, 8.2),
      (46.6, 8.3),
      (46.7, 8.3)
    )
    AND EXTRACT(YEAR FROM mtp.time) BETWEEN 2000 AND 2019
  GROUP BY
    CASE
      WHEN EXTRACT(YEAR FROM mtp.time) BETWEEN 2000 AND 2009
      THEN '2000s'
      WHEN EXTRACT(YEAR FROM mtp.time) BETWEEN 2010 AND 2019
      THEN '2010s'
    END,
    EXTRACT(YEAR FROM mtp.time)
)
SELECT
  decadal_stats.decade AS decade,
  AVG(decadal_stats.annual_precip_mm) AS avg_annual_precip_mm,
  AVG(decadal_stats.annual_precip_mm) - LAG(AVG(decadal_stats.annual_precip_mm)) OVER (ORDER BY decadal_stats.decade) AS change_mm
FROM decadal_stats
WHERE
  NOT decadal_stats.decade IS NULL
GROUP BY
  decadal_stats.decade
ORDER BY
  decade"
623,N,364,How does the average annual rainfall in Peloponnese compare between the 2000s and the 2010s? Is it getting wetter or drier?,meteo_tp,false,"ProvSQL warning: ProvSQL: window functions are not supported; provenance is tracked per input row only, and the windowed computation is treated as an opaque scalar","WITH decadal_stats AS (
  SELECT
    CASE
      WHEN EXTRACT(YEAR FROM mtp.time) BETWEEN 2000 AND 2009
      THEN '2000s'
      WHEN EXTRACT(YEAR FROM mtp.time) BETWEEN 2010 AND 2019
      THEN '2010s'
    END AS decade,
    EXTRACT(YEAR FROM mtp.time) AS time_window_0,
    SUM(mtp.tp) * 1000 AS annual_precip_mm
  FROM meteo_tp AS mtp
  WHERE
    (
      ROUND(CAST(mtp.latitude AS DECIMAL), 1),
      ROUND(CAST(mtp.longitude AS DECIMAL), 1)
    ) IN (
      (37.9, 21.2),
      (37.8, 21.3),
      (37.9, 21.3),
      (38.0, 21.3),
      (37.7, 21.4),
      (37.8, 21.4),
      (37.9, 21.4),
      (38.0, 21.4),
      (38.1, 21.4),
      (37.6, 21.5),
      (37.7, 21.5),
      (37.8, 21.5),
      (37.9, 21.5),
      (38.0, 21.5),
      (38.1, 21.5),
      (37.1, 21.6),
      (37.2, 21.6),
      (37.6, 21.6),
      (37.7, 21.6),
      (37.8, 21.6),
      (37.9, 21.6),
      (38.0, 21.6),
      (38.1, 21.6),
      (36.9, 21.7),
      (37.0, 21.7),
      (37.1, 21.7),
      (37.2, 21.7),
      (37.3, 21.7),
      (37.4, 21.7),
      (37.5, 21.7),
      (37.6, 21.7),
      (37.7, 21.7),
      (37.8, 21.7),
      (37.9, 21.7),
      (38.0, 21.7),
      (38.1, 21.7),
      (38.2, 21.7),
      (36.9, 21.8),
      (37.0, 21.8),
      (37.1, 21.8),
      (37.2, 21.8),
      (37.3, 21.8),
      (37.4, 21.8),
      (37.5, 21.8),
      (37.6, 21.8),
      (37.7, 21.8),
      (37.8, 21.8),
      (37.9, 21.8),
      (38.0, 21.8),
      (38.1, 21.8),
      (38.2, 21.8),
      (38.3, 21.8),
      (36.8, 21.9),
      (36.9, 21.9),
      (37.0, 21.9),
      (37.1, 21.9),
      (37.2, 21.9),
      (37.3, 21.9),
      (37.4, 21.9),
      (37.5, 21.9),
      (37.6, 21.9),
      (37.7, 21.9),
      (37.8, 21.9),
      (37.9, 21.9),
      (38.0, 21.9),
      (38.1, 21.9),
      (38.2, 21.9),
      (38.3, 21.9),
      (37.1, 22.0),
      (37.2, 22.0),
      (37.3, 22.0),
      (37.4, 22.0),
      (37.5, 22.0),
      (37.6, 22.0),
      (37.7, 22.0),
      (37.8, 22.0),
      (37.9, 22.0),
      (38.0, 22.0),
      (38.1, 22.0),
      (38.2, 22.0),
      (38.3, 22.0),
      (37.1, 22.1),
      (37.2, 22.1),
      (37.3, 22.1),
      (37.4, 22.1),
      (37.5, 22.1),
      (37.6, 22.1),
      (37.7, 22.1),
      (37.8, 22.1),
      (37.9, 22.1),
      (38.0, 22.1),
      (38.1, 22.1),
      (38.2, 22.1),
      (37.0, 22.2),
      (37.1, 22.2),
      (37.2, 22.2),
      (37.3, 22.2),
      (37.4, 22.2),
      (37.5, 22.2),
      (37.6, 22.2),
      (37.7, 22.2),
      (37.8, 22.2),
      (37.9, 22.2),
      (38.0, 22.2),
      (38.1, 22.2),
      (36.8, 22.3),
      (36.9, 22.3),
      (37.0, 22.3),
      (37.1, 22.3),
      (37.2, 22.3),
      (37.3, 22.3),
      (37.4, 22.3),
      (37.5, 22.3),
      (37.6, 22.3),
      (37.7, 22.3),
      (37.8, 22.3),
      (37.9, 22.3),
      (38.0, 22.3),
      (38.1, 22.3),
      (36.5, 22.4),
      (36.6, 22.4),
      (36.7, 22.4),
      (36.8, 22.4),
      (36.9, 22.4),
      (37.0, 22.4),
      (37.1, 22.4),
      (37.2, 22.4),
      (37.3, 22.4),
      (37.4, 22.4),
      (37.5, 22.4),
      (37.6, 22.4),
      (37.7, 22.4),
      (37.8, 22.4),
      (37.9, 22.4),
      (38.0, 22.4),
      (38.1, 22.4),
      (36.7, 22.5),
      (36.8, 22.5),
      (36.9, 22.5),
      (37.0, 22.5),
      (37.1, 22.5),
      (37.2, 22.5),
      (37.3, 22.5),
      (37.4, 22.5),
      (37.5, 22.5),
      (37.6, 22.5),
      (37.7, 22.5),
      (37.8, 22.5),
      (37.9, 22.5),
      (38.0, 22.5),
      (38.1, 22.5),
      (36.8, 22.6),
      (36.9, 22.6),
      (37.0, 22.6),
      (37.1, 22.6),
      (37.2, 22.6),
      (37.3, 22.6),
      (37.4, 22.6),
      (37.5, 22.6),
      (37.6, 22.6),
      (37.7, 22.6),
      (37.8, 22.6),
      (37.9, 22.6),
      (38.0, 22.6),
      (36.9, 22.7),
      (37.0, 22.7),
      (37.1, 22.7),
      (37.2, 22.7),
      (37.3, 22.7),
      (37.4, 22.7),
      (37.5, 22.7),
      (37.6, 22.7),
      (37.7, 22.7),
      (37.8, 22.7),
      (37.9, 22.7),
      (38.0, 22.7),
      (36.8, 22.8),
      (36.9, 22.8),
      (37.0, 22.8),
      (37.1, 22.8),
      (37.2, 22.8),
      (37.3, 22.8),
      (37.6, 22.8),
      (37.7, 22.8),
      (37.8, 22.8),
      (37.9, 22.8),
      (36.7, 22.9),
      (36.8, 22.9),
      (36.9, 22.9),
      (37.0, 22.9),
      (37.1, 22.9),
      (37.6, 22.9),
      (37.7, 22.9),
      (37.8, 22.9),
      (37.9, 22.9),
      (36.6, 23.0),
      (36.7, 23.0),
      (36.8, 23.0),
      (36.9, 23.0),
      (37.0, 23.0),
      (37.5, 23.0),
      (37.6, 23.0),
      (37.7, 23.0),
      (37.8, 23.0),
      (37.9, 23.0),
      (36.5, 23.1),
      (37.5, 23.1),
      (37.6, 23.1),
      (37.7, 23.1),
      (37.8, 23.1),
      (37.3, 23.2),
      (37.4, 23.2),
      (37.5, 23.2),
      (37.4, 23.3),
      (37.5, 23.3),
      (37.5, 23.4),
      (37.6, 23.4)
    )
    AND EXTRACT(YEAR FROM mtp.time) BETWEEN 2000 AND 2019
  GROUP BY
    CASE
      WHEN EXTRACT(YEAR FROM mtp.time) BETWEEN 2000 AND 2009
      THEN '2000s'
      WHEN EXTRACT(YEAR FROM mtp.time) BETWEEN 2010 AND 2019
      THEN '2010s'
    END,
    EXTRACT(YEAR FROM mtp.time)
)
SELECT
  decadal_stats.decade AS decade,
  AVG(decadal_stats.annual_precip_mm) AS avg_annual_precip_mm,
  AVG(decadal_stats.annual_precip_mm) - LAG(AVG(decadal_stats.annual_precip_mm)) OVER (ORDER BY decadal_stats.decade) AS change_mm
FROM decadal_stats
WHERE
  NOT decadal_stats.decade IS NULL
GROUP BY
  decadal_stats.decade
ORDER BY
  decade"
624,N,365,Is there a detectable trend (slope) in the amount of solar radiation (sunshine energy) reaching the surface in City of Zurich over the recorded years?,meteo_ssrd,false,"NotImplementedError: Aggregates ProvSQL cannot explain: REGR_SLOPE. Add a column with COUNT, SUM, MIN, MAX, AVG, ARRAY_AGG, BOOL_AND or BOOL_OR to explain the rows aggregated.","SELECT
  REGR_SLOPE(yearly_solar.time_window_1, yearly_solar.time_window_0) AS radiation_trend_slope
FROM (
  SELECT
    EXTRACT(YEAR FROM msr.time) AS time_window_0,
    AVG(msr.ssrd) AS time_window_1
  FROM meteo_ssrd AS msr
  WHERE
    (
      ROUND(CAST(msr.latitude AS DECIMAL), 1),
      ROUND(CAST(msr.longitude AS DECIMAL), 1)
    ) IN ((47.4, 8.5))
  GROUP BY
    EXTRACT(YEAR FROM msr.time)
) AS yearly_solar"
625,N,365,Is there a detectable trend (slope) in the amount of solar radiation (sunshine energy) reaching the surface in Attica over the recorded years?,meteo_ssrd,false,"NotImplementedError: Aggregates ProvSQL cannot explain: REGR_SLOPE. Add a column with COUNT, SUM, MIN, MAX, AVG, ARRAY_AGG, BOOL_AND or BOOL_OR to explain the rows aggregated.","SELECT
  REGR_SLOPE(yearly_solar.time_window_1, yearly_solar.time_window_0) AS radiation_trend_slope
FROM (
  SELECT
    EXTRACT(YEAR FROM msr.time) AS time_window_0,
    AVG(msr.ssrd) AS time_window_1
  FROM meteo_ssrd AS msr
  WHERE
    (
      ROUND(CAST(msr.latitude AS DECIMAL), 1),
      ROUND(CAST(msr.longitude AS DECIMAL), 1)
    ) IN (
      (38.0, 23.2),
      (38.0, 23.3),
      (38.1, 23.3),
      (38.2, 23.3),
      (38.0, 23.4),
      (38.1, 23.4),
      (38.2, 23.4),
      (38.1, 23.5),
      (38.0, 23.6),
      (38.1, 23.6),
      (38.0, 23.7),
      (38.1, 23.7),
      (38.2, 23.7),
      (38.3, 23.7),
      (37.9, 23.8),
      (38.0, 23.8),
      (38.1, 23.8),
      (38.2, 23.8),
      (38.3, 23.8),
      (37.8, 23.9),
      (37.9, 23.9),
      (38.0, 23.9),
      (38.1, 23.9),
      (38.2, 23.9)
    )
  GROUP BY
    EXTRACT(YEAR FROM msr.time)
) AS yearly_solar"
626,N,365,Is there a detectable trend (slope) in the amount of solar radiation (sunshine energy) reaching the surface in Canton of Bern over the recorded years?,meteo_ssrd,false,"NotImplementedError: Aggregates ProvSQL cannot explain: REGR_SLOPE. Add a column with COUNT, SUM, MIN, MAX, AVG, ARRAY_AGG, BOOL_AND or BOOL_OR to explain the rows aggregated.","SELECT
  REGR_SLOPE(yearly_solar.time_window_1, yearly_solar.time_window_0) AS radiation_trend_slope
FROM (
  SELECT
    EXTRACT(YEAR FROM msr.time) AS time_window_0,
    AVG(msr.ssrd) AS time_window_1
  FROM meteo_ssrd AS msr
  WHERE
    (
      ROUND(CAST(msr.latitude AS DECIMAL), 1),
      ROUND(CAST(msr.longitude AS DECIMAL), 1)
    ) IN (
      (47.1, 6.9),
      (47.0, 7.1),
      (47.1, 7.1),
      (47.2, 7.1),
      (47.1, 7.2),
      (47.2, 7.2),
      (46.4, 7.3),
      (46.5, 7.3),
      (46.9, 7.3),
      (47.0, 7.3),
      (47.1, 7.3),
      (47.2, 7.3),
      (46.4, 7.4),
      (46.5, 7.4),
      (46.6, 7.4),
      (46.7, 7.4),
      (46.8, 7.4),
      (46.9, 7.4),
      (47.0, 7.4),
      (47.3, 7.4),
      (46.4, 7.5),
      (46.5, 7.5),
      (46.6, 7.5),
      (46.7, 7.5),
      (46.8, 7.5),
      (46.9, 7.5),
      (47.0, 7.5),
      (47.1, 7.5),
      (47.3, 7.5),
      (46.5, 7.6),
      (46.6, 7.6),
      (46.7, 7.6),
      (46.8, 7.6),
      (46.9, 7.6),
      (47.0, 7.6),
      (47.1, 7.6),
      (46.5, 7.7),
      (46.6, 7.7),
      (46.7, 7.7),
      (46.8, 7.7),
      (46.9, 7.7),
      (47.0, 7.7),
      (47.1, 7.7),
      (47.2, 7.7),
      (46.5, 7.8),
      (46.6, 7.8),
      (46.7, 7.8),
      (46.8, 7.8),
      (46.9, 7.8),
      (47.0, 7.8),
      (47.1, 7.8),
      (47.2, 7.8),
      (46.5, 7.9),
      (46.6, 7.9),
      (46.7, 7.9),
      (46.8, 7.9),
      (47.0, 7.9),
      (46.6, 8.0),
      (46.7, 8.0),
      (46.6, 8.1),
      (46.7, 8.1),
      (46.6, 8.2),
      (46.7, 8.2),
      (46.6, 8.3),
      (46.7, 8.3)
    )
  GROUP BY
    EXTRACT(YEAR FROM msr.time)
) AS yearly_solar"
627,N,365,Is there a detectable trend (slope) in the amount of solar radiation (sunshine energy) reaching the surface in Peloponnese over the recorded years?,meteo_ssrd,false,"NotImplementedError: Aggregates ProvSQL cannot explain: REGR_SLOPE. Add a column with COUNT, SUM, MIN, MAX, AVG, ARRAY_AGG, BOOL_AND or BOOL_OR to explain the rows aggregated.","SELECT
  REGR_SLOPE(yearly_solar.time_window_1, yearly_solar.time_window_0) AS radiation_trend_slope
FROM (
  SELECT
    EXTRACT(YEAR FROM msr.time) AS time_window_0,
    AVG(msr.ssrd) AS time_window_1
  FROM meteo_ssrd AS msr
  WHERE
    (
      ROUND(CAST(msr.latitude AS DECIMAL), 1),
      ROUND(CAST(msr.longitude AS DECIMAL), 1)
    ) IN (
      (37.9, 21.2),
      (37.8, 21.3),
      (37.9, 21.3),
      (38.0, 21.3),
      (37.7, 21.4),
      (37.8, 21.4),
      (37.9, 21.4),
      (38.0, 21.4),
      (38.1, 21.4),
      (37.6, 21.5),
      (37.7, 21.5),
      (37.8, 21.5),
      (37.9, 21.5),
      (38.0, 21.5),
      (38.1, 21.5),
      (37.1, 21.6),
      (37.2, 21.6),
      (37.6, 21.6),
      (37.7, 21.6),
      (37.8, 21.6),
      (37.9, 21.6),
      (38.0, 21.6),
      (38.1, 21.6),
      (36.9, 21.7),
      (37.0, 21.7),
      (37.1, 21.7),
      (37.2, 21.7),
      (37.3, 21.7),
      (37.4, 21.7),
      (37.5, 21.7),
      (37.6, 21.7),
      (37.7, 21.7),
      (37.8, 21.7),
      (37.9, 21.7),
      (38.0, 21.7),
      (38.1, 21.7),
      (38.2, 21.7),
      (36.9, 21.8),
      (37.0, 21.8),
      (37.1, 21.8),
      (37.2, 21.8),
      (37.3, 21.8),
      (37.4, 21.8),
      (37.5, 21.8),
      (37.6, 21.8),
      (37.7, 21.8),
      (37.8, 21.8),
      (37.9, 21.8),
      (38.0, 21.8),
      (38.1, 21.8),
      (38.2, 21.8),
      (38.3, 21.8),
      (36.8, 21.9),
      (36.9, 21.9),
      (37.0, 21.9),
      (37.1, 21.9),
      (37.2, 21.9),
      (37.3, 21.9),
      (37.4, 21.9),
      (37.5, 21.9),
      (37.6, 21.9),
      (37.7, 21.9),
      (37.8, 21.9),
      (37.9, 21.9),
      (38.0, 21.9),
      (38.1, 21.9),
      (38.2, 21.9),
      (38.3, 21.9),
      (37.1, 22.0),
      (37.2, 22.0),
      (37.3, 22.0),
      (37.4, 22.0),
      (37.5, 22.0),
      (37.6, 22.0),
      (37.7, 22.0),
      (37.8, 22.0),
      (37.9, 22.0),
      (38.0, 22.0),
      (38.1, 22.0),
      (38.2, 22.0),
      (38.3, 22.0),
      (37.1, 22.1),
      (37.2, 22.1),
      (37.3, 22.1),
      (37.4, 22.1),
      (37.5, 22.1),
      (37.6, 22.1),
      (37.7, 22.1),
      (37.8, 22.1),
      (37.9, 22.1),
      (38.0, 22.1),
      (38.1, 22.1),
      (38.2, 22.1),
      (37.0, 22.2),
      (37.1, 22.2),
      (37.2, 22.2),
      (37.3, 22.2),
      (37.4, 22.2),
      (37.5, 22.2),
      (37.6, 22.2),
      (37.7, 22.2),
      (37.8, 22.2),
      (37.9, 22.2),
      (38.0, 22.2),
      (38.1, 22.2),
      (36.8, 22.3),
      (36.9, 22.3),
      (37.0, 22.3),
      (37.1, 22.3),
      (37.2, 22.3),
      (37.3, 22.3),
      (37.4, 22.3),
      (37.5, 22.3),
      (37.6, 22.3),
      (37.7, 22.3),
      (37.8, 22.3),
      (37.9, 22.3),
      (38.0, 22.3),
      (38.1, 22.3),
      (36.5, 22.4),
      (36.6, 22.4),
      (36.7, 22.4),
      (36.8, 22.4),
      (36.9, 22.4),
      (37.0, 22.4),
      (37.1, 22.4),
      (37.2, 22.4),
      (37.3, 22.4),
      (37.4, 22.4),
      (37.5, 22.4),
      (37.6, 22.4),
      (37.7, 22.4),
      (37.8, 22.4),
      (37.9, 22.4),
      (38.0, 22.4),
      (38.1, 22.4),
      (36.7, 22.5),
      (36.8, 22.5),
      (36.9, 22.5),
      (37.0, 22.5),
      (37.1, 22.5),
      (37.2, 22.5),
      (37.3, 22.5),
      (37.4, 22.5),
      (37.5, 22.5),
      (37.6, 22.5),
      (37.7, 22.5),
      (37.8, 22.5),
      (37.9, 22.5),
      (38.0, 22.5),
      (38.1, 22.5),
      (36.8, 22.6),
      (36.9, 22.6),
      (37.0, 22.6),
      (37.1, 22.6),
      (37.2, 22.6),
      (37.3, 22.6),
      (37.4, 22.6),
      (37.5, 22.6),
      (37.6, 22.6),
      (37.7, 22.6),
      (37.8, 22.6),
      (37.9, 22.6),
      (38.0, 22.6),
      (36.9, 22.7),
      (37.0, 22.7),
      (37.1, 22.7),
      (37.2, 22.7),
      (37.3, 22.7),
      (37.4, 22.7),
      (37.5, 22.7),
      (37.6, 22.7),
      (37.7, 22.7),
      (37.8, 22.7),
      (37.9, 22.7),
      (38.0, 22.7),
      (36.8, 22.8),
      (36.9, 22.8),
      (37.0, 22.8),
      (37.1, 22.8),
      (37.2, 22.8),
      (37.3, 22.8),
      (37.6, 22.8),
      (37.7, 22.8),
      (37.8, 22.8),
      (37.9, 22.8),
      (36.7, 22.9),
      (36.8, 22.9),
      (36.9, 22.9),
      (37.0, 22.9),
      (37.1, 22.9),
      (37.6, 22.9),
      (37.7, 22.9),
      (37.8, 22.9),
      (37.9, 22.9),
      (36.6, 23.0),
      (36.7, 23.0),
      (36.8, 23.0),
      (36.9, 23.0),
      (37.0, 23.0),
      (37.5, 23.0),
      (37.6, 23.0),
      (37.7, 23.0),
      (37.8, 23.0),
      (37.9, 23.0),
      (36.5, 23.1),
      (37.5, 23.1),
      (37.6, 23.1),
      (37.7, 23.1),
      (37.8, 23.1),
      (37.3, 23.2),
      (37.4, 23.2),
      (37.5, 23.2),
      (37.4, 23.3),
      (37.5, 23.3),
      (37.5, 23.4),
      (37.6, 23.4)
    )
  GROUP BY
    EXTRACT(YEAR FROM msr.time)
) AS yearly_solar"
628,N,366,What is the trend for the maximum annual snow depth in City of Zurich? Is the peak snow depth declining?,meteo_sdmax,true,,
629,N,366,What is the trend for the maximum annual snow depth in Attica? Is the peak snow depth declining?,meteo_sdmax,true,,
630,N,366,What is the trend for the maximum annual snow depth in Canton of Bern? Is the peak snow depth declining?,meteo_sdmax,true,,
631,N,366,What is the trend for the maximum annual snow depth in Peloponnese? Is the peak snow depth declining?,meteo_sdmax,true,,
632,E,370,List the different landcover types of City of Zurich.,landcover_type;landcover_upscaled,false,InternalError_: ProvSQL: ORDER BY on aggregate results from a subquery not supported,"SELECT
  lt.level1_code AS level1_code,
  lt.level1_label AS level1_label,
  lt.level2_code AS level2_code,
  lt.level2_label AS level2_label,
  lt.level3_code AS level3_code,
  lt.level3_label AS level3_label,
  landcover_filter.total_count AS total_count
FROM (
  SELECT
    lu.ranks[i][1] AS level3_code,
    SUM(lu.ranks[i][2]) AS total_count
  FROM landcover_upscaled AS lu, GENERATE_SUBSCRIPTS(ranks, 1) AS i
  WHERE
    (ROUND(CAST(lu.latitude AS DECIMAL), 1), ROUND(CAST(lu.longitude AS DECIMAL), 1)) IN ((47.4, 8.5))
  GROUP BY
    lu.ranks[i][1]
) AS landcover_filter
JOIN landcover_type AS lt
  ON lt.level3_code = landcover_filter.level3_code
ORDER BY
  landcover_filter.total_count DESC"
633,E,370,List the different landcover types of Attica.,landcover_type;landcover_upscaled,false,InternalError_: ProvSQL: ORDER BY on aggregate results from a subquery not supported,"SELECT
  lt.level1_code AS level1_code,
  lt.level1_label AS level1_label,
  lt.level2_code AS level2_code,
  lt.level2_label AS level2_label,
  lt.level3_code AS level3_code,
  lt.level3_label AS level3_label,
  landcover_filter.total_count AS total_count
FROM (
  SELECT
    lu.ranks[i][1] AS level3_code,
    SUM(lu.ranks[i][2]) AS total_count
  FROM landcover_upscaled AS lu, GENERATE_SUBSCRIPTS(ranks, 1) AS i
  WHERE
    (ROUND(CAST(lu.latitude AS DECIMAL), 1), ROUND(CAST(lu.longitude AS DECIMAL), 1)) IN (
      (38.0, 23.2),
      (38.0, 23.3),
      (38.1, 23.3),
      (38.2, 23.3),
      (38.0, 23.4),
      (38.1, 23.4),
      (38.2, 23.4),
      (38.1, 23.5),
      (38.0, 23.6),
      (38.1, 23.6),
      (38.0, 23.7),
      (38.1, 23.7),
      (38.2, 23.7),
      (38.3, 23.7),
      (37.9, 23.8),
      (38.0, 23.8),
      (38.1, 23.8),
      (38.2, 23.8),
      (38.3, 23.8),
      (37.8, 23.9),
      (37.9, 23.9),
      (38.0, 23.9),
      (38.1, 23.9),
      (38.2, 23.9)
    )
  GROUP BY
    lu.ranks[i][1]
) AS landcover_filter
JOIN landcover_type AS lt
  ON lt.level3_code = landcover_filter.level3_code
ORDER BY
  landcover_filter.total_count DESC"
634,E,370,List the different landcover types of Canton of Bern.,landcover_type;landcover_upscaled,false,InternalError_: ProvSQL: ORDER BY on aggregate results from a subquery not supported,"SELECT
  lt.level1_code AS level1_code,
  lt.level1_label AS level1_label,
  lt.level2_code AS level2_code,
  lt.level2_label AS level2_label,
  lt.level3_code AS level3_code,
  lt.level3_label AS level3_label,
  landcover_filter.total_count AS total_count
FROM (
  SELECT
    lu.ranks[i][1] AS level3_code,
    SUM(lu.ranks[i][2]) AS total_count
  FROM landcover_upscaled AS lu, GENERATE_SUBSCRIPTS(ranks, 1) AS i
  WHERE
    (ROUND(CAST(lu.latitude AS DECIMAL), 1), ROUND(CAST(lu.longitude AS DECIMAL), 1)) IN (
      (47.1, 6.9),
      (47.0, 7.1),
      (47.1, 7.1),
      (47.2, 7.1),
      (47.1, 7.2),
      (47.2, 7.2),
      (46.4, 7.3),
      (46.5, 7.3),
      (46.9, 7.3),
      (47.0, 7.3),
      (47.1, 7.3),
      (47.2, 7.3),
      (46.4, 7.4),
      (46.5, 7.4),
      (46.6, 7.4),
      (46.7, 7.4),
      (46.8, 7.4),
      (46.9, 7.4),
      (47.0, 7.4),
      (47.3, 7.4),
      (46.4, 7.5),
      (46.5, 7.5),
      (46.6, 7.5),
      (46.7, 7.5),
      (46.8, 7.5),
      (46.9, 7.5),
      (47.0, 7.5),
      (47.1, 7.5),
      (47.3, 7.5),
      (46.5, 7.6),
      (46.6, 7.6),
      (46.7, 7.6),
      (46.8, 7.6),
      (46.9, 7.6),
      (47.0, 7.6),
      (47.1, 7.6),
      (46.5, 7.7),
      (46.6, 7.7),
      (46.7, 7.7),
      (46.8, 7.7),
      (46.9, 7.7),
      (47.0, 7.7),
      (47.1, 7.7),
      (47.2, 7.7),
      (46.5, 7.8),
      (46.6, 7.8),
      (46.7, 7.8),
      (46.8, 7.8),
      (46.9, 7.8),
      (47.0, 7.8),
      (47.1, 7.8),
      (47.2, 7.8),
      (46.5, 7.9),
      (46.6, 7.9),
      (46.7, 7.9),
      (46.8, 7.9),
      (47.0, 7.9),
      (46.6, 8.0),
      (46.7, 8.0),
      (46.6, 8.1),
      (46.7, 8.1),
      (46.6, 8.2),
      (46.7, 8.2),
      (46.6, 8.3),
      (46.7, 8.3)
    )
  GROUP BY
    lu.ranks[i][1]
) AS landcover_filter
JOIN landcover_type AS lt
  ON lt.level3_code = landcover_filter.level3_code
ORDER BY
  landcover_filter.total_count DESC"
635,E,370,List the different landcover types of Peloponnese.,landcover_type;landcover_upscaled,false,InternalError_: ProvSQL: ORDER BY on aggregate results from a subquery not supported,"SELECT
  lt.level1_code AS level1_code,
  lt.level1_label AS level1_label,
  lt.level2_code AS level2_code,
  lt.level2_label AS level2_label,
  lt.level3_code AS level3_code,
  lt.level3_label AS level3_label,
  landcover_filter.total_count AS total_count
FROM (
  SELECT
    lu.ranks[i][1] AS level3_code,
    SUM(lu.ranks[i][2]) AS total_count
  FROM landcover_upscaled AS lu, GENERATE_SUBSCRIPTS(ranks, 1) AS i
  WHERE
    (ROUND(CAST(lu.latitude AS DECIMAL), 1), ROUND(CAST(lu.longitude AS DECIMAL), 1)) IN (
      (37.9, 21.2),
      (37.8, 21.3),
      (37.9, 21.3),
      (38.0, 21.3),
      (37.7, 21.4),
      (37.8, 21.4),
      (37.9, 21.4),
      (38.0, 21.4),
      (38.1, 21.4),
      (37.6, 21.5),
      (37.7, 21.5),
      (37.8, 21.5),
      (37.9, 21.5),
      (38.0, 21.5),
      (38.1, 21.5),
      (37.1, 21.6),
      (37.2, 21.6),
      (37.6, 21.6),
      (37.7, 21.6),
      (37.8, 21.6),
      (37.9, 21.6),
      (38.0, 21.6),
      (38.1, 21.6),
      (36.9, 21.7),
      (37.0, 21.7),
      (37.1, 21.7),
      (37.2, 21.7),
      (37.3, 21.7),
      (37.4, 21.7),
      (37.5, 21.7),
      (37.6, 21.7),
      (37.7, 21.7),
      (37.8, 21.7),
      (37.9, 21.7),
      (38.0, 21.7),
      (38.1, 21.7),
      (38.2, 21.7),
      (36.9, 21.8),
      (37.0, 21.8),
      (37.1, 21.8),
      (37.2, 21.8),
      (37.3, 21.8),
      (37.4, 21.8),
      (37.5, 21.8),
      (37.6, 21.8),
      (37.7, 21.8),
      (37.8, 21.8),
      (37.9, 21.8),
      (38.0, 21.8),
      (38.1, 21.8),
      (38.2, 21.8),
      (38.3, 21.8),
      (36.8, 21.9),
      (36.9, 21.9),
      (37.0, 21.9),
      (37.1, 21.9),
      (37.2, 21.9),
      (37.3, 21.9),
      (37.4, 21.9),
      (37.5, 21.9),
      (37.6, 21.9),
      (37.7, 21.9),
      (37.8, 21.9),
      (37.9, 21.9),
      (38.0, 21.9),
      (38.1, 21.9),
      (38.2, 21.9),
      (38.3, 21.9),
      (37.1, 22.0),
      (37.2, 22.0),
      (37.3, 22.0),
      (37.4, 22.0),
      (37.5, 22.0),
      (37.6, 22.0),
      (37.7, 22.0),
      (37.8, 22.0),
      (37.9, 22.0),
      (38.0, 22.0),
      (38.1, 22.0),
      (38.2, 22.0),
      (38.3, 22.0),
      (37.1, 22.1),
      (37.2, 22.1),
      (37.3, 22.1),
      (37.4, 22.1),
      (37.5, 22.1),
      (37.6, 22.1),
      (37.7, 22.1),
      (37.8, 22.1),
      (37.9, 22.1),
      (38.0, 22.1),
      (38.1, 22.1),
      (38.2, 22.1),
      (37.0, 22.2),
      (37.1, 22.2),
      (37.2, 22.2),
      (37.3, 22.2),
      (37.4, 22.2),
      (37.5, 22.2),
      (37.6, 22.2),
      (37.7, 22.2),
      (37.8, 22.2),
      (37.9, 22.2),
      (38.0, 22.2),
      (38.1, 22.2),
      (36.8, 22.3),
      (36.9, 22.3),
      (37.0, 22.3),
      (37.1, 22.3),
      (37.2, 22.3),
      (37.3, 22.3),
      (37.4, 22.3),
      (37.5, 22.3),
      (37.6, 22.3),
      (37.7, 22.3),
      (37.8, 22.3),
      (37.9, 22.3),
      (38.0, 22.3),
      (38.1, 22.3),
      (36.5, 22.4),
      (36.6, 22.4),
      (36.7, 22.4),
      (36.8, 22.4),
      (36.9, 22.4),
      (37.0, 22.4),
      (37.1, 22.4),
      (37.2, 22.4),
      (37.3, 22.4),
      (37.4, 22.4),
      (37.5, 22.4),
      (37.6, 22.4),
      (37.7, 22.4),
      (37.8, 22.4),
      (37.9, 22.4),
      (38.0, 22.4),
      (38.1, 22.4),
      (36.7, 22.5),
      (36.8, 22.5),
      (36.9, 22.5),
      (37.0, 22.5),
      (37.1, 22.5),
      (37.2, 22.5),
      (37.3, 22.5),
      (37.4, 22.5),
      (37.5, 22.5),
      (37.6, 22.5),
      (37.7, 22.5),
      (37.8, 22.5),
      (37.9, 22.5),
      (38.0, 22.5),
      (38.1, 22.5),
      (36.8, 22.6),
      (36.9, 22.6),
      (37.0, 22.6),
      (37.1, 22.6),
      (37.2, 22.6),
      (37.3, 22.6),
      (37.4, 22.6),
      (37.5, 22.6),
      (37.6, 22.6),
      (37.7, 22.6),
      (37.8, 22.6),
      (37.9, 22.6),
      (38.0, 22.6),
      (36.9, 22.7),
      (37.0, 22.7),
      (37.1, 22.7),
      (37.2, 22.7),
      (37.3, 22.7),
      (37.4, 22.7),
      (37.5, 22.7),
      (37.6, 22.7),
      (37.7, 22.7),
      (37.8, 22.7),
      (37.9, 22.7),
      (38.0, 22.7),
      (36.8, 22.8),
      (36.9, 22.8),
      (37.0, 22.8),
      (37.1, 22.8),
      (37.2, 22.8),
      (37.3, 22.8),
      (37.6, 22.8),
      (37.7, 22.8),
      (37.8, 22.8),
      (37.9, 22.8),
      (36.7, 22.9),
      (36.8, 22.9),
      (36.9, 22.9),
      (37.0, 22.9),
      (37.1, 22.9),
      (37.6, 22.9),
      (37.7, 22.9),
      (37.8, 22.9),
      (37.9, 22.9),
      (36.6, 23.0),
      (36.7, 23.0),
      (36.8, 23.0),
      (36.9, 23.0),
      (37.0, 23.0),
      (37.5, 23.0),
      (37.6, 23.0),
      (37.7, 23.0),
      (37.8, 23.0),
      (37.9, 23.0),
      (36.5, 23.1),
      (37.5, 23.1),
      (37.6, 23.1),
      (37.7, 23.1),
      (37.8, 23.1),
      (37.3, 23.2),
      (37.4, 23.2),
      (37.5, 23.2),
      (37.4, 23.3),
      (37.5, 23.3),
      (37.5, 23.4),
      (37.6, 23.4)
    )
  GROUP BY
    lu.ranks[i][1]
) AS landcover_filter
JOIN landcover_type AS lt
  ON lt.level3_code = landcover_filter.level3_code
ORDER BY
  landcover_filter.total_count DESC"
636,G,371,What are the top five dominant landcover types in the City of Zurich point?,landcover_type;landcover_upscaled,false,InternalError_: ProvSQL: ORDER BY on aggregate results from a subquery not supported,"SELECT
  landcover_filter.level3_code AS level3_code,
  landcover_filter.total_count AS total_count,
  lt.level3_label AS level3_label
FROM (
  SELECT
    lu.ranks[i][1] AS level3_code,
    SUM(lu.ranks[i][2]) AS total_count
  FROM landcover_upscaled AS lu, GENERATE_SUBSCRIPTS(ranks, 1) AS i
  WHERE
    (ROUND(CAST(lu.latitude AS DECIMAL), 1), ROUND(CAST(lu.longitude AS DECIMAL), 1)) IN ((47.4, 8.5))
  GROUP BY
    lu.ranks[i][1]
) AS landcover_filter
JOIN landcover_type AS lt
  ON landcover_filter.level3_code = lt.level3_code
ORDER BY
  landcover_filter.total_count DESC
LIMIT 5"
637,G,371,What are the top five dominant landcover types in the Attica point?,landcover_type;landcover_upscaled,false,InternalError_: ProvSQL: ORDER BY on aggregate results from a subquery not supported,"SELECT
  landcover_filter.level3_code AS level3_code,
  landcover_filter.total_count AS total_count,
  lt.level3_label AS level3_label
FROM (
  SELECT
    lu.ranks[i][1] AS level3_code,
    SUM(lu.ranks[i][2]) AS total_count
  FROM landcover_upscaled AS lu, GENERATE_SUBSCRIPTS(ranks, 1) AS i
  WHERE
    (ROUND(CAST(lu.latitude AS DECIMAL), 1), ROUND(CAST(lu.longitude AS DECIMAL), 1)) IN (
      (38.0, 23.2),
      (38.0, 23.3),
      (38.1, 23.3),
      (38.2, 23.3),
      (38.0, 23.4),
      (38.1, 23.4),
      (38.2, 23.4),
      (38.1, 23.5),
      (38.0, 23.6),
      (38.1, 23.6),
      (38.0, 23.7),
      (38.1, 23.7),
      (38.2, 23.7),
      (38.3, 23.7),
      (37.9, 23.8),
      (38.0, 23.8),
      (38.1, 23.8),
      (38.2, 23.8),
      (38.3, 23.8),
      (37.8, 23.9),
      (37.9, 23.9),
      (38.0, 23.9),
      (38.1, 23.9),
      (38.2, 23.9)
    )
  GROUP BY
    lu.ranks[i][1]
) AS landcover_filter
JOIN landcover_type AS lt
  ON landcover_filter.level3_code = lt.level3_code
ORDER BY
  landcover_filter.total_count DESC
LIMIT 5"
638,G,371,What are the top five dominant landcover types in the Canton of Bern point?,landcover_type;landcover_upscaled,false,InternalError_: ProvSQL: ORDER BY on aggregate results from a subquery not supported,"SELECT
  landcover_filter.level3_code AS level3_code,
  landcover_filter.total_count AS total_count,
  lt.level3_label AS level3_label
FROM (
  SELECT
    lu.ranks[i][1] AS level3_code,
    SUM(lu.ranks[i][2]) AS total_count
  FROM landcover_upscaled AS lu, GENERATE_SUBSCRIPTS(ranks, 1) AS i
  WHERE
    (ROUND(CAST(lu.latitude AS DECIMAL), 1), ROUND(CAST(lu.longitude AS DECIMAL), 1)) IN (
      (47.1, 6.9),
      (47.0, 7.1),
      (47.1, 7.1),
      (47.2, 7.1),
      (47.1, 7.2),
      (47.2, 7.2),
      (46.4, 7.3),
      (46.5, 7.3),
      (46.9, 7.3),
      (47.0, 7.3),
      (47.1, 7.3),
      (47.2, 7.3),
      (46.4, 7.4),
      (46.5, 7.4),
      (46.6, 7.4),
      (46.7, 7.4),
      (46.8, 7.4),
      (46.9, 7.4),
      (47.0, 7.4),
      (47.3, 7.4),
      (46.4, 7.5),
      (46.5, 7.5),
      (46.6, 7.5),
      (46.7, 7.5),
      (46.8, 7.5),
      (46.9, 7.5),
      (47.0, 7.5),
      (47.1, 7.5),
      (47.3, 7.5),
      (46.5, 7.6),
      (46.6, 7.6),
      (46.7, 7.6),
      (46.8, 7.6),
      (46.9, 7.6),
      (47.0, 7.6),
      (47.1, 7.6),
      (46.5, 7.7),
      (46.6, 7.7),
      (46.7, 7.7),
      (46.8, 7.7),
      (46.9, 7.7),
      (47.0, 7.7),
      (47.1, 7.7),
      (47.2, 7.7),
      (46.5, 7.8),
      (46.6, 7.8),
      (46.7, 7.8),
      (46.8, 7.8),
      (46.9, 7.8),
      (47.0, 7.8),
      (47.1, 7.8),
      (47.2, 7.8),
      (46.5, 7.9),
      (46.6, 7.9),
      (46.7, 7.9),
      (46.8, 7.9),
      (47.0, 7.9),
      (46.6, 8.0),
      (46.7, 8.0),
      (46.6, 8.1),
      (46.7, 8.1),
      (46.6, 8.2),
      (46.7, 8.2),
      (46.6, 8.3),
      (46.7, 8.3)
    )
  GROUP BY
    lu.ranks[i][1]
) AS landcover_filter
JOIN landcover_type AS lt
  ON landcover_filter.level3_code = lt.level3_code
ORDER BY
  landcover_filter.total_count DESC
LIMIT 5"
639,G,371,What are the top five dominant landcover types in the Peloponnese point?,landcover_type;landcover_upscaled,false,InternalError_: ProvSQL: ORDER BY on aggregate results from a subquery not supported,"SELECT
  landcover_filter.level3_code AS level3_code,
  landcover_filter.total_count AS total_count,
  lt.level3_label AS level3_label
FROM (
  SELECT
    lu.ranks[i][1] AS level3_code,
    SUM(lu.ranks[i][2]) AS total_count
  FROM landcover_upscaled AS lu, GENERATE_SUBSCRIPTS(ranks, 1) AS i
  WHERE
    (ROUND(CAST(lu.latitude AS DECIMAL), 1), ROUND(CAST(lu.longitude AS DECIMAL), 1)) IN (
      (37.9, 21.2),
      (37.8, 21.3),
      (37.9, 21.3),
      (38.0, 21.3),
      (37.7, 21.4),
      (37.8, 21.4),
      (37.9, 21.4),
      (38.0, 21.4),
      (38.1, 21.4),
      (37.6, 21.5),
      (37.7, 21.5),
      (37.8, 21.5),
      (37.9, 21.5),
      (38.0, 21.5),
      (38.1, 21.5),
      (37.1, 21.6),
      (37.2, 21.6),
      (37.6, 21.6),
      (37.7, 21.6),
      (37.8, 21.6),
      (37.9, 21.6),
      (38.0, 21.6),
      (38.1, 21.6),
      (36.9, 21.7),
      (37.0, 21.7),
      (37.1, 21.7),
      (37.2, 21.7),
      (37.3, 21.7),
      (37.4, 21.7),
      (37.5, 21.7),
      (37.6, 21.7),
      (37.7, 21.7),
      (37.8, 21.7),
      (37.9, 21.7),
      (38.0, 21.7),
      (38.1, 21.7),
      (38.2, 21.7),
      (36.9, 21.8),
      (37.0, 21.8),
      (37.1, 21.8),
      (37.2, 21.8),
      (37.3, 21.8),
      (37.4, 21.8),
      (37.5, 21.8),
      (37.6, 21.8),
      (37.7, 21.8),
      (37.8, 21.8),
      (37.9, 21.8),
      (38.0, 21.8),
      (38.1, 21.8),
      (38.2, 21.8),
      (38.3, 21.8),
      (36.8, 21.9),
      (36.9, 21.9),
      (37.0, 21.9),
      (37.1, 21.9),
      (37.2, 21.9),
      (37.3, 21.9),
      (37.4, 21.9),
      (37.5, 21.9),
      (37.6, 21.9),
      (37.7, 21.9),
      (37.8, 21.9),
      (37.9, 21.9),
      (38.0, 21.9),
      (38.1, 21.9),
      (38.2, 21.9),
      (38.3, 21.9),
      (37.1, 22.0),
      (37.2, 22.0),
      (37.3, 22.0),
      (37.4, 22.0),
      (37.5, 22.0),
      (37.6, 22.0),
      (37.7, 22.0),
      (37.8, 22.0),
      (37.9, 22.0),
      (38.0, 22.0),
      (38.1, 22.0),
      (38.2, 22.0),
      (38.3, 22.0),
      (37.1, 22.1),
      (37.2, 22.1),
      (37.3, 22.1),
      (37.4, 22.1),
      (37.5, 22.1),
      (37.6, 22.1),
      (37.7, 22.1),
      (37.8, 22.1),
      (37.9, 22.1),
      (38.0, 22.1),
      (38.1, 22.1),
      (38.2, 22.1),
      (37.0, 22.2),
      (37.1, 22.2),
      (37.2, 22.2),
      (37.3, 22.2),
      (37.4, 22.2),
      (37.5, 22.2),
      (37.6, 22.2),
      (37.7, 22.2),
      (37.8, 22.2),
      (37.9, 22.2),
      (38.0, 22.2),
      (38.1, 22.2),
      (36.8, 22.3),
      (36.9, 22.3),
      (37.0, 22.3),
      (37.1, 22.3),
      (37.2, 22.3),
      (37.3, 22.3),
      (37.4, 22.3),
      (37.5, 22.3),
      (37.6, 22.3),
      (37.7, 22.3),
      (37.8, 22.3),
      (37.9, 22.3),
      (38.0, 22.3),
      (38.1, 22.3),
      (36.5, 22.4),
      (36.6, 22.4),
      (36.7, 22.4),
      (36.8, 22.4),
      (36.9, 22.4),
      (37.0, 22.4),
      (37.1, 22.4),
      (37.2, 22.4),
      (37.3, 22.4),
      (37.4, 22.4),
      (37.5, 22.4),
      (37.6, 22.4),
      (37.7, 22.4),
      (37.8, 22.4),
      (37.9, 22.4),
      (38.0, 22.4),
      (38.1, 22.4),
      (36.7, 22.5),
      (36.8, 22.5),
      (36.9, 22.5),
      (37.0, 22.5),
      (37.1, 22.5),
      (37.2, 22.5),
      (37.3, 22.5),
      (37.4, 22.5),
      (37.5, 22.5),
      (37.6, 22.5),
      (37.7, 22.5),
      (37.8, 22.5),
      (37.9, 22.5),
      (38.0, 22.5),
      (38.1, 22.5),
      (36.8, 22.6),
      (36.9, 22.6),
      (37.0, 22.6),
      (37.1, 22.6),
      (37.2, 22.6),
      (37.3, 22.6),
      (37.4, 22.6),
      (37.5, 22.6),
      (37.6, 22.6),
      (37.7, 22.6),
      (37.8, 22.6),
      (37.9, 22.6),
      (38.0, 22.6),
      (36.9, 22.7),
      (37.0, 22.7),
      (37.1, 22.7),
      (37.2, 22.7),
      (37.3, 22.7),
      (37.4, 22.7),
      (37.5, 22.7),
      (37.6, 22.7),
      (37.7, 22.7),
      (37.8, 22.7),
      (37.9, 22.7),
      (38.0, 22.7),
      (36.8, 22.8),
      (36.9, 22.8),
      (37.0, 22.8),
      (37.1, 22.8),
      (37.2, 22.8),
      (37.3, 22.8),
      (37.6, 22.8),
      (37.7, 22.8),
      (37.8, 22.8),
      (37.9, 22.8),
      (36.7, 22.9),
      (36.8, 22.9),
      (36.9, 22.9),
      (37.0, 22.9),
      (37.1, 22.9),
      (37.6, 22.9),
      (37.7, 22.9),
      (37.8, 22.9),
      (37.9, 22.9),
      (36.6, 23.0),
      (36.7, 23.0),
      (36.8, 23.0),
      (36.9, 23.0),
      (37.0, 23.0),
      (37.5, 23.0),
      (37.6, 23.0),
      (37.7, 23.0),
      (37.8, 23.0),
      (37.9, 23.0),
      (36.5, 23.1),
      (37.5, 23.1),
      (37.6, 23.1),
      (37.7, 23.1),
      (37.8, 23.1),
      (37.3, 23.2),
      (37.4, 23.2),
      (37.5, 23.2),
      (37.4, 23.3),
      (37.5, 23.3),
      (37.5, 23.4),
      (37.6, 23.4)
    )
  GROUP BY
    lu.ranks[i][1]
) AS landcover_filter
JOIN landcover_type AS lt
  ON landcover_filter.level3_code = lt.level3_code
ORDER BY
  landcover_filter.total_count DESC
LIMIT 5"
640,L,350,How did the yearly average solar radiation anomaly evolve in City of Zurich versus Larissa from 1991 to 2020 relative to the 1991–2020 reference period?,meteo_ssrd,true,,
641,L,350,How did the yearly average solar radiation anomaly evolve in Attica versus Canton of Bern from 1991 to 2020 relative to the 1991–2020 reference period?,meteo_ssrd,true,,
642,L,350,How did the yearly average solar radiation anomaly evolve in Canton of Bern versus Canton of Geneva from 1991 to 2020 relative to the 1991–2020 reference period?,meteo_ssrd,true,,
643,L,350,How did the yearly average solar radiation anomaly evolve in Peloponnese versus Thessaly Region from 1991 to 2020 relative to the 1991–2020 reference period?,meteo_ssrd,true,,
644,T,157,Show highest precipitation record of the highest point in City of Zurich during ISO week 46 of 2011.,meteo_elevation;meteo_tp,true,,
645,T,157,Show highest precipitation record of the highest point in Attica during ISO week 46 of 2011.,meteo_elevation;meteo_tp,true,,
646,T,157,Show highest precipitation record of the highest point in Canton of Bern during ISO week 46 of 2011.,meteo_elevation;meteo_tp,true,,
647,T,157,Show highest precipitation record of the highest point in Peloponnese during ISO week 46 of 2011.,meteo_elevation;meteo_tp,true,,
648,T,159,Show highest precipitation record of the highest point in City of Zurich in 2003,meteo_elevation;meteo_tp,true,,
649,T,159,Show highest precipitation record of the highest point in Attica in 2003,meteo_elevation;meteo_tp,true,,
650,T,159,Show highest precipitation record of the highest point in Canton of Bern in 2003,meteo_elevation;meteo_tp,true,,
651,T,159,Show highest precipitation record of the highest point in Peloponnese in 2003,meteo_elevation;meteo_tp,true,,
652,T,160,Show highest precipitation record of the highest point in City of Zurich between 2007 and 2008,meteo_elevation;meteo_tp,true,,
653,T,160,Show highest precipitation record of the highest point in Attica between 2007 and 2008,meteo_elevation;meteo_tp,true,,
654,T,160,Show highest precipitation record of the highest point in Canton of Bern between 2007 and 2008,meteo_elevation;meteo_tp,true,,
655,T,160,Show highest precipitation record of the highest point in Peloponnese between 2007 and 2008,meteo_elevation;meteo_tp,true,,
656,A,170,Calculate the average precipitation in City of Zurich on 2005-10-08.,meteo_tp,true,,
657,A,170,Calculate the average precipitation in Attica on 2005-10-08.,meteo_tp,true,,
658,A,170,Calculate the average precipitation in Canton of Bern on 2005-10-08.,meteo_tp,true,,
659,A,170,Calculate the average precipitation in Peloponnese on 2005-10-08.,meteo_tp,true,,
660,A,174,Calculate the average precipitation in City of Zurich from 2001 through 2003.,meteo_tp,true,,
661,A,174,Calculate the average precipitation in Attica from 2001 through 2003.,meteo_tp,true,,
662,A,174,Calculate the average precipitation in Canton of Bern from 2001 through 2003.,meteo_tp,true,,
663,A,174,Calculate the average precipitation in Peloponnese from 2001 through 2003.,meteo_tp,true,,
664,A,228,Calculate the average precipitation in City of Zurich during ISO week 13 of 2010.,meteo_tp,true,,
665,A,228,Calculate the average precipitation in Attica during ISO week 13 of 2010.,meteo_tp,true,,
666,A,228,Calculate the average precipitation in Canton of Bern during ISO week 13 of 2010.,meteo_tp,true,,
667,A,228,Calculate the average precipitation in Peloponnese during ISO week 13 of 2010.,meteo_tp,true,,
668,A,230,Calculate the average precipitation in City of Zurich in 2006.,meteo_tp,true,,
669,A,230,Calculate the average precipitation in Attica in 2006.,meteo_tp,true,,
670,A,230,Calculate the average precipitation in Canton of Bern in 2006.,meteo_tp,true,,
671,A,230,Calculate the average precipitation in Peloponnese in 2006.,meteo_tp,true,,
672,A,231,Calculate the average precipitation in City of Zurich from 2005 through 2010.,meteo_tp,true,,
673,A,231,Calculate the average precipitation in Attica from 2005 through 2010.,meteo_tp,true,,
674,A,231,Calculate the average precipitation in Canton of Bern from 2005 through 2010.,meteo_tp,true,,
675,A,231,Calculate the average precipitation in Peloponnese from 2005 through 2010.,meteo_tp,true,,
676,T,311,What was the highest precipitation record of the highest point in City of Zurich during ISO week 46 of 2011.,meteo_elevation;meteo_tp,true,,
677,T,311,What was the highest precipitation record of the highest point in Attica during ISO week 46 of 2011.,meteo_elevation;meteo_tp,true,,
678,T,311,What was the highest precipitation record of the highest point in Canton of Bern during ISO week 46 of 2011.,meteo_elevation;meteo_tp,true,,
679,T,311,What was the highest precipitation record of the highest point in Peloponnese during ISO week 46 of 2011.,meteo_elevation;meteo_tp,true,,
680,A,319,Calculate the average precipitation in City of Zurich between 2001 through 2003.,meteo_tp,true,,
681,A,319,Calculate the average precipitation in Attica between 2001 through 2003.,meteo_tp,true,,
682,A,319,Calculate the average precipitation in Canton of Bern between 2001 through 2003.,meteo_tp,true,,
683,A,319,Calculate the average precipitation in Peloponnese between 2001 through 2003.,meteo_tp,true,,
684,A,324,Report the average precipitation in City of Zurich from 2005 through 2010.,meteo_tp,true,,
685,A,324,Report the average precipitation in Attica from 2005 through 2010.,meteo_tp,true,,
686,A,324,Report the average precipitation in Canton of Bern from 2005 through 2010.,meteo_tp,true,,
687,A,324,Report the average precipitation in Peloponnese from 2005 through 2010.,meteo_tp,true,,
688,T,314,Find the highest precipitation record of the highest point in City of Zurich between 2007 and 2008,meteo_elevation;meteo_tp,true,,
689,T,314,Find the highest precipitation record of the highest point in Attica between 2007 and 2008,meteo_elevation;meteo_tp,true,,
690,T,314,Find the highest precipitation record of the highest point in Canton of Bern between 2007 and 2008,meteo_elevation;meteo_tp,true,,
691,T,314,Find the highest precipitation record of the highest point in Peloponnese between 2007 and 2008,meteo_elevation;meteo_tp,true,,
692,L,345,How did the average temperature in Celsius in City of Zurich in 2020 deviate from the 1991–2020 climatological average?,meteo_tmean,true,,
693,L,345,How did the average temperature in Celsius in Attica in 2020 deviate from the 1991–2020 climatological average?,meteo_tmean,true,,
694,L,345,How did the average temperature in Celsius in Canton of Bern in 2020 deviate from the 1991–2020 climatological average?,meteo_tmean,true,,
695,L,345,How did the average temperature in Celsius in Peloponnese in 2020 deviate from the 1991–2020 climatological average?,meteo_tmean,true,,
696,M,341,"How different are the lowest temperature in Celsius recorded in summer (June, July and August) between 2010 and 2020 in City of Zurich",meteo_tmin,true,,
697,M,341,"How different are the lowest temperature in Celsius recorded in summer (June, July and August) between 2010 and 2020 in Attica",meteo_tmin,true,,
698,M,341,"How different are the lowest temperature in Celsius recorded in summer (June, July and August) between 2010 and 2020 in Canton of Bern",meteo_tmin,true,,
699,M,341,"How different are the lowest temperature in Celsius recorded in summer (June, July and August) between 2010 and 2020 in Peloponnese",meteo_tmin,true,,
700,S,367,What is the correlation between daily mean temperature (in Celsius) and snow depth in City of Zurich? (Negative correlation implies melting or lack of snowfall).,meteo_sdmax;meteo_tmean,false,"NotImplementedError: Aggregates ProvSQL cannot explain: CORR. Add a column with COUNT, SUM, MIN, MAX, AVG, ARRAY_AGG, BOOL_AND or BOOL_OR to explain the rows aggregated.","SELECT
  CORR(s.sdmax, t.tmean) AS snow_temp_correlation
FROM meteo_sdmax AS s
JOIN meteo_tmean AS t
  ON s.time = t.time
WHERE
  (ROUND(CAST(s.latitude AS DECIMAL), 1), ROUND(CAST(s.longitude AS DECIMAL), 1)) IN ((47.4, 8.5))
  AND EXTRACT(MONTH FROM s.time) IN (12, 1, 2, 3)"
701,S,367,What is the correlation between daily mean temperature (in Celsius) and snow depth in Attica? (Negative correlation implies melting or lack of snowfall).,meteo_sdmax;meteo_tmean,false,"NotImplementedError: Aggregates ProvSQL cannot explain: CORR. Add a column with COUNT, SUM, MIN, MAX, AVG, ARRAY_AGG, BOOL_AND or BOOL_OR to explain the rows aggregated.","SELECT
  CORR(s.sdmax, t.tmean) AS snow_temp_correlation
FROM meteo_sdmax AS s
JOIN meteo_tmean AS t
  ON s.time = t.time
WHERE
  (ROUND(CAST(s.latitude AS DECIMAL), 1), ROUND(CAST(s.longitude AS DECIMAL), 1)) IN (
    (38.0, 23.2),
    (38.0, 23.3),
    (38.1, 23.3),
    (38.2, 23.3),
    (38.0, 23.4),
    (38.1, 23.4),
    (38.2, 23.4),
    (38.1, 23.5),
    (38.0, 23.6),
    (38.1, 23.6),
    (38.0, 23.7),
    (38.1, 23.7),
    (38.2, 23.7),
    (38.3, 23.7),
    (37.9, 23.8),
    (38.0, 23.8),
    (38.1, 23.8),
    (38.2, 23.8),
    (38.3, 23.8),
    (37.8, 23.9),
    (37.9, 23.9),
    (38.0, 23.9),
    (38.1, 23.9),
    (38.2, 23.9)
  )
  AND EXTRACT(MONTH FROM s.time) IN (12, 1, 2, 3)"
702,S,367,What is the correlation between daily mean temperature (in Celsius) and snow depth in Canton of Bern? (Negative correlation implies melting or lack of snowfall).,meteo_sdmax;meteo_tmean,false,"NotImplementedError: Aggregates ProvSQL cannot explain: CORR. Add a column with COUNT, SUM, MIN, MAX, AVG, ARRAY_AGG, BOOL_AND or BOOL_OR to explain the rows aggregated.","SELECT
  CORR(s.sdmax, t.tmean) AS snow_temp_correlation
FROM meteo_sdmax AS s
JOIN meteo_tmean AS t
  ON s.time = t.time
WHERE
  (ROUND(CAST(s.latitude AS DECIMAL), 1), ROUND(CAST(s.longitude AS DECIMAL), 1)) IN (
    (47.1, 6.9),
    (47.0, 7.1),
    (47.1, 7.1),
    (47.2, 7.1),
    (47.1, 7.2),
    (47.2, 7.2),
    (46.4, 7.3),
    (46.5, 7.3),
    (46.9, 7.3),
    (47.0, 7.3),
    (47.1, 7.3),
    (47.2, 7.3),
    (46.4, 7.4),
    (46.5, 7.4),
    (46.6, 7.4),
    (46.7, 7.4),
    (46.8, 7.4),
    (46.9, 7.4),
    (47.0, 7.4),
    (47.3, 7.4),
    (46.4, 7.5),
    (46.5, 7.5),
    (46.6, 7.5),
    (46.7, 7.5),
    (46.8, 7.5),
    (46.9, 7.5),
    (47.0, 7.5),
    (47.1, 7.5),
    (47.3, 7.5),
    (46.5, 7.6),
    (46.6, 7.6),
    (46.7, 7.6),
    (46.8, 7.6),
    (46.9, 7.6),
    (47.0, 7.6),
    (47.1, 7.6),
    (46.5, 7.7),
    (46.6, 7.7),
    (46.7, 7.7),
    (46.8, 7.7),
    (46.9, 7.7),
    (47.0, 7.7),
    (47.1, 7.7),
    (47.2, 7.7),
    (46.5, 7.8),
    (46.6, 7.8),
    (46.7, 7.8),
    (46.8, 7.8),
    (46.9, 7.8),
    (47.0, 7.8),
    (47.1, 7.8),
    (47.2, 7.8),
    (46.5, 7.9),
    (46.6, 7.9),
    (46.7, 7.9),
    (46.8, 7.9),
    (47.0, 7.9),
    (46.6, 8.0),
    (46.7, 8.0),
    (46.6, 8.1),
    (46.7, 8.1),
    (46.6, 8.2),
    (46.7, 8.2),
    (46.6, 8.3),
    (46.7, 8.3)
  )
  AND EXTRACT(MONTH FROM s.time) IN (12, 1, 2, 3)"
703,S,367,What is the correlation between daily mean temperature (in Celsius) and snow depth in Peloponnese? (Negative correlation implies melting or lack of snowfall).,meteo_sdmax;meteo_tmean,false,"NotImplementedError: Aggregates ProvSQL cannot explain: CORR. Add a column with COUNT, SUM, MIN, MAX, AVG, ARRAY_AGG, BOOL_AND or BOOL_OR to explain the rows aggregated.","SELECT
  CORR(s.sdmax, t.tmean) AS snow_temp_correlation
FROM meteo_sdmax AS s
JOIN meteo_tmean AS t
  ON s.time = t.time
WHERE
  (ROUND(CAST(s.latitude AS DECIMAL), 1), ROUND(CAST(s.longitude AS DECIMAL), 1)) IN (
    (37.9, 21.2),
    (37.8, 21.3),
    (37.9, 21.3),
    (38.0, 21.3),
    (37.7, 21.4),
    (37.8, 21.4),
    (37.9, 21.4),
    (38.0, 21.4),
    (38.1, 21.4),
    (37.6, 21.5),
    (37.7, 21.5),
    (37.8, 21.5),
    (37.9, 21.5),
    (38.0, 21.5),
    (38.1, 21.5),
    (37.1, 21.6),
    (37.2, 21.6),
    (37.6, 21.6),
    (37.7, 21.6),
    (37.8, 21.6),
    (37.9, 21.6),
    (38.0, 21.6),
    (38.1, 21.6),
    (36.9, 21.7),
    (37.0, 21.7),
    (37.1, 21.7),
    (37.2, 21.7),
    (37.3, 21.7),
    (37.4, 21.7),
    (37.5, 21.7),
    (37.6, 21.7),
    (37.7, 21.7),
    (37.8, 21.7),
    (37.9, 21.7),
    (38.0, 21.7),
    (38.1, 21.7),
    (38.2, 21.7),
    (36.9, 21.8),
    (37.0, 21.8),
    (37.1, 21.8),
    (37.2, 21.8),
    (37.3, 21.8),
    (37.4, 21.8),
    (37.5, 21.8),
    (37.6, 21.8),
    (37.7, 21.8),
    (37.8, 21.8),
    (37.9, 21.8),
    (38.0, 21.8),
    (38.1, 21.8),
    (38.2, 21.8),
    (38.3, 21.8),
    (36.8, 21.9),
    (36.9, 21.9),
    (37.0, 21.9),
    (37.1, 21.9),
    (37.2, 21.9),
    (37.3, 21.9),
    (37.4, 21.9),
    (37.5, 21.9),
    (37.6, 21.9),
    (37.7, 21.9),
    (37.8, 21.9),
    (37.9, 21.9),
    (38.0, 21.9),
    (38.1, 21.9),
    (38.2, 21.9),
    (38.3, 21.9),
    (37.1, 22.0),
    (37.2, 22.0),
    (37.3, 22.0),
    (37.4, 22.0),
    (37.5, 22.0),
    (37.6, 22.0),
    (37.7, 22.0),
    (37.8, 22.0),
    (37.9, 22.0),
    (38.0, 22.0),
    (38.1, 22.0),
    (38.2, 22.0),
    (38.3, 22.0),
    (37.1, 22.1),
    (37.2, 22.1),
    (37.3, 22.1),
    (37.4, 22.1),
    (37.5, 22.1),
    (37.6, 22.1),
    (37.7, 22.1),
    (37.8, 22.1),
    (37.9, 22.1),
    (38.0, 22.1),
    (38.1, 22.1),
    (38.2, 22.1),
    (37.0, 22.2),
    (37.1, 22.2),
    (37.2, 22.2),
    (37.3, 22.2),
    (37.4, 22.2),
    (37.5, 22.2),
    (37.6, 22.2),
    (37.7, 22.2),
    (37.8, 22.2),
    (37.9, 22.2),
    (38.0, 22.2),
    (38.1, 22.2),
    (36.8, 22.3),
    (36.9, 22.3),
    (37.0, 22.3),
    (37.1, 22.3),
    (37.2, 22.3),
    (37.3, 22.3),
    (37.4, 22.3),
    (37.5, 22.3),
    (37.6, 22.3),
    (37.7, 22.3),
    (37.8, 22.3),
    (37.9, 22.3),
    (38.0, 22.3),
    (38.1, 22.3),
    (36.5, 22.4),
    (36.6, 22.4),
    (36.7, 22.4),
    (36.8, 22.4),
    (36.9, 22.4),
    (37.0, 22.4),
    (37.1, 22.4),
    (37.2, 22.4),
    (37.3, 22.4),
    (37.4, 22.4),
    (37.5, 22.4),
    (37.6, 22.4),
    (37.7, 22.4),
    (37.8, 22.4),
    (37.9, 22.4),
    (38.0, 22.4),
    (38.1, 22.4),
    (36.7, 22.5),
    (36.8, 22.5),
    (36.9, 22.5),
    (37.0, 22.5),
    (37.1, 22.5),
    (37.2, 22.5),
    (37.3, 22.5),
    (37.4, 22.5),
    (37.5, 22.5),
    (37.6, 22.5),
    (37.7, 22.5),
    (37.8, 22.5),
    (37.9, 22.5),
    (38.0, 22.5),
    (38.1, 22.5),
    (36.8, 22.6),
    (36.9, 22.6),
    (37.0, 22.6),
    (37.1, 22.6),
    (37.2, 22.6),
    (37.3, 22.6),
    (37.4, 22.6),
    (37.5, 22.6),
    (37.6, 22.6),
    (37.7, 22.6),
    (37.8, 22.6),
    (37.9, 22.6),
    (38.0, 22.6),
    (36.9, 22.7),
    (37.0, 22.7),
    (37.1, 22.7),
    (37.2, 22.7),
    (37.3, 22.7),
    (37.4, 22.7),
    (37.5, 22.7),
    (37.6, 22.7),
    (37.7, 22.7),
    (37.8, 22.7),
    (37.9, 22.7),
    (38.0, 22.7),
    (36.8, 22.8),
    (36.9, 22.8),
    (37.0, 22.8),
    (37.1, 22.8),
    (37.2, 22.8),
    (37.3, 22.8),
    (37.6, 22.8),
    (37.7, 22.8),
    (37.8, 22.8),
    (37.9, 22.8),
    (36.7, 22.9),
    (36.8, 22.9),
    (36.9, 22.9),
    (37.0, 22.9),
    (37.1, 22.9),
    (37.6, 22.9),
    (37.7, 22.9),
    (37.8, 22.9),
    (37.9, 22.9),
    (36.6, 23.0),
    (36.7, 23.0),
    (36.8, 23.0),
    (36.9, 23.0),
    (37.0, 23.0),
    (37.5, 23.0),
    (37.6, 23.0),
    (37.7, 23.0),
    (37.8, 23.0),
    (37.9, 23.0),
    (36.5, 23.1),
    (37.5, 23.1),
    (37.6, 23.1),
    (37.7, 23.1),
    (37.8, 23.1),
    (37.3, 23.2),
    (37.4, 23.2),
    (37.5, 23.2),
    (37.4, 23.3),
    (37.5, 23.3),
    (37.5, 23.4),
    (37.6, 23.4)
  )
  AND EXTRACT(MONTH FROM s.time) IN (12, 1, 2, 3)"
704,P,274,Find count the longest run of wet days (any rainfall > 0.1 mm) in City of Zurich during the year 2018.,meteo_tp,false,"NotImplementedError: HAVING queries are not supported yet, rewrite your SQL with nested SELECTs.","WITH time_window_1 AS (
  SELECT
    DATE(mtp.time) AS day
  FROM meteo_tp AS mtp
  WHERE
    (
      ROUND(CAST(mtp.latitude AS DECIMAL), 1),
      ROUND(CAST(mtp.longitude AS DECIMAL), 1)
    ) IN ((47.4, 8.5))
    AND EXTRACT(YEAR FROM mtp.time) = 2018
  GROUP BY
    DATE(mtp.time)
  HAVING
    SUM(mtp.tp) > 0.0001
), streaks AS (
  SELECT
    time_window_1.day AS day,
    (
      time_window_1.day - (
        ROW_NUMBER() OVER (ORDER BY time_window_1.day) * INTERVAL '1 DAY'
      )
    ) AS grp
  FROM time_window_1
)
SELECT
  COUNT(*) AS duration
FROM streaks
GROUP BY
  streaks.grp
ORDER BY
  duration DESC
LIMIT 1"
705,P,274,Find count the longest run of wet days (any rainfall > 0.1 mm) in Attica during the year 2018.,meteo_tp,false,"NotImplementedError: HAVING queries are not supported yet, rewrite your SQL with nested SELECTs.","WITH time_window_1 AS (
  SELECT
    DATE(mtp.time) AS day
  FROM meteo_tp AS mtp
  WHERE
    (
      ROUND(CAST(mtp.latitude AS DECIMAL), 1),
      ROUND(CAST(mtp.longitude AS DECIMAL), 1)
    ) IN (
      (38.0, 23.2),
      (38.0, 23.3),
      (38.1, 23.3),
      (38.2, 23.3),
      (38.0, 23.4),
      (38.1, 23.4),
      (38.2, 23.4),
      (38.1, 23.5),
      (38.0, 23.6),
      (38.1, 23.6),
      (38.0, 23.7),
      (38.1, 23.7),
      (38.2, 23.7),
      (38.3, 23.7),
      (37.9, 23.8),
      (38.0, 23.8),
      (38.1, 23.8),
      (38.2, 23.8),
      (38.3, 23.8),
      (37.8, 23.9),
      (37.9, 23.9),
      (38.0, 23.9),
      (38.1, 23.9),
      (38.2, 23.9)
    )
    AND EXTRACT(YEAR FROM mtp.time) = 2018
  GROUP BY
    DATE(mtp.time)
  HAVING
    SUM(mtp.tp) > 0.0001
), streaks AS (
  SELECT
    time_window_1.day AS day,
    (
      time_window_1.day - (
        ROW_NUMBER() OVER (ORDER BY time_window_1.day) * INTERVAL '1 DAY'
      )
    ) AS grp
  FROM time_window_1
)
SELECT
  COUNT(*) AS duration
FROM streaks
GROUP BY
  streaks.grp
ORDER BY
  duration DESC
LIMIT 1"
706,P,274,Find count the longest run of wet days (any rainfall > 0.1 mm) in Canton of Bern during the year 2018.,meteo_tp,false,"NotImplementedError: HAVING queries are not supported yet, rewrite your SQL with nested SELECTs.","WITH time_window_1 AS (
  SELECT
    DATE(mtp.time) AS day
  FROM meteo_tp AS mtp
  WHERE
    (
      ROUND(CAST(mtp.latitude AS DECIMAL), 1),
      ROUND(CAST(mtp.longitude AS DECIMAL), 1)
    ) IN (
      (47.1, 6.9),
      (47.0, 7.1),
      (47.1, 7.1),
      (47.2, 7.1),
      (47.1, 7.2),
      (47.2, 7.2),
      (46.4, 7.3),
      (46.5, 7.3),
      (46.9, 7.3),
      (47.0, 7.3),
      (47.1, 7.3),
      (47.2, 7.3),
      (46.4, 7.4),
      (46.5, 7.4),
      (46.6, 7.4),
      (46.7, 7.4),
      (46.8, 7.4),
      (46.9, 7.4),
      (47.0, 7.4),
      (47.3, 7.4),
      (46.4, 7.5),
      (46.5, 7.5),
      (46.6, 7.5),
      (46.7, 7.5),
      (46.8, 7.5),
      (46.9, 7.5),
      (47.0, 7.5),
      (47.1, 7.5),
      (47.3, 7.5),
      (46.5, 7.6),
      (46.6, 7.6),
      (46.7, 7.6),
      (46.8, 7.6),
      (46.9, 7.6),
      (47.0, 7.6),
      (47.1, 7.6),
      (46.5, 7.7),
      (46.6, 7.7),
      (46.7, 7.7),
      (46.8, 7.7),
      (46.9, 7.7),
      (47.0, 7.7),
      (47.1, 7.7),
      (47.2, 7.7),
      (46.5, 7.8),
      (46.6, 7.8),
      (46.7, 7.8),
      (46.8, 7.8),
      (46.9, 7.8),
      (47.0, 7.8),
      (47.1, 7.8),
      (47.2, 7.8),
      (46.5, 7.9),
      (46.6, 7.9),
      (46.7, 7.9),
      (46.8, 7.9),
      (47.0, 7.9),
      (46.6, 8.0),
      (46.7, 8.0),
      (46.6, 8.1),
      (46.7, 8.1),
      (46.6, 8.2),
      (46.7, 8.2),
      (46.6, 8.3),
      (46.7, 8.3)
    )
    AND EXTRACT(YEAR FROM mtp.time) = 2018
  GROUP BY
    DATE(mtp.time)
  HAVING
    SUM(mtp.tp) > 0.0001
), streaks AS (
  SELECT
    time_window_1.day AS day,
    (
      time_window_1.day - (
        ROW_NUMBER() OVER (ORDER BY time_window_1.day) * INTERVAL '1 DAY'
      )
    ) AS grp
  FROM time_window_1
)
SELECT
  COUNT(*) AS duration
FROM streaks
GROUP BY
  streaks.grp
ORDER BY
  duration DESC
LIMIT 1"
707,P,274,Find count the longest run of wet days (any rainfall > 0.1 mm) in Peloponnese during the year 2018.,meteo_tp,false,"NotImplementedError: HAVING queries are not supported yet, rewrite your SQL with nested SELECTs.","WITH time_window_1 AS (
  SELECT
    DATE(mtp.time) AS day
  FROM meteo_tp AS mtp
  WHERE
    (
      ROUND(CAST(mtp.latitude AS DECIMAL), 1),
      ROUND(CAST(mtp.longitude AS DECIMAL), 1)
    ) IN (
      (37.9, 21.2),
      (37.8, 21.3),
      (37.9, 21.3),
      (38.0, 21.3),
      (37.7, 21.4),
      (37.8, 21.4),
      (37.9, 21.4),
      (38.0, 21.4),
      (38.1, 21.4),
      (37.6, 21.5),
      (37.7, 21.5),
      (37.8, 21.5),
      (37.9, 21.5),
      (38.0, 21.5),
      (38.1, 21.5),
      (37.1, 21.6),
      (37.2, 21.6),
      (37.6, 21.6),
      (37.7, 21.6),
      (37.8, 21.6),
      (37.9, 21.6),
      (38.0, 21.6),
      (38.1, 21.6),
      (36.9, 21.7),
      (37.0, 21.7),
      (37.1, 21.7),
      (37.2, 21.7),
      (37.3, 21.7),
      (37.4, 21.7),
      (37.5, 21.7),
      (37.6, 21.7),
      (37.7, 21.7),
      (37.8, 21.7),
      (37.9, 21.7),
      (38.0, 21.7),
      (38.1, 21.7),
      (38.2, 21.7),
      (36.9, 21.8),
      (37.0, 21.8),
      (37.1, 21.8),
      (37.2, 21.8),
      (37.3, 21.8),
      (37.4, 21.8),
      (37.5, 21.8),
      (37.6, 21.8),
      (37.7, 21.8),
      (37.8, 21.8),
      (37.9, 21.8),
      (38.0, 21.8),
      (38.1, 21.8),
      (38.2, 21.8),
      (38.3, 21.8),
      (36.8, 21.9),
      (36.9, 21.9),
      (37.0, 21.9),
      (37.1, 21.9),
      (37.2, 21.9),
      (37.3, 21.9),
      (37.4, 21.9),
      (37.5, 21.9),
      (37.6, 21.9),
      (37.7, 21.9),
      (37.8, 21.9),
      (37.9, 21.9),
      (38.0, 21.9),
      (38.1, 21.9),
      (38.2, 21.9),
      (38.3, 21.9),
      (37.1, 22.0),
      (37.2, 22.0),
      (37.3, 22.0),
      (37.4, 22.0),
      (37.5, 22.0),
      (37.6, 22.0),
      (37.7, 22.0),
      (37.8, 22.0),
      (37.9, 22.0),
      (38.0, 22.0),
      (38.1, 22.0),
      (38.2, 22.0),
      (38.3, 22.0),
      (37.1, 22.1),
      (37.2, 22.1),
      (37.3, 22.1),
      (37.4, 22.1),
      (37.5, 22.1),
      (37.6, 22.1),
      (37.7, 22.1),
      (37.8, 22.1),
      (37.9, 22.1),
      (38.0, 22.1),
      (38.1, 22.1),
      (38.2, 22.1),
      (37.0, 22.2),
      (37.1, 22.2),
      (37.2, 22.2),
      (37.3, 22.2),
      (37.4, 22.2),
      (37.5, 22.2),
      (37.6, 22.2),
      (37.7, 22.2),
      (37.8, 22.2),
      (37.9, 22.2),
      (38.0, 22.2),
      (38.1, 22.2),
      (36.8, 22.3),
      (36.9, 22.3),
      (37.0, 22.3),
      (37.1, 22.3),
      (37.2, 22.3),
      (37.3, 22.3),
      (37.4, 22.3),
      (37.5, 22.3),
      (37.6, 22.3),
      (37.7, 22.3),
      (37.8, 22.3),
      (37.9, 22.3),
      (38.0, 22.3),
      (38.1, 22.3),
      (36.5, 22.4),
      (36.6, 22.4),
      (36.7, 22.4),
      (36.8, 22.4),
      (36.9, 22.4),
      (37.0, 22.4),
      (37.1, 22.4),
      (37.2, 22.4),
      (37.3, 22.4),
      (37.4, 22.4),
      (37.5, 22.4),
      (37.6, 22.4),
      (37.7, 22.4),
      (37.8, 22.4),
      (37.9, 22.4),
      (38.0, 22.4),
      (38.1, 22.4),
      (36.7, 22.5),
      (36.8, 22.5),
      (36.9, 22.5),
      (37.0, 22.5),
      (37.1, 22.5),
      (37.2, 22.5),
      (37.3, 22.5),
      (37.4, 22.5),
      (37.5, 22.5),
      (37.6, 22.5),
      (37.7, 22.5),
      (37.8, 22.5),
      (37.9, 22.5),
      (38.0, 22.5),
      (38.1, 22.5),
      (36.8, 22.6),
      (36.9, 22.6),
      (37.0, 22.6),
      (37.1, 22.6),
      (37.2, 22.6),
      (37.3, 22.6),
      (37.4, 22.6),
      (37.5, 22.6),
      (37.6, 22.6),
      (37.7, 22.6),
      (37.8, 22.6),
      (37.9, 22.6),
      (38.0, 22.6),
      (36.9, 22.7),
      (37.0, 22.7),
      (37.1, 22.7),
      (37.2, 22.7),
      (37.3, 22.7),
      (37.4, 22.7),
      (37.5, 22.7),
      (37.6, 22.7),
      (37.7, 22.7),
      (37.8, 22.7),
      (37.9, 22.7),
      (38.0, 22.7),
      (36.8, 22.8),
      (36.9, 22.8),
      (37.0, 22.8),
      (37.1, 22.8),
      (37.2, 22.8),
      (37.3, 22.8),
      (37.6, 22.8),
      (37.7, 22.8),
      (37.8, 22.8),
      (37.9, 22.8),
      (36.7, 22.9),
      (36.8, 22.9),
      (36.9, 22.9),
      (37.0, 22.9),
      (37.1, 22.9),
      (37.6, 22.9),
      (37.7, 22.9),
      (37.8, 22.9),
      (37.9, 22.9),
      (36.6, 23.0),
      (36.7, 23.0),
      (36.8, 23.0),
      (36.9, 23.0),
      (37.0, 23.0),
      (37.5, 23.0),
      (37.6, 23.0),
      (37.7, 23.0),
      (37.8, 23.0),
      (37.9, 23.0),
      (36.5, 23.1),
      (37.5, 23.1),
      (37.6, 23.1),
      (37.7, 23.1),
      (37.8, 23.1),
      (37.3, 23.2),
      (37.4, 23.2),
      (37.5, 23.2),
      (37.4, 23.3),
      (37.5, 23.3),
      (37.5, 23.4),
      (37.6, 23.4)
    )
    AND EXTRACT(YEAR FROM mtp.time) = 2018
  GROUP BY
    DATE(mtp.time)
  HAVING
    SUM(mtp.tp) > 0.0001
), streaks AS (
  SELECT
    time_window_1.day AS day,
    (
      time_window_1.day - (
        ROW_NUMBER() OVER (ORDER BY time_window_1.day) * INTERVAL '1 DAY'
      )
    ) AS grp
  FROM time_window_1
)
SELECT
  COUNT(*) AS duration
FROM streaks
GROUP BY
  streaks.grp
ORDER BY
  duration DESC
LIMIT 1"
708,T,312,Find the highest precipitation record of the highest point in City of Zurich in October 2015.,meteo_elevation;meteo_tp,true,,
709,T,312,Find the highest precipitation record of the highest point in Attica in October 2015.,meteo_elevation;meteo_tp,true,,
710,T,312,Find the highest precipitation record of the highest point in Canton of Bern in October 2015.,meteo_elevation;meteo_tp,true,,
711,T,312,Find the highest precipitation record of the highest point in Peloponnese in October 2015.,meteo_elevation;meteo_tp,true,,
712,T,313,Find the highest precipitation record of the highest point in City of Zurich in 2003.,meteo_elevation;meteo_tp,true,,
713,T,313,Find the highest precipitation record of the highest point in Attica in 2003.,meteo_elevation;meteo_tp,true,,
714,T,313,Find the highest precipitation record of the highest point in Canton of Bern in 2003.,meteo_elevation;meteo_tp,true,,
715,T,313,Find the highest precipitation record of the highest point in Peloponnese in 2003.,meteo_elevation;meteo_tp,true,,
716,A,315,Report the average precipitation in City of Zurich on 2005-10-08.,meteo_tp,true,,
717,A,315,Report the average precipitation in Attica on 2005-10-08.,meteo_tp,true,,
718,A,315,Report the average precipitation in Canton of Bern on 2005-10-08.,meteo_tp,true,,
719,A,315,Report the average precipitation in Peloponnese on 2005-10-08.,meteo_tp,true,,
720,A,316,Report the average precipitation in City of Zurich in ISO calendar week 14 of 2004.,meteo_tp,true,,
721,A,316,Report the average precipitation in Attica in ISO calendar week 14 of 2004.,meteo_tp,true,,
722,A,316,Report the average precipitation in Canton of Bern in ISO calendar week 14 of 2004.,meteo_tp,true,,
723,A,316,Report the average precipitation in Peloponnese in ISO calendar week 14 of 2004.,meteo_tp,true,,
724,A,317,Report the average precipitation in City of Zurich in November 2013.,meteo_tp,true,,
725,A,317,Report the average precipitation in Attica in November 2013.,meteo_tp,true,,
726,A,317,Report the average precipitation in Canton of Bern in November 2013.,meteo_tp,true,,
727,A,317,Report the average precipitation in Peloponnese in November 2013.,meteo_tp,true,,
728,A,318,Report the average precipitation in City of Zurich in 2002.,meteo_tp,true,,
729,A,318,Report the average precipitation in Attica in 2002.,meteo_tp,true,,
730,A,318,Report the average precipitation in Canton of Bern in 2002.,meteo_tp,true,,
731,A,318,Report the average precipitation in Peloponnese in 2002.,meteo_tp,true,,
732,A,320,Report the average precipitation in City of Zurich on 2004-07-17.,meteo_tp,true,,
733,A,320,Report the average precipitation in Attica on 2004-07-17.,meteo_tp,true,,
734,A,320,Report the average precipitation in Canton of Bern on 2004-07-17.,meteo_tp,true,,
735,A,320,Report the average precipitation in Peloponnese on 2004-07-17.,meteo_tp,true,,
736,A,321,Report the average precipitation in City of Zurich in ISO calendar week 13 of 2010.,meteo_tp,true,,
737,A,321,Report the average precipitation in Attica in ISO calendar week 13 of 2010.,meteo_tp,true,,
738,A,321,Report the average precipitation in Canton of Bern in ISO calendar week 13 of 2010.,meteo_tp,true,,
739,A,321,Report the average precipitation in Peloponnese in ISO calendar week 13 of 2010.,meteo_tp,true,,
740,A,322,Report the average precipitation in City of Zurich in December 2008.,meteo_tp,true,,
741,A,322,Report the average precipitation in Attica in December 2008.,meteo_tp,true,,
742,A,322,Report the average precipitation in Canton of Bern in December 2008.,meteo_tp,true,,
743,A,322,Report the average precipitation in Peloponnese in December 2008.,meteo_tp,true,,
744,A,323,Report the average precipitation in City of Zurich in 2006.,meteo_tp,true,,
745,A,323,Report the average precipitation in Attica in 2006.,meteo_tp,true,,
746,A,323,Report the average precipitation in Canton of Bern in 2006.,meteo_tp,true,,
747,A,323,Report the average precipitation in Peloponnese in 2006.,meteo_tp,true,,
748,J,328,Find the average mean temperature in Celsius for the parts of City of Zurich with lakes between 2018 and 2019.,landcover_type;landcover_upscaled;meteo_tmean,true,,
749,J,328,Find the average mean temperature in Celsius for the parts of Attica with lakes between 2018 and 2019.,landcover_type;landcover_upscaled;meteo_tmean,true,,
750,J,328,Find the average mean temperature in Celsius for the parts of Canton of Bern with lakes between 2018 and 2019.,landcover_type;landcover_upscaled;meteo_tmean,true,,
751,J,328,Find the average mean temperature in Celsius for the parts of Peloponnese with lakes between 2018 and 2019.,landcover_type;landcover_upscaled;meteo_tmean,true,,
